term_str,PC0,PC1,PC2,PC3,PC4
000,-7.94687342250075e-07,-8.425176492070677e-06,-4.9863167276354545e-06,-1.6940695633099877e-07,9.664546988579067e-07
100,-1.4497658205929959e-06,-9.457923797541298e-07,-2.207195489851389e-06,-1.0392292488400745e-06,2.102307500730547e-07
101,-1.216689845625977e-06,-2.192175182577227e-07,-1.487079246501e-06,-1.0166146859398336e-06,8.497723373693974e-08
102,-6.419818031898077e-07,7.465998953578554e-08,-2.7711591060736685e-06,-7.324007327585055e-07,-2.091061778014776e-06
103,-6.2086694962088e-07,-8.460769767084717e-07,-2.2095479707709774e-06,-5.41090261975006e-07,-9.26879548345923e-07
104,1.790094233249749e-07,3.59465435902108e-06,-1.1663248243083784e-06,-3.993225112737526e-07,-1.7217913223582609e-06
105,-1.5366108870947593e-06,2.5033673303413622e-06,-1.27904129464244e-06,-1.5975168297041596e-06,-9.67886510054791e-07
106,-7.912134029574426e-07,4.056627506061409e-07,-2.3911812983695437e-06,-8.147463912308485e-07,-2.063330224196742e-06
107,-1.001244836580616e-06,1.147266191969116e-06,-7.07971446406913e-07,-1.1953503824470884e-06,-1.7099717916246387e-06
108,-1.6668306683487166e-06,3.1698608652884674e-06,-5.546896663398815e-07,-6.244768633058691e-07,-1.3047553326862802e-06
109,5.80597460596665e-08,-2.3504061810705531e-07,-2.499551903089054e-06,-7.62005393651712e-07,-1.8767138008831234e-06
110,-1.5549774121378416e-06,3.9104223194170714e-06,-7.987642473298629e-07,-2.0524991819275817e-06,-8.885660035811032e-07
111,2.454758513091126e-07,3.5015971259379434e-06,-1.6897672314914468e-06,-1.7534947186029106e-06,-1.6900597372581395e-06
112,-5.769446028172868e-07,4.6691559844366486e-06,-6.635158495027122e-07,3.2287994143060136e-06,-5.03053673346414e-07
113,-1.5673928787723604e-06,2.272693708078775e-06,-1.7840293925298493e-06,-1.10886357009801e-06,-1.834214464589661e-06
114,-1.416406455716301e-06,-9.899439355157493e-07,-1.8873277469688706e-06,-1.1911844359660556e-06,8.579566070573373e-07
115,3.949949545628306e-06,-7.207430239866508e-07,-1.9106397332443364e-06,-9.95044421694951e-07,-2.621999633034836e-07
116,-1.56579835453626e-06,1.3538247278991488e-06,-1.343369493359716e-06,-3.8538163528924177e-07,-1.8880013553949163e-08
117,3.4515735561838255e-06,1.999481201427613e-06,-9.027531136228601e-07,-2.183663741528093e-07,-2.3994550947312184e-07
118,-5.12934519360199e-07,1.6466363543561562e-06,-1.826072017497743e-06,-1.266903446888161e-06,-1.444483825089394e-06
119,-9.952720996518354e-07,-6.99276402854899e-07,-2.6285922425399455e-06,4.3423858049713315e-07,-1.5594916603314265e-06
120,-1.3571985042656253e-06,-6.491252779698069e-07,-2.464461652554906e-06,-9.376369767736255e-07,-4.3338816953321404e-07
121,-1.6642864513071678e-06,7.921710995393943e-07,-2.3282331522573023e-06,-4.668398154366291e-07,-1.0718071680958867e-06
124,-1.3093483250280925e-06,1.8803193943732773e-06,-6.67536449263981e-07,-1.1171025770923378e-06,-3.451270879170447e-06
125,3.255846428077378e-07,-1.9176305578479766e-07,-2.7418910207001875e-06,-8.605516264668139e-07,-1.8812223898380244e-06
127,-1.1357035420695496e-06,2.2774206079780227e-06,-2.380196653687612e-06,-3.8619233896850176e-07,-2.4984826869788156e-06
128,-1.0196677865724738e-06,-1.5170352556540894e-06,-2.324493628235072e-06,-7.25007159794085e-07,-1.1974545570647033e-06
129,-6.738534950334763e-07,-1.6543792935207217e-08,-1.466938705120777e-06,1.5378743340342986e-07,-9.130612803240981e-07
130,-1.3030674363812386e-06,-1.3286765528321761e-06,-2.8873479282722983e-06,3.8021599279067663e-07,-1.4179112689320738e-06
131,-1.0660228675829205e-06,1.9259734827459827e-07,-2.0266462768886273e-06,1.8054949453138178e-07,-1.1769899580184205e-06
134,-1.1349674180012935e-06,5.231736709758394e-07,-2.827991961275448e-06,-1.2911980264889725e-07,-7.252910722774425e-07
16,-9.106365647035926e-07,-2.586162931299952e-07,1.006260401568769e-07,-6.210299089998957e-08,-1.7465153143717882e-06
17,-7.135229887461686e-07,-1.5088955880669446e-06,1.0808385337132547e-06,-4.484609274207274e-07,1.0449526514690947e-06
19,-3.154943788064117e-07,-7.230746515085096e-07,-1.482772100499844e-06,-1.4930082481370747e-06,5.634185579307634e-07
1948,-3.607591185608345e-07,5.247486260454989e-06,-1.0430900446502432e-06,-2.724168025378328e-06,-9.924068263634588e-08
1991,-7.146159011256503e-07,-1.540156896431644e-06,-2.5430953766622807e-06,-2.9581896542281816e-07,-1.0617600519322254e-06
20,-9.359071805954598e-08,-1.914562564105397e-06,-1.1677860451138902e-07,-6.965035939682495e-07,-5.681240294797508e-07
21,-2.8037961326872546e-08,5.897868545866251e-07,-1.0316742518105208e-06,1.5313675918050846e-06,-1.6336883071788086e-06
22,-1.7973004121300343e-06,1.067405509737405e-06,-1.9604377472161227e-06,-1.991976381542499e-07,-2.705752486589067e-06
23,7.210560234051032e-08,1.5111656276920153e-06,-7.232517481827986e-07,7.177411971225423e-07,-3.271364322784298e-07
24,-4.04006307331745e-07,-8.247533876676223e-08,-1.638399379486104e-06,2.7987553530404254e-06,-9.506369773525594e-07
25,-5.7582366141313197e-08,-8.636180571331011e-07,-1.651588888729814e-06,-7.383820129266749e-07,-1.0557703654920748e-06
26,-2.7130350185549215e-07,3.0109543797701493e-06,-1.2997979582133882e-06,-1.9325597146509655e-07,-8.371028179018259e-07
27,-1.1993711201952677e-06,2.142851201853922e-06,-7.910039468633189e-07,2.2965348724615e-06,-5.652028246661789e-07
28,-4.821166668759759e-07,1.5430993896069932e-06,-1.2832147037171933e-06,-1.386394901997991e-06,-2.1766283959270363e-06
29,-9.502489722787787e-07,3.6052049104895622e-06,-7.683806280609881e-07,-1.8241686403090575e-06,-5.872569060595612e-07
31,-8.521796697285842e-08,3.919157655660705e-06,-1.3489264311337895e-06,-1.2518292812362122e-07,-1.4253700676421957e-06
32,-1.884257985524577e-06,5.4113369313393845e-06,-4.0205974303367185e-07,-1.494518763786276e-06,-1.355239896010919e-06
33,-1.560532829650721e-06,7.658573409326162e-06,8.281064116533491e-08,-2.8392061962525915e-06,-8.339750893276191e-07
34,-2.7989725372415247e-08,2.769244510640661e-06,-1.24005772058266e-06,-1.4909308406008607e-06,-1.0062477362495833e-06
35,9.27060195544227e-08,6.783036450104735e-07,-1.7511294123774858e-06,-1.0751490387440855e-06,-9.913989031070623e-07
36,-2.5226840433246836e-06,5.141755830491413e-06,-1.3462579422951468e-06,-1.364258004715305e-06,-3.041225329918501e-06
37,-1.8373374019285184e-06,2.939739263560609e-06,-1.1318710399491716e-06,-1.235822758167629e-06,-1.0736367154042423e-06
38,-1.5335205219229117e-06,3.9239635084591285e-06,-1.2442633744346122e-06,-1.732786437394513e-06,-1.6555258811184068e-06
39,-2.5621045863071895e-06,1.2103827442158732e-05,1.9362076345947113e-06,-5.2196098078095565e-06,2.0618656613003125e-06
40,-3.56115366625655e-07,8.374131846657118e-07,-1.755247456125991e-06,-1.3182406646161018e-06,-5.339629896865328e-07
41,-1.6290744018465141e-06,5.907966805227272e-06,-4.303232400163155e-07,-2.165417361779737e-06,-1.0629005184071253e-06
42,-9.48919117021448e-07,2.2559303580638515e-06,-1.3588313581249743e-06,-1.8119042354822222e-06,-1.5556134406996814e-06
43,-6.646387280524107e-07,2.424423076659774e-06,-1.5960338812117246e-06,-1.5939776562776461e-06,-1.5691955712297046e-06
44,-1.6964505463036502e-06,2.4666938157661796e-06,-1.9789004859661387e-06,-2.453081467397557e-07,-2.298911377256481e-06
45,-1.0330307137062857e-06,-1.3917578074815987e-06,-1.385985264483944e-06,1.0125167515760146e-07,-3.317982170296513e-06
46,5.429472746039427e-07,1.9693538469083325e-06,-2.1034592105873054e-06,-1.022492852631544e-06,-1.7116825156794846e-06
47,-2.080495668931835e-06,4.390444359042138e-06,-1.6229647136515515e-06,-1.4241957071591709e-06,-2.874176985251267e-06
48,-1.1364897115889583e-07,1.3316259628066973e-06,-1.8351133201178465e-06,-9.156738962269141e-08,-1.836360214957855e-06
49,-1.5099687421147832e-06,5.377746991940499e-06,-1.184741052040937e-06,-2.6470810924746993e-06,-7.707008357882477e-07
50,-1.003862383121914e-06,3.2943439486043763e-06,1.0913621457701537e-07,6.983742996022701e-06,1.2531813307036275e-06
51,3.759693543421527e-08,1.6877213227992605e-06,-1.455741922676719e-06,-1.370401871884884e-06,-1.6375952848189958e-06
52,-1.0442485594813086e-06,2.547871360536773e-06,-1.1988667362655593e-06,-1.3686991009404751e-06,-1.759452517142957e-06
53,-1.4695370642132285e-06,1.1852063286964891e-06,-1.7658546543445194e-06,-1.198878730975126e-06,-1.9750202265683613e-06
54,3.6280600376140416e-08,4.2361372454197365e-06,-2.3744151765510773e-07,-2.093755973165652e-06,-5.908576976018124e-07
55,-2.005233777725874e-06,6.765814723232552e-06,8.33351102304625e-08,-2.3037365974977434e-06,-1.7623462668977973e-06
56,-1.9046846098981342e-06,7.881532997688355e-06,1.8658711876599022e-07,-8.259771828786293e-07,-1.2736895505975874e-06
57,-2.0852069679816688e-06,5.8455731851141775e-06,-7.427727156469796e-07,-9.579025421095538e-07,-2.570518855237392e-06
58,-2.108179235213357e-06,2.78857266540142e-06,-1.8422800465153808e-06,-6.081562395761979e-07,-2.0943865614458655e-06
59,-1.4952139245794635e-06,7.257367294727402e-06,-1.9338809394990224e-07,-2.3208312843370817e-06,-2.3837318848767403e-06
60,-1.817159743373964e-06,-1.3295695186800719e-06,-2.47252974472519e-06,-1.0780038308191188e-06,-1.0921241870673216e-06
61,-1.915160984152763e-06,2.24199259288939e-06,-2.1386272567677044e-06,-1.8105561010822047e-06,-1.1090118265634254e-06
62,-1.7920128423006617e-06,3.063076696550384e-06,-5.047361799820115e-07,-1.3154100527274952e-06,-1.5393663440627316e-06
63,-1.4286468819749312e-06,3.884316945666483e-06,-1.3166947320947332e-06,-3.049953752747496e-07,-1.3910379203718475e-06
64,-1.988762715135714e-06,4.635844206456531e-06,-3.7765107920283167e-07,-2.106515021914241e-06,-9.669027382805528e-07
65,1.3180210213721692e-06,3.6299874283662864e-06,-1.2693713245639825e-06,-1.4428157288114087e-06,-2.2942933931729403e-06
66,-1.968038521083796e-06,4.061320571370709e-06,-1.5606255670744688e-06,-1.2912556639979738e-06,-1.7811789971139106e-06
67,-1.4198011523101795e-06,2.0442477099272237e-06,-2.449191561730499e-06,-1.7805909852808517e-06,-1.328522555587684e-06
68,-1.0621891320036947e-06,1.9233745583698738e-06,-2.3467352421588683e-06,-6.49059709609204e-07,-3.4103373251018726e-06
69,-2.1861004246053e-06,4.315151844540007e-06,-1.5199069869789346e-06,-1.146630981039158e-06,-3.0373933451993317e-06
70,-1.108781330127307e-06,7.377327368952186e-07,-2.2529616174276147e-06,6.513754887979877e-08,-2.045796657978673e-06
71,-1.5590268517731083e-06,1.5198471683044523e-06,-1.6874512919499447e-06,-8.654465714241439e-07,-2.052756580345808e-06
72,1.550484657353353e-07,1.5103837323165598e-06,-2.0600196465136574e-06,-1.0056913588943583e-06,-1.5772300325146642e-06
73,-1.1041662276497867e-06,2.2281621451762925e-06,-2.0438753635090606e-06,-1.0729100870740048e-06,-2.18016741107889e-06
74,-7.442729794990681e-07,-2.5045113188190508e-08,-3.5002272772972625e-06,-6.711931167273031e-07,-2.771344082722005e-06
75,-1.446175908572646e-06,3.5274677899312643e-07,-1.7198267175266462e-06,4.927363403322031e-07,-7.445878505266643e-07
76,-5.009210442810092e-07,9.534352274662239e-07,-2.1669867251537257e-06,-1.3523430105803134e-06,-1.0158630822125036e-06
77,-1.4999728351043956e-06,3.1077253141278127e-06,-1.2470085794638388e-06,-1.0249470052516718e-06,-1.2920096381572785e-06
78,-1.246893387374521e-06,2.004748661828315e-06,-2.080974043416061e-06,-8.040230319421462e-07,-1.8013827445491076e-06
79,-1.4992215069264944e-06,3.729024003001565e-06,-9.87742043989162e-07,-1.3285205633094614e-06,-1.3789957850283766e-06
80,-7.769400732999845e-07,1.0709320583891449e-07,-2.074663898931695e-06,-1.0795153711387698e-07,-1.2707704757571934e-06
81,-1.2510189312963522e-06,4.996907141264949e-07,-2.1024137502046246e-06,-1.1595213437866515e-06,-1.1945302401261822e-06
82,-1.1705907592116042e-06,1.6457558846359869e-06,-1.88662294513527e-06,-1.2961312023735516e-06,-1.6237881363507006e-06
83,-1.2061678009770625e-06,2.7387246944386645e-07,-2.3199111707661003e-06,-1.097738482157019e-06,-1.4462282844946708e-06
84,-1.1941682599204035e-06,2.2430818518345804e-06,-1.2021170656007436e-06,-1.2633827597823047e-06,-1.2028067831097724e-06
85,-7.027766588407575e-07,3.1395873762956864e-06,-1.7316772967803898e-06,-1.230363386709915e-06,-2.789459230760543e-06
86,-2.063245758025725e-06,3.3833605329124345e-06,-7.153813740902571e-07,-1.8492602658340138e-06,-8.986786552071943e-07
87,2.7844910268801467e-07,3.996794130016163e-06,-7.731294134737143e-07,-1.9059540796904636e-06,-4.3842647133477246e-07
88,-1.0240720372383555e-06,1.6073789901231314e-06,-1.5689876917822231e-06,-1.2041736223913145e-06,-1.313174920303038e-06
89,-7.896596315676771e-07,2.6790710549633083e-06,-1.5225447637979337e-06,-1.3486748600083667e-06,-1.860967476823546e-06
90,-1.3258034223480793e-06,-1.0334046745223482e-06,-2.3082303763418103e-06,-8.641537750891e-07,-1.195584016726866e-06
91,2.874439812490285e-07,1.2922778277091043e-06,-1.8569627555100829e-06,-6.016352981563665e-07,-1.91422206072574e-06
92,-1.579022910582951e-06,2.7730144796019466e-06,-1.6380499881726108e-06,-1.9884274934870596e-06,-7.81547278091499e-07
93,-1.775042034127398e-06,4.493327527926156e-06,-4.779366090743822e-07,1.159376040983351e-06,-9.982974014125957e-07
94,-1.6903777439151058e-06,3.959662564401577e-06,-7.797625908342623e-07,5.067556188307154e-07,-1.817562967950609e-06
95,1.149325534564689e-07,6.899307413501442e-07,-2.016371160970361e-06,-8.810445586924811e-07,-2.468472713314959e-06
96,-1.6637737888069052e-06,1.1886879054953644e-06,-1.8124382834235858e-06,-4.663313808684112e-07,-7.635282109125745e-07
97,-1.9639268103425588e-06,9.621710174189392e-07,-1.7992439380469595e-06,-1.144724423674408e-06,-2.509697434458419e-06
98,-1.4112604306975852e-06,2.7645413442823678e-06,-1.6340929814371844e-06,-1.2483214291824353e-06,-1.7121626584605028e-06
99,-1.2997595890312048e-06,-1.6715585254364934e-07,-7.491408936421658e-07,-1.3308547899844757e-06,1.7849087047996024e-06
abandonment,-1.1950543504208752e-06,-4.264303516434788e-06,-2.6111091545833133e-06,-1.3171282876788864e-07,5.109163166485659e-07
abide,-1.3394414086921662e-06,-6.963848986061458e-06,5.149395699665498e-06,1.6901806865217036e-07,-6.417886055118362e-06
abilities,5.234277569067059e-07,-4.9316461620838265e-06,-4.173198066987267e-06,3.1908565263845546e-07,-3.1189881951304106e-06
ability,-1.0636535145873231e-06,-1.600420083183862e-07,1.682742606464007e-07,2.2070817198055553e-06,-3.178005245011604e-06
able,-2.2238791283592564e-06,3.6148386529273924e-06,1.1159012997245072e-07,-1.8421726348703303e-06,-4.442757682814791e-07
abolish,6.282095280365436e-07,-8.637522671967392e-07,-1.6897644020912504e-06,-6.987277016340368e-07,-7.726017423980314e-07
abolished,3.9397315648586796e-08,-1.1927916792291923e-06,-2.833472969949131e-07,-8.568198277797878e-07,-9.000030143940425e-07
abolition,9.80317082497561e-07,1.2119698124811191e-06,-1.5579132285686292e-06,-3.743430529506213e-07,-1.4139164760290638e-06
abrogated,-1.2407184485419544e-06,-1.145229430596843e-05,-6.434792353674108e-06,9.336713758423482e-07,3.1499210699756636e-06
abrogation,-1.4953047825051104e-06,-4.1222060163790836e-06,-8.137828151202441e-07,4.810409986890603e-07,-2.4814062089630834e-06
absent,-3.042921302214709e-06,1.7425896392798123e-05,4.980776658669964e-06,3.825607761687071e-06,2.9111050573366964e-06
absolute,-3.236810143733513e-06,-1.2242862109124205e-05,-7.2366037242083445e-06,-2.914872723288714e-07,4.650644192698673e-06
abuse,-1.2123457529178182e-06,-2.5544054619994136e-06,-2.732730873304345e-06,1.3762227125165038e-07,-8.097938559619753e-07
academic,-1.397294257877197e-06,-3.836886042762653e-06,-1.7383867686189482e-06,-2.1962464543378482e-08,2.172724727114985e-06
accept,-2.1750341199875663e-07,-3.759848306781469e-06,7.394683576555169e-08,5.446848476564713e-07,2.0380838917772774e-06
acceptance,-1.3882112111687207e-06,-3.7616646127051213e-06,-2.8891817749695397e-06,-2.4678447607493894e-07,-5.119168906198215e-07
accepted,-1.0309452396365692e-06,-3.3964577856694725e-06,-2.4423058946758543e-06,2.596316078211361e-07,5.329609525276524e-07
accepting,-1.4094602746277117e-06,-3.362554913368345e-06,-3.927736693433997e-06,2.742414202330668e-06,-1.3019230463519697e-06
accepts,-1.0778090276698268e-06,-3.6753054823335052e-06,-3.1621041661732507e-06,-3.8604808512139087e-07,-1.1884693353794339e-06
accessible,-1.404650218595376e-06,-2.318084801923792e-06,-1.9201451705854508e-06,3.485572087004499e-06,-2.5848098522845315e-06
accession,-1.8519267043020218e-06,-6.034625145681039e-06,-5.216771781974129e-06,-1.3724432026794906e-07,-1.8748640899583008e-06
accompanied,-1.2441329386257682e-06,-1.760435969554832e-06,-2.6533963966068884e-06,-4.1235233069584894e-07,-1.0463445754734665e-06
accord,2.584747577322079e-08,-3.7107574599262573e-06,-5.458513663520739e-06,1.0515369657931205e-06,-4.400961214788881e-06
accorded,-1.708030498725232e-06,5.501670737505739e-06,-7.214334063066424e-07,-2.1853591542956155e-06,-8.758655420185125e-07
accordingly,8.302374470256229e-07,1.418055830151601e-05,3.562731763083328e-06,-1.3636595680663013e-06,1.918928768758093e-06
accountability,-2.049832336508194e-06,-2.7395716796760973e-06,-1.7974535287998872e-06,7.709947680747599e-06,-3.6823899248334774e-06
accountable,-2.1884479587481675e-06,-6.723549707740955e-06,-4.5927951788311345e-06,1.2329856913151456e-06,-4.45215936699531e-06
accounting,3.2394577415376174e-07,-4.933081557026025e-06,-3.0376243132961853e-06,6.973496455771403e-07,6.610095253412923e-07
accredit,-1.248597443359541e-06,-3.995830008472104e-06,-3.3927624295440365e-06,-2.8092590121978744e-07,-7.57614936234234e-07
accredited,8.522632117951562e-08,2.967047753159008e-08,-1.471207060082245e-06,-1.029280727380677e-06,3.0983579581930914e-08
accusation,-1.758937590678858e-06,-7.099100382739304e-06,-3.039499405237796e-07,-1.0091264821344882e-06,7.396630192085009e-06
achieve,-2.01324385162734e-06,-4.158690785984398e-06,-2.85882143774172e-06,4.07565572731935e-06,-1.5669374474636893e-06
achieved,-1.1790196533531997e-06,-5.7034920374577835e-06,1.2185274746132059e-06,-3.8193542539444563e-07,-3.4967303450987418e-06
achievement,-1.272581510298995e-06,-4.6183336106079995e-06,-3.507324475216611e-06,-1.6832287156401393e-07,-5.531817084962132e-07
achieving,-1.802798680321918e-06,-3.762622376506473e-06,-1.8859955837166564e-06,-9.547219772827529e-07,1.6212084452254601e-06
acquire,4.774147210607811e-07,-4.279480508722584e-06,8.026435484837893e-07,-1.7861207176176913e-07,3.6978709248313702e-06
acquiring,-1.501960616904495e-06,-2.3408210227832797e-06,-2.2446217898211906e-06,5.732762193247598e-07,-2.064233318286426e-06
acquisition,-2.230760523730859e-06,1.1471682159504757e-05,1.3653755055947495e-06,-8.054920466493541e-07,-1.2850757917305388e-06
acquittal,-1.8820026407003228e-06,5.300199445744989e-06,2.25542719206852e-07,-8.64338414256306e-07,-5.063656367409218e-07
acquitted,-1.161984599343125e-06,2.147566581996594e-06,-1.2364568596031241e-06,-7.236842349555169e-07,-1.6785355780556414e-06
acted,-2.2849314126015314e-06,6.498303514734648e-06,1.2438642677488376e-06,-2.7561418380907737e-06,1.835785563924416e-06
active,-1.7731214682850975e-06,-4.859654231256759e-06,-1.2230600717245982e-06,-2.7721161949092757e-07,3.6901219446085284e-06
actively,-1.5502406883950687e-06,-2.2086063882789095e-06,-1.6549594414249884e-06,-5.944295735426333e-07,-2.007332385949304e-06
actual,-8.843364005404328e-07,-2.2849363365398658e-06,1.7414821682769098e-06,-3.180903030171153e-07,1.8433934587285546e-06
ad,-1.755510988941629e-05,0.0001584927535345445,5.3110964567871124e-05,0.0008049956733688682,7.271329460672227e-05
adaptations,-1.6838311784172996e-06,4.987156060899375e-06,-1.0348210037392894e-06,-4.2859720379180945e-07,-2.4294631662164264e-06
added,-2.1742450281037494e-06,-5.313518628415408e-06,-2.6320357177450263e-06,-2.0235912203443307e-07,6.963979257364379e-07
additional,1.6433229604540938e-06,-6.205524704183977e-07,3.5362509982744703e-06,-9.926961947843267e-07,3.4764137623281114e-06
addressed,-1.9209705080295615e-06,1.1659352725122124e-05,2.5900932960534607e-06,-1.6880541140655834e-06,-5.858514410965195e-06
adequate,-1.1142134117924524e-06,5.80350534365899e-06,2.004545473785279e-06,2.8164328142978774e-06,2.2121632659550206e-06
adhere,-1.9645785510335997e-06,-5.99325281397159e-06,-2.2111287911601912e-08,-5.797566829302092e-07,1.2585444043991717e-07
adherence,-1.6111246352329057e-06,1.307736304331863e-06,-5.72616975395824e-07,-1.8275679176071507e-06,1.2608054304886881e-06
adjourn,-1.5986783836675251e-06,-1.799206406035093e-07,3.6337870354001425e-06,-1.1442651729920563e-06,8.4124427421398e-06
adjourned,-1.7452972577816235e-06,-1.5583913396762936e-06,1.2511798517812192e-07,-1.7182769059976931e-06,3.7919781639798434e-06
adjournment,-1.9877457518252893e-06,1.9715133529863722e-06,1.9069542660951606e-06,-1.293329613567203e-06,4.370162147094671e-06
adjudged,-2.5405781208210838e-06,1.8696717605990935e-05,3.252577219198883e-06,-3.72190639612267e-06,-2.796527535336841e-07
administer,1.0712977277808364e-06,-4.008979522199303e-06,5.398873725183865e-06,2.246807455284529e-06,-3.2073745397170524e-06
administered,1.9173402231980157e-06,-1.0386543841711155e-06,-1.7811633671791752e-06,9.507158230973845e-07,-1.2490233237212628e-06
administering,2.176974408689179e-06,-1.8720680313706284e-07,2.3839909209711244e-07,-5.755392487608381e-07,-1.28759742593912e-06
administrations,-1.8219609827548982e-06,-7.426192275261908e-06,-5.615827736425358e-06,-1.6538148576355812e-07,-4.3393425749708304e-07
admissible,4.1783683729427285e-07,-3.604827970398767e-06,-2.5244605007854113e-06,-7.916386304266356e-07,-1.4764402550251236e-06
admission,2.5652489355500015e-06,-1.7468173580973222e-06,2.429451475604708e-07,1.6011448080908123e-07,3.7602134287609367e-06
admitted,-1.2071183372514894e-06,-1.6268261311176017e-06,5.362425735227465e-07,1.407957854009043e-07,6.708504486466784e-06
adopting,3.953269726097543e-06,-3.7841769297914864e-06,-3.182549479132341e-06,-3.04873164375162e-07,-2.0575480564132035e-06
adopts,-1.6977450166782503e-07,-7.0788550058504645e-06,-4.355886259327288e-06,-1.0147004079649864e-07,-1.159974555537781e-06
adult,-1.7923498454128547e-06,-3.5177759149226335e-07,-2.8810138130456293e-06,-7.41678885237956e-07,-2.6551155559405763e-06
advance,-1.216400377197908e-06,3.4424843101562204e-07,6.299291220580847e-07,1.703821513610458e-07,8.043140804239245e-07
advanced,-1.4440709268693297e-06,-9.816281032142604e-07,1.8768845619291108e-06,-5.28798098182235e-07,-3.155716606096848e-06
advancement,-1.2300747282511536e-06,-1.0080051833345545e-06,-1.2416482356215977e-06,-4.5235869494878255e-07,-1.1711043252971695e-06
advances,-1.2185014916129603e-06,5.146698503271015e-06,-3.7197986856180754e-07,-1.9292539583925917e-06,-1.2340144918811926e-06
advantage,-1.3174224490010885e-06,9.528438717073239e-07,-1.2674360898101924e-06,6.416288933727256e-07,-5.348639353487466e-07
advantages,-1.6417004726351848e-06,-1.651943323312039e-07,-1.794884376580699e-06,-1.0621434381999127e-06,-7.015610255454157e-08
advice,-1.675926955410022e-05,0.00012107957772232172,3.0887113719631196e-05,-2.391489613381329e-07,5.5054320650251454e-06
advise,-2.189450264883156e-06,1.2342042405923953e-05,1.7229115563931013e-06,-2.528346843191258e-06,-2.8526003838257125e-06
adviser,-1.1904396796472252e-06,8.391545207262356e-06,8.510510729563572e-07,-2.09778942476579e-06,-5.753696783558982e-07
advises,-3.1357243653961815e-06,1.3764083691533652e-05,2.1446109604884396e-06,1.219879810691962e-06,-1.6292363799072133e-07
advising,-1.4357266879463097e-06,1.9640860829758113e-06,-1.7275059767419016e-06,7.539313477134349e-07,-1.6737987390657884e-06
advisory,-2.8877837328639664e-06,7.762663039410136e-06,-1.127592829581252e-06,-3.84459105076019e-06,-3.3659845591342522e-06
advocate,-2.2841438087514537e-06,2.149701930465336e-06,-2.382522120049849e-06,-6.776311949742178e-07,-5.0867461113566255e-06
affect,-9.506978443788589e-07,3.199069046658748e-06,3.3449496197487544e-07,-1.3029976704036466e-06,1.049871194460434e-06
affected,1.5129887831892871e-06,3.249609294350162e-06,4.155869826655613e-07,-7.385347503436792e-07,1.2986659910928906e-06
affecting,3.0993177427858183e-07,3.9959198622094637e-07,1.8381469263423531e-06,-1.392316038558562e-06,5.000992746520195e-06
affects,-9.58898728362969e-07,-1.600782212845848e-06,8.539423316411203e-07,8.493436986130823e-07,4.567551197228867e-06
affiliation,-9.676696126196486e-07,-4.064768832812834e-06,-3.6938976746952003e-06,5.697980318064356e-06,-8.806360373605379e-07
affirm,-2.735712630867197e-06,8.822768442249934e-06,2.22016144813202e-06,1.1846092930744466e-06,1.677746853588839e-06
affirmation,-4.051415568575527e-06,1.5771483573527398e-05,3.954107633232807e-06,1.3891353072983764e-05,1.2895674181848913e-06
affirmative,-2.054244825114499e-06,-4.109220228464615e-06,4.3922461413919175e-06,-1.6643261462303422e-06,1.2367547118904513e-05
afford,-1.6025935966885778e-06,-6.14286718675565e-07,-1.2063519734495023e-06,9.636378988607289e-07,-2.534298140432055e-07
afforded,-1.9432401699509946e-06,9.018348633927297e-06,1.4674174411871377e-06,-2.5596920279631843e-06,-1.839339674637007e-06
aforementioned,-1.4387976819563913e-06,-7.1850938524223156e-06,-3.975888955457925e-06,-4.6633938015456266e-07,1.979675018173676e-06
aforesaid,-5.455702966782518e-06,4.786211965351452e-05,9.495382373537653e-06,-1.4696290440271886e-05,1.786812129358742e-06
african,-2.5732794857252605e-06,-8.298216641098579e-06,-8.281422629994568e-06,-2.2097727711466987e-07,-2.2903680595361956e-06
aged,-1.3385285842141298e-06,-3.84441150275387e-06,-3.9277153597709576e-06,-4.878772301900466e-07,-1.4493821636364962e-06
agencies,8.141308417916727e-07,-6.842810484307637e-06,-2.696389119082544e-06,-9.635825926603424e-07,4.529802706707439e-06
agency,-1.6772132294925084e-06,-2.9373416190918477e-06,2.188194412878923e-06,-2.9552220708558848e-06,1.0299740034827987e-05
agenda,-2.8212723861981286e-06,-1.0808050565505852e-05,-9.176303286559309e-06,5.619556047708892e-07,-1.0573879589146956e-06
agent,-8.378344014447012e-07,1.0876595851014968e-07,-1.5552624295085935e-06,-7.393996259228016e-07,-3.4608923076330476e-07
agents,-1.2125102627252258e-06,-5.977153082243982e-06,-2.4805260921373523e-06,1.7889724369305967e-07,1.3649190198843548e-06
aggregate,-2.2384232197798544e-06,9.97105730278092e-06,8.459968077474853e-07,-3.469602162022994e-06,-4.860544047787898e-07
aggression,1.4040506765268526e-06,-7.219275219494331e-06,2.8972873291080648e-06,1.2477273415209272e-07,-6.30188790722163e-06
aggrieved,-1.5135693399160848e-06,8.204785586522702e-07,-1.9359187998147073e-06,-1.8680318413263232e-07,-2.4032095142993594e-06
agree,-2.9010623446961925e-07,-1.943700417945724e-06,-2.5711182700500235e-06,-1.0115831250187032e-06,-2.5184290634480336e-07
agreed,1.2181840750038965e-06,5.898028330472719e-06,-1.4762122659939181e-08,-2.3113175596422586e-06,2.233614347087364e-06
agricultural,-5.387707394170704e-07,-2.759099442875371e-06,-6.781855204937297e-07,-1.06854480217002e-06,1.3579424717235372e-06
agriculture,-8.43283953996341e-07,-3.824382812788545e-06,-1.1075979898844693e-06,-9.47268108928788e-07,-5.144663069022963e-07
aid,-1.3970469401350956e-06,-1.28263794721365e-06,-1.1479962298746285e-06,4.520506291452622e-06,1.3350492693282727e-06
aim,-9.424992218819252e-07,-6.009684487904889e-06,-2.9550386537414583e-06,-1.0820125712786992e-06,1.8371514390495627e-06
aimed,2.6299381112577e-06,-4.985978310515182e-06,-3.2711271695678688e-06,3.700514471987057e-07,-2.2643684911266353e-06
aims,-8.673512803544132e-07,-3.7149983459801732e-06,-3.7183932972055833e-06,-5.714192261407625e-07,-1.8615758509723106e-06
air,2.1615448466960267e-06,2.1426713428629295e-06,-1.795165528590163e-07,-1.1818126039657958e-06,1.3099228585824013e-07
aircraft,-1.704336921291152e-06,9.191165891635177e-06,1.3215964214295245e-06,-2.8375372095119765e-06,-4.678503343649576e-08
airspace,-1.6718542045812352e-06,-5.285800071830377e-06,9.732925744870507e-07,-2.8437172679238313e-07,4.482347396952146e-06
alcohol,-1.2706961448357676e-06,1.7453693983433209e-06,-1.1475505673262398e-06,-1.1486474027484939e-07,-7.831158248572461e-07
aliens,-1.5380832528934996e-06,-7.597259772709825e-06,-4.79371784455352e-06,-3.8751370657219755e-07,-2.8116264829936287e-07
alleged,-2.1739809763302496e-06,7.636799790695044e-06,2.070135902353194e-06,8.088087876615547e-06,-2.701271791033695e-06
alleges,-1.9408387391902615e-06,7.406934168134171e-06,4.418925271232607e-07,-2.69905398208171e-06,-4.3349612279654404e-07
allegiance,-3.984355626511464e-06,3.5394072407853246e-05,6.834425127424684e-06,7.455736358228612e-06,-3.341031452504318e-06
allocate,-5.64126922850675e-07,-3.105300699686682e-06,-3.003545291404031e-06,-9.066435883976136e-07,3.4130438474356406e-08
allocated,-9.102551075143938e-07,-1.8854606686330606e-06,-3.4813131075185682e-06,-5.245958386868929e-07,-1.1910852300509932e-06
allocation,2.158209854686022e-07,-8.517700008247551e-07,-1.999593591807371e-06,-8.80110938725644e-07,-3.306474577511705e-07
allow,-3.574191783100989e-07,-8.010631374136603e-07,-2.079859716989705e-06,-2.6326581719039323e-07,-2.231526684332301e-06
allowance,-2.3278937842494805e-06,7.2774318384379945e-06,1.3805365676163288e-07,-2.794158489871523e-06,-1.0222539956095124e-06
allowances,-2.602425494583691e-06,1.7245027975670264e-05,8.13578248789775e-06,1.4015600577019896e-05,-6.2508933539258405e-06
allowed,-1.2174169520350738e-06,-1.951650409140595e-06,-2.084412230101322e-06,-9.33824664400741e-07,3.819225320410021e-07
almighty,-2.786276102875086e-06,-3.436683244861201e-07,-1.4976522860160833e-06,-2.317552608128822e-06,-5.103499647652459e-06
alter,-2.5146499396560817e-06,9.766341592011563e-06,1.061231808801092e-05,-2.3991811014498666e-06,-4.463850292524957e-07
alteration,-2.183502424209562e-06,1.6622626181691457e-05,1.7868712406356447e-06,-4.813317087929286e-06,-1.1197908697651645e-06
altered,-1.6719104290784177e-06,6.3817875355417875e-06,-7.494747476800747e-07,-7.219056757509146e-07,-1.6081446026957576e-06
altering,-1.9023939213228297e-06,6.994076328493702e-06,8.42307859255597e-07,-2.0572448860256396e-06,6.379533968092632e-07
alternative,1.611154495468246e-06,6.832694927163463e-07,-1.9426020181801594e-06,-5.547928768853923e-07,-6.772485677916479e-07
ambassadors,-1.3816724382263564e-06,-6.908548161040713e-06,2.0449981826635087e-06,-3.4273006446685123e-07,1.061238074769751e-05
amending,-1.158059305214317e-07,-2.1000393114317244e-06,-2.988745007623597e-07,-7.395781319243556e-07,-4.3529714071531705e-06
amnesty,5.33641113352544e-07,-5.49491945242935e-06,-3.7907497758570337e-06,-2.6700766146740807e-07,-7.804502245065015e-07
amounts,2.0783194361952185e-06,-1.7205142869557209e-06,-2.2832770976926837e-06,1.8140285206245835e-07,2.752882310142208e-07
animal,-7.233458067090614e-07,-2.90006414508478e-06,-3.3962435348343223e-06,-5.48466749039634e-07,-1.2803770127174667e-06
animals,-6.734482010514057e-07,8.219457419560201e-07,2.7929820348869708e-08,-1.1666987935544302e-06,-2.4147743366262604e-06
announce,1.1611805991956905e-05,-1.6999079697573883e-06,-1.6206464305022135e-06,1.6509903539051383e-06,-1.568975582251494e-06
announced,-1.8532905551777345e-06,-3.1258422915862548e-06,-4.5277687311111894e-06,6.708750352712864e-07,-1.0887433986581765e-06
announcement,1.837051589006329e-06,-4.5782081156325514e-07,-2.2505037462105094e-06,7.377326253722488e-09,-1.3880824811708893e-06
annually,3.7320269372431276e-07,-3.8116740821266035e-06,-1.2469845342631425e-06,-8.688097255481548e-07,1.3806119755613888e-06
annul,-1.92543254072903e-06,-1.1134416824676981e-05,1.2527226645417287e-05,3.4710890778124385e-08,-1.1125876441297275e-05
annulment,-1.8595617923636753e-06,-6.679511460565184e-06,-5.5557888592371e-06,-1.6803618116161394e-07,-4.918986750589375e-07
answer,-1.6857254755747004e-06,-3.893773723493704e-06,-3.4582756197076224e-07,-5.030889788439335e-08,-1.3329963735607183e-06
answerable,-1.8334036047354383e-06,-4.006925899613601e-06,-3.4747718346354927e-06,-2.8333785290395625e-07,-2.6639658448511648e-06
anthem,-3.497235144376475e-07,-4.079433715695775e-06,-7.977417333183128e-07,2.4967605829760385e-07,-2.366291872167882e-06
apart,-4.868706716680189e-07,-9.615321804249525e-07,-2.4537520173735657e-06,-6.81720821703796e-07,-1.9126202540017132e-06
appealed,5.334352088625212e-07,6.241862284869702e-07,-1.5105399265739614e-06,-2.653077861474112e-07,2.557322706847518e-07
appeals,-2.8953382492405224e-06,1.3333594507086185e-05,1.931763459268632e-06,-1.9962896604311733e-06,7.554050034135362e-08
appear,-1.98740584446122e-06,8.100895024596246e-06,1.0417940849644222e-06,-8.605150787495214e-07,-1.2934329113364877e-06
appears,-1.8059506330583622e-06,1.642507043647246e-05,2.5040607103505296e-06,-2.230782103540782e-06,-9.070483514307693e-07
appellate,-2.109725711501562e-06,-4.154516295709033e-06,1.0648733584316021e-05,6.426035707254848e-07,1.8712708111478247e-05
applications,-2.0131841893978736e-06,4.7983103643422405e-06,-6.135700978195181e-07,1.5224052577928918e-06,-3.384145456155112e-07
applies,-4.581560771070567e-06,5.0175191871837944e-05,1.2075019510834873e-05,-2.437027976917773e-06,-3.362194280607031e-06
applying,-1.8005409418080717e-06,1.3392333256111935e-08,3.7607188579462992e-06,4.116704951286111e-06,7.621406874855793e-06
appointing,-1.2228202051185648e-06,-3.1294141435479556e-06,-4.723179056957381e-06,-1.4501760340912189e-06,-1.672612448083023e-06
appointments,-4.005139041184038e-06,1.7665605593258386e-05,7.2731332186115085e-06,-2.5886338408132923e-06,3.3131030520809833e-06
appoints,-2.3621307210560682e-06,-1.0316940988259144e-05,-4.1775827591078504e-06,2.0896204737802803e-06,-3.853141472508409e-06
apprehended,-1.6544268640005015e-06,-4.654110532598166e-06,-4.32844120151806e-06,-4.923833099182811e-07,8.49977272436928e-08
appropriated,-2.440836645166531e-06,1.9567787576622338e-05,3.4666506606853135e-06,-4.604317256925537e-06,-1.2646940098935542e-08
appropriation,-6.451407922361235e-06,3.1050346720836065e-05,1.0572215886173657e-05,-4.5414964295615415e-06,2.219776059320582e-06
appropriations,-2.8132790862379163e-06,-6.4464702356592014e-06,-9.66201337359541e-08,9.287557805989773e-08,9.537059737558657e-06
approves,-4.2434627472120053e-07,-3.317429371526526e-06,-2.810760519156994e-06,-5.838980487705751e-07,-5.721802896424533e-08
approving,-1.0059677024878627e-06,-4.507229990989958e-06,-2.9034255176990014e-06,-7.845526412086053e-07,2.414348942518479e-07
april,3.6823425695081284e-07,-2.73917402579668e-06,-3.74132624783567e-06,-1.8458324019388037e-07,-2.272948771881269e-06
arbitrarily,1.188012447754961e-06,-3.157283743177932e-06,-3.0887768881223907e-06,6.853205579091241e-07,-1.4164580732386127e-06
arbitrary,-1.434596985937411e-06,1.478699222784743e-06,-5.542143739117323e-07,2.5373980881401817e-06,1.220125519159999e-06
arbitration,1.1986776053519993e-05,-4.735803455071455e-06,-2.5858376379096557e-06,-2.9757625245779567e-10,8.890358729563902e-07
area,8.800772841319948e-07,-9.711063407919697e-08,3.83248643353938e-06,-7.417661865957321e-07,-1.3806037505433653e-06
arise,-1.8835423662498207e-06,9.47981014385353e-06,7.911295097816847e-07,-3.1211935244860644e-06,-5.003318129876759e-08
arisen,-1.6617215446244728e-06,1.145745855132154e-05,9.822680834675436e-07,-2.9142469976518157e-06,-2.4133757250790383e-06
arises,-1.1643914773037362e-06,1.069205458684131e-05,3.440634253417901e-07,1.0048780858522376e-07,-2.115256944169215e-06
arms,-7.721334063662944e-07,-6.1549656911967536e-06,-3.591655663260345e-06,7.27566614470288e-07,-1.1451722645288713e-06
army,-1.5213911232620538e-06,-9.400542643574841e-06,-4.241163535222909e-06,6.27475693150147e-07,-3.5920233037662696e-06
arose,-1.6567637417827737e-06,3.7525808584092424e-06,-3.086046702770294e-07,-8.461126575078402e-07,7.967808169934654e-08
arrangement,-7.831037811116648e-07,-6.027401220512644e-07,-1.734389811346581e-06,2.548088701022706e-06,-4.06245574691624e-07
arrangements,6.010620891619805e-07,1.8100444351699412e-06,4.2764921697382405e-07,-2.6879192283074934e-08,-2.966407864235759e-06
art,2.8508308783433775e-05,-3.248807376051296e-05,-1.607408835936881e-05,1.8881948162049405e-06,-5.091713403411389e-07
artistic,-3.665606726147398e-07,-6.725160842714116e-06,-2.1100631104674404e-06,1.222291245829224e-07,-8.437489019204506e-07
arts,4.929310371625825e-07,-6.7660126645384075e-06,-2.79050762746355e-06,-5.129263327387385e-08,1.1698860828015396e-06
ascertained,-1.6140370652090467e-06,1.831891387529715e-07,1.3324934553012024e-07,-6.632645033721088e-07,1.7278757577571713e-06
aside,-1.8227679505708065e-06,8.134158246117257e-07,4.531610575323426e-06,-8.167155716642859e-07,8.372023854733842e-06
ask,-1.9234847056830577e-06,-7.52174405669719e-06,-5.294949946799126e-06,-3.166578706495251e-07,-1.3573460892786405e-06
aspects,-1.3036977360187437e-06,-3.67256396068141e-06,-2.4621053794702797e-06,6.165930869790738e-07,1.375507224885604e-07
aspirations,-1.6918488907180365e-06,-5.087776036000236e-06,-1.4883805185094478e-06,-1.3779826871447747e-07,1.34855252076178e-06
assemble,-2.2794311211802208e-07,-1.278962873115635e-06,-1.8764513947907626e-07,-6.381757218108237e-07,2.7901480084272975e-06
assemblies,-2.4209698251512304e-06,-9.98394300236775e-06,-8.264751983123336e-06,-3.823228008515766e-07,-3.02366714817286e-06
assent,-5.1806116326622305e-06,2.3862856722516256e-05,2.6103157431109023e-06,-3.4497986273941657e-06,-8.322654707619462e-06
assented,-1.4566950485490605e-06,8.620016050725782e-06,2.3653890570130865e-06,1.2764733219820972e-07,-6.40976072255276e-06
assessment,-9.994632913409795e-07,-3.9552654996449075e-06,-2.8043645545028404e-06,-2.2717650619172205e-07,8.65532081360267e-08
assign,-1.2013870553569844e-06,3.6093264182117863e-07,3.1832566229409296e-06,-1.5501637365901365e-06,1.3841357227386589e-06
assignment,-1.2397219369430157e-06,1.8538611252493352e-06,-1.197784945487328e-06,-1.1451560723889818e-06,-1.0478833359419531e-06
assist,-1.0015710439660093e-06,-1.7011595127170591e-06,1.2120669131657277e-06,-9.117680481750515e-08,-3.987003442099219e-06
assistant,-3.0465493998171828e-06,9.461364552282965e-06,4.611643664224832e-07,-2.6449565423466904e-06,-1.7605241365050741e-06
assisted,-1.656888875503513e-06,-6.143966390474768e-06,-4.679188534839372e-06,-9.84476903617306e-08,-7.853205336233354e-07
associate,-1.9493555707359614e-06,-4.34869867481372e-06,5.862761276778616e-06,-1.971098044491061e-06,1.3412599060099003e-05
associated,-1.2317241184299595e-06,1.3228541019866355e-06,-1.8684380665312328e-06,-1.4488377732240228e-06,-7.29637298008512e-07
assume,-1.3707552682203114e-06,-4.2375196476558156e-06,1.547975986206514e-06,-7.565992080791372e-07,3.6322941837103978e-06
assumed,-1.695455212216322e-06,3.7306262338223823e-06,3.2957450579715395e-06,-1.8168797793687759e-06,5.311966527052188e-06
assumes,-8.744425879520188e-07,1.5566932645344047e-06,-1.1684850644089714e-06,8.642231113679185e-06,-2.856706901551575e-06
assuming,-7.080445939475737e-07,-2.2931196551022737e-06,5.942603562165151e-07,-5.610397552584531e-07,-9.314251412405344e-07
assumption,-1.214863836065231e-06,-1.096323178019391e-06,-5.234017523532156e-07,-4.931992842572652e-07,-3.1245735462064394e-06
assure,-2.826328948996901e-06,-1.3717561582718546e-05,-8.153315220619187e-06,2.743775564595758e-07,2.075739252636509e-06
assured,-7.193230704234181e-07,-8.65780396509043e-06,-5.84947946421786e-06,1.8273003551291687e-07,5.538166722916448e-07
asylum,3.3841823875203166e-06,-6.615545635115116e-06,-2.1044542222273747e-06,1.2123611224587635e-07,-8.742077188836208e-07
attached,-9.98739491898825e-07,-4.302256467795289e-06,-3.2373309805974835e-06,-4.5825710848941306e-07,-6.378225357318107e-07
attachment,-1.6751041252829711e-06,-2.0820609045495257e-06,-2.5748175757074057e-06,-8.156384464810942e-07,-2.4317050827631974e-07
attack,3.570019256173365e-08,-5.1923414624286835e-06,-1.4089704658515164e-06,-2.8030216704580203e-08,-2.9943157819223747e-06
attain,-1.5700620296669963e-06,-3.8803235260465495e-06,-3.950732775779836e-06,-8.430214014734966e-07,-1.0824268380765018e-06
attained,-2.6090851310319404e-06,9.248465555192338e-06,8.677949368480559e-07,-3.005774590928034e-06,-1.3553429558459805e-06
attaining,-3.065290725004762e-06,7.867829927726295e-06,-1.9664345482099285e-06,-1.9152767763140173e-06,-4.511130814568542e-06
attains,-2.339759366718544e-06,1.2695222473938612e-05,1.2432423151362574e-06,-3.862740607965778e-06,-1.2228860329178014e-06
attendance,-1.1805301874446625e-06,3.046925203786231e-07,5.688196272129028e-06,-3.903637753346044e-07,9.815537241161328e-06
attending,-1.6345291427973202e-06,-5.525759123665445e-07,-2.5072706837018093e-06,-2.66930528023212e-07,-1.4925679230301795e-06
attention,-1.2249259826466975e-06,-2.2073857295263798e-06,-9.737285852909926e-07,-6.703651143781552e-07,-1.2873729444780686e-06
attorney,-3.2100878379568014e-06,4.302375851438422e-07,1.0926065446456417e-06,-4.271664303149414e-06,-3.6255941221039357e-06
attorney-general,-1.2859069406342488e-05,8.411863234954002e-05,1.6581817686434153e-05,4.338054274705967e-05,-3.175090064755169e-06
attorneys,-2.0304077824917667e-06,-7.905503496643009e-06,6.784162678260733e-08,-9.065048288743858e-07,8.325585343274784e-06
audience,-1.3198213606375935e-06,8.652573287693188e-07,-1.1449652207779128e-06,-1.2080124688221334e-06,-1.4402467365554208e-06
audit,-2.159119425169712e-06,1.1129811531915225e-05,7.37391880744832e-07,-3.2855372085891436e-06,-4.344781797526836e-07
audited,-1.5410263584375281e-06,2.474145862626739e-06,-1.5863223371651537e-07,-5.2207638968625e-07,-1.8651136251896654e-06
auditing,-2.009706167309978e-06,-1.0677489094590953e-05,1.5442474641175707e-05,-8.924909876718719e-07,-8.061603934743408e-06
auditor,-2.603193914554164e-06,4.7771487523871265e-06,2.0483833736415857e-05,-6.4197042671925976e-06,5.865296443303614e-06
auditor-general,-8.573823101086723e-06,4.928212202255399e-05,1.534416336766671e-05,1.94641116574786e-05,-1.8561080775472134e-05
august,-5.960760704824372e-07,2.306246007169098e-06,-8.47689998921845e-07,1.3378783949524916e-06,7.811408909927115e-07
authorisation,-2.330514034825097e-06,3.0555971384010167e-06,-2.7529283048151126e-06,-4.7643700135955323e-07,-3.791403640348777e-06
authorise,-7.530544159255194e-07,1.4688546772876073e-05,6.681185147996899e-07,7.249896710479664e-06,-3.3279373869868834e-06
authorised,-2.0143811381429585e-06,3.304691810974001e-05,4.546284529782922e-06,5.9031852284418605e-06,-5.639790669174141e-06
authorises,-3.735601407934536e-06,1.6304411494059606e-05,2.370727727495042e-06,-3.337730362225212e-06,-1.3890764897396954e-06
authorising,-1.4288900262269377e-06,7.78403865417135e-06,4.004821049280351e-07,-2.638891965082049e-06,-2.429287435094215e-06
authorization,-2.9377208941292945e-06,-1.3006955083719503e-05,-5.19739413318067e-06,-2.982122070108588e-07,5.239976187922195e-06
authorize,-1.70997702085229e-06,-5.65066226717473e-06,-1.7356921450196185e-06,-6.703476069668424e-07,4.575901115684322e-06
authorized,-2.0912722661609885e-06,-3.797251713910602e-06,-1.6756370260542831e-06,-1.4650809038673582e-06,1.741605462785817e-06
authors,-1.50547124709334e-06,-5.512937816220358e-06,-1.6673070660874645e-06,-4.865073054820896e-07,3.1894771675990386e-06
automatically,-2.1967100046600262e-06,-4.7099415782638e-06,-1.8286793047240995e-06,-1.138748365478283e-06,3.3249200184373584e-06
autonomous,3.878165165050312e-05,-4.8828098166182655e-05,5.587799206831359e-05,3.2251317919811505e-06,-3.315081676961461e-05
autonomy,-2.664905540147902e-06,-1.944554266004128e-05,1.4324357679139647e-05,-1.1310938111913472e-07,2.6022814457951993e-09
available,-1.1119866153209018e-06,7.31405848592998e-06,2.279212809128565e-06,9.227347980210725e-06,7.043237899367271e-07
avoid,-7.148438760690784e-07,-2.17894514949494e-06,-1.912711158165997e-06,-9.200176791903846e-07,4.121474174635247e-07
award,-6.93878080925917e-07,7.846906544480372e-06,-3.7316878837388336e-07,-2.597033169020557e-06,-2.8658772291548885e-07
awarded,-1.671664847179599e-06,1.9953879147938676e-06,-1.2509433576766885e-06,1.354650510069828e-06,-4.326390700145058e-07
awards,2.7472155260331477e-06,-3.3287908908442157e-06,-2.3214076937008306e-06,-2.0610288743411457e-07,-2.1985755547767322e-06
aware,-1.5355227011576784e-06,-3.1628707734601206e-06,-2.7681372998412135e-06,2.451269770078281e-09,-2.4572869258393627e-06
bail,-1.1350078772812486e-06,-2.2218205644818674e-06,2.077599588323508e-06,-1.7848074854469577e-06,6.534715246361641e-06
balance,-9.889708875018244e-07,-2.1715165042600286e-06,-2.2732686228969615e-06,-7.371249261652024e-07,-6.462985998450692e-07
balanced,-1.0394279050200125e-06,-5.616980079850605e-06,-3.1379323235588835e-06,8.770540456981468e-07,-8.371331155156512e-07
bank,3.634635877158197e-06,-7.973929703667087e-06,-5.560379079475611e-06,5.33149160378409e-06,-4.314227286573261e-07
banking,-1.0540623706369788e-06,-5.318628035319511e-06,9.053946093653972e-07,-8.106654434322182e-07,6.166007227098396e-06
bankrupt,-2.6018183324065316e-06,2.0286709095322165e-05,3.0327976401707186e-06,-3.4517301115956518e-06,-8.713524588936617e-07
banks,3.644702624921968e-07,-5.030405203250821e-06,-2.393417032375536e-06,3.42631374920027e-07,1.5576083516719847e-06
bar,-1.6637961627486813e-06,-2.9534374400146315e-06,-1.0119187697420107e-07,-9.061368023715579e-07,3.848690911776888e-06
base,-1.5481328772471413e-06,-4.903463660891828e-06,-3.316595605440757e-06,-3.8893619660806495e-07,1.7933957369700849e-07
bases,-4.126631079679516e-07,-8.103161995923274e-06,-3.5945470673521622e-06,3.100970363142198e-07,1.938633590590098e-06
bear,2.558938646083713e-06,1.0880172705986585e-06,4.2769900818003976e-07,4.066143107516157e-06,-2.4277784965626693e-07
bearing,-1.1682745699164698e-06,-1.865684113175959e-06,-3.114696326411054e-06,-3.4436513973254115e-07,-1.765342145245495e-06
begin,1.127305806270272e-06,-1.4560015286734375e-06,-9.447224054399073e-07,1.2626739961173936e-07,2.5226762612516532e-06
begins,7.506509895047348e-07,-4.660465611300323e-06,-3.4348588522931545e-06,-1.398195727598238e-07,-1.322128143393622e-06
behalf,-3.7311517540594e-06,2.1913088343112365e-05,3.4483723310730947e-06,-5.427808633377709e-06,-2.7658300223608167e-06
beings,-1.14245504835054e-06,-5.504906173372951e-07,-2.0049678640246395e-06,-7.521820062376093e-07,-6.71134153399862e-07
belief,-1.7305735588362598e-06,5.718577452959544e-06,1.6377965870683499e-06,2.335277432777778e-06,-1.3112568877590241e-06
beliefs,-5.671384871119483e-07,-3.801437245442289e-06,-3.3303249361979634e-06,1.239515378074988e-06,-1.6526234727980404e-06
believe,-1.6049595306456134e-06,-1.729196365842266e-06,7.166884388783333e-06,-7.916506056297343e-07,-4.900245280061337e-06
belonging,-1.15473535853005e-06,-2.887546414403212e-06,-2.401896319352748e-07,-1.0075893405546964e-06,3.2391972346249563e-06
belongs,-1.4933833792550905e-06,-2.71171877575974e-07,-1.5661528902528678e-06,-8.071630216006615e-07,-1.1954662602649289e-06
beneficial,-1.7646789836843733e-06,5.023235638534538e-06,-2.0074858720285974e-07,-1.7685552586496194e-06,-1.165653980836813e-06
benefits,-3.0223537031343296e-06,1.6008781499156803e-05,6.1836511446278805e-06,3.3490556834068038e-06,5.989780731584449e-06
best,-4.320757666200539e-08,2.1099926443696135e-06,-7.77846199990514e-07,4.4410641960994626e-07,-9.819265883912142e-07
better,-1.1258863321901513e-06,-3.333077460894729e-06,-3.066872269000846e-06,-7.45799640020609e-07,-9.254612398313792e-08
binding,3.157123926463113e-07,-3.85758566592392e-06,-3.378989137155566e-06,3.413212318885722e-07,-1.5704740365634737e-06
blue,-1.9233566812070733e-06,-6.387013134372575e-06,-4.979730179156002e-06,6.144731398295967e-07,-3.2069452316319933e-06
board,-1.7459344732278691e-06,1.9016273456603856e-05,5.740336435913537e-06,8.330354265652863e-06,9.0559948723582e-06
boards,-1.0226741725560658e-06,-4.656552461884696e-06,-4.094287489088985e-06,-7.028245681000984e-07,1.0021978846048127e-06
books,-1.0276488940525358e-06,1.7544287497099865e-06,1.291059899659652e-07,-9.263706640970507e-07,1.611587685446122e-06
borders,3.533649218385037e-06,-9.024515487456598e-06,-5.1217328321103245e-06,6.747972948795205e-07,-3.164789396746336e-06
borrowing,9.476892308353128e-07,-1.4464010792566942e-06,-3.460225386650505e-06,-5.231876673448254e-07,-2.8627030337736668e-06
bound,-4.6713780403681694e-07,-4.860449851361729e-06,-2.5281272567854212e-06,-1.8525591186593986e-07,1.4313903151830892e-06
boundaries,-1.924667225334721e-06,1.1607614588444531e-05,1.714181594926135e-06,-3.667914646949037e-06,3.8854269663711414e-07
branch,-3.374895417693789e-06,-1.9723998834887143e-05,4.095843877394727e-06,1.0015413008835595e-06,2.3474370812786688e-05
branches,-1.5577502980229877e-06,-6.249878332880006e-06,-2.976700432486561e-06,1.6397079752102763e-06,1.1382863528033798e-06
breach,-1.3113365368967208e-06,2.2140641439908496e-06,7.55745565991865e-07,-2.3894909274389816e-07,6.132020079001441e-07
bring,1.5532238007276709e-07,-1.6828960733823268e-06,-1.2796528470827972e-06,9.434375438442201e-08,4.3550365393822e-07
bringing,3.296234874954812e-06,3.4565999345545373e-06,-8.172835291235929e-07,-3.5430362330416514e-07,-1.8335474333622272e-06
broadcasting,-1.1764755499140403e-06,6.96300437482554e-07,-2.3282121833527924e-07,-1.2434329739455216e-06,-1.953514552779508e-06
budgetary,-4.950021278331515e-07,-8.784606972353422e-06,-4.822494361067333e-06,3.119131510343632e-07,8.422540296641389e-07
budgets,-6.790878925720559e-07,-7.361078218154041e-06,-3.326799542494524e-06,-3.6435630124346283e-07,-2.398397531299974e-08
build,-1.6466928283956564e-06,-6.593879884742677e-06,-2.478470349625617e-06,2.989244869877832e-07,-3.3378723750338425e-06
building,-9.072068403020081e-07,-8.2598878365698e-06,3.595169275736105e-06,4.050604536787802e-07,-6.534004812795246e-06
buildings,-1.1590605553638589e-06,-1.5160558796923377e-06,-1.024879643880811e-06,6.319289992567123e-08,1.5053559826451306e-06
burden,2.2305979755467126e-07,1.463490645880861e-06,-1.24553281449105e-06,-1.0231296172338145e-06,-8.276067257024441e-07
bureau,-2.701164682418868e-06,-1.3912770639086612e-05,-1.087188895840854e-05,-1.1444648589501743e-07,-2.340146117008098e-07
cabinet,-1.827435463714307e-05,4.100821607087364e-05,3.7480836227095606e-06,-1.5328551091384324e-06,-2.6869488638978424e-05
calamity,-1.718720583736305e-06,4.43048419071656e-06,6.080157508364004e-07,-1.8479181358965488e-06,8.911727493273447e-08
calculated,2.413914474361471e-07,-5.048238510461596e-07,-2.112126453362884e-06,-8.180558919877117e-07,-6.999680195507642e-07
calendar,-1.3042691318604846e-06,-4.595616417124375e-06,-4.701624848830513e-06,-2.1190454169970094e-06,-2.6951780623874553e-07
calling,-2.188328406711316e-06,-3.1350750985546007e-06,4.3941304509666824e-07,-1.0657560632576844e-06,-1.6292965589786591e-06
came,-1.755746960265462e-06,1.489841288892625e-06,-1.1671755336235263e-06,-1.1533253154470566e-06,-1.946799578860821e-06
candidacy,-1.6072893738538066e-06,-5.344703530636952e-06,-4.735182439920173e-06,-1.0663570686326891e-06,-5.605257458363235e-09
candidature,-1.4473212459881558e-06,-2.9562553537282634e-06,-3.7306449646393167e-06,-4.2453355075156155e-07,-1.227128817882227e-06
capable,-1.0376759012306638e-06,-1.5162850463874993e-06,-2.795548431802211e-06,7.224339962393247e-07,-1.7940882775126843e-06
career,-1.8155171307556797e-06,-9.647035458558533e-06,-3.3776388566181684e-06,1.8718288550656014e-06,4.869879670105681e-06
carried,5.978438246500774e-07,-3.1602854982111303e-06,-2.9353644864045023e-06,-5.386482390637945e-07,-1.9716705049433858e-06
carries,-7.731845696823318e-07,-3.7614065098574242e-06,-3.832008682222532e-06,-2.6747436651657274e-07,-1.9773009784678168e-06
carrying,1.4162741999058453e-07,2.380066093682811e-06,-6.491737315927114e-07,-1.0848422488771178e-06,-1.3062107144861368e-06
cassation,-2.061193937879927e-06,-1.187027703804303e-05,-8.306037635885236e-06,-6.303171491066676e-08,-1.2512354705308645e-06
casting,-2.380465038101806e-06,7.416490058892994e-06,2.270548586283361e-06,-1.4767080508321946e-06,1.5331855658259637e-06
categories,-1.1705574003543784e-06,-5.08840699117609e-06,-4.0104307057005755e-06,1.1614629256601248e-07,-1.6406806002174943e-06
caught,-1.6419818070291046e-06,-5.763045143510029e-06,-4.346866518132104e-06,-4.016099165394502e-08,-1.3295571897027436e-06
caused,1.0659690458629422e-06,-4.629893711397186e-06,-1.6324110914569075e-06,4.85590924941204e-07,1.3913726366512582e-06
causes,-1.0113864761628123e-06,-5.726209811645217e-06,-2.6177576583540387e-06,-5.590277916571992e-07,2.93963377612186e-06
causing,-1.2844623010306468e-06,-1.2987830097278809e-06,-2.12810385794e-06,-5.751350754393265e-07,-9.930572766999244e-07
cease,-1.0620630439447889e-06,2.1667910825453062e-05,3.7350488503844765e-06,-6.118649447956024e-06,-2.2491043486516384e-06
ceased,-1.315754130091413e-06,7.64132800161296e-06,-2.628765016938918e-07,-1.7416667436515364e-06,-1.6792397040160138e-06
ceases,-3.734084652506051e-06,2.1139176353373604e-05,4.325964161380329e-06,8.168249825165341e-07,-9.919061005824259e-07
censorship,5.03222641452975e-07,-3.858370156212644e-06,-2.8341059385613557e-06,-4.186350012853116e-07,-2.251528569007295e-08
censure,-3.3104350653532535e-06,-1.2240954848462366e-05,-7.210266325843737e-06,4.0839108542610356e-07,3.618903391931378e-07
census,1.152066839318705e-06,1.0782874270377482e-06,6.410572024380139e-07,-2.011116849792623e-06,3.930037935474244e-06
center,-1.5208222327073986e-06,-5.9411851201077724e-06,-1.5197036661606836e-06,-1.3881505896651093e-07,-2.0682989255079453e-06
centers,-1.9906909122812123e-06,-1.1441088060036848e-05,-1.943138412911139e-06,-4.3997203318418377e-07,2.4627874442894245e-06
central,1.3822427757327616e-06,-1.7522789405201264e-05,1.2697351847797575e-05,1.247701363192138e-06,-1.1357247952550702e-05
ceremony,-3.4874049531602534e-08,4.7759524095488716e-06,-5.656068707687672e-07,9.142576270448908e-07,-1.3300788491713497e-06
certificate,-7.107493816380129e-07,2.0272009756674884e-05,1.1529210322276901e-06,-4.389087717093489e-06,-5.266352973168314e-06
certified,-1.9130203777301647e-06,8.130124784594186e-06,1.730405700545848e-06,-3.2373765211731543e-06,1.4841386167837793e-06
cessation,5.99697844146415e-07,-3.3186327141987675e-06,-3.2128465420543215e-06,-6.360530438962079e-08,-1.391344550545876e-06
chair,1.1212214552285889e-05,-9.021443058080858e-06,-5.544329998972513e-06,-1.7065412171165913e-06,1.948551602616644e-06
chairman,1.6041411341774276e-05,3.3085197410854346e-05,1.6966726872594226e-05,-1.0974860562630522e-05,-2.022033228322501e-05
chairmen,4.426802845055117e-06,-8.030135562324811e-06,-4.579663381483067e-06,5.191373086211694e-07,-7.217417908726656e-06
chairperson,-9.760363653570906e-06,-1.7340463539584639e-06,-1.911486858445761e-05,4.6458447531142734e-05,-1.658399529097718e-05
challenge,-1.294430832486022e-06,-3.602013541541553e-06,-2.1453117111833113e-06,4.144510796274455e-06,-4.2490318167085634e-07
challenged,9.975045796160354e-08,-4.80926438868099e-06,-1.448205691889246e-07,-9.03296883826568e-07,5.108143166638743e-06
chamber,-8.240072488935591e-07,-7.963397926197399e-05,-4.5412968265275425e-05,4.089748843482494e-06,2.9010048037322843e-05
chambers,3.101261992698019e-06,-3.243316616531225e-05,-1.5178588171111509e-05,7.108825012823969e-07,9.8776108081598e-06
changed,7.286600000873472e-06,-4.6801406600003574e-06,-1.0711207670519261e-06,8.277072388484559e-07,2.4818063417621413e-06
changes,3.683496985643426e-06,-3.206447402708704e-06,-2.0818951722337046e-06,9.200035710990082e-07,-3.697062925940194e-06
chapter,-4.3187435704348075e-06,3.121800683426313e-05,1.086894041678341e-05,1.751308834295228e-05,-1.1747605880690479e-05
character,-1.0272436499630575e-06,-8.339192660808095e-06,-6.741297261231993e-07,-7.631356006743181e-08,2.9216604267671333e-06
characteristics,-1.4370692413841312e-06,-5.5257847102234705e-06,6.953666068262494e-07,1.6286923972563488e-06,1.3827919390140159e-07
charter,1.424523413874404e-06,-6.287462436168081e-06,-1.9788973570946537e-06,-1.9200319895789057e-06,5.5993725729950885e-06
chiefs,-6.943372201336526e-06,1.6796582672205616e-05,-1.6167565307718236e-06,-1.1754567077720104e-06,-9.153306643272843e-06
child,-1.3077355216979922e-06,9.523023158578175e-07,-1.7234245063851745e-06,3.0664382891568797e-06,-1.577405770578557e-06
childhood,5.234399224521925e-06,-4.603813474571618e-06,-1.3085564298232145e-06,1.6177660747087065e-06,2.344372673808648e-06
choose,8.55615238632023e-07,-5.974341304943364e-06,1.5986704808914409e-06,-1.3298393912242969e-06,9.071772211441091e-06
chosen,-2.139314927358966e-06,-1.7861504175553188e-06,3.87974065601203e-06,-2.796750001976683e-06,1.1266952363603866e-05
church,-2.7001730216301775e-06,-9.035389394292195e-06,-7.192645073678729e-06,7.636326636212568e-08,-7.884275533897292e-07
circulation,-1.0646693832249423e-06,-3.5050048929629556e-06,-1.887521918401968e-06,-6.920527996309634e-07,1.4911275827068836e-06
circumstance,-1.5941196859074809e-06,-3.7088227240230696e-06,-3.3182755625269287e-06,6.200533905171906e-07,-1.2422228427510982e-06
cities,1.1784890315494134e-05,-2.0539241024991382e-05,2.1907114947944767e-05,1.694043037023146e-07,-1.2200128368479444e-05
city,4.8524852878226505e-06,-8.308339009129819e-06,-1.3893124751792297e-06,-4.5280299216946665e-07,5.5289666946946724e-08
civic,-1.6327175538758396e-06,-4.330211515276897e-06,-2.523928580685783e-06,1.1921954709939697e-06,-1.9875309869143386e-06
civilian,4.089924197427835e-06,-3.860075346868409e-06,-3.4075099754382e-06,-7.2608107873818e-07,3.602145162870617e-07
claim,-7.01273627142331e-07,-2.4806591764545212e-06,6.166378648092214e-07,-9.326874090683056e-07,4.782167832350091e-06
claimed,-1.442594459845897e-06,-1.0007774468283376e-06,-2.1891296720812376e-06,-6.349576559310979e-07,-1.1330353800554432e-06
claims,-6.900887868692021e-07,-2.5212069325207565e-06,-1.2051070364505006e-06,3.5427730978591603e-06,1.7314714462957795e-06
class,-3.742582960253419e-06,9.648673704269336e-06,6.214221605449446e-06,-4.858707793557468e-06,-7.703744640123583e-07
classes,-1.8406420766687945e-06,4.2834222074333355e-07,4.138553136346966e-07,-1.942350893034118e-06,-1.1984677907562273e-06
clause,2.0523750820734602e-05,3.218631764969827e-05,-2.903553576589374e-05,1.01886828581051e-05,-7.643457942301942e-05
clauses,1.6264449583028814e-06,-3.5342881470732714e-07,-5.507452920353937e-06,-1.643020603645459e-08,-6.9812652902687725e-06
clearly,-1.2993348507476478e-06,-2.6501537270450575e-06,-3.0333346262623336e-06,1.4359173025813204e-06,-5.980468337895776e-07
clerk,-8.327987558321728e-06,5.107936062292471e-05,1.0939366700900302e-05,-1.3871305324964494e-05,-4.261615162807708e-06
close,1.3864496116749576e-07,-3.828717334050003e-06,-7.972229618016071e-08,-3.311653182535904e-08,-3.0428304837085575e-06
closed,2.699681352199883e-08,-6.129785008908645e-06,-4.439719349752768e-06,9.57396068202066e-08,-3.783667573417295e-07
closing,-1.2674699954950565e-06,-4.933499811806298e-06,-3.833145671974155e-06,-1.4982184263632793e-07,-1.4373758246713263e-06
co-operation,-1.4039632275567524e-06,-1.4678781530385523e-06,-3.3926992882078124e-06,-4.7209109474214707e-07,-1.9185560630288124e-06
coat,-1.9521078959791738e-06,-6.546704324889956e-06,-5.22383262779557e-06,1.2190575261842601e-06,-4.526451002302321e-06
code,2.4152588431914014e-06,2.130844314621055e-06,-9.236381642705621e-07,3.514336779968106e-06,-7.770180072558788e-07
coercion,-6.140399324230419e-07,-4.461413210664284e-06,-3.2255818366652053e-06,-5.379227606937484e-07,-6.7153729191674e-08
coexistence,-1.6642108538493311e-06,-7.586591719904033e-06,2.1492204573249257e-06,5.08422821760801e-08,-2.4114885354271944e-06
collect,4.431754014072541e-06,-2.397375362239716e-06,-1.5755059705280993e-06,-2.5599096824895406e-06,3.8012185217429613e-06
collected,-7.780514907551475e-07,-4.6220798315649485e-06,-1.0538656403208708e-06,-4.3514695798135125e-07,2.6153291707359915e-06
collection,-6.654866169819023e-07,-4.312102526060464e-06,-2.3430764552464437e-06,-8.415158107101626e-07,2.002766564810998e-06
collective,4.5634533045428397e-07,-1.0880925295886868e-05,6.408093333142885e-06,9.339691753377624e-07,-2.632594841455667e-06
collectively,-9.827315478304428e-08,-8.065755725451997e-07,-1.2217880156560553e-06,7.614030847775341e-08,-1.2723227948494647e-07
college,-2.6288651134829616e-06,1.9164892543060334e-06,-3.646405114463666e-06,-9.14488987791262e-07,-2.480069372089446e-06
color,-3.615537370833744e-07,-4.9555455797445476e-06,-3.7078991414422184e-06,-3.1703129233330715e-07,3.423636071637994e-08
colour,-2.164577140384756e-06,6.068458380283632e-06,8.823948831023321e-07,-1.435856342619337e-06,-3.411551747948661e-06
combat,1.7474989108664347e-06,-5.783508480658836e-06,3.03871564726812e-06,-1.25555743821198e-07,-2.486154658551327e-06
comes,2.501394420860623e-06,1.4113419743726296e-06,-1.6082298662940996e-06,-1.3758767745468473e-06,-2.266538655672131e-06
coming,-2.9821697178151474e-06,8.266178220481763e-06,-1.9441747875432883e-06,-2.0923906537930015e-06,-5.139907095022014e-06
command,-9.361362169937005e-07,4.58045164918262e-06,-8.936565820992159e-08,-1.2375342940796915e-06,8.152409420590045e-07
commander,-1.7871427281554852e-06,-2.5868222426989847e-06,-2.3590273425281213e-06,4.3582013045202295e-06,-7.565443590560029e-07
commander-in-chief,-8.38104084596322e-08,-3.73239514034919e-06,-3.073234476400848e-06,7.560350906347521e-07,-1.6684349743126443e-06
commence,-1.5740361666518884e-06,1.06557392897659e-06,-1.3941731882714553e-06,-5.837416505622795e-07,-5.891335248318174e-07
commenced,-3.7934256935428603e-06,1.4428121775380503e-05,3.0095988725624338e-06,-1.6949754734525436e-06,8.509025669978413e-07
commencement,-8.497745936261058e-06,3.816447747208946e-05,1.2101909611218238e-05,9.225577772343583e-06,-1.8166534554539114e-05
commencing,-8.091398276196697e-07,9.26071952546926e-06,-7.679266650442486e-07,-2.8591291378798436e-06,-3.3552957788538948e-06
commerce,-6.339456017966054e-07,-5.19936067812282e-06,1.934485049727041e-06,-1.6292784807225745e-06,9.633994935289418e-06
commercial,-8.495803939756006e-07,-4.6415710013838464e-06,-1.5525946037178873e-06,1.3964811532310247e-07,1.4817449991593798e-06
commissioner,-7.807794014235582e-06,6.867380782642203e-05,1.3016417271685843e-05,1.3936755009920044e-05,-2.0044887900104776e-06
commissioners,-7.815519173612638e-07,4.116063915650907e-06,-8.712154991064609e-07,-1.7965153152236955e-06,-3.8113787655938274e-07
commit,-2.2918763602735318e-06,4.965918962147895e-06,1.574076257380089e-06,-1.3875276660230628e-06,-2.4213758781938322e-06
commitment,-9.736698408714613e-07,-3.784433318495323e-06,-3.3293056764016413e-06,3.7410184558287817e-07,-6.978713172728446e-07
commitments,2.2063184334149617e-06,-4.164286941032828e-06,-3.6237165439620457e-06,-4.6254336558570315e-07,-3.375922775875299e-07
commits,-1.7237772586963223e-06,-2.7394459149919487e-06,-3.657738163391237e-06,-2.464812818303532e-06,5.91612748854734e-07
committing,4.841706661825398e-06,-5.483549201742827e-06,-3.1840856120853666e-06,8.103280703796317e-07,-1.829769800163649e-06
commonwealth,-1.6645891046001087e-05,0.00010924345978699585,2.1502508970430995e-05,-4.647295812605693e-05,1.739872354732091e-05
communal,-3.326661655015657e-06,-1.0485693124253888e-05,-1.0589157074224082e-05,-6.201618181326948e-07,4.979610856697888e-07
communicate,-1.129908302199213e-06,1.4523624266794993e-07,-1.0358176410214747e-06,9.029422826985872e-07,-1.2461708860239595e-06
communicated,-1.2282166271835137e-06,-2.1991799258833465e-06,-2.5814399003522665e-06,-8.735441557690556e-07,-8.1615801317798e-07
communications,7.291204606790333e-08,-3.984711321951727e-06,-2.3191235521819163e-06,1.1367417466570454e-07,6.898357701420109e-07
communities,-1.8021082111863e-06,-1.1518249002861086e-05,-4.104617925207865e-06,-7.756837708530059e-07,3.2057966379774865e-06
commute,-7.186501204451016e-07,-3.424983236986126e-06,-2.4774741814813424e-06,-2.3754002126721914e-07,-5.806341057693756e-07
companies,-4.7497272762997336e-07,-5.08994491677311e-06,-3.2314429757791532e-06,-6.725401314364688e-08,1.8858051946959595e-06
company,-2.1174085083849136e-06,5.700988641144181e-06,-1.4869731145830988e-06,-8.558419198501962e-07,-2.065163218077263e-06
compatible,2.0909922594056948e-07,-5.1162061627657546e-06,-1.3058646523643552e-06,-4.57162107182122e-07,-1.448187582993305e-06
compelled,-3.732754057751117e-07,1.2303084872436241e-06,1.0858767567933982e-06,-3.466033259225505e-07,2.6894828887336906e-06
competences,-3.002427883800976e-06,-1.2314902320568172e-05,-1.0065889256037209e-05,-4.082681836731773e-08,-3.832444662175704e-06
competition,1.7401840088632855e-06,-5.6238901625659876e-06,-2.84438334078144e-06,6.631904106968629e-07,8.453122397900409e-07
compilation,-1.3587215203138604e-06,2.679932993071057e-06,-1.062700558422216e-06,-1.457723399063272e-06,-9.414359486586403e-07
complaint,-1.9233013460695976e-06,6.254073670416827e-06,-1.2761970413486203e-07,1.3908645356291315e-06,-2.0781537553983916e-07
complaints,6.002709440323105e-07,-2.627239933332245e-06,8.546702589852067e-07,9.20688098646776e-07,-3.827989596912524e-06
complete,7.127706529994553e-07,-5.985865613164265e-06,-1.9228340025942435e-06,7.008100800594738e-07,3.141937971369871e-06
completed,-8.941528531303881e-07,-2.1752060624050233e-06,9.979067647746898e-07,-8.194508582430681e-07,-3.4407796691244457e-06
completion,-1.1212935861731623e-06,-1.5535586146140792e-06,-2.4633643289255857e-06,-9.55137819473294e-07,-5.719396006190351e-07
compliance,-4.418574518551358e-07,-5.114918566745291e-06,-2.4439067487669137e-06,1.3526562933538236e-06,-1.655433920712518e-06
complied,-2.138700957290058e-06,9.876306483354427e-06,1.7325257212122783e-06,-2.851582931867515e-06,-1.3488590178205007e-06
comply,-8.579933156854205e-08,1.4212389825883438e-06,1.4030505783695095e-08,-7.195016602000779e-08,6.679364869384644e-07
comprehensive,-1.6501291698763673e-06,-9.389634826829653e-06,-1.3998923669065895e-06,7.694730131577906e-09,-4.9397351775847906e-08
comprise,3.18872262541991e-06,-2.806057806068273e-06,-2.6635299814036246e-06,-1.0495053345174564e-06,-1.5387029094363946e-06
comprised,-1.2871416612948737e-06,2.873309693384872e-06,2.5068338368727186e-06,-3.148141080127207e-06,6.817495939268278e-06
comprises,-8.723116960569816e-07,-3.839177569574519e-06,-3.315223253904732e-06,-9.602475808182026e-07,-3.109492962669891e-07
comprising,-1.3648642646864425e-07,-1.724347525785576e-06,-2.6913587764061406e-06,1.0888744334996027e-06,-1.4944382977579102e-06
compulsorily,-1.054928501882135e-06,1.2847392195986476e-05,2.777288977784356e-06,-3.967966495680483e-06,-3.6932841642968696e-07
concern,-1.2457023804839573e-06,-4.991211464437125e-06,-4.13168189946493e-06,-1.0676625148510203e-07,-1.5756556237273104e-06
concerns,-1.3257691339133552e-06,-4.470457299415174e-06,-4.817110296084885e-06,-4.99335148677264e-07,-5.723421408941056e-07
concession,-1.3740083124628232e-06,-5.728240112543296e-06,-2.272770307520369e-06,-5.339406725910014e-07,2.9040832728064153e-06
concessions,-1.8385575116142145e-06,-8.710934453016896e-06,-2.2040133306245816e-06,-6.867687922500753e-07,5.8322224925001235e-06
conciliation,-1.1395053307524254e-06,-3.486053161900865e-06,-2.1105179198767132e-06,-6.007268792377073e-07,1.0099201141924867e-06
conclude,-9.38613781297053e-07,-5.99837383412667e-06,-1.3191032467888038e-06,4.820622247172836e-07,3.440279833143593e-07
concluded,1.4459716031476544e-07,-4.743125000926311e-06,-4.1353654287276516e-07,-5.430530949337298e-07,-2.357230154667938e-06
concludes,-1.2180639718325316e-06,-4.478287280676593e-06,-4.080810906384007e-06,-1.997749348291321e-07,-1.391189503173035e-06
conclusion,-2.1095824792981774e-07,-3.3762064469799378e-06,-2.987445699998211e-06,-9.311005316839344e-08,-1.569944548041099e-06
conclusive,-1.5469786527761018e-06,6.233066121339669e-06,-7.059129538161371e-07,-2.0492660487594143e-06,-2.1746209571101685e-06
concur,-1.8110117910923221e-06,-2.5519595402139785e-07,-1.0223386751617123e-07,-1.6852994736908114e-06,2.8807236251116384e-06
concurrence,-3.001243850457072e-06,9.587882692162062e-06,4.884584586493034e-06,-3.8142741254313093e-06,6.349351061688297e-06
concurrent,2.8904421428068193e-06,-2.7617965280352815e-06,3.062109756988633e-06,-1.4915490401115748e-06,9.370424809055166e-06
concurrently,-1.016000677009285e-06,-7.398744565445646e-06,-5.401042657635519e-07,-3.484558838852719e-07,6.805960216960837e-06
condition,-1.0351372293803151e-06,-3.2991884075716702e-06,-1.4726046459190705e-06,3.393674044436087e-07,-2.500388353215318e-07
conducting,-4.799356457032254e-07,-4.3113100631110844e-06,-1.6030441448075885e-06,8.137489593059772e-07,-2.828354087423616e-06
conducts,-1.53205627922466e-06,-1.0080441638784565e-06,-2.5397964775450196e-06,9.804195335952721e-08,-1.1543750883622167e-06
confer,-7.30284635405808e-07,4.827910977121014e-06,-1.4285650501403147e-07,-1.3438945752513084e-06,-2.3688476491208832e-07
conference,5.9511487306318875e-06,-2.11892520050683e-06,-2.274691409653447e-06,-1.1844780507587588e-06,-3.269584159396126e-06
conferred,-4.629121283987837e-06,4.238230328207472e-05,7.797608447372123e-06,-2.3060817915372513e-06,-2.5128307974087172e-06
conferring,-1.5087392416719974e-06,6.580876062603633e-06,5.802268767206791e-09,-1.6652453291384913e-06,-1.0895692103049988e-06
confers,-6.820978627167686e-07,-1.6735267432611725e-06,-5.104539942605109e-07,1.3040023229771036e-06,-2.5292963941477788e-06
confidential,-1.5460803448288732e-06,-3.4269932847183e-06,-1.5514073755276196e-06,-2.981091510702148e-07,1.2522161692796072e-06
confidentiality,-1.4093489596950984e-06,-4.44396197572964e-06,-3.955183371373867e-06,1.2832618730302144e-06,-8.155811382779301e-07
confirm,-8.600458886525574e-07,6.637539302790049e-06,1.0145458748061019e-07,-9.298151032942624e-07,-1.4202630102820417e-06
confirmation,-5.797819177197226e-07,-2.3471563944657734e-06,-1.331292442323227e-06,1.046707989092517e-06,-1.4798944660896166e-06
confirmed,1.4521169043835121e-06,-3.7955748987227706e-06,-2.9743688696174654e-07,-1.6650002561159997e-08,2.7712023966498666e-06
confirming,9.339565536828074e-07,-7.529709930091305e-07,-2.004975280050656e-06,-9.049744967029826e-07,-6.707472999619959e-07
confiscation,-1.5319971599220884e-06,-5.550944463692969e-06,-3.920267612181813e-06,3.289446931285242e-07,-1.2611581529662716e-06
conflict,7.384439541407778e-06,-3.7352619119769505e-06,9.866366758138514e-07,-1.0656134176445303e-06,6.1870614989919e-06
conflicts,-4.6717524879370005e-07,-6.539122120179802e-06,-2.684827592429889e-06,-2.437810383743831e-07,3.0468912068666905e-06
conform,-4.418238515775017e-07,-2.500341682673069e-06,-2.1818978011241168e-06,-7.436724366971833e-07,-3.391605028691546e-07
conforming,-1.5833111426979684e-06,-8.194448790050119e-06,-6.2204423367525075e-06,-9.618852586903508e-08,-3.846740006236699e-08
conformity,-1.2357517550692544e-06,-9.716960418940228e-06,-6.295549084965604e-06,9.624460153129959e-07,-2.0087907694804252e-06
congress,-3.037847014995649e-05,-0.0002420356159241216,0.0005243785814357077,-1.7579571860182325e-05,0.0004870759025791931
connected,1.923279316824872e-07,6.360079418607741e-06,3.0979372278302486e-07,-2.2501146946678122e-06,-4.6098486321335394e-07
connection,-1.155641753901504e-06,7.523101640811356e-06,-3.6164060779253705e-07,-1.2909174439750747e-06,-2.406759957513142e-06
conscientious,-1.2061318893144916e-06,1.189529074399495e-06,-1.16179448146001e-06,-9.834978376991426e-07,-9.629128329310274e-07
conscientiously,-1.6623712541801737e-06,-1.1852659750672337e-06,-2.537517674525758e-06,8.827097466191598e-07,-9.92369716408521e-07
conscious,-1.4305449016272248e-06,-4.44227646982919e-06,-4.334965704259568e-06,-3.447101362407071e-07,-1.242164352545165e-06
consecutive,-1.4633050097109127e-06,-4.724460269781578e-06,5.5474749332764074e-06,2.972670023019627e-07,-1.3108594135577142e-07
consequence,-2.478037236567694e-06,1.3943956859825142e-05,3.892004232082168e-06,-3.1359673324791557e-06,3.5005710353063096e-06
consequences,4.784188710686691e-07,-2.2221393372037285e-06,-2.9421361374049e-06,1.462848933573253e-06,-1.8896757256964072e-06
conservation,-1.4528010780880876e-06,-6.449385569951828e-07,-1.255455463160986e-06,-1.053737777629779e-06,3.8751890119376784e-07
consider,-9.788761186818861e-07,4.404114127992577e-06,-1.0644115928628124e-06,1.0998078699145752e-06,-1.7822854547373621e-06
considerations,-1.197053754194539e-06,-2.037211628672353e-06,-1.6598119728491158e-06,-7.042725136605283e-07,-1.173054630452805e-06
considering,1.3827536751908923e-07,-5.015247364820951e-07,-3.0525214645672854e-06,2.1847351637652483e-06,-1.6529664141923136e-06
considers,-3.5225957619047986e-06,1.8204295141490322e-05,1.543104147957075e-06,1.9319514964437357e-06,-3.503482095255828e-06
consistent,8.578361086694663e-07,2.1822465854634227e-07,5.612494241090145e-07,3.112151460889503e-06,3.8663883487770016e-06
consisting,-8.714388615145147e-07,5.40105787111e-06,1.4988727332164034e-06,4.523527338244845e-06,1.7413290158973313e-06
consists,-1.9283352561227895e-06,-4.345330142895084e-06,-1.1973524082084947e-06,3.402330943271476e-06,1.658823093797624e-06
consolidate,-9.83570186033607e-07,-4.964722650607622e-06,-3.068687905473137e-06,-6.056984573456909e-07,3.911136990407228e-07
consolidated,-6.307449432543021e-06,7.50707405397359e-05,1.6475001193948732e-05,-5.3879793466359085e-06,-1.0855696909500334e-05
consolidation,-2.882570449672951e-07,-4.310120918992973e-06,-9.781088202330084e-07,-4.7590362300392767e-07,-2.741899401543122e-06
constituencies,-1.5158359566949386e-06,1.8557257168762822e-05,6.7163357904487e-06,-5.1880085214054925e-06,-7.64243158007964e-06
constituency,-3.035345652019694e-06,1.7874168358787583e-05,1.5297986864026617e-06,-5.235949968561122e-06,-4.415949278997259e-06
constituent,7.701332238254017e-05,-5.704308227005084e-06,-3.870829392610084e-06,2.2569317944595927e-06,-3.3081850276120947e-06
constituted,-1.3252458694396873e-06,3.7485318137865555e-06,-1.5659681364117761e-06,-1.2677063060606354e-06,-2.157666394025813e-06
constitutes,-2.4255237097367303e-07,-3.7071346952864456e-06,-2.847224011602681e-06,9.27680616031855e-07,6.734987224178059e-07
constituting,-1.259473120973967e-06,-3.0839279728569022e-06,-1.5181554288197843e-06,-4.3084406036061265e-07,-5.965227395261019e-07
constitutionality,-1.1944478611704406e-06,-1.0077057218499753e-05,-6.205331288949133e-06,1.1482644193668145e-06,-1.2510960909167526e-06
constitutions,5.983221295657396e-06,-3.161467048582342e-06,-3.014080399143897e-06,-1.3738851772677236e-06,1.0179318027339504e-06
construction,1.9709674251317104e-06,-7.916454987436041e-06,-1.2758316869963152e-06,-8.516318812459161e-08,-3.093579229268457e-06
construed,-5.83544265934783e-06,5.057710565499356e-05,1.2465301817604167e-05,-9.02145902601861e-06,1.184482718029047e-06
consular,-9.904076185366724e-07,-3.3073619778729787e-06,-2.4319783721654874e-06,-2.6016155516384555e-07,-7.313819611202767e-07
consult,-2.77584933050787e-06,1.793327619276256e-05,4.668798748360717e-06,-4.695737512068473e-06,2.3075934918058684e-06
consultations,7.229659698446852e-07,-4.95907999378962e-06,-3.2119258467378395e-06,1.4098674180313534e-07,1.3836476547258248e-08
consultative,-2.8847334801204083e-06,-1.5683305392973238e-05,-9.744142349899214e-06,-5.4394848801662385e-08,-8.761949786047002e-07
consulted,-1.7503718032301394e-06,2.015260032809017e-06,-2.0736338992109025e-06,-1.8243478488275582e-06,-1.3985694268873611e-06
consulting,-1.199501298874405e-06,-3.4645932904464535e-06,-2.9829872279811356e-06,-3.91016243646856e-07,-4.242310139213219e-06
consumer,-1.4359366818283085e-06,-5.498983171674624e-06,-2.586238483433828e-06,-9.369770410230387e-08,1.193376052020112e-06
consumers,-1.3212136325893645e-06,-5.438060217182383e-06,-5.785030294100004e-08,-4.42938790318529e-07,3.930832870840478e-07
contagious,-1.4300225788408731e-06,1.4832385591529126e-06,-1.0431061333748037e-06,-1.4640889695625463e-07,-7.006494239187397e-07
contain,-1.1178119391152966e-06,-1.7073268955599538e-06,2.7966841222817556e-07,-1.0017380371717763e-06,3.2022533968139565e-06
contained,-4.341623017477527e-06,2.931092278990152e-05,5.558704840285586e-06,3.607975117732711e-08,-2.124611741960832e-06
containing,-1.0932996239441912e-06,2.3142113410062455e-07,-2.274725726730362e-06,-1.13498164737474e-06,-2.2125280888161296e-06
contains,-9.929684075082464e-07,2.023835951325367e-06,-1.4319588719568916e-06,-1.9792039872166674e-06,4.730631188089585e-07
contempt,-1.7755231225543149e-06,3.6645288876975444e-06,-8.554738729857094e-07,-3.752062123335165e-07,-1.744842654648094e-06
content,7.276991594700445e-07,-5.1223852388179106e-06,-2.6466359187916042e-06,9.427021469393129e-07,-7.054161941577631e-07
contents,-1.8562935530460095e-06,-1.1444332681417387e-06,-2.8925355372502054e-06,-3.7569275650942366e-07,-2.9190000468409274e-06
context,-2.185618966836858e-06,1.1927213071504548e-05,1.6160497145236192e-06,-1.6368336233935417e-06,-2.734949994587597e-06
continental,2.320414814842248e-06,-4.4456793310407365e-06,-2.1512791783366773e-08,-3.561256086075955e-07,4.359227591554991e-06
contingencies,-2.121624542100103e-06,8.35148296338364e-06,3.860978431083044e-07,-2.7337710636404456e-06,-1.5859868211375576e-06
continuance,-1.8139143923839569e-06,6.599340164030928e-06,2.692039043911875e-06,-2.2427228787733838e-06,1.5664011572095384e-07
continuation,2.1449396238037675e-07,3.7414819520098135e-07,-1.2704963454153129e-06,-9.142372931656621e-07,-7.629751408090869e-07
continued,3.3809758713529665e-07,6.5199309968074064e-06,3.584466503084281e-07,6.234215697592027e-06,-3.5856975373710175e-06
continues,-2.0594891582642296e-06,1.782259665975498e-06,2.087155345986183e-06,1.204614079007395e-05,4.861784334710967e-06
continuing,-4.3932527830070064e-07,3.02078670685222e-06,-7.219671676274188e-08,-7.874084774554105e-07,-1.2697257874353975e-07
continuity,-1.3578994638704795e-06,-4.3417363594731e-06,-2.687665424975772e-06,-1.8980599258925117e-07,-1.0631436445225997e-07
continuous,-1.0428339890043357e-06,-3.5044529324232574e-07,-1.8303445067242606e-06,-5.11354898712191e-07,-6.975357306124398e-07
continuously,-1.6980589012179106e-06,1.8952682328824902e-06,9.519683270349217e-07,-6.096387658467113e-07,-2.7725482746212293e-06
contract,-3.390853046153612e-06,9.920840546678672e-06,5.599527408351022e-06,-3.5488696297113394e-06,8.06519552377574e-06
contracting,-1.3642491029596092e-06,-5.207894757663766e-07,-1.0070966581964583e-06,-1.5641382969427453e-06,1.8526780916385566e-06
contracts,4.251014222063579e-07,-7.3697159496558424e-06,-2.287087134897266e-06,-2.680778660905296e-07,4.204692616717037e-06
contractual,-7.599310137947098e-07,-3.2737590749395216e-06,-4.0594363539743675e-07,-4.817697184639021e-07,-7.388381137868797e-07
contravene,-1.6876977788227154e-06,-8.328434306383516e-06,9.008476857218911e-06,-1.4252800888333113e-07,-7.3893553749640404e-06
contravened,-2.357771828244523e-06,1.101397857798993e-05,1.4974816147643137e-06,-1.1653447979558943e-06,-5.350896621216804e-07
contravention,-9.733579699596545e-06,6.494078279507839e-05,1.4104004713337726e-05,-1.3790129976064212e-05,-2.204663180272102e-06
contribute,-6.944690996515652e-07,-7.203346418845022e-06,-2.7253338621019622e-06,5.527251455690764e-07,1.8752289021832339e-06
contribution,-1.0360893753526855e-06,-3.8898233075022486e-06,-3.0148867212529504e-06,4.911061543493203e-07,-6.180153068755196e-08
contributions,-8.568788500682183e-07,-6.444846011673396e-06,-2.415843666666083e-06,-1.4689685690808331e-08,2.4451178124551573e-06
controlled,1.0802957056680795e-06,-1.0846072404453703e-06,3.36154989446765e-06,-2.0631569073560156e-06,8.008558637599418e-06
controlling,-1.3480283442438984e-06,-3.1205083522729676e-06,-2.8749412783246802e-06,-8.982843524145967e-07,3.5615640369908187e-07
controls,-9.593814135164314e-07,-6.194342984626495e-06,-2.1031010081954584e-06,9.525903764662775e-07,-1.514682185065693e-06
convene,1.417871349854363e-07,-8.877054464610205e-06,-3.5654279199902535e-06,5.5481900188945053e-08,1.57225006048258e-06
convened,7.308709425210757e-07,-7.2523103771791134e-06,-1.0714973966566724e-06,-5.970411868033079e-07,9.372714063570168e-07
convenes,-5.50289578403807e-07,-1.0908077017424029e-05,-1.6663425941365122e-06,5.872782024165072e-08,-3.167637545657816e-06
convenient,-1.6220157796271932e-06,4.7310288347403046e-06,-1.1533602416426412e-07,-6.996017925820198e-07,-6.561149043406551e-07
convening,-8.44288136713065e-07,-9.435066308972666e-06,-7.712389309318478e-06,-2.2348660946706803e-08,-9.95410196022981e-07
convention,4.594309323660125e-06,-5.831406358614678e-06,2.752178348716841e-06,-6.284580250562753e-07,1.4253716602033628e-05
conventions,-1.5110351666097277e-06,-5.956084629658021e-06,-3.1055232539926232e-06,4.3594467402025334e-07,3.1165691583370023e-06
conviction,-1.9784788056123505e-06,4.021113347819392e-06,5.687956664274839e-07,-7.970433093650365e-07,3.9307450740044695e-07
convictions,6.63454849747439e-06,-5.621686790171494e-06,-4.374134506709103e-06,1.8175800698868322e-07,-1.2618311248438388e-06
convocation,8.32233792870199e-06,-7.666916653479757e-06,-4.775071105008218e-06,-7.526751568933757e-07,1.751295393334279e-06
convoked,-1.6375892000843965e-06,-7.593308231928926e-06,-4.639698040061922e-06,-8.192915957272549e-07,2.319680938111155e-06
cooperate,-2.2468724978542084e-07,-6.4637734829793615e-06,-3.9239038989437355e-06,3.8822359266465275e-07,-1.8569553784267156e-07
cooperation,-1.4256126981013897e-06,-9.880560344341003e-06,-2.650527197892486e-06,-3.1211798717240315e-07,1.1684934473986293e-06
cooperative,-1.0151793699987137e-06,-1.0413335687127912e-05,-9.666628030502664e-07,-4.798256652905692e-07,-4.0680353298925826e-06
cooperatives,-1.7494102412193897e-06,-8.577399819016434e-06,-8.938799341223889e-07,-2.464081730266795e-07,6.954541894689907e-07
coordinate,-8.243142871002346e-07,-7.965066042184904e-06,-5.743045693808689e-07,2.5985977818202958e-08,5.952774415232818e-07
coordination,2.9731890294735593e-06,-7.54451731012581e-06,-2.7314747688293003e-06,-1.2935909427294862e-07,3.176388971250326e-06
copies,-1.3493564316002209e-06,1.3301141427393368e-07,-1.6639746643828242e-06,-9.59400730156584e-07,-3.720360811401315e-08
copy,-1.900068545885995e-06,4.328716287886455e-06,-1.25134668714505e-06,4.318345761030334e-07,-1.8999395534759068e-06
corporate,-2.5548838224472883e-06,1.3763023830847401e-05,1.8609392590303793e-06,-2.004713267670801e-06,-1.8810096063698379e-06
corporation,2.6518570492268277e-07,-1.4521311524924831e-06,2.4696503167340117e-06,-4.998192709490697e-07,5.034998836113901e-06
corporations,1.6862901213217657e-06,-3.5355643578360193e-06,2.838694614360829e-06,-2.034723872496001e-06,1.0001461747328585e-05
corpus,-1.8599643171088465e-06,-5.9109666651822285e-06,1.7173726280141983e-06,-7.859612580829702e-07,8.619702063744883e-06
correct,-1.1383032341880844e-06,-4.390754748692007e-06,1.2424449485762736e-08,-2.954391007679261e-07,-1.8841100799419988e-06
correction,-1.3332320526172382e-06,-3.218470222504898e-06,-2.9164551678846527e-06,1.9796558174321156e-06,-9.714547772932037e-07
correspond,8.744289926865205e-07,-6.954928056610206e-06,-2.940377660296566e-06,8.325943655011979e-08,2.239339107561186e-06
corresponding,8.870201191836633e-07,-1.1865500785505253e-05,1.1186521290225644e-05,2.5768726784254033e-06,-2.806531097408791e-06
corresponds,-2.0420630775993335e-06,-7.119345345291923e-06,-1.730854880605487e-06,5.247030772862715e-07,5.354108088754544e-06
corruption,-2.395154017751516e-06,-8.337387088732419e-07,2.0606527876907985e-06,3.435718247573357e-06,3.017217584690985e-06
cost,-1.1442933884291037e-06,7.472340866954573e-08,-6.941968649080044e-07,1.2550512169445604e-06,1.5339130528431315e-06
costs,3.59649385973664e-08,-1.1169878608864118e-06,-2.5745230273646014e-06,-5.930829423698738e-09,-1.0609800663332244e-06
councils,-2.1798368931421776e-06,-7.770311504011249e-06,-6.173311807615211e-06,-7.814675330208564e-07,-5.82708662641731e-06
counsel,-6.822757630437373e-07,-2.1213327393439375e-06,2.103533237248027e-06,-1.833909699372165e-06,2.3356518230444398e-06
counted,-1.4659719709950795e-06,-3.4575059684216695e-06,-3.071141486000483e-07,5.903440515100916e-07,3.480160870323038e-06
countersigned,-1.8076748028834189e-06,-5.940143114404527e-06,-5.922572348676975e-06,-4.149081710879008e-07,-9.385245446927459e-07
counting,-1.7661400947016923e-06,-5.501168232637415e-06,-3.936649142347839e-06,-7.412949424847936e-07,1.2182903757826423e-06
countries,-1.0208668914728158e-06,-4.279798795775255e-06,1.6328001951232692e-06,-6.481679842966242e-07,-4.3881618501189565e-06
country's,9.428523168043554e-07,-6.236186777472548e-06,-4.132311554681967e-06,-1.2943245239222926e-06,-8.376174606003872e-09
cover,-1.1789935138959793e-06,-6.088191339218136e-06,-1.099505620989393e-06,-4.284935861061661e-07,4.828826642485266e-06
covered,1.490447151496857e-06,-4.817660754453503e-06,-2.8183276976980604e-06,-5.991994700479188e-07,1.297098948981985e-06
create,-2.3659556320054036e-07,-8.907324146129026e-06,-4.366792148317636e-06,5.49295542621903e-07,1.7073907312329833e-07
creating,2.0542723716934246e-06,-2.4464368224311363e-06,-2.3955963679351905e-06,-1.2805154330369477e-07,-1.0606487547540365e-06
creation,1.2380847378141506e-06,-7.802234083505901e-06,-3.4952149545761406e-06,2.5674062847917163e-07,-3.2378419100090645e-07
creative,4.251851294949865e-06,-9.059190982964597e-06,-2.99882298025569e-06,6.943815574635131e-07,-4.695903724738296e-06
creativity,-8.575796089853515e-07,-4.298609272846854e-06,-3.1969823457415056e-06,9.790743875964959e-07,-1.9573774023038947e-06
credentials,-1.5017166458218366e-06,-6.437066750701425e-06,-1.3731102773798137e-06,-7.29609866697073e-07,3.060261726762954e-06
credit,3.0352658110222843e-06,-7.3336714344377425e-06,2.54859721919083e-06,-9.807053969222792e-07,8.5449151503483e-06
credits,-2.1439897927174648e-07,-6.550087850320219e-06,-2.536585902593029e-06,-1.095698611169371e-08,1.4407908434514929e-06
creed,-2.438888723421451e-06,5.826575251815642e-06,-1.1803927595637079e-06,-3.0904037343626625e-06,-8.73055899697811e-07
crimes,6.993109970176136e-07,-1.2066427972159694e-05,-3.887423965837411e-06,4.8725209625510364e-08,7.371069769386074e-06
criminally,-9.27062309253479e-07,-6.058306273604862e-06,-4.146101536880889e-06,-8.638900555338547e-07,4.987676676930289e-07
criteria,-1.353012578678026e-06,-6.0249014194079335e-06,-3.5893517870153936e-06,-4.733000643625504e-07,1.2150068090216244e-06
crown,-5.820080883071381e-06,7.82167283272862e-06,-4.816612539677408e-06,-6.213478430572935e-06,-4.663984971502126e-07
cruel,-7.666087400902766e-07,-3.6318727829643394e-06,-1.0538453678835143e-06,5.217492295206437e-07,2.1445928968767314e-06
cultures,-1.1818071020764096e-06,-5.986024445834461e-06,1.8738041054810793e-06,-2.7130077170826814e-07,2.65478126860714e-06
current,-1.2728729189675881e-06,-5.153987577661724e-06,-1.8055109686830077e-06,4.688083518290688e-07,4.800554869345769e-07
custody,3.916906644519404e-06,2.907863804016198e-06,-1.6415719302575657e-06,9.825909011313802e-07,-2.7552748921005124e-06
custom,-3.640595047589562e-07,4.11370865885667e-06,3.8224786284837424e-06,-3.195490383254905e-07,4.9504117211168504e-06
customary,3.532609673949266e-06,1.4545883493648099e-05,-3.5506981806081505e-07,3.0980886936113744e-06,-3.4436763661859853e-06
customs,1.3377984625306753e-06,-8.184265130869948e-08,-3.5302157540888447e-07,-5.472155831401469e-07,1.3358558480112384e-06
damage,2.499624031636548e-06,-5.594927131130848e-06,-7.876519892479736e-07,1.2425913311707597e-06,-2.3960087648885503e-06
damages,-1.3851186221962564e-06,-5.076394739261239e-06,-3.473598474807032e-06,6.90201005467271e-07,1.798632774645546e-07
danger,1.1256081853549163e-06,-4.794774775567059e-06,-2.8297560161239126e-06,-6.41025722090389e-08,-5.209332849387396e-07
dangerous,-1.1230758261726705e-06,2.812323659705252e-07,-9.227193294777318e-07,-1.2645724501458546e-06,-5.14097657374368e-08
data,-1.9045013038144968e-06,-7.431168964729347e-06,-4.837980553046349e-06,5.920949960886458e-07,-1.846606933152675e-06
dates,-1.0442110569394717e-06,-2.06754680064538e-06,-2.0223040498083145e-06,-4.4931971374708806e-07,-1.9389694415497367e-06
deal,-1.551439391741834e-06,-2.7652510196045968e-06,-1.0825276416310656e-06,7.386438756002466e-07,-2.9677180287046596e-06
dealing,-1.834669926276826e-06,6.035609241446897e-06,-4.206046852220215e-07,-1.7575933600187188e-06,-1.743743840482065e-06
dealt,-1.0379585783693912e-06,-2.8830354588341994e-06,-1.1665483916216939e-06,1.201681875472012e-06,-1.583403166419074e-07
debate,-1.6672600047387754e-06,-3.4342277135109054e-06,-2.7727544753209667e-06,1.0519915790708666e-07,-1.5473446140727475e-06
debated,-2.3344764270763253e-06,-2.8226325098580897e-06,-3.951798806945176e-06,-6.422545031049843e-07,-1.3307690988852616e-06
debates,-1.7173067765044482e-06,-5.49471586776192e-06,-4.692545660364001e-06,-3.07117809622228e-07,-6.095289233550903e-07
debt,-3.093572766742928e-06,1.2528393380009415e-05,4.681515613504974e-06,-3.0367789829804653e-06,3.6801120217070104e-06
debts,-7.977174627190507e-08,-1.0897873498034595e-06,1.8156323397540267e-06,-4.393658352608506e-06,8.738010022230614e-06
deceased,-1.362778339458392e-06,1.585726910578997e-06,-1.7512971629898327e-06,-1.1362783655393578e-06,-1.2398528492041776e-06
december,1.504305777524212e-06,-3.874311766519347e-06,-3.605382828268958e-06,5.44158570062939e-06,4.2505903676689693e-07
decent,-1.4169716705330799e-06,-3.449577788557983e-06,-2.5996633448418333e-06,-3.875219399521401e-07,-3.800102545137262e-08
decentralization,-1.8254644404187042e-06,-6.573453550322605e-06,-1.7843543183534197e-06,-3.519978906090733e-07,3.039009722027859e-06
decentralized,-3.879357659800143e-06,-2.323257263589679e-05,-3.6263125700264727e-06,9.345508417427729e-07,1.4692846007629494e-05
decided,-1.2971108521867447e-06,-3.4456631908909037e-06,-2.505320716228262e-06,-5.699104999193417e-07,-8.075487205340813e-07
decides,-1.946235050612578e-06,-8.71950481974834e-06,-5.855151913404112e-06,3.245964676302198e-07,-4.0449450152580735e-06
deciding,2.4903570129006745e-06,-3.061347302547695e-06,-2.406421126704558e-06,4.09267784581386e-06,-1.7119309026897992e-06
decision-making,-1.5341240471775973e-06,-6.7668791115321295e-06,1.5385335680535513e-07,3.8104197172389133e-07,-3.8779745000854896e-06
declarations,-1.3820717043900063e-06,-6.473900822248285e-07,1.139915353897407e-06,1.191364094713586e-06,2.075921860420289e-06
declares,-9.543068354269523e-07,-2.6594088364061745e-06,-2.5249646758838482e-06,-4.194792082396051e-07,-3.530065019317733e-07
declaring,-8.920018038176342e-07,-8.079958567626647e-07,-1.0542537517920277e-06,-1.0070375317693741e-06,1.1871506829920237e-06
decorations,-1.2477180701217426e-06,-5.479589570682493e-06,-3.8072952505154406e-06,7.138821221748888e-08,-1.6993338153396618e-06
decrees,1.6019058379655773e-06,-1.2051316375667133e-05,-6.588839451072671e-06,7.108207231512047e-07,-5.138566644485662e-07
deem,-6.616383204439808e-07,-2.8688864372138805e-06,6.804986233022766e-07,-9.503223790299404e-07,1.2692644908909537e-07
deems,-9.678961582452467e-07,-3.6490283730860522e-06,-1.9145321082936876e-06,5.048854766932158e-06,-1.75721292146797e-06
default,5.198024015270786e-07,1.6490655122095412e-06,-1.8155603605093335e-08,-1.6478439442497744e-06,2.03685708669918e-06
defence,1.1879933237427125e-06,2.107760454197886e-05,-6.607533420192526e-06,-2.4754037276813365e-06,-1.5661566008447263e-05
defendant,-1.6474120917694295e-06,-7.086209457862347e-06,-1.6993330425423516e-06,-2.018526997122009e-07,3.971553174838481e-06
defending,-1.6110594799771956e-06,-6.1208041342193086e-06,-4.51611044245543e-06,-4.389084943773051e-07,-1.5335298684318758e-06
defense,-4.440815596593154e-06,-3.095361453576629e-05,-1.5546309533589053e-06,1.0796551008727508e-06,7.395160825652725e-06
define,-2.4985993646230003e-06,-1.0710615725173163e-05,-4.948354770120488e-06,-6.762709329383297e-08,2.780882525100006e-06
definition,-9.58916971266768e-07,-2.2368230624413024e-06,-2.336154049236687e-06,6.694074812608745e-08,-1.2724621470972581e-06
definitive,-2.934851745995983e-06,-1.2380623601394606e-05,-8.041764088166268e-06,5.2676831822256166e-08,9.127483576103144e-07
definitively,-1.7482334819803134e-06,-5.907760618845257e-06,-4.04142957602933e-06,-1.3403991842534868e-07,7.011485615020673e-07
degrading,-3.0705951246613433e-07,-1.559299046320338e-06,-1.5803630893534772e-06,4.0006471340341436e-07,-9.484168598415714e-07
degree,-1.5142943920562782e-06,-2.739476816593311e-06,-1.4385121019158377e-06,-7.499872846212315e-07,2.0125929934872683e-06
delay,-3.316527396066879e-07,-1.3475028932765222e-06,-2.2286476936073928e-06,1.2621724288669102e-06,-6.915277995054463e-07
delayed,-1.6556238277757187e-06,-3.553931951754972e-06,-3.841488386068936e-06,-3.798175523349394e-07,-1.7986800281858793e-06
delegated,4.39802829035453e-08,-1.8529462317451442e-06,3.063286838428623e-06,-1.3797635631949878e-06,7.533803272922543e-06
delegates,7.992621831839774e-06,-7.943432809985795e-06,-3.189043092299891e-06,-3.5987636277164404e-06,1.0609144997001523e-05
delegation,-2.057300772089641e-06,-3.1910566887174566e-06,-8.702083328086584e-08,-4.3079223727924127e-07,4.356982882658182e-06
deliberate,-5.572184357282507e-06,2.9647301978657957e-05,6.138493653963908e-06,-7.626588156522242e-06,1.302734383589907e-07
deliberation,-2.598876974254412e-06,-1.0480158985557502e-05,-8.352159060631386e-06,8.057307694717164e-07,-3.5912684013518666e-07
deliberations,-1.0835291707880536e-06,-6.240165476353708e-06,-4.010270613855656e-06,-3.5834216874432427e-07,1.2211768425992596e-06
delicto,-1.3886609458169805e-06,-7.542478484992431e-06,-4.703009066867995e-06,-2.875271720330802e-07,1.3325834333827842e-06
delimitation,-4.733708787585133e-07,3.6787695429389975e-06,-2.128061342487929e-06,-8.244513816874288e-07,-3.288509533549501e-06
deliver,-1.3609979027421154e-06,1.3278173962386028e-06,-1.7366629316825276e-06,-3.125237662280776e-07,-6.907605501666848e-07
delivered,-2.3024037844633274e-06,5.030832448147814e-06,-1.1194651907009883e-06,1.1889174838684321e-06,-3.600709407891283e-06
delivery,-1.0864239784149748e-06,-2.549489600951535e-06,-1.9176242040367746e-06,2.4771096254432813e-07,1.2200172749225567e-06
demand,6.030094391395948e-07,-1.0408273846770585e-05,-6.5828336936802115e-06,-1.4491924885716957e-06,4.207705639639618e-06
demanded,-8.377874581425114e-07,-4.886978081603069e-06,-3.919480670391269e-06,-9.117846606798225e-08,-6.64794175377478e-07
demands,1.3699631155355666e-07,-6.715011681274866e-06,4.3755804961517327e-07,-7.393668016378961e-09,-1.1954576488076429e-06
democracy,-1.6018549241007487e-06,-5.812563480886579e-06,-1.6084663671927296e-06,5.479948926202246e-07,-2.324818973630559e-06
demonstrate,-1.1695109750552734e-06,-3.5667230621689806e-06,-3.3168989260073405e-06,7.738563239559605e-07,-1.0675710443813452e-06
demonstration,-3.3495472065632034e-07,-5.6527853788409635e-06,-1.7582373555745599e-07,-3.4878192822268865e-07,2.544180706552661e-07
demonstrations,1.2100769412067808e-06,-4.457614396189175e-06,-2.9240454628187317e-06,-1.1061723638352042e-07,-1.1583143684814775e-06
denied,-2.0700690608479303e-06,-5.219889180192245e-06,5.598282218918205e-06,-3.6318776063802295e-07,1.3678683069070082e-05
denomination,-1.4153151620931793e-06,3.038557890777337e-06,-6.695450654659617e-07,9.28673468308993e-07,-3.0985089445807637e-07
deny,7.674823846220606e-07,-5.094734475063378e-06,2.437133594785968e-06,-5.249549169856595e-07,9.031016377823343e-06
department,-3.842790765772507e-06,1.8575772768669358e-05,5.464692590156345e-06,-5.361140377526382e-06,6.875640806164115e-06
departments,-1.891238141761515e-06,-5.29332417403874e-06,7.81386933843663e-06,-1.503703962198518e-06,6.5567427253317745e-06
depend,-1.5297593682988825e-06,4.72555280978093e-07,-1.2421866966068972e-06,-9.273457845972511e-07,-1.4262553834887272e-07
depending,-1.2166954363037684e-06,-3.792668789618045e-06,-2.6518036100731383e-06,-8.265389964257488e-07,-1.302470422665466e-07
deposit,-1.9050086262428197e-06,-4.890698311985064e-06,-4.631181333949394e-06,-2.7941948747472654e-07,-3.238318415753642e-07
deposited,-2.266849082446775e-06,-9.46722245245504e-06,-1.403098504357525e-06,-2.9892043259705204e-07,8.04421490074368e-06
deprivation,-1.0652603347952952e-06,2.1756357820656395e-06,-9.324866422181274e-07,-7.941149040727847e-08,-3.842419211117746e-06
deprive,-1.586362231307743e-07,1.0508320213599985e-06,-7.767098741691498e-07,-1.7550127741482993e-06,4.351712493645615e-07
deputies,8.942883986799107e-06,-6.439439477119632e-05,-1.0851499786869273e-05,3.185965376670307e-06,-1.0402028483723843e-05
derived,-9.41779859216941e-08,-5.779952956021004e-07,1.8263954908792926e-06,-1.181836040820868e-06,4.868104656396993e-06
derogation,6.238728022755017e-07,-2.159370000221114e-06,-3.366187705624699e-06,-3.468968940109017e-07,-2.4614340253149767e-06
descendants,-2.563861957385683e-06,-1.6910276228594331e-06,-6.0310380437852245e-06,1.2868332552538288e-06,-4.177894758125225e-06
descent,-2.9024603999033583e-06,5.6942210250715006e-06,-1.7829746127257606e-06,-2.2242535221590162e-06,-2.4609726084789484e-06
described,-1.9404692700439466e-06,1.1378938866740877e-06,-4.445563411379896e-06,-2.5207039077650386e-06,-4.5597122818615553e-07
description,-2.752281745739968e-06,2.7040025787885267e-05,5.329290629889912e-06,-6.818410855897516e-06,-9.321481835614058e-07
designate,-1.0647289780563127e-06,-3.1490207260592816e-06,-1.5587859879328608e-06,-4.281201322878061e-07,-2.8843700610588415e-07
designating,-1.4872950692430192e-06,2.3612820846989745e-06,-8.146925743928671e-07,-5.120847383112648e-07,-5.735237779054445e-07
designation,-1.273651790919054e-06,1.121855238280533e-07,-9.660721428236056e-07,-1.580008671222224e-06,1.5568876547000774e-06
designed,-1.009692705666046e-06,1.6983679390668959e-06,7.15170343053351e-07,-1.4565677075956884e-06,2.6364301790314425e-06
desirable,-2.293170513963452e-06,1.1197177191745119e-05,2.05324028264873e-06,-3.0243459625733156e-06,-2.4981040165454312e-06
desire,-1.3603234406636338e-06,-1.3445534860991542e-06,-1.0057341438282155e-06,-1.693738961812152e-06,2.8221417969107324e-06
desires,-1.483216839381556e-06,-8.593322326109829e-07,-2.6432378936996866e-06,-1.033259183779118e-06,-1.596275919991847e-06
detailed,-3.405690632445727e-07,-8.86877400043918e-06,-5.023381865499273e-06,1.5833070947430305e-06,-4.113071740893637e-06
details,1.2728375726719827e-05,-7.606589631188354e-06,-6.1825939505069375e-06,5.839489033126382e-07,-4.785790970705643e-06
determines,-1.6868152195363867e-06,-1.0712143920053103e-05,-7.325654748318668e-06,2.0085749601609824e-06,1.1726507747282046e-06
determining,-5.318580986967712e-07,3.653839939669903e-06,7.198773854959006e-07,-1.3211729636241936e-07,6.165803318047645e-08
detrimental,7.726354249756945e-07,-4.620545572611794e-06,-1.839850178980749e-07,-1.6619655218154783e-07,-2.9225232402387667e-06
develop,-1.9995227016011696e-07,-7.528290212240196e-06,-5.777165719486329e-07,5.811388391870355e-07,-1.989949809839631e-06
developed,1.0708324854987279e-06,-5.201049184256648e-06,2.2425422873240353e-06,-2.0416975361525774e-08,-2.9043612064689316e-06
developing,-1.6022661845032105e-06,-7.796182176679417e-06,3.461457522816147e-06,-2.7080752683666045e-07,-5.362144648585588e-06
devolution,-1.70831240381543e-06,1.5435193764374712e-06,-1.5624719096491213e-06,5.894727148449524e-08,-1.5077665277263447e-06
did,-1.221785261414934e-06,1.636060140313137e-06,-7.714820146159485e-07,-8.815667299754103e-09,-1.1540836369238476e-06
died,-1.8571868767633912e-06,2.3538733884267797e-06,-4.521507223984663e-08,-1.8912382802043246e-06,1.4841590510832774e-06
dies,-2.2374258314534097e-06,5.497606234573759e-06,-1.3690573387437047e-06,-2.16813588673086e-07,-2.939609200993836e-06
differences,9.990023237183946e-07,-5.73267631612257e-06,2.276609431234888e-06,-6.293577951106877e-07,8.067200918257528e-06
diplomatic,-1.8250930434937638e-08,-7.622648866800013e-06,5.920230717702476e-07,1.4531121013246808e-07,1.600844466890789e-07
directed,-1.1488243796868647e-06,6.303570352953028e-07,1.4427836973217364e-06,-1.0960096589461261e-06,2.219638317997368e-06
directing,-1.6212042568313275e-06,-5.559004314478795e-06,-3.8540924194194e-06,1.1898512741835857e-07,-8.815015502494122e-07
direction,-4.234069528191885e-06,1.8208561220306538e-05,4.688995573148048e-06,5.066562471175484e-06,-4.6956597166150185e-06
directions,-3.8042870081814624e-06,2.246074800519384e-05,2.4374124766854585e-06,9.489122938128409e-07,-4.994059868532514e-06
directive,-1.4848746069234812e-06,-2.4542764939921297e-07,-1.2935258029697993e-06,-1.002369175202209e-06,1.3595278858981208e-06
directives,-2.941270918830857e-07,-5.823954374918758e-06,2.228175680912432e-06,-4.931962684033866e-07,-3.4362213037962378e-06
director,-1.4293685682983774e-05,8.977359086523518e-05,2.1912536565223977e-05,-7.956013071934741e-06,4.765178332956285e-06
directors,-2.0351086532469213e-06,-8.794745893637478e-06,-5.4599824076737305e-06,-4.158524251714542e-07,2.404965891264085e-06
directs,-1.8723406641423212e-06,1.5762303518758686e-06,3.321151891297657e-06,-1.539410684805115e-06,-3.653512519195702e-06
disabilities,-1.7290007469363825e-06,5.844645321838986e-07,-1.02668952862781e-06,3.4638180134481237e-07,5.229468846899983e-07
disabled,1.2957407880882332e-06,-5.136392266549898e-06,-3.18010618555789e-07,-2.5032873589988045e-07,-2.535081035084954e-06
disadvantage,-1.6657526811694464e-06,8.113196304689077e-06,-1.1318241433892943e-07,1.0185843419495589e-05,-1.5611342122255803e-06
disagreement,-1.7591498281054987e-06,-5.3138511397319635e-06,-2.9006633933842863e-06,-4.56852597270085e-07,7.527767771561943e-08
disaster,-5.887012549626128e-07,-4.482805833789899e-06,-8.655604472190455e-07,-1.3791772369064714e-07,1.5643388802079337e-06
disasters,1.652553246659801e-06,-4.023665299390665e-06,-3.1504245796482447e-06,-4.148916123693757e-07,-8.753952099214147e-07
discharge,-1.8820448659558705e-06,7.843089786756729e-06,4.164871098527902e-06,-2.826186483054074e-06,-2.0123194737940163e-07
discharged,-4.526501430261203e-07,-1.0380905518009973e-06,-6.356833534545259e-07,-8.716168314590147e-07,4.661555395988281e-07
discharging,-1.6084753048022496e-06,1.7933151541256706e-06,-1.4530814587785838e-06,-1.4013223394669996e-06,-3.3512355598251953e-06
discipline,-2.0764414538879972e-06,4.831724243621996e-06,4.067209995619759e-06,1.1071924939648774e-06,3.259364835976996e-06
disciplined,-9.21161329596929e-06,5.132425890867681e-05,1.1368185747422231e-05,-1.5380922123313193e-06,-4.9077256191429846e-06
disclose,-2.0040633015829698e-06,4.747323572381134e-06,-1.9549611887652753e-07,-1.7599379316845686e-06,-1.5640986844698569e-06
disclosure,-1.8225269858441715e-06,3.891393930003336e-06,-9.220488341229168e-07,-1.3501208118313413e-07,-9.99106367467395e-07
discontinue,-1.7001534930473286e-06,6.085737649348212e-06,1.1182575607352976e-06,-4.0161594360793484e-07,-1.2616947828903933e-06
discretion,-2.5398028767803707e-06,1.779884379934834e-05,3.840447230292712e-06,-4.473297481484361e-06,-4.253615162801843e-06
discriminated,-1.352058027985571e-06,-2.74599736040039e-06,-2.029756775706286e-06,6.094103670120523e-07,-1.108008474614472e-06
discriminatory,-2.49297597265315e-06,7.872731247105223e-06,9.444162599289314e-07,-2.5046110564462085e-06,-6.637585768540618e-08
discuss,-1.4194961670948515e-06,-5.780230212821649e-06,-1.7050876710535152e-06,-8.633272367088944e-07,-4.140541158017912e-06
discussed,-1.3123478756756674e-06,-5.4927793549141125e-06,-4.338541216212805e-06,-9.460688223431727e-08,-1.7024452288631498e-06
discussion,-1.1392252177861448e-06,-6.188392105513773e-06,-5.336818978134086e-06,-2.1151362080844082e-07,-1.3939208872942372e-06
disease,-1.7585928067014586e-06,1.420979579013363e-06,-1.0871065398659417e-06,-5.926661040743409e-07,-9.07872627752035e-07
diseases,-3.897398798057762e-07,-3.862701803879911e-06,-3.1802535493332463e-06,-4.041143522749697e-07,-9.535325710852211e-07
dismiss,1.0154238160871208e-06,-4.4210263146886785e-06,-3.956221378128571e-06,5.07958713768856e-07,-2.5034221102067997e-06
dismissal,3.146171807443279e-06,-6.076868572563626e-06,-4.1900230176990034e-06,-2.3930331849360697e-07,-2.720428780786159e-06
dismissed,-4.737079604977174e-07,-3.2657364586524206e-06,-4.8731270613585615e-06,1.1241071482045348e-06,-3.915054043922999e-06
disposal,9.060732068820558e-07,-3.2724524021472884e-06,-2.642462466164178e-06,-6.999270413395348e-07,5.48293063734998e-07
dispose,8.037484915032185e-08,1.6353398889864085e-06,-6.117392874637075e-07,-4.586282628057573e-07,1.224235264023616e-07
disposed,-8.285904042665266e-07,-1.2443437043347648e-06,1.951526432070014e-06,-1.0479231071936114e-06,1.1782067942772827e-06
disposition,-8.77859458078226e-07,-4.309099815712705e-06,-3.757978275475373e-07,-7.055141606102369e-07,1.6751633361485764e-06
dispute,1.9732472303153665e-06,-1.0484706494807877e-06,-2.8782716606993834e-06,2.009911904934867e-07,-1.579965194771025e-06
disqualification,7.412373239871541e-07,2.3015210923709184e-06,3.6091997528249644e-06,-3.485693585324271e-07,5.673993393957027e-06
disqualifications,-2.1102213968071888e-06,5.6384118766869644e-06,1.1424922604375021e-07,-1.8848470919226285e-06,-1.3120761016507652e-06
disqualified,-3.1756391257261623e-06,3.0089011820155602e-05,5.860557050601151e-06,-7.207993506435229e-06,-4.4988786709065634e-06
disseminate,2.2962816263792306e-06,-4.309064650469059e-06,-3.285154120644814e-06,-6.842575623001426e-10,-1.4348749541990079e-06
dissemination,-1.7656302702822763e-06,-6.915474487058265e-06,-1.5075519330798765e-06,1.1269863222377774e-07,3.584285408680253e-06
distinction,-1.2144412909748395e-06,-4.937929003393281e-06,-3.429486052117037e-06,-4.3655427131602043e-07,1.3193588680063342e-06
distinguished,-3.234986710534952e-07,-2.343535261219494e-06,-2.5713345371452976e-06,2.752888035980564e-07,-1.266209157734685e-06
distributed,-1.0082869724322042e-06,-4.592409595098186e-06,-3.489119160838613e-06,-6.6311357757497e-07,1.2210355254931354e-06
distribution,-1.0368205726355552e-07,-6.957690751633605e-06,3.260413020760004e-06,-5.741759389024386e-07,4.266365903195094e-06
district,-1.8923714142019519e-06,-1.065151835835832e-05,8.577020075540234e-08,-7.978649019299269e-07,1.1329992870992482e-05
districts,-3.0944891720342518e-06,-1.0776227848625038e-05,1.1517575754439259e-05,-7.850018880968542e-07,3.8614957376695e-06
diverse,-1.177157328505478e-06,-4.24173385001539e-06,1.3035086897750838e-06,-5.14595091031439e-07,-2.7598543086552316e-07
diversity,1.6264242097817695e-06,-6.075573519574498e-06,-1.8538096903511122e-06,1.8616246174797168e-07,2.423112338153265e-06
divided,-2.4294864540081035e-06,2.5928367850607656e-06,8.881044352465656e-06,-2.669458096414219e-06,9.810137218059854e-07
division,1.2460325789450294e-06,6.563845120738502e-06,1.3606268322840062e-05,-1.3803007383745424e-06,7.631772886278412e-06
divisions,-2.8603298447271767e-06,7.001902844672952e-07,4.59588269595274e-06,-3.6146887907843255e-06,5.341882167439564e-06
divorce,-5.0535043507664e-07,1.1169938026999438e-06,-1.0835265049575516e-06,-1.5006271886379473e-06,-2.474128739615733e-07
document,-2.3630297896061648e-06,4.41618934331316e-06,-1.044110105787147e-06,-3.488823890212795e-07,-1.2005581522634165e-06
doing,-8.979686760604485e-07,1.8932196185987248e-06,-7.465233922172701e-07,9.09688689169849e-08,-1.7174250384069437e-06
domain,-3.0258436055207508e-06,-1.472164724275606e-05,-8.023987317775577e-06,1.671005772559676e-07,3.4546188251605753e-06
domestic,-8.211358770272897e-07,-6.960707339886132e-06,-2.582637807198645e-06,9.598976952434554e-07,2.1556378828134656e-06
domicile,-6.837270100585494e-07,-5.655822412812424e-06,-4.327219074747365e-06,-2.702839652315897e-07,-3.98938059759353e-07
domiciled,-1.247950638997674e-06,-3.524716805779019e-07,-1.341862614149044e-06,-1.2210796777851366e-06,-4.341268950885932e-07
doubt,-1.7984139659768435e-06,2.6262535538980723e-06,-7.292681333420163e-07,1.3345125362748101e-06,-1.8107385164394028e-06
drafting,-1.5578068655043126e-06,-3.92512802718544e-06,-3.879457156190916e-06,-1.264639489449638e-06,-2.2751871196817928e-08
drafts,-1.2089406962358754e-06,-5.32510330888036e-06,-4.036591469374855e-06,-2.2798871104536235e-07,5.0683164408823765e-08
draw,-6.974749509635083e-07,-4.837927484157269e-06,9.266677076216682e-07,-4.1520942924198166e-07,-4.8627239869974936e-06
drawing,-1.5687679200665632e-06,-5.368128288780707e-06,-3.2747959594287844e-06,-1.2919810260679443e-07,-2.0493715340533306e-06
drawn,-1.1066576857510047e-06,-3.68449104602932e-06,-2.5149964507069927e-06,-2.1543333645383943e-08,-3.9434221306226995e-07
drugs,-7.119576158137281e-07,1.4921033337580123e-06,-8.257145908434584e-07,-2.787037318403618e-07,-1.0974140515138654e-07
dual,1.3772905289084433e-06,-1.1059670480888396e-06,-2.1497841316921943e-06,-4.610337707944136e-07,-8.526495065105109e-07
duly,-4.459974469778104e-07,2.5583990160813018e-06,-7.063302434907185e-07,-1.1326617565924315e-06,8.010174619687236e-07
earlier,-4.857841317059316e-07,7.487153201771569e-06,2.097685341127214e-06,-2.4710804048176274e-06,1.5532397126670095e-06
early,3.025099387031592e-07,-3.436301633587537e-06,-3.3873927815256783e-06,6.412678960701847e-06,-6.863040285896186e-07
ecological,4.289192394299946e-06,-6.559155086970332e-06,-6.314719847435006e-07,3.2892346927054544e-07,-2.3255228564654687e-06
economy,-2.0313206364767654e-06,-1.3514741493489926e-05,1.1349943208917065e-05,6.597429666202487e-07,-8.836022535195469e-06
educate,-1.495957714345382e-06,-4.819233571222051e-06,1.1980301362551874e-07,3.637761762262268e-09,-2.8262583357793466e-06
effected,7.306336559780649e-07,-4.055165349564703e-06,-7.450213111950531e-07,-1.8781263310804917e-07,-8.398513926462269e-07
effecting,-1.7914151696467575e-06,4.263880986191912e-06,-2.667448833750412e-07,-7.05378047948571e-07,-6.179483623272084e-07
effectively,-1.3260633400644273e-06,2.191662345280452e-06,-5.544171026110042e-07,5.023067793391725e-06,1.245268351229656e-07
effectiveness,-1.4790551121248448e-06,-3.7084348796973956e-06,-1.3087810522585282e-06,4.3129807808584056e-07,1.4322857697312988e-06
effects,-1.3973338608580973e-06,-8.32614682398533e-06,-2.35799909495414e-06,-6.625609731907516e-07,5.819920734932649e-06
efficiency,-9.1916977095204e-07,-4.736218347966649e-06,2.1522719460252954e-07,-6.40347026726257e-07,2.354492147015094e-06
efficient,-1.965596675412255e-06,-5.130674802998144e-07,2.848702055384642e-07,2.984582848722239e-06,-3.2909857236232556e-06
effort,-1.4392153892244584e-06,-3.8534122608991715e-06,-2.7070904283694977e-06,-2.74621846517268e-07,-8.405746461266439e-07
efforts,6.115110712218406e-07,-6.9539341461848256e-06,-2.066225536255191e-07,-1.131277988389315e-06,-1.6083790434826807e-06
eighteen,-1.5345061645210828e-06,4.151798240582937e-06,8.811478362250816e-08,-1.946005209965276e-06,3.977013115621176e-07
elapsed,-1.6141312386300063e-06,1.7729151079407799e-06,-2.9885650541380926e-07,-5.931324377658131e-07,-1.699947505477623e-07
elderly,1.559558961159409e-07,-5.120750817657944e-06,-2.6701924552080543e-06,-4.0943622988405763e-07,-1.7273083686956895e-07
electing,-2.8981279025968185e-09,7.425453832257206e-07,-1.7404452998599483e-06,-1.3647087736525281e-06,-1.1198407870286895e-06
elective,-1.3927533816431496e-06,-6.06241496515603e-06,-1.8064944886187187e-06,2.009277056330295e-07,4.875991977292924e-06
electorate,5.321110184390065e-08,1.4555384517419605e-06,-1.4438537589848258e-06,-2.062733228609146e-06,-2.8664625623885695e-07
electors,-3.6840689559999005e-06,-1.2003329097194954e-06,2.8644678715676873e-06,-3.788421582666234e-06,1.3158620587497091e-05
elects,-1.8465042205121103e-06,-1.1533607836626533e-05,1.555000225243467e-06,7.096401897227121e-07,-6.455619371320785e-06
elements,-9.809797237753192e-07,-6.589368694624107e-06,-8.479996132483811e-07,9.01399394602278e-08,-2.31393466685059e-06
eligibility,-1.3221518292670056e-06,-6.607958777508321e-06,-4.694220466976914e-06,2.744802176238029e-07,-5.721318559504944e-07
eliminate,-4.2664683460187835e-07,-4.333983914118384e-06,-2.6610028715887827e-06,-5.924705583945471e-07,6.169186133221868e-07
elimination,-9.256453033197718e-08,-4.049047970712372e-06,-3.027190987063124e-06,-2.909192776009336e-07,1.841646458333911e-07
emblem,2.0182687107675826e-07,-6.579334129330519e-06,-1.0051565879486962e-08,-6.333550391813565e-08,-3.045539214361485e-06
emolument,-2.4908006253318133e-06,5.615590067892488e-06,1.6626919067781245e-06,-3.0610914870226513e-06,2.797747492985269e-06
emoluments,-1.7606475477277213e-06,2.5159245248175447e-06,-4.5012258560772736e-07,-1.8895127115776882e-06,1.0460746042441835e-06
employed,1.535354985352702e-06,1.0536723564550018e-06,1.5556975984960241e-06,6.81151292130061e-06,-2.7776352594113726e-06
employee,-1.242722590060261e-06,-2.063893832157305e-06,-1.3773346219118316e-06,-9.234629339343956e-07,7.943236157664198e-07
employees,-5.744763384056358e-07,-8.978918683282487e-06,-3.2362332719338815e-06,1.4024963820772809e-06,2.568736490784973e-06
employer,-5.4924274149863e-07,-3.9749332405827436e-06,-1.6872774905108591e-06,1.7755112993253932e-06,1.871232257376073e-06
employers,-9.508290118832917e-07,-5.863420240554427e-06,-2.2051648305406715e-06,3.1023955884984876e-06,3.02984431311835e-06
empower,-9.110443573174871e-07,-5.735530987061977e-07,-8.096541160198762e-07,5.593042251888458e-08,8.926140622488614e-07
empowered,-7.114583364594509e-07,4.083962866550858e-06,-2.5488297834310474e-07,-2.00880015444177e-06,-7.458032225778498e-07
enable,-1.5316738153236526e-06,8.37743284608084e-06,1.5019514326468966e-06,1.9013685882485537e-06,-1.964593234680061e-06
enabling,-9.43811745752866e-07,1.2991685399308148e-06,-2.0740218196334494e-06,-5.02325589410678e-07,-1.2854369226460957e-06
enact,5.109821600445591e-07,-7.242965942995604e-06,5.961665098605928e-06,-1.327841105685875e-06,6.781157634424564e-07
enacted,1.1187442083498815e-07,1.1908589630658154e-05,7.756619586062513e-06,-5.024299113672763e-06,-1.4120171615843008e-06
enacting,-1.1198013902401802e-06,-4.716187107471485e-06,2.490172348170939e-06,-1.5311213933174451e-06,9.38246469825773e-06
enactment,-5.880195386146141e-07,2.4800055858357926e-06,-6.604251299428482e-07,-1.5501722249667564e-06,4.3073427586257006e-07
encourage,-1.948809009124189e-06,-6.079247039703197e-06,-2.784524362944544e-06,-2.468335224205815e-07,1.690068230435106e-06
encouraged,3.903101571405888e-06,-2.796695503048624e-06,-1.7600626912486558e-06,-3.344155467127631e-07,-8.018709946911012e-07
encouragement,-1.4460020670069537e-06,-3.5641195297603094e-06,-3.4716302576796104e-06,-4.6546816639377134e-07,-1.4047146736210546e-06
endanger,-7.189572833800468e-07,-1.3185022935801228e-06,2.5742764832921586e-06,-8.812227851719377e-07,-2.3976510567537423e-06
endeavour,-2.210812876122597e-06,1.4809399918239837e-06,-4.350883464863859e-06,-6.871179316214946e-07,-4.9224403895192485e-06
ending,-1.8190045768266152e-06,6.4429895542686145e-06,-5.652137230859955e-07,1.4806323312026094e-06,-2.061563088463832e-06
ends,-1.4919686111299808e-06,-5.095266969365792e-06,-2.828986292416229e-06,1.8497865930025604e-06,5.638083524526884e-07
enemy,-7.186168305108707e-07,3.079805120404277e-06,-3.654713610031061e-07,-1.2118662393285957e-06,-2.75538457558689e-06
energy,1.7309959608420333e-07,-5.512390038996888e-06,-3.953101825204097e-06,-9.370496386245568e-07,9.920645926229577e-07
enforce,-7.459531346551052e-07,-4.099769796773274e-06,3.3140136829397113e-06,-8.640351870145583e-07,9.83346643947221e-06
enforceable,-1.6986366792818886e-06,-3.317379754877883e-06,-3.6517344078760647e-06,-3.6901635305075894e-07,-2.1577691980057897e-06
enforced,-1.4603217207016895e-06,-4.066454528828296e-07,-2.668929988505291e-06,-1.8308534553290515e-07,-1.990946012023907e-06
enforcement,-6.696789439335101e-07,1.7186835160477867e-06,8.920271188157542e-07,-6.539971174259132e-08,-3.6786456497623272e-06
enforcing,-2.2197665202165143e-06,6.360869704275475e-06,1.170957615535605e-07,-1.107360231261549e-06,-1.150409095962185e-06
engage,-4.131133247051811e-07,-4.509076141699853e-06,3.1208051091058195e-06,4.5482755635189495e-07,-2.0140513783354216e-06
engaged,-1.0447782657547656e-06,1.239971283620608e-08,7.510803938658007e-07,6.86055234593219e-08,-1.8604310421934868e-07
english,-1.9843010692542744e-06,9.602259340287413e-06,6.13369273908867e-06,-2.944700392782339e-06,8.695663560626707e-06
enhance,-1.3275548469138968e-06,-1.732589701542782e-06,-2.4078370547432778e-06,-5.514243646043869e-07,-8.559538866976215e-07
enjoyed,1.8786876861698281e-06,-1.4700377665683262e-06,-2.090249539142921e-06,-1.0411089302600047e-06,-3.8439623625558407e-07
enjoying,-1.5074582604147691e-06,-5.859295724567673e-06,-3.2142279594650782e-06,-5.368308771672209e-07,1.2390670452812913e-06
enjoyment,-1.712516768367911e-06,3.346135065099492e-06,8.068632301494722e-07,-1.451256430711854e-06,1.5214873897076226e-06
enjoys,-1.3655037323536372e-06,-6.808615958303028e-06,-1.456342139309483e-06,1.7296903821257422e-07,-5.887822196310593e-07
enrichment,-1.1180275840899653e-06,-4.90049392027744e-06,-1.919299810916775e-06,-2.4563474980260075e-07,1.166971022409162e-06
enshrined,-1.9580228754345103e-06,-4.197087141294719e-06,-5.040977789622173e-06,-5.972406437942335e-07,-2.0474490651624496e-06
ensuing,-1.6053092171368388e-06,1.285953683470898e-06,-1.6915744917639406e-06,-1.6878263552832772e-06,-3.409817454188805e-07
ensured,-1.4036070082704439e-06,-6.291396219247048e-06,-1.9285801495258803e-06,1.2367809631779115e-07,-3.950352739432108e-06
ensures,-1.8547923170827509e-06,-9.767708209227855e-06,-1.9394424871473842e-06,-9.613651676738943e-07,-2.800514362220169e-06
ensuring,2.5108807077868775e-06,-9.919522577664815e-07,-2.0884279869362796e-06,6.071162418513161e-07,-2.4231992428692425e-06
entered,-6.556843495598343e-07,-4.736209569693297e-06,1.8426430356794736e-06,-2.852364351040484e-07,5.724587889042789e-06
entering,-1.995299745203414e-06,5.601749415776942e-06,3.5906701583275342e-06,-2.7648671971896014e-06,-2.0593728583057964e-06
enterprise,-5.770585327685789e-07,-2.9582915323424308e-06,-1.4350125353121563e-06,-1.0109904589605056e-06,1.8592320531734864e-07
enterprises,1.25216263875456e-06,-1.4075315995101113e-05,6.940511718820561e-06,-1.493523116036578e-07,-3.1056113267891405e-06
enters,4.7681431423316517e-07,-5.296795746744486e-06,-5.340252135542489e-06,1.270903010650797e-07,-2.3051895520709506e-06
entire,6.3497477583707025e-06,-8.594332012239346e-06,-1.7828853002960352e-06,6.613844002261822e-08,9.682536538717676e-07
entities,5.6091532412735605e-05,-1.9930264339475904e-05,-5.942694209519651e-06,-8.206493334108292e-07,1.579336281513315e-05
entity,2.6791433768512972e-05,-1.1290477587590788e-05,-6.418680858455124e-06,-3.4288487270585168e-06,8.081390643538868e-06
entrusted,1.4708426669153558e-06,-6.070756739294134e-06,-3.313817616825531e-06,4.357174280077671e-07,-1.95567836643682e-06
enumerated,1.7047163223148655e-06,-2.6281381357048392e-06,-3.543804888535059e-06,-5.969327603461827e-07,-1.2669938824582789e-06
environmental,1.290664484573187e-06,-5.816057658288431e-06,-4.154931859991245e-06,1.5555317873562398e-06,-6.274075519170737e-07
envoys,-1.0775073494984246e-06,-5.964720843094299e-06,-5.024189099597364e-06,-2.955764072891294e-07,-6.309206634895056e-07
equally,-9.374181252130281e-07,1.1698126045628304e-07,-6.449482753257919e-07,-5.054224698413425e-07,2.0192791402349293e-06
equipment,1.1314058979354443e-06,-3.707123826860559e-06,-2.9330391180737837e-06,8.936800837594101e-07,-6.229586259788723e-07
equitable,-1.044388481315618e-06,-3.6576093722360508e-06,-2.2121588827856437e-06,1.2507444998682665e-06,6.39649307366007e-07
equity,-1.4681495160053609e-06,-5.0894236613714435e-06,-4.793945465302934e-07,-7.938457349604709e-07,4.506265411791764e-06
equivalent,8.992961604861583e-07,-2.6119331256532125e-06,-1.5292434826758604e-06,-3.4575396448923656e-07,8.029160412163057e-07
escape,-1.6166629778476049e-06,1.85923688947686e-06,-1.2710297619995544e-06,-1.162748001049838e-06,-1.3186989235574874e-06
especially,3.157912289856142e-07,-7.08016779696482e-06,-3.1396729974763764e-06,-1.8265445346582674e-07,2.104476657710456e-06
essential,-7.365333905765716e-07,-2.2152717398175014e-06,-1.4670759825967925e-06,1.1455489621855425e-07,1.764299429716791e-06
establishes,-6.429523596152358e-07,-1.5604179672639463e-05,-1.7012439366466447e-06,2.8977091275726205e-06,-2.0320950375087327e-06
establishing,-5.28572414199946e-09,-3.791432415832067e-06,-2.0018485942999334e-06,-3.7314528232866934e-07,5.518056469763116e-07
establishments,3.425454246148375e-07,-7.966990466579682e-06,-5.1093712479217075e-06,-4.013614911468735e-08,9.403718444358051e-07
estate,-1.105383997891682e-06,-6.131504899503886e-06,-5.355247903287649e-06,-1.3269742984632372e-07,-2.5782793468194677e-06
estimate,-2.2052407610770944e-06,1.0533113933363646e-05,1.1141116991403282e-06,-3.1717081421401663e-06,-1.2259153671574727e-06
estimates,-3.0615803665256002e-06,9.94514843215622e-06,-1.6779237899576794e-06,-1.1361943533417238e-06,-4.7742030782727415e-06
ethics,-1.8084450275342536e-06,-3.142976959772405e-06,-1.9721719872908143e-07,2.489185758474515e-07,-3.2405555756169655e-06
ethnic,-2.738729171381281e-07,-6.862538126773663e-06,-5.583055096582104e-06,1.3108526079395422e-06,-2.57323672582412e-06
european,1.3324245069673505e-05,-1.7345535028585625e-05,-1.9089749530202667e-05,-1.0110062823671792e-07,-6.544871801334811e-06
evaluation,-1.4715884528736184e-06,-6.269123938668823e-06,-2.874597845756568e-06,-4.136226513727397e-08,7.504790384903852e-07
events,-8.09539235361564e-07,-2.999055272933397e-06,-2.7521092971267877e-06,5.958043192323514e-06,2.9239843087402584e-07
evidence,9.061299933630152e-07,2.670191055830139e-06,2.4267711382417643e-06,1.546245850912364e-06,1.6514653970846414e-06
ex,-1.8045491354015864e-07,-3.9448144756134424e-06,2.5520645759709437e-06,-1.2485059951025757e-06,8.18899628116404e-06
examination,3.443526100450288e-06,-9.390634225205927e-07,-2.635463292999042e-06,1.925584854804084e-07,-1.1340630397363293e-06
examine,-2.4762079914444556e-08,-2.690607503467487e-06,4.6350859037225e-06,-2.0404006966327905e-07,-4.374131801391238e-06
examined,5.455989374360741e-06,-5.028812566936676e-06,-2.3970623098590615e-06,1.600020588786017e-07,8.246219209710635e-07
examining,-1.4218894895388504e-06,-1.9490460379495565e-06,-2.4091952894796908e-06,6.802584734462724e-07,-8.456418870806398e-07
exceeding,-2.6641186982448072e-06,1.0247124898199215e-05,3.7330832856093933e-06,-3.45440176760324e-06,3.946564642137337e-06
exceeds,-1.962620982931408e-06,5.11415420537113e-06,4.545492623194384e-07,-2.1022097163595422e-06,1.5000807705991241e-06
exception,-1.596794240052135e-06,-9.325209720278056e-06,-3.6953612105622574e-06,2.185733219420858e-07,1.3360140372030708e-06
exceptional,-5.477405444391938e-07,-6.318670197569181e-06,-1.3809121753151335e-06,6.429542318532186e-07,-1.0021231605187205e-06
exceptionally,-1.5249721118202802e-06,-6.263018692597833e-06,-4.660415184320544e-06,5.767175042578493e-07,-2.3875627632025878e-06
exceptions,-1.8262000459413285e-06,8.214124547357998e-07,-1.4420988645219458e-06,-1.2338689569578937e-06,1.7224955833143955e-06
excess,-1.2464852109413598e-06,4.349346140955135e-06,-4.884746464863999e-07,-1.3720562405335107e-06,-2.037402209718722e-06
exchange,1.4206223795456095e-07,-4.046786882892001e-06,-2.2651904093127247e-06,1.1151697278204462e-06,1.8392418887546121e-06
exclude,-1.1857009887876611e-06,-2.490305180745626e-06,-1.787663202927869e-06,8.452740463780191e-07,-1.999346451279004e-06
excluded,-6.953677839272786e-07,-2.759151469885888e-07,-2.1688106761551723e-06,1.2827165533292765e-06,-1.1310453465712153e-06
excluding,-1.0888578969311156e-06,2.6015866031385572e-06,7.713580730557908e-08,8.143579983561803e-08,-5.404828718171463e-07
exclusion,-7.936647464315138e-07,3.659412304933137e-06,-1.0933106144815858e-06,-4.675634957118147e-07,-1.045466909081594e-06
exclusive,2.40471200512039e-06,-6.320075913940159e-06,-4.342518643217218e-07,-6.133877913674415e-07,5.491527886072646e-06
exclusively,1.601110399471848e-07,-5.53164187151266e-06,-2.4195868949415785e-06,-7.377968239913577e-07,2.5337233950848776e-06
excuse,-1.2748986445798512e-06,4.700001141587853e-07,-1.0118238932090329e-06,-1.1276954784332662e-06,-9.012267619224248e-07
execute,-6.414413182695252e-07,-5.203097436408969e-06,-2.531368017028863e-07,-1.2748659037210958e-06,5.768586107619337e-06
executed,-1.4792943131482436e-07,-2.4905872888279344e-06,-1.7167746991876557e-06,-6.644253553551834e-07,1.176087312311722e-06
executing,-4.03043014810834e-07,-3.335159186905861e-06,-2.4749085279785983e-06,1.9853149957315783e-06,9.37307720658452e-07
exempt,-1.5341175298279997e-06,-3.854238648091579e-06,4.312262791047773e-08,-4.309930532111018e-07,5.573267765424344e-06
exempted,-1.3043099949999304e-06,-5.135895386959831e-06,-3.5287064689241468e-06,-5.523072858384423e-07,4.2688302025155737e-07
exemption,6.962986933760102e-07,-2.4337789110847843e-06,-2.2911497070650716e-06,1.6573423345949692e-07,1.3960319393945096e-07
exercisable,7.469882970703644e-07,1.1250107248765772e-05,8.10395818331473e-07,-2.9656968029409205e-06,-1.1429114323639799e-06
exercises,-1.2070458160372248e-06,-7.063452503922762e-06,1.978248109876779e-06,-8.792624158569034e-08,-3.454775355583187e-06
exhausted,1.2956094124885015e-06,-4.2298974207980316e-06,-3.113603059682902e-06,-2.521757607008372e-07,-1.436979341852414e-07
exist,-1.1308637255873056e-06,2.819226304964538e-06,3.5787825084526904e-06,-1.7195257716786242e-06,6.113853550203686e-07
existed,-1.6086982635159097e-06,9.558588880470909e-08,-2.455294559614897e-06,1.500513934185581e-06,-2.200638830622211e-06
exists,-1.2351223111337054e-06,5.1551769276170085e-06,1.9333799918321484e-06,-2.006958640502705e-06,2.2805544060611454e-06
expedient,-1.965138350934515e-06,1.216544638270287e-05,1.4797830224515313e-06,-3.3097251268953046e-06,-2.83127765149575e-06
expelled,-1.6116398917827388e-06,-3.2532669434874995e-06,-3.7444305343576483e-06,2.325771024360266e-06,-2.0673500575132332e-06
expended,-1.9168484960787852e-06,5.274413917578379e-06,-8.981834401640663e-07,-2.8652211859410377e-06,-6.802397841152778e-07
expenditures,3.0642037213991288e-06,-9.8011581874736e-06,-2.270923468840714e-06,-4.0908166736532e-07,4.525516775436561e-06
expense,-4.007957857621524e-07,6.770209910407332e-06,2.053308340902157e-06,-6.417271978969184e-07,2.5155087621194775e-06
expenses,1.8131168634638012e-07,3.386167945835753e-07,-1.7593158752381606e-06,-5.707352465650629e-07,-3.5167507157512033e-07
experience,-1.0415035964592422e-06,-1.920339216586355e-06,-1.0085442888986334e-06,5.652587237675885e-07,-3.8566900570591175e-06
experts,-7.637026075037132e-07,-4.187729959801528e-06,-3.690925740442266e-06,-7.805632795081048e-07,-1.0873011615501625e-06
expire,6.33802314922203e-07,-3.4212666932782918e-06,-2.6477031338447022e-06,-3.552981233290366e-08,1.0737812923230873e-06
expired,-1.4953495741751085e-06,-7.760110936047742e-07,-2.227335325190528e-06,-8.295206810270496e-07,-6.02168228192076e-07
expires,3.2885321885558055e-06,-3.916778406128199e-06,-8.861389161717742e-07,-4.138861954584738e-07,1.0365171983947562e-06
expiry,-4.336626849020466e-07,-1.5585984714394992e-06,-5.400100427898664e-06,1.650416519180284e-06,-6.949530380998837e-06
explanations,-1.793076161532934e-06,-3.6382080197595316e-06,-3.0049963318106118e-06,-1.164508940100541e-06,1.0021130205974366e-06
exploitation,-1.4758174475534126e-06,-6.583701282015105e-06,2.8937321605212574e-07,8.283157503249006e-07,2.464166314520881e-06
expressions,-1.607815097826049e-06,6.743291655137083e-06,4.3829122936243656e-07,-2.2931541676873852e-06,-4.573879450653439e-07
expressly,-5.092481896582747e-07,-3.1229090939589498e-06,3.555891171813947e-06,8.35505630908599e-07,7.491535062470611e-06
expropriated,-1.5939106173756483e-06,-6.270148299711612e-06,1.2322438191008235e-06,-1.8032472272417907e-07,-3.108685992814645e-06
expropriation,-1.1027958381220413e-06,-6.255169495259968e-06,-4.536975105633217e-06,7.29090584311948e-07,-7.16203950897709e-07
expulsion,-1.8037635019869641e-06,4.373881671898436e-06,-3.4475942566691796e-07,5.250025711071685e-07,-1.029736503842547e-06
extend,1.5493802848883895e-06,2.212718049121984e-06,1.4231602692493142e-06,-1.3502654640817047e-06,2.2539257004246644e-06
extending,-9.094265569801519e-07,1.336014451624561e-08,-1.91301705654531e-06,-1.5935358840851416e-06,-3.3924745498076306e-09
extends,4.60490992849448e-07,-2.8136237776974285e-06,-1.4166556762520922e-07,8.853718427448403e-07,3.971388858498489e-06
extension,-3.985564244504178e-07,-6.190702424793957e-07,8.106901893202795e-07,-1.2556002216903936e-06,2.5367158523114804e-06
external,-3.2649787251159623e-07,-3.3827698194186362e-06,-2.699577032964578e-06,-4.2886701318723115e-07,-5.276488930865326e-07
extradited,2.4847661733599593e-06,-5.338750083826949e-06,-4.033338924023509e-06,1.1579417526308852e-07,-2.7820366820982174e-06
extradition,-4.669945193378904e-07,5.920706156241827e-07,-4.5294405982454437e-07,-3.46236425370401e-07,5.547112469330554e-07
f,3.500989528898143e-06,1.3863750242028232e-05,1.1555683475360044e-06,4.577499518981519e-06,-5.780662852227573e-06
facilitate,-1.229176102793575e-06,-9.351976940958426e-07,-1.0319106131536868e-06,6.905315861354948e-07,-2.605245996335639e-07
facilities,-4.4358537039578314e-07,3.552655768904201e-06,2.4352849712790605e-06,-4.804063083717954e-07,-3.4035418665327458e-06
fact,-1.5790989544524999e-06,3.982096555801197e-06,1.5766897793271385e-07,-1.0979490359081229e-06,8.736651616613455e-08
factors,-1.339922175909664e-06,-9.699756503638854e-07,-1.8638237932129126e-06,1.307254682355872e-06,-5.259936112529045e-07
facts,-1.4284967716728203e-06,1.0042965527870758e-05,4.396611395217843e-06,-3.3821900733426214e-07,-4.656690424203084e-07
fail,-2.996194503282575e-07,-3.3123239290278262e-06,-3.7414723311644216e-06,-6.801805580305264e-07,-7.832184504652411e-07
failed,-3.569214355998691e-07,1.0989054564153478e-06,-4.940926136285917e-07,-1.2572793635761925e-06,1.0887466892563851e-06
failing,-1.565297008526699e-06,-2.0899039058694177e-06,-3.0172286833089015e-06,4.3205968861006256e-07,-1.4369645657085963e-06
fails,-8.372210662795492e-07,-9.870833914465412e-07,8.696046611720362e-08,-5.747413465615179e-07,2.6222481849477464e-06
failure,-1.0307185256494387e-06,1.8533194066821232e-06,-8.653009347448314e-07,-1.0508975699852117e-06,2.332922073566837e-07
fairly,-1.7797969753569903e-06,-1.5323056871847005e-06,9.857815704864326e-07,-6.675057095676527e-07,-4.170077341242612e-06
faith,-1.4454598692048302e-07,1.8583236862695182e-07,-7.110583386074661e-07,-4.2459933448258294e-07,-2.29326444671648e-06
faithful,-1.8939162597044368e-06,2.5452521097716104e-06,3.388709413699794e-07,7.6273873677879605e-06,1.7487929476216127e-06
faithfully,-1.0738866773697403e-07,-1.2954664181569055e-06,1.160829358499637e-06,-1.0428238572294587e-06,-3.176843084076641e-08
fall,-6.359035979105683e-07,-5.680968422989191e-06,3.2421063476789126e-07,1.8883441786338893e-07,-1.9524788422560712e-06
falling,3.1829700625459426e-07,-1.3141398344193716e-06,-2.6612510320974165e-06,-1.459915092786175e-06,-8.83101278085596e-07
falls,-1.8721272300333048e-06,3.6380459829951547e-06,2.5363564598449625e-06,-2.470299820690588e-06,-2.3420886839035145e-06
families,-7.572394614279702e-07,-5.899562139418201e-06,-2.7166615282070045e-07,-1.630490122467938e-07,-1.4696648352334485e-06
far,-1.481977454519126e-06,2.8611646944183047e-05,3.4123438690425305e-06,-6.362937192212482e-06,-3.537971690215957e-06
farmers,-4.926263623221046e-07,-6.147263895824577e-06,-3.905165924422056e-06,-1.3485277222685222e-06,1.2520583916968027e-06
father,-2.1457703291553875e-06,1.2943078374872994e-05,2.05844204038988e-06,-4.298384710239989e-06,9.951803477048832e-07
fauna,-1.422646956870577e-06,-4.577623968244631e-06,-2.962681852552917e-06,1.446585037140968e-07,-1.5095007641403291e-06
favor,-2.0640314499194417e-06,-6.441840421535141e-06,-3.861606125289705e-06,-2.388772857635061e-07,8.864878221338826e-07
favorable,-1.996078317547125e-06,-1.006630756299716e-05,-3.181730796513357e-06,1.6124353179667899e-07,3.75827016424093e-06
favour,2.4996527623271554e-06,4.545375320982221e-06,-6.387573895233947e-07,3.216395253256333e-06,-4.978279753275794e-06
favourable,-1.1066695842641642e-07,6.760425987121512e-06,6.959860590897468e-08,-2.367630040959518e-06,-9.396617757616261e-07
fear,-1.5930695894279176e-06,3.92327720423578e-06,-6.859257669623173e-07,3.486017791530631e-06,-4.0093116634680166e-06
features,-1.7981017246822032e-06,7.565906433961327e-07,-1.297414159940276e-06,-1.3429039484141996e-06,5.497011200063515e-08
february,-2.935369011300907e-06,-1.107021786917201e-06,-9.20497194594558e-07,-5.718634062677873e-07,1.6021343356501552e-06
federation,0.0013667349056225107,9.901024196935615e-05,4.318462317106075e-05,2.4987125588782736e-06,6.210923434443233e-06
fee,-7.67338125683393e-07,5.883173685369481e-06,4.459462913010788e-08,1.7062935753377878e-06,-2.020437094051664e-06
fees,-8.639690166379362e-08,-2.067380904182008e-07,-3.241615228697681e-06,6.146418143152393e-07,-2.0957233492819807e-06
fewer,-1.796205387570561e-06,-2.020082478021863e-06,-3.327010904427633e-06,-6.132842957058363e-07,-1.7868950254931088e-06
field,-4.2611864819524583e-07,-5.944000593581481e-06,-4.883314633260622e-06,-5.447989185374022e-08,-2.513477222082753e-06
fields,-9.635865891546664e-07,-8.08970379633013e-06,-1.2654811916331352e-06,-9.191585741445569e-07,-3.2954005383869525e-06
fifth,2.353033172237594e-06,-9.586984620131067e-07,-3.2692303992969725e-06,-8.832744522798903e-07,-1.6531223479085866e-06
file,-1.4269992050976193e-06,-5.601888358209784e-06,-2.888349977676022e-06,-7.347587967363169e-07,1.2901279545275526e-06
filed,-9.857117262172404e-07,-4.1462738174068365e-06,-1.692248442331017e-06,-1.2363351090389988e-06,3.012507042437235e-06
filled,-2.3321227072140736e-07,2.5431250366913424e-06,5.8965097005983875e-06,-2.808089702357219e-06,1.081479293710826e-05
filling,-1.3805219428511664e-06,-8.863350910360372e-07,-1.6326999750244755e-06,-6.982066025430357e-07,-1.5321169200896056e-06
finally,-4.2788828087886403e-07,-2.2610404366498773e-06,-3.0349365563532703e-06,-1.0980216906067964e-06,-2.621393764342367e-07
financed,3.7336936375401945e-06,-3.969369353908051e-06,-3.45131286177547e-06,8.912888727636911e-08,-1.746011909824383e-06
finances,-6.7268961028402e-07,-5.05089668454879e-06,-2.7503971671362096e-06,2.2484530903460846e-06,-1.1684489525970621e-06
financing,-4.157996276896001e-07,-8.244357995797218e-06,-3.1041061988452956e-06,-1.6252504896472425e-08,2.6315765340482675e-06
findings,-2.1766769281689437e-06,4.060203286653141e-07,-3.275276734723038e-06,-5.4865354318124024e-09,-5.023010478551808e-06
finds,-7.118882316704607e-07,-2.861250780954088e-06,-3.0878424190573294e-06,-2.5331554760844647e-07,-2.144028597979039e-06
fine,-1.1344142915087961e-06,7.371498006825958e-06,-2.5413856899852756e-07,-1.135293026726919e-06,-1.8201515417109006e-06
fines,-1.8477774159067624e-06,-5.352744546495169e-06,1.5755981517692639e-06,-1.656285516230039e-06,8.938968166567719e-06
firm,-2.3273566262729855e-06,3.231083698806602e-06,-7.406095683498628e-07,5.941824915947979e-07,5.404452306419962e-07
fiscal,-6.962072008970521e-07,-9.866235447715442e-06,-3.5663155579847275e-06,-9.856555287352148e-07,5.581005014167816e-06
fit,-2.604781819741122e-06,1.3545781802639303e-05,3.1883105243199333e-06,2.858100177565647e-06,-2.3584884306630067e-06
fix,-1.1185804517347546e-06,-5.150671263958294e-06,-4.4227780100509197e-07,-1.12035785622221e-06,4.799726346208526e-06
fixed,-1.951445891107986e-06,4.373788759878283e-07,-1.1253244836107e-06,-2.7247422968664216e-06,2.819018406675948e-06
flagrante,-1.3207942721430119e-06,-7.937376156932861e-06,-4.690582592271049e-06,-1.7684935484651896e-08,1.1105477846342162e-06
flora,-1.365716377272975e-06,-4.383635150702377e-06,-2.7893456415925982e-06,6.805955181336662e-08,-1.2745409385749394e-06
follow,-9.908044474317918e-07,-5.337391401376462e-06,-2.7508835323047597e-06,-1.4439965049362519e-08,-9.254574112039849e-07
followed,-1.2872760851588067e-06,-2.3306942541357985e-06,-3.349455577568267e-06,6.475278430710025e-06,1.6379776361044646e-07
follows,-1.3602857120618611e-06,-1.769464236505581e-06,-1.1370578974582073e-06,-6.817731080954103e-07,1.2480206178458434e-06
food,-8.26312072709944e-07,-4.117018085510175e-06,-2.428922056831655e-06,1.2696022973456755e-06,-2.1479722483658237e-07
forbidden,-3.3903696685831093e-07,-8.55780578274782e-06,-6.493751099065376e-06,-8.128286450284008e-07,-1.0933905071807606e-06
forced,8.392085477594505e-07,5.710846750317801e-07,-1.6143802832479262e-06,1.2884740383646703e-08,-2.4664808510860294e-06
foregoing,-5.863687546189317e-07,7.238345021221662e-06,1.254585869436048e-06,-5.527382684092833e-06,5.607010945546026e-06
foreigners,-1.721386669535718e-06,-1.2759484336069263e-05,2.215578069432327e-06,4.714063235100521e-07,-1.0114048384222622e-06
forestry,1.8249036690443142e-06,-3.4817578509951863e-06,-3.2029085904528512e-06,-8.723379816728277e-07,-3.12837389347789e-07
forests,-1.5487664472738418e-06,-7.385860159286231e-06,2.4827871814069974e-06,1.792364187214163e-07,-4.227366103085876e-06
forfeiture,-1.3323285976737163e-06,4.374688795404154e-06,1.8682049240674387e-06,-1.7428593890196988e-06,9.838326140009634e-07
formal,-1.3458886544961254e-06,-2.12663747904418e-06,1.964698025072474e-08,2.8309063085728897e-07,3.2359377762536457e-06
formation,-2.0359145224782507e-08,-8.555006914656454e-06,-5.557633790514213e-06,1.6528139304320062e-07,-5.166827043196158e-07
formed,4.064563157931118e-08,-4.947310189273596e-06,-1.666425249570398e-06,-3.4159013485928e-07,9.690681855977163e-07
forming,2.527129803447208e-07,1.9235142219164588e-07,-2.294537974410718e-06,-6.215875909621791e-07,-1.6892047181111951e-06
formulate,5.13566788836809e-07,-4.560702179101327e-06,-2.4046345720958243e-06,3.5168929209424747e-07,9.277509102494371e-08
formulated,-5.658881966744701e-07,-4.579742722395183e-06,-3.0294526654323363e-06,-1.219226994010408e-07,-2.8719396432074046e-07
formulation,-6.511197775167151e-07,-6.588961385887186e-06,3.1459709028843068e-06,-4.294456314933861e-07,5.700884239326348e-07
forth,-1.1407497203969962e-06,-1.3580624271594092e-05,-2.948569161564435e-06,-3.158162154470485e-07,8.10656366063869e-06
forthwith,-2.9036440842602867e-06,8.291014148771077e-06,-2.747595121094906e-07,-3.373895659037128e-06,-1.4758780346587454e-07
forty-eight,-8.254993662892624e-07,-3.689431725887927e-06,-1.893501045797078e-06,-5.075810386959497e-07,1.4766249192527962e-06
forty-five,-1.587643428380507e-06,-5.500860264538818e-06,-2.332592927356656e-06,-2.700333226526116e-07,1.2073143547196477e-06
forward,-1.3100477853966509e-06,-4.441451770468168e-06,-5.543376376591324e-06,-4.77413792329391e-07,-2.8706801683444497e-06
foster,-2.0952428861656604e-06,-5.574628591324001e-06,-2.7420042413384297e-06,-5.167159589970038e-07,-2.641092820598541e-06
foundation,-1.548558803164915e-06,-6.655970282493433e-06,-4.236362460422252e-06,6.04841791155977e-07,-1.0363058509224968e-06
foundations,-4.321777477720524e-07,-6.157097026772521e-06,-3.3911679638553086e-06,-5.403819633850712e-07,-6.111682150128027e-07
founded,-1.198637630499354e-06,-3.2486853437465763e-06,-2.2652745590083112e-07,-1.6348182345701139e-07,1.2348234195791246e-06
fourteen,4.667458084436385e-06,4.697891150866055e-06,6.58009356351071e-08,-1.4181416669072102e-06,-3.2739692070014557e-06
fourth,-4.1021158728319854e-07,-5.578108889490749e-06,-1.0378804389606385e-06,-2.2062137560049417e-07,1.0515540034978224e-06
framework,2.1408393834984955e-06,-8.885044319812632e-06,-4.827562795243321e-06,4.514579595867044e-07,3.3747441531515083e-07
french,-3.5985983506797955e-06,-6.470998943985048e-07,-7.515055542607753e-06,-4.3451424795503e-06,-1.3425478819233174e-06
friendship,-1.7427941486002383e-06,-7.3729963810352415e-06,2.5918099941133634e-06,-1.224922590891442e-07,9.534777809120296e-07
fulfil,2.6239195939586814e-06,-4.412282566050669e-06,-4.908452518735303e-06,1.1822574038129022e-06,-3.865421476741027e-06
fulfill,-1.7433284625297327e-06,-9.51094830032321e-06,-3.869914749426147e-06,2.99376084297818e-07,-1.1526165582190649e-06
fulfilled,-1.3455808524250198e-06,-3.819786669894499e-06,-1.997244758140707e-06,8.235298553953219e-07,-3.314999087905853e-07
fulfilling,-1.5779300276820338e-06,-5.473710634036175e-06,-3.993632760746835e-06,-5.100581818174193e-08,-8.11769546372974e-07
fulfillment,-1.3929391028970653e-06,-8.221696724140727e-06,-1.6657128831309164e-06,-1.4199354909868386e-07,1.1344582275803341e-06
fulfilment,2.501523879784658e-07,3.7782243476100107e-06,-1.1485352037545658e-06,2.2370455434351485e-07,-1.5417383321882466e-06
fully,-1.3803780973093127e-06,-3.8900500052610983e-07,-1.9143626081668694e-06,-2.0337362894642255e-07,-1.8406716866662367e-06
functional,-2.081481758085735e-06,-7.362082620699326e-06,5.388204795329217e-06,-8.245388757837802e-07,1.50672433235966e-05
functionaries,-1.793802697883662e-06,-2.050375410314935e-05,8.549891790409179e-06,6.235114624350812e-07,-7.377575002229617e-07
functioning,-1.4971699377732233e-06,-1.6466312807387812e-05,-9.419496742898226e-06,2.1989724586419644e-06,2.649335538004736e-08
fund,-9.617161137696583e-06,7.741151823643277e-05,1.5457848818964445e-05,-5.619317249526706e-06,-7.279767667026877e-06
furnish,-1.5385012710243152e-06,6.77241002750084e-07,-1.7206260908215312e-06,-1.0635190960312076e-07,-6.469888131696438e-07
furnished,-1.7604661964912153e-06,2.7259594776716324e-06,-7.507559689850115e-07,-1.2540875201891476e-06,-6.445966188475456e-07
future,-5.805982092085209e-07,-3.2619545341989705e-06,-6.652726460334529e-07,-1.3627154360364068e-07,1.061134547885223e-06
g,2.4797246890984217e-06,8.615852736265626e-06,-8.060354688543234e-08,5.090172366009084e-06,-5.979673162818279e-06
gazette,-3.00065301658327e-06,9.559364467100812e-06,-4.1648898598894306e-07,3.988667083984888e-07,-5.82956649629473e-06
gender,-2.0892010694223266e-06,-1.833766597281524e-06,-4.109607899848445e-06,1.4760577868640625e-06,-2.9984720064984205e-06
generality,-1.894415712917692e-06,8.395055971286394e-06,5.74000256697132e-07,-3.060233556929341e-06,-4.937902716255903e-07
generally,-1.7713557400906025e-06,7.224020351206482e-06,-6.346310328455685e-07,-1.0334866439516346e-06,-3.731035061017535e-06
generation,-7.219197730329945e-07,-4.040331640530393e-06,-3.1223576703872935e-06,-5.455532481282728e-07,-1.4207353608103108e-06
generations,-1.724805098192773e-07,-3.945046744065432e-06,-2.43393409498033e-06,4.5326030777491606e-07,-4.5033900354181826e-07
geographical,1.1634568099004758e-07,-1.5360876428407914e-06,2.300557471625378e-06,-9.93923058741327e-07,6.447684540579013e-06
gives,-1.315094282841563e-06,-2.431656344539723e-06,-1.7939443985363802e-06,1.1469334594589884e-06,-1.6896252680590654e-06
giving,-1.636655273016109e-06,7.70078456515599e-06,3.5671194922264256e-06,5.459098470792983e-07,8.992283744461192e-07
goal,-1.4353790607049124e-06,-4.94652554528796e-06,-3.7700512805167244e-06,-1.0024688483290041e-07,-7.887289983473315e-07
goals,-3.8212664166549826e-07,-5.6644032902972825e-06,-2.0564596487754856e-06,-7.745849870927164e-08,2.45430528185145e-07
god,-2.9816357885737253e-06,3.599368685664216e-06,-2.34474672939284e-06,-2.2881542855032545e-07,-2.8700624872435027e-06
goods,4.2314091833876554e-06,-4.9502757348267e-06,-1.9003433320378248e-06,-1.3257609256056704e-06,5.080567850404961e-06
govern,-2.4811538277990155e-06,-1.0388442664875034e-05,3.3144677466019227e-06,-3.8295818062165966e-07,1.4421385966350907e-05
governance,-2.680480385732703e-06,-4.9148552761370585e-06,-4.572333443445271e-06,1.6899110194749822e-06,-5.352374820923557e-06
governed,-1.0285857593465e-06,-7.817720467781446e-06,-3.446603563091714e-06,7.736040433618923e-07,1.2699608887431172e-06
governing,-1.9723526666146695e-07,-7.43305941414151e-06,-5.469330071753354e-07,7.5681255550324135e-06,9.471022023794439e-07
governmental,8.702330102463907e-07,-3.4620559830998986e-06,-4.25917476547471e-06,-8.965050750637093e-07,6.224145157292343e-07
governments,-1.53696513184386e-06,-1.230962057446132e-05,2.272063048615947e-05,-2.6222930134361966e-07,-1.390292754464699e-06
governor,1.047074495840592e-05,1.4072999550815423e-05,-7.407500223140039e-06,-7.641427070947859e-06,-5.341629812932457e-06
governors,-2.3331120362585405e-06,-9.273529302482468e-06,-9.2212449948759e-08,-6.04566313803028e-07,-5.277310437577812e-06
grand,-2.5420836376267354e-06,-3.0191759524138058e-05,-2.6426101281818582e-05,1.884071264384298e-06,-3.022696103805914e-06
granting,1.4758618046774724e-07,-2.9282396746172997e-06,-1.1865419729612841e-06,3.101727831594881e-07,-2.7912994229679834e-08
grants,1.6457756261551644e-06,-3.5872350601766054e-06,-1.8187423831945278e-06,7.337782723428026e-07,8.492092892465589e-07
gratuities,-1.767392246580079e-06,6.669995133119785e-06,2.27381699944497e-07,-1.2263493784111426e-06,-8.263688697207232e-07
gratuity,-1.6098594043046044e-06,1.415640539831659e-06,-2.843507688190811e-06,-6.744669655540318e-07,-3.362733498126346e-06
grave,2.8816280007769007e-06,-5.539154308018634e-06,-3.6847913417214862e-06,2.734180172948547e-07,-2.5786350104484526e-07
great,-6.683317319392268e-06,-4.459335689163304e-06,-7.440042324556785e-06,2.344985840347165e-06,-2.8170023073804812e-05
greater,-1.5303598193420243e-06,9.126258069587443e-07,-1.4003328102826794e-06,-6.022849741518113e-07,-6.572346205048155e-07
greatest,-1.189503100168291e-06,-3.0749348137829498e-06,6.085700083497553e-07,-1.2473477386361498e-06,4.941970603785746e-06
green,-1.551823434245403e-06,-5.81045418784224e-06,-1.9274039373399204e-06,1.3436558628725363e-07,-1.8111456134617753e-06
gross,-4.912093865060083e-07,-1.664337070715297e-06,-2.3206172380449892e-06,1.9332981415038288e-08,-1.9230342674731047e-06
ground,2.366206533388982e-07,7.362754100593126e-06,1.2117187321876358e-06,1.6890258048037657e-06,-5.17580989990991e-06
groups,-9.078641040438673e-07,-5.672810741982637e-06,-3.6491529281259793e-06,1.3626407516015528e-06,-6.866475061763089e-07
growth,-5.86925451066858e-07,-6.050793904297009e-06,4.3528943012896936e-06,2.7481722586626103e-07,-1.2197247488533644e-06
guaranteeing,-1.119279271694756e-06,-6.86652767698553e-06,-3.6556526401451837e-06,-1.5539893547604525e-07,8.054451778905356e-07
guarantor,-1.011363784521115e-08,-7.376414429011054e-06,-4.00345595867229e-06,-7.295868671644274e-08,9.24134110425326e-07
guardian,-2.1331124534868615e-06,3.887401046319924e-06,6.435090862934994e-07,4.1112798446562327e-07,2.895508016523569e-06
guidance,-1.9249938540644496e-06,-7.065428190421483e-06,2.9566347892943186e-06,6.69243825114025e-07,-5.65181984340555e-06
guide,-1.0023232146377917e-06,-3.948281755137409e-06,-3.6839319040097575e-06,-3.1703434559057494e-07,-2.608533169846632e-06
guided,-4.5882560917161353e-07,-4.688449661057743e-06,-1.5918990149133905e-06,8.253949365699571e-07,-3.447876891274434e-06
guidelines,-1.2248678088683454e-06,-4.588980903693521e-06,-2.5970272806559467e-06,4.1387906213033337e-07,3.8958318295309013e-07
guilt,2.5378694659536612e-06,-5.707422535636456e-06,-2.4731186241570893e-06,1.439588905618558e-07,7.261063236675807e-07
h,2.4338597343730553e-06,5.169071817185945e-06,-8.603708216255926e-07,4.786562589114835e-06,-3.540828674791229e-06
habeas,-2.0152981329090087e-06,-7.13794799884006e-06,1.980545799411468e-06,-7.182567529260366e-07,1.0010335110592452e-05
hand,-3.1599811074096637e-06,1.3599199725904067e-05,2.636258867157299e-06,-2.574930759504707e-06,-1.2103343855655045e-05
handicapped,-1.5651045577269397e-06,-5.419525125629792e-06,-1.2546202636556217e-06,-5.088089492105893e-07,-4.77807712270931e-07
harm,-3.473859164432971e-07,-4.131072436876896e-06,-2.6968967252315613e-06,1.0402192515872489e-06,-4.267629614420326e-08
harmful,-4.393396520509007e-07,-4.548777324328186e-06,-3.217203430714483e-07,4.218869432254164e-07,3.4452223125206374e-06
harmonious,-1.4446020643571836e-06,-5.671159841477196e-06,-3.212981368710617e-06,1.0485759225920909e-07,-5.000161266576649e-07
harmony,-1.509989420786596e-06,-5.194803282966405e-06,-9.303525070243185e-07,1.029640447670541e-07,2.7829581453365355e-06
hatred,7.177012929683713e-07,-3.7314107512204476e-06,-3.5954446604426346e-06,1.1212799234769845e-06,-2.5524741645054944e-06
headed,-1.8122204964351234e-06,-3.9530716282663185e-06,-4.150773613269795e-06,-9.29509329204061e-08,-1.858511801695351e-06
heads,-1.5939871821134736e-06,-5.3870600917200574e-06,3.121139195774712e-06,-8.588980842691119e-07,-7.340199500700686e-07
healthy,-9.010408929331808e-07,-4.18760686460258e-06,-3.1192610892506922e-06,6.051628914269352e-07,-2.3531168887132994e-06
hear,-1.0873341671269308e-06,5.873452469368196e-06,7.304179112280929e-07,3.4362844069398847e-06,7.830126748027289e-07
heard,6.281452820984755e-07,-2.5973877349887162e-06,1.725540166747806e-06,2.576122113571299e-07,4.089287298891651e-06
hearings,6.121174570653456e-07,-4.654940829274715e-06,-6.415800665440237e-07,1.5305540839960982e-06,-3.3399254831967384e-06
help,-1.6857683378584965e-06,2.4059904086450802e-06,8.488042070071741e-07,2.0470212878332986e-06,-3.119714735892406e-06
hereinafter,-2.201733146490726e-06,1.1110510884049832e-05,8.433865541336316e-07,-4.417040501804299e-06,-4.716815531591731e-07
heritage,-8.743473860662331e-07,-6.1370633419738465e-06,-9.426148601717797e-07,2.7297464837793547e-08,7.4484306362391e-07
higher,2.0125284040404114e-06,-8.52338082068503e-06,1.0953021721111372e-06,7.823021755465868e-07,-5.6045348789470565e-06
hindered,-3.1757061242808542e-06,1.0978247054482417e-05,9.641631956285228e-07,-3.156418559654133e-06,-1.6758816057697981e-06
historic,-1.7815541418315352e-06,-5.951812813009897e-06,-1.5638838766679756e-07,-3.230613268382263e-08,4.2328271487856054e-06
historical,3.1958302670296883e-06,-8.2381292846688e-06,5.099247390546379e-06,2.406275973269918e-07,-4.729300060818071e-06
history,1.9195468577169426e-07,-4.440783450904038e-06,-3.872013008066091e-06,8.545368475446559e-07,-2.520676777146655e-06
holder,-7.002603372754001e-06,4.97989706156539e-05,1.0486011311324364e-05,-6.660381579652875e-06,-6.946151810573173e-07
holders,-2.033850567537399e-06,6.689616202582865e-06,-1.4074912832013335e-07,2.0386214320864686e-06,-2.1005142081939322e-07
holds,-3.358749333657498e-06,2.0085307168702642e-05,2.944512407773944e-06,-6.728705933367006e-07,-3.1048286861564334e-06
holiday,-1.459106288048506e-06,-2.197847220658893e-06,-3.250057743233701e-06,1.4356059332004324e-06,-1.2069903316759757e-06
holidays,6.430636039348386e-07,-3.5842193325238617e-06,-1.8976464797333446e-06,4.587138784856923e-07,-2.1179863716643577e-06
home,2.6335510223454997e-06,-3.060586798753108e-06,6.32900552240779e-07,7.829513090610362e-07,-1.4196478867525022e-06
homeland,-2.473226637315491e-06,-1.1962232002373628e-05,-7.740057866705589e-06,-5.036661785219041e-07,-4.4596352929881236e-07
honor,-1.6342515256886253e-06,-1.1642395755164767e-05,7.730339859834279e-07,-5.287607774148762e-08,-1.8536293767765517e-06
honorary,2.2732364817484533e-06,-4.6917847418599326e-06,-3.1264940582391723e-06,-7.347002636683407e-08,-2.4885192529143068e-06
honors,-1.5116758224665695e-06,-5.39133401490428e-06,-3.2667759194150108e-06,-3.7855000247400537e-07,6.908268118856568e-07
honour,5.276624666810301e-07,-4.404334828914541e-06,-4.977015189702167e-06,2.270213060568541e-06,-3.113773257907624e-06
house,1.2766325792174695e-06,0.0002939177561214507,5.751821518788587e-05,-0.0001525611888823689,0.00010203806706023649
houses,-5.210911844206283e-06,2.3089968457279427e-05,6.007702884159349e-07,-1.959978442607828e-05,1.5466225034327067e-05
housing,2.8091029946869086e-06,-7.035384391108418e-06,-2.9389024874337933e-06,1.3153485030678355e-06,9.64498285805874e-07
humanity,-9.577154897065713e-07,-5.305326916279617e-06,-9.812686045351775e-07,-7.090127410597463e-07,2.1059402625044337e-06
hygiene,2.0821228343484417e-07,3.9045306463061466e-07,-9.36911575131814e-07,4.946746462165231e-08,-4.50096137848653e-07
ideals,-7.218029797432754e-07,-3.0032656614651007e-06,1.4902840587940622e-07,-1.500564941955678e-06,-1.0638665026071296e-06
ideas,-1.18278580375452e-06,5.903388194638226e-07,1.9052868392525128e-06,-5.729679932792851e-07,-1.1622287562711272e-06
identical,-1.9804429718930423e-06,-2.6001207406403283e-06,-3.331871154075934e-06,-1.1657424437297007e-06,-4.8888843738476994e-08
identification,-1.4585817022466518e-06,-2.9219075822956853e-06,-6.865229142473281e-07,-5.028667231785483e-07,2.2542764837739205e-06
identity,-1.222576810955682e-06,-7.140381945998861e-06,-3.3253213127589915e-06,1.2987913730518851e-06,-5.06743656003761e-07
ideological,5.928650116972174e-07,-7.445846130689903e-06,-1.9226378366991893e-06,1.386675973625881e-07,-3.275195199657874e-06
ii,-5.16745110479265e-06,3.5432495043383824e-05,2.546336094425567e-06,2.1794149103049703e-06,-2.836278391399881e-06
iii,-1.869280090450826e-06,1.7992416929160792e-05,1.0397464034455445e-06,-3.1680714745098154e-06,-1.3576641228241106e-06
illegal,-1.3240611433497324e-06,-5.02626370914264e-06,-1.5082316432049112e-06,-1.4466670645449114e-07,-1.1235011444769884e-06
illegally,-1.0840538740830252e-06,-4.260242244650746e-06,-1.9905394480392276e-06,6.327760886373e-08,-6.718977211734024e-07
illiteracy,-1.2907734527229126e-06,-4.530154514908408e-06,-4.4618054832857797e-07,-5.533632493691871e-07,-1.1423494474197372e-06
illness,-1.4389669431602306e-06,8.669799468824949e-06,3.772109862444993e-07,-2.9215265623685795e-06,-4.6543999188647264e-07
immediate,-1.2067528640360192e-06,-6.048902240345715e-06,3.889269542689039e-07,-5.379520524328166e-07,6.227164397798076e-06
immigration,3.5778254021606166e-07,-2.4524333722494495e-06,6.284260299739542e-07,-3.6545104379563224e-07,5.071488406156124e-06
imminent,-2.5355913285403884e-07,-3.434320275794631e-06,-1.6322749230764282e-06,-2.378504025363312e-07,7.161710574171722e-07
immovable,-1.0983533867081984e-06,-2.00189771403956e-06,-1.946685132425153e-06,-1.2195985935900942e-06,8.744608209146364e-07
immunities,-2.0560991300644703e-06,2.622946604829372e-06,1.772936146374857e-07,1.4575645150280105e-06,1.2353105296998303e-06
immunity,1.1096406622328534e-06,-2.756375487446461e-06,-2.9110292236219547e-06,3.4224564627658017e-06,-3.046573748869107e-06
impartial,-2.0861948204360986e-06,5.3689278519554446e-06,1.2467575367169801e-06,-4.1684633238755745e-07,-1.998343347616795e-06
impartiality,-1.4360483140240903e-06,-4.2056952483317285e-06,-3.164727826813562e-06,1.1543906628333726e-06,-1.5181285307528734e-06
impeached,5.531145655886099e-07,-4.857817714378478e-06,-3.935367919965927e-06,-3.521170779742314e-07,-6.724424888963981e-07
impeachment,1.8033240221655465e-06,-1.0470150897135749e-05,-4.45343705172177e-06,-1.3113087802785662e-06,5.033045825049826e-06
impede,-2.267050977653447e-07,-3.395789797876918e-06,-2.893539707137049e-06,6.936616168202328e-07,-1.0325013100655391e-06
impediment,-1.5791289852413219e-06,-7.63928679595027e-06,-4.937067837612219e-06,-6.477649176238691e-08,9.342968594178592e-07
imperative,-1.437497156038849e-06,-6.090138361244423e-06,-1.6010824402699541e-06,5.4303652950771987e-08,-2.3419593314061584e-06
implement,1.2156818369363388e-06,-7.397759678310133e-06,-1.1080203620176314e-06,2.439305884375276e-06,-1.3015949253069153e-06
implemented,4.040828574601246e-07,-4.971017828878882e-06,-3.7065291048480474e-06,-2.1688259149039411e-07,-1.0561606039775602e-06
implementing,-6.866372949081012e-07,-4.655713958630715e-06,-1.7159799435781594e-06,-6.884530575031847e-07,1.8208576739171496e-06
import,-1.0457102497601543e-06,-4.074605313153648e-06,-2.1069142932381194e-06,-4.900793703671093e-07,1.140164958123573e-06
importance,7.805310542643576e-07,-4.502509598929423e-07,-1.2785362650778456e-06,5.486946709895944e-07,-2.5362297512128784e-06
important,-1.3519088495992904e-06,-1.0773757175101918e-05,1.6840990642073644e-06,-1.6085614252966233e-08,-5.889298210102544e-06
impose,-9.603430905514337e-07,6.642627783236358e-07,1.6054049008586645e-06,-1.1906062983755372e-06,3.7246541166627847e-06
imposes,-2.1960102704841526e-06,1.1236033357511523e-05,1.650400832307962e-06,1.4593472307692365e-06,-3.7331096146137714e-07
imposing,-1.50120538329198e-06,4.920838057091723e-06,1.520171225980544e-06,2.4160775426545605e-06,3.739996232695933e-06
imposition,-4.243809353234529e-06,2.310561533310986e-05,3.57880258719196e-06,-6.171527992070548e-06,-1.250832551696686e-06
impossible,-1.4616384679997178e-06,-4.028418457344206e-06,-4.030866289585003e-06,-4.836605929050864e-07,-1.3851146428037104e-06
impracticable,-2.368209881034435e-06,7.4717375883889435e-06,2.799279297387994e-07,-1.3959497929289356e-06,-9.767762111762556e-07
imprisoned,-1.3899631344889152e-06,-4.315918678757716e-06,-2.608270975373385e-06,1.5425776772968048e-07,-1.0452914526499883e-07
imprisonment,-2.388593249618899e-06,1.4712118750269301e-05,3.4689930777147738e-06,-1.7228806376031986e-06,1.2245424281519374e-06
improper,-1.3494703504992967e-06,-2.4810145184867136e-06,-1.93135928346884e-06,-3.0289879778437217e-07,-1.2665738203865932e-06
improve,-9.665287276769107e-07,-5.62360999589479e-06,8.195721867787382e-07,3.005762295658613e-07,-3.940184431881994e-06
improvement,1.801673162001889e-06,-6.016663211238874e-07,-7.271248034795388e-07,-7.061167058718016e-07,7.455526869802716e-08
improving,-1.4304805961614288e-06,-5.789294902692797e-06,1.8624460608414186e-06,-4.348508981624516e-07,-3.3283446638352074e-06
inability,-3.519223114682169e-06,2.5585283682986637e-05,7.663178061433875e-06,2.810553316939697e-06,3.2064348068860767e-06
inalienable,4.191937821322472e-07,-3.726061066201213e-06,-1.2347172370403232e-06,-4.6610118288262376e-07,-8.463700013482275e-07
incapable,-1.0058171659555513e-07,1.789706999819826e-06,-1.5822720638449343e-06,-8.317573043107094e-07,-1.9477183945777396e-06
incapacitated,-2.566557639432204e-06,3.2826953978336325e-06,-1.0444048726938053e-06,-1.2137918489885804e-06,-1.5017953530546139e-06
incapacity,-2.213403495217387e-06,-5.616766714336018e-06,-1.3329210673646782e-06,5.42338760853007e-07,-4.034137185375246e-06
incident,-1.9149516955458874e-06,2.8603100185358166e-06,-1.0115427548752267e-06,-1.7208476524867593e-06,-8.201140406033451e-07
incidental,-1.6646894632414835e-06,8.862005809690425e-06,-2.0301557425704772e-07,-1.6068178536296581e-06,-2.4693476758489803e-06
incitement,-1.453145316476708e-06,-2.740865007677624e-06,-3.4895170977384707e-06,1.8528193087436638e-06,-2.243310640636619e-06
included,1.3930710026605504e-07,2.007374335170333e-06,-2.2792538153061863e-07,-8.821431360289206e-07,-8.075154324921272e-07
includes,-2.1022942237541474e-06,2.2559252407450913e-05,3.5975377995076945e-06,3.967280270349668e-06,-3.88527665278065e-06
inclusion,-1.1452106942819983e-06,-2.4594271296857843e-06,-2.067797902843883e-06,-6.678444156063947e-07,-7.699828540676945e-08
inclusive,-3.449039719960603e-06,1.375782871863243e-05,2.179538043349752e-06,-4.589501858398413e-06,-7.967298100689362e-07
income,1.3292053566610396e-06,-3.3179267449785014e-06,-8.696080812473087e-07,-1.2424401498423923e-06,3.122133432538263e-06
incompatibilities,-1.8238636384591031e-06,-9.664190502448242e-06,-3.690088820777774e-06,2.219235440953391e-07,3.2533752376550706e-06
incompatibility,-1.7914299508701744e-06,-8.339721505536944e-06,-6.124296423984487e-06,7.867036189637067e-07,-3.175286426754905e-06
incompatible,-1.9093702219490214e-06,-9.268482461114759e-06,-5.962848372426668e-06,8.002399102293527e-07,-1.1282129481930104e-07
inconsistency,-1.3760432431101866e-06,4.652850497790948e-06,1.2280985354806592e-06,-2.0159476925168222e-07,-3.976625232359664e-06
inconsistent,-7.874101922437695e-06,4.3952767493716416e-05,1.4827220778245351e-05,-4.802136537367502e-06,-7.827484342233452e-07
incorporated,-1.015988625654029e-06,7.112151189911697e-07,-1.4223646031235376e-06,-1.2949447241350972e-06,-2.2984049150235084e-07
increase,-8.043158023236729e-07,-2.4765557468267354e-06,1.1607020923151805e-06,-2.959586967423345e-07,2.050468124084627e-06
increased,-8.766654127361179e-07,-4.03757257428759e-06,1.284322282861041e-06,-1.12899033487225e-06,6.942401325192112e-06
increasing,-1.4912779497366357e-06,2.1743778909996889e-07,-1.126397151608505e-06,-2.0054700932926973e-06,8.302696219342007e-07
incumbent,-6.689102341831595e-07,-8.33724971322913e-06,-1.3859867487497922e-06,1.7616745249783723e-06,-2.1164517228517712e-06
incurred,-4.1272213435606593e-07,9.101498501228303e-07,-3.251842614081902e-07,-3.2453819144676485e-07,7.842667818012818e-07
indefinite,-1.657045988015543e-06,2.4283541444443463e-06,1.7739330078885277e-06,-1.5175855925226309e-06,2.7262953929960115e-06
independently,5.328836051047489e-06,-7.35078419869564e-06,6.608385174226826e-06,6.063862846127361e-06,-8.142594610780214e-06
indicate,-1.3670371956300779e-06,-4.9329296208818385e-06,-3.551086129487409e-06,-1.2565265754101962e-08,1.3364424242683598e-08
indicated,-1.7270295055423992e-06,-8.244454849574086e-06,-2.303330166149344e-06,-1.5614611374985983e-07,4.023910831078883e-06
indictment,-7.995822759401765e-07,-3.996152853550586e-06,-1.0099335825413018e-06,-1.6051156682719992e-06,4.479388190565943e-06
indigenous,3.610123785846741e-08,-8.858755649129018e-06,-3.3647459807112426e-06,2.5475301580093077e-06,3.1003274092972603e-06
indirect,-6.294299324189567e-07,-5.661749464924296e-06,-2.5631411598335287e-06,2.451552671571867e-07,2.5427291571443675e-06
indirectly,-1.76887827217278e-06,1.37848723856776e-06,-1.7192428018542852e-07,-5.815230037682415e-07,9.897234750579035e-07
indispensable,-1.3063817972101648e-06,-5.2699721531405995e-06,-2.593392727915735e-06,-1.1020024516904812e-07,1.2046069740071163e-06
individually,5.779788423704993e-07,-2.1830520923440103e-06,-1.5621032898630196e-06,4.890440220644459e-07,-8.219565641199164e-07
individuals,-1.3341189384014993e-06,-6.946378710474174e-06,-7.126709038090289e-07,1.0691452054201627e-06,-2.085396628634353e-07
indivisible,-1.21712331570464e-06,-5.238194673840691e-06,-3.6270585790211065e-06,-7.420734279115613e-09,-1.3528911082784358e-06
industrial,-2.246147312185736e-09,-3.0994159817600594e-06,-1.140332333303572e-06,1.922149689858423e-07,-6.301226485284041e-07
industry,-1.0292550338691302e-06,-6.017513061808751e-06,1.2771601633494528e-06,-2.7100226186538447e-07,7.327410465751412e-07
infectious,-1.8266884749092432e-06,3.148269555190071e-06,-8.866396540339339e-07,-7.645581710945391e-07,-6.062534533324057e-07
inferior,-1.912080902578191e-06,-4.662206258657333e-06,5.852606042627918e-06,-3.595596782161335e-06,1.7702222051147124e-05
infirmity,-4.4800027077129655e-06,2.535085895983536e-05,3.952503174715543e-06,3.708756917783886e-06,-1.47691449583152e-06
influence,1.696400527532721e-08,-2.0798613540451434e-06,-2.0917838498013954e-06,1.1543037558694936e-06,-2.8994054875737562e-06
inform,5.435180393154566e-07,8.995879637402015e-08,-1.623717917982397e-06,-5.251198955670047e-07,-1.7054222814098264e-06
infrastructure,-1.3152301267702256e-06,-4.261802952954366e-06,-2.2021818226547228e-06,7.920820057424944e-07,1.0761413085077684e-06
infringe,-1.4114619954552241e-06,-5.7489079799883e-06,-4.383389779895097e-08,1.3559705354171823e-06,-2.0001071467235584e-06
infringed,-1.0785567492363453e-06,-3.3528430279618714e-06,-2.422261226025951e-06,5.115532621164283e-07,-6.292109744742376e-07
infringement,-5.486922359290487e-07,-3.857897328165973e-06,-3.9095547982708756e-07,-1.7478940973925763e-08,-3.674657032040759e-06
infringes,-7.857252647644777e-07,-4.192031502763092e-06,-3.262649213475152e-06,7.785738417783592e-07,-4.6898227415695393e-07
inhabitants,9.533802421245508e-07,-3.7597342846783256e-06,5.536528201792316e-07,-1.0289220118759146e-06,6.768671702743703e-06
inherent,-1.776957938237455e-06,-4.359941125773744e-06,1.1461651457847214e-06,-3.3536953580887465e-08,4.811232733773556e-06
inheritance,7.174106089546648e-08,-5.185401113538839e-06,-2.396336042065782e-06,-2.1191747881063863e-07,-2.6756117534321092e-06
inhuman,-4.2728123815581657e-07,2.982923707206411e-07,-1.878123463595061e-06,-3.3307109284059523e-07,-1.4843795697198785e-06
initial,-7.106095343684533e-07,-3.248946230465665e-06,-2.589719430053529e-06,-3.695822866796701e-07,4.176916701761712e-07
initiate,-1.4141613496731458e-06,-4.246676822015481e-06,-1.971377823550607e-06,-1.0534204618100191e-07,-5.811026723621698e-08
initiated,-1.28616188191079e-06,-4.303072562741911e-06,-3.7098674287498277e-06,2.3519806795584295e-07,-7.743868554648009e-07
initiation,-4.494467092702382e-07,-4.08166505557864e-06,-2.7664736806004197e-06,-1.7683601514160507e-07,-2.6601927936496207e-07
initiative,-7.769854572857294e-07,-1.2318652464070487e-05,-3.6824392904389495e-06,6.220486572332167e-07,4.487859299242061e-06
initiatives,-8.654059156277248e-07,-6.893208081975837e-06,-3.97856006591622e-06,4.838179446581323e-08,2.764426967178146e-07
injurious,-1.7116592291155032e-06,2.618457273972024e-06,-1.0781725354073688e-06,-1.155144444228905e-06,-1.400111240604267e-06
injustice,-2.347617675264748e-06,3.85521066683118e-06,-1.0447466950497456e-06,-1.0488141434591683e-06,-3.494922358584271e-07
inquire,-2.297781789543546e-06,3.6009848364733173e-06,-1.7930725461569749e-06,-8.860682590551338e-07,-4.036916720264719e-06
inquiries,-7.315626684413049e-07,-4.430902716969771e-06,-2.583835470968793e-06,-7.508073764120911e-08,-2.0960657321557913e-06
inquiry,8.239862828812356e-07,2.231392910441492e-06,-8.106048468613138e-07,-6.233567992525291e-07,-5.030881018147816e-06
insofar,1.0546751546429541e-05,-5.259331204381082e-06,-4.406613866016961e-06,-2.677658400033524e-07,3.6099307661717123e-07
inspect,-9.204352803797075e-07,1.2000422557213443e-06,1.090122525530318e-06,-7.021355295318142e-07,3.3801724269821796e-06
inspection,-1.1193282443028075e-06,-3.5788077941813053e-06,-1.7519967773072012e-06,-8.586962767489412e-07,2.345161828763533e-06
installation,-1.9284132258380104e-06,-8.009148757176591e-06,-4.094240842488362e-06,-8.243411071538637e-08,1.956412881730048e-06
instance,-1.1146455569807345e-06,-1.1821954012777741e-06,-3.0507513311788788e-06,-7.575963461082258e-07,-7.934869288278102e-07
instances,4.241633999221644e-06,-6.542043988132167e-06,-4.744521686312339e-06,8.421384273777206e-09,-1.0164967503989608e-06
instead,-1.2966932833919966e-06,5.858358192193567e-07,-2.1236732280984582e-06,-6.055803733081606e-07,-1.881737711279664e-06
institute,-1.1224405132365055e-06,-1.4206394740752138e-06,2.085306948200279e-06,2.190649227170378e-06,-2.5712185392334973e-07
instituted,-2.553901033303068e-06,7.01661217374676e-06,3.1743928706020653e-06,-2.9616453536960946e-07,-1.7658924406626299e-06
institutional,-3.4987223970690127e-06,-1.1982793295840862e-05,-3.5982108623374333e-06,-1.4695290705414525e-06,9.452095827804945e-07
instruction,-1.0305974519893107e-06,3.137633722842064e-06,-1.3436138031429795e-06,-3.2615286055997183e-07,-5.928993629412732e-07
instructions,1.479477080643545e-06,3.8228668785170024e-06,-8.772342555758216e-07,-3.611519607757669e-07,-1.024865258261282e-06
instrument,-5.930486458123059e-06,3.4132485870185696e-05,5.303272331240432e-06,-6.457131045479288e-06,-2.972612218220903e-06
instruments,1.1675605140734826e-06,-1.3212466878775373e-07,-2.0957629037605095e-06,-8.364613404658891e-07,-1.3254109769834413e-06
insufficient,-1.1027200389826697e-06,1.6298130681278287e-06,-6.241894068023835e-07,-1.2075331227976911e-06,2.2168593986822097e-08
insurance,1.7535898143524376e-06,-6.729541493885874e-06,-9.017694880438494e-07,-9.837938256660577e-08,2.1114125973712347e-06
insurrection,-1.7132049681312132e-06,-3.8386615548965644e-07,3.469354720945119e-06,-7.784698542815665e-07,7.899042032967305e-06
integral,1.2684347825455112e-06,-6.3724762135417085e-06,-2.9813880545332195e-06,-1.8203078831829494e-07,1.514633815497526e-06
integrated,-1.9200595030850262e-06,-7.220166380701345e-06,-1.4750660310206195e-06,-3.544507760956437e-07,4.462934112530494e-06
integration,-1.4097451514365974e-06,-7.352891320418345e-06,-3.01423492794714e-06,4.30487194927001e-08,2.38067327454676e-06
intellectual,9.668116842369552e-07,-6.376793694064949e-06,-2.3272620048551026e-06,7.670638582304832e-07,-8.52438127092258e-07
intended,-4.323235310671619e-07,-1.125732700056937e-06,-2.321126434085792e-06,1.597104876585667e-08,-3.875746539018486e-07
intention,-8.740886807669458e-08,1.9428346644608103e-06,7.016677259314665e-07,2.501002743249861e-06,-3.0996952298099555e-06
intentionally,-1.5849721981190594e-06,2.2957590607420045e-06,-1.0647071945753653e-06,-1.1451927870481249e-06,-1.2932750024533489e-06
interested,-9.924546662906946e-07,-3.7924672537847614e-06,-1.2930962084790254e-07,-9.030422209559837e-07,4.235638435406137e-06
interfere,-6.607989223434254e-07,-1.6532081663340057e-06,1.4642339060166522e-08,2.7902766334313723e-08,-1.0033756827773794e-06
interference,-1.9564451770881476e-06,2.0495374631816306e-06,3.0240654477634364e-06,-1.859716255321419e-06,-9.571991713658996e-07
interim,-5.299138247124344e-07,-1.696875173026273e-05,2.660233352126968e-06,2.0603647136992093e-07,1.7254542629412924e-05
interior,-3.055239162179566e-06,-1.0628444274992274e-05,-9.712798095742686e-06,-7.482277491092412e-07,-4.0789116550356335e-06
interpellation,-2.0907691442546857e-06,-7.623487695656862e-06,-5.091278909102881e-06,-3.643420203892669e-07,-4.7672382041027024e-07
interpret,-9.047085934687069e-07,-4.7344825576413e-06,1.7585736708863636e-06,8.904060702593696e-08,-1.8715908336006674e-06
interpretation,-2.942672488624637e-07,1.4369331400677644e-05,4.083233445682928e-06,1.6164344903593432e-07,-3.243384663949474e-07
interpreted,2.534802017444012e-06,-1.418248017327251e-06,-1.8015070177199134e-06,4.1319201609082916e-07,-1.1702192005269314e-06
interpreter,-1.4097317435822594e-06,1.9625851715037387e-06,-8.231603370364651e-07,-6.474449319386314e-07,-1.6668530272144351e-06
interpreting,-1.7215210029574489e-06,4.460021491559986e-06,-3.548263761915152e-08,1.0919091847700767e-07,-1.082969689257882e-06
interval,-1.4839062281787945e-06,1.984142747077042e-06,-1.207688507317618e-06,-9.395723878258385e-07,-4.0739214248081654e-07
intervals,-1.4260906622715615e-06,4.262967297366089e-06,-1.0030462174563278e-06,-1.5429930133302216e-06,-5.280706199989745e-07
intervene,-1.7673188506049018e-06,5.134940245880028e-07,-1.4617416473870825e-06,7.181280271639593e-07,1.0289090497763384e-06
intervention,-1.3316816629568549e-06,-1.454880262881436e-06,-8.887017669695825e-07,-3.2256245453948307e-07,2.4138956143678684e-06
introduce,2.415367518524017e-06,-9.2702099779224e-07,-2.8202287483937354e-06,4.851499978139272e-07,-8.624329405507349e-07
introduced,-1.8708376582887304e-07,3.701424780293194e-06,-2.6060633092265734e-06,-6.265787247777791e-07,-2.115516483809739e-06
introduction,3.5131460616479798e-06,1.4207347422092216e-06,-6.093712907001297e-07,-3.6384930676213535e-07,-5.652005083158198e-07
invalid,-1.1237167744401389e-06,3.6903659384955743e-07,-2.3733751925063786e-08,8.108059707664275e-07,6.781220024792017e-07
invalidate,-2.7257827924307826e-07,3.288320572529844e-06,-9.05346300696176e-07,-5.280471049855586e-07,-1.6054892850774636e-06
invasion,-1.679654669408575e-06,-7.072307563009359e-06,7.1857674984775296e-06,-1.5461014957575546e-06,1.776945802868805e-05
invested,3.5549938915365753e-07,-2.3672592943894145e-07,-2.1942015727371286e-06,-8.652149333337489e-07,-1.0986723981605542e-06
investigate,-2.1915042017172463e-06,5.3353674166677205e-06,8.072597864578333e-07,-2.9749136023655106e-07,-2.090623608300503e-06
investigated,-2.8245919443139896e-06,1.1758886984473659e-05,3.3567441963094904e-06,8.208247333981509e-08,-1.5320300399338544e-06
investigating,-2.0649662599643244e-06,-8.33475745780544e-07,-2.640938654972427e-06,2.204533153599352e-06,-1.8773093041043454e-06
investigations,-1.2002717724263655e-06,-2.7862977730813234e-06,1.010701958838663e-06,5.72646109884019e-07,-1.3062428922100115e-06
investment,-1.554191252074602e-06,-2.9121427684774117e-06,-1.2048019164992906e-06,5.0089953872707464e-08,-6.089185737637869e-07
investments,-8.692859720750397e-07,-5.906340551026503e-06,-1.4856391713459659e-06,-3.63451536517736e-07,3.4382940017956235e-06
inviolability,2.2850979746134962e-06,-7.701091203838621e-06,-4.450455683916514e-06,4.6762496240433245e-07,-1.5142503818537744e-06
involve,-1.314018159033518e-06,9.428259709507324e-07,-5.298084798529359e-07,-6.691005671805016e-07,6.209270820828379e-07
involved,-1.0906674019306484e-06,4.02449353297731e-07,1.3009388637198652e-07,-1.070383151929737e-06,1.94391490151518e-06
involves,-1.122450188278486e-06,1.5525327959977773e-06,1.0618584132546462e-06,-1.3866106811761914e-06,2.9004866921155035e-06
involving,-6.06731672825254e-07,-1.6021925191775815e-06,2.0096303555905754e-06,1.3763293760593286e-06,2.315292953238485e-06
irrespective,4.255122812198053e-07,-3.3622876690891185e-06,-2.8836257307832693e-06,-1.7804469204777777e-07,-1.1196007685317816e-06
island,-8.526645598642648e-06,1.543171112573284e-05,1.4045914030782948e-05,-6.878053253953493e-06,1.4115579731833104e-05
islands,-1.0792889225541717e-05,2.0729934590205655e-05,3.227374918630055e-05,-7.88973649926028e-06,4.822338690139711e-05
issuance,-1.530857633233129e-06,-6.170159199740546e-06,-1.0809166837172486e-06,-1.0220887139517541e-06,4.016858353226207e-06
issues,1.3826393302332027e-05,-9.910519456233587e-06,-2.922421433468939e-06,9.57554686615368e-07,-5.462442037634275e-06
issuing,-8.401987691376092e-07,-3.3210227095291493e-06,-3.3957746991284576e-06,3.2587054365540744e-08,-6.256234429090691e-07
item,-2.0664384575520693e-06,-8.462846714066416e-08,-1.968522650975386e-06,-3.4467172952863295e-06,2.690646463442059e-06
items,-1.3285071170659224e-06,-5.040404883311674e-06,-1.0701671031077167e-06,-4.5331209468818e-07,-1.4739151507130845e-06
iv,-9.461405715252776e-07,7.080161102616547e-06,1.5092273495609498e-06,-2.0878703152007654e-06,4.3680180833237826e-06
ix,-6.318306671270385e-07,-3.6810507413932914e-07,-6.688874803217984e-07,-1.170382312654453e-06,1.7323846605016724e-06
j,2.85654090886526e-06,4.112346650494709e-07,-5.312526155657153e-07,2.211841898579038e-06,-7.757426868384823e-07
january,8.66103574504452e-07,-1.9057769430396288e-06,-7.806505253699976e-07,-3.569474033999368e-07,2.1934838793938397e-06
job,-1.0214275674817562e-06,-5.9467508424991715e-06,-3.585293964142428e-06,-3.776866215179578e-07,-1.3441392556217149e-08
join,-3.5226934206022633e-07,-4.552842884669039e-06,-1.3755103399756487e-06,1.982461304832929e-06,-1.2376111877044985e-06
joint,6.748932393392877e-06,-1.5223130661829793e-07,-3.7474136745832514e-06,-2.655868360508669e-06,-3.841550610637482e-06
jointly,1.0024319433915796e-06,-4.719311765308711e-06,-1.006281286707319e-06,-7.357847106061658e-07,9.20046154658447e-08
journal,-2.795624875957136e-06,-1.139567817191322e-05,6.673125298243264e-06,-1.8096344352156526e-06,2.0438111384842745e-05
judged,-1.8928905977676558e-06,-7.926269652179138e-06,-5.407505345546763e-06,1.0920800036414405e-07,6.514887292999199e-07
judgement,-2.402746660471886e-06,8.61335616807652e-06,-3.918192963281855e-07,-2.7071730125391886e-06,-5.071729475146462e-06
judgment,-3.695829650908966e-06,1.7088706893629372e-05,4.498904238459181e-06,-3.2911819426782725e-06,2.946211673898925e-06
judgments,-1.3726495185675217e-06,-1.953611060014261e-06,-8.378293848199516e-07,9.027534119660822e-07,6.669655489566539e-07
judicature,-3.4049443305500715e-06,6.63705843511841e-06,1.319721479599431e-07,-1.5233307363410356e-06,-1.5657946915517899e-06
july,-1.8320305160490065e-06,9.4854985399372e-08,-2.2236210758394415e-06,-1.5501895950581326e-06,-8.653037550580535e-07
june,-2.4239131722850115e-06,-7.913321982791936e-06,-6.094766637588162e-06,-6.333244233267663e-07,1.2969507632439807e-06
juridical,-2.063141996666807e-06,-1.763586185777342e-05,-6.832003085681503e-06,7.172321586253314e-07,4.062052482173428e-06
jurisdictional,-1.909960359210417e-06,-1.0401570788730177e-05,-1.042450119072422e-06,-5.9962724264459266e-09,7.999418067153471e-06
jurisdictions,-1.2574758367764804e-06,-1.0129070229352282e-05,-6.888141570055615e-06,-2.487270665854342e-07,1.1102847055687285e-06
jury,6.621859645625424e-06,-5.371167627238411e-06,1.123723743205553e-06,-2.5212406941163977e-06,9.341042941402529e-06
justices,-4.787519757021988e-06,-5.491347270181288e-06,1.0140426886323976e-05,-1.0243124459132498e-06,2.4483751595322264e-05
justifiable,-5.7096565080997355e-06,3.281257399972026e-05,6.864020170571793e-06,-7.2146372498686105e-06,-6.359165425844856e-07
justification,-1.3355269647637424e-06,-2.436175243025669e-06,-1.861170926125688e-06,-4.1247748773871156e-07,-1.0800340214827346e-06
justified,-1.482392582416744e-06,-3.728076485891105e-06,-2.8498037560929304e-06,-8.686783328240781e-08,-1.2093471122254734e-06
justify,-1.1893106676489452e-06,-3.0642828301535952e-06,-2.988221076847526e-06,-7.621478084833952e-07,-3.6573310021000515e-07
k,1.9750418774775346e-06,7.538788670060451e-07,-8.02601879780257e-07,3.376681808387303e-07,-6.667539407931638e-07
keeping,3.2650655017675723e-06,-8.080137600053506e-07,1.0635027141970678e-07,-7.645068952478416e-07,-2.4124385472945406e-06
kept,4.3949007294875025e-07,-1.975098407435943e-07,-1.8734194337754972e-06,-3.794695186583569e-07,-2.2635800042598927e-06
kind,-9.487173628947177e-07,-2.4273503883354944e-06,-9.078297418715889e-07,-4.294432423602341e-07,9.718322591785242e-07
kinds,-7.466144689324546e-07,-4.3084889812243545e-06,-2.5460038998203037e-06,-8.147040902465045e-07,1.1895176524785538e-06
kingdom,-1.0337503924315028e-05,2.5932293036429257e-05,-7.41179681418809e-06,-1.3477381821374724e-05,-4.528017435843789e-06
know,-1.1264704346309096e-06,-4.0256913323541205e-06,-3.3624281201517812e-06,-2.679420550618936e-07,-1.0565869573187224e-06
knowledge,-1.1054592730225775e-06,-7.852131115111721e-07,1.0572363658711578e-06,-2.835373531575235e-07,3.1022398063845904e-07
known,-9.69589390997263e-07,5.543617439769948e-06,4.3810641950423776e-08,-8.985669289052412e-07,-1.533501139447828e-06
l,3.035271734163797e-05,-6.809034093432657e-06,-5.648641309291007e-06,1.5884590333349321e-06,-2.2417788617486e-06
labor,-2.289055455004227e-06,-2.2130821669090416e-05,4.479945122840328e-06,6.058554860982267e-07,6.580082061751776e-07
labour,5.3216639549441755e-06,1.878881790389336e-05,2.5941462104594133e-06,-8.485619622288707e-07,-3.59526659862945e-06
lack,-7.030844904668679e-07,-2.8804559551667746e-06,-2.202601792833627e-06,-3.847206057599047e-07,5.627462068766657e-07
laid,-5.986841202669921e-06,7.547964719471549e-06,-8.478905486859776e-06,-2.557880106778387e-06,-1.02194147979744e-05
lands,-1.7552785920970507e-06,-3.4427903276287784e-06,1.439308911905902e-06,3.6303653498849034e-07,8.385253030637794e-06
languages,-7.255349074669655e-07,-4.0567875391680205e-06,1.4438353268686038e-06,1.0492174034116536e-07,-3.576198354102758e-06
lapse,-1.7047051920890796e-06,1.6541028457606555e-06,-1.9551736016812116e-06,-8.510422362151295e-07,-5.85920300646168e-07
lapsed,-1.9960631226367973e-06,4.127444417017852e-07,-6.076607619616135e-06,-8.035390063605197e-07,-6.102598951720862e-06
large,-1.0165564434150773e-06,-7.902815607901204e-06,7.3114470783254765e-06,-8.307049983168101e-07,8.286218439185282e-06
largest,-1.0363448942179936e-06,7.13533483265307e-07,-2.189171781771907e-06,-1.2791553141714038e-06,-1.0065986965549209e-06
latest,-9.917548166938025e-07,-6.068398390263572e-06,-4.4925154642521295e-06,-3.3639420042900323e-07,-4.93088376810199e-07
lawful,-2.046650398625027e-06,9.640108875347195e-06,6.522978432978884e-06,-1.004167375926167e-06,-7.425065656019139e-06
lawfully,-3.730142586726496e-06,1.7158719623727413e-05,2.09117940745617e-06,-2.082342008964458e-06,-2.7462949484190524e-06
lawyer,-2.953846066255765e-07,-4.942380301706774e-06,-2.225936753395018e-06,6.76159977979407e-08,-2.748642537754823e-06
lawyers,3.4208946216678594e-07,-5.479551449322346e-06,-2.8095173291819567e-06,-8.202268730208334e-08,-1.4379356186975355e-06
lay,-2.1373366314223385e-06,6.415927581473815e-07,3.191295600563615e-06,-1.6030349481125265e-06,1.5583586635610696e-06
lead,-8.839632191135274e-07,-4.401925326202397e-06,-2.7369635531039047e-06,-2.786494932493849e-07,4.780229098546459e-07
leader,-1.262599641224212e-05,6.297447186664717e-05,2.1206473842106553e-05,1.037126393245759e-06,1.1797637998632624e-05
leaders,-1.1883082979304401e-06,-2.078541236237166e-06,6.653121015165739e-06,-5.084672370179094e-07,1.265218727068779e-05
leadership,-2.7813028783150798e-06,-7.703834718595114e-06,9.731363900633274e-06,7.088865137392587e-07,-1.0870611756624127e-05
leading,-1.9673578567354127e-06,-5.080619471980851e-06,-1.27974386980354e-06,9.18757237431323e-08,-4.401734780098957e-06
learning,-1.4132440652928864e-06,-4.024608648467891e-06,-1.797649983595662e-06,-2.4904044076506945e-07,4.2115479515081523e-07
lease,-1.7867502857452051e-06,-1.0722483098878444e-06,1.2104135222082539e-06,-1.7825789746684452e-06,2.1240715102292087e-06
left,-7.295478450754547e-07,-3.7111907853452172e-06,-3.463418898883827e-06,-3.103227862593832e-07,-7.055725456824474e-07
legality,-1.2518971470651882e-06,-7.218371476002017e-06,-4.5301156194401624e-06,1.252844941111308e-06,-2.7418263847488078e-06
legally,7.065455096930055e-08,-6.1272274717914004e-06,-4.298876083291499e-06,5.198151260279836e-08,-3.151757848585409e-07
legislate,1.2637807251865784e-06,-9.426738592588068e-06,-6.018396349231042e-06,1.872052175376763e-07,-1.3051733359068548e-06
legislature,-3.208640096131489e-06,4.7283216076466565e-06,1.5450658017094811e-06,-5.948496559111438e-06,3.7443551536877195e-06
legitimacy,-1.2189839961087223e-06,-6.959397543277055e-06,-1.8484857872743825e-06,-3.320861699171616e-08,2.9079666411504076e-06
legitimate,-1.7078160180320888e-06,-6.074321242226659e-06,-1.9410265204877705e-06,1.4384826895776115e-08,-2.139096837462859e-06
leisure,-1.0708421310774102e-06,-3.4837332044584527e-06,-1.8184549128474208e-06,-1.90076224993081e-07,-1.3133439539577248e-06
length,-1.5128548137198184e-06,-4.752835333311278e-06,4.012611763731388e-06,-8.071228461994093e-07,2.473305098907647e-06
letter,-1.6683055558930884e-06,-3.890499831590597e-06,-4.2281630964589915e-06,-4.755555036769826e-07,-1.4388559314650872e-06
letters,1.3754761705003618e-06,-3.5756480776160165e-06,-1.710104326916565e-06,-7.34636377501987e-07,9.020599186564734e-07
level,-2.112948179096001e-06,-1.3729538041180301e-05,2.2255009150486534e-05,2.3940776718488394e-07,-1.2293877105956168e-05
levels,-2.2330780144934335e-06,-1.8548654319374953e-05,3.2178488728846465e-05,4.4716235123525556e-07,-1.2554904392029142e-05
levied,-5.831002896309597e-07,-7.017984650244723e-07,-1.645702217010587e-06,-1.061917591148552e-06,-2.200608846921921e-06
levy,4.64351506594389e-06,-2.2588067580659348e-06,-3.261170502989067e-06,-2.774085831481705e-06,7.082990791704331e-07
liabilities,-4.680748625381701e-07,3.3946255729375055e-06,3.0544782340565193e-07,-9.060812596172607e-07,-3.875077280765153e-06
liability,4.043281283124808e-06,-1.0979138880343202e-06,5.308439361405152e-07,7.533096450338806e-07,3.444323247885207e-06
liable,-6.347370124885606e-07,1.3725426049923948e-06,-1.628843449080494e-06,-1.289709644962911e-06,-6.554388651238194e-07
liberation,-2.387309103362656e-06,-1.181032978313171e-05,5.016438067433406e-06,6.23939648797658e-07,2.8625345587361207e-06
liberties,-3.1864029970633024e-06,-1.1118017648641735e-05,-8.766066375729476e-06,9.573302753776833e-07,-6.331428201703773e-06
lie,-2.3479674101092685e-06,1.6707482373773904e-05,2.845297681585859e-06,-3.7873729735368898e-06,1.8641888113456645e-07
lies,-1.4062754995053044e-06,2.06587586925725e-06,-2.656748795790998e-06,-6.189230613039721e-07,-3.858789000964938e-06
lieu,-1.5546214375969245e-06,1.542969757417152e-06,1.6756754690457543e-06,-1.666720185633504e-06,3.504697900082839e-06
like,-2.002677889943863e-06,1.4274810457502265e-05,3.3337363335120182e-06,-3.465481319586925e-06,2.1349667731373053e-06
likely,-2.3524823750621015e-06,1.1848608472273395e-05,1.717055380866541e-07,4.017833906363629e-07,-3.510497931000841e-06
likewise,-7.427730728396084e-07,-9.354169502880494e-06,-4.876577117746408e-07,-6.49457137055516e-07,9.17638176595725e-06
limit,-9.9318094006362e-07,-3.718829351178084e-06,-2.0898060525869615e-06,4.596010084802604e-06,1.8244677910807625e-06
limitation,-1.387180922030492e-06,1.0702547622538077e-06,-9.021842288301979e-07,6.888218342426763e-06,-1.4906720613153895e-06
limitations,-1.1428101944557067e-06,1.283872288235209e-07,-3.714399036610202e-08,5.298627136258465e-07,1.5483069654839366e-06
limiting,-1.786571143273818e-06,-5.034036125703941e-07,-1.862084687565179e-07,-4.2439913693534974e-07,-3.449258076140193e-06
line,-3.75566184964538e-07,-3.4382055413811577e-06,-6.494222418237797e-06,7.621405316163086e-07,-6.840147249561653e-06
linguistic,6.318987263017025e-07,-3.3271562901658894e-06,-3.1018803050219643e-06,-1.2606732824612504e-06,-1.3205788590129698e-07
liquidation,-1.3806724341884144e-06,-6.322417002405123e-07,-1.1036186367556033e-06,-8.84472252402499e-07,6.132562308246748e-07
list,4.6770728256600593e-07,2.1894775095205423e-05,6.257981194188459e-06,0.00010466734762856415,1.1864575711080918e-05
listed,3.724155462035138e-08,-1.2422332617230692e-06,-3.8131430071927345e-06,1.0020294710564107e-06,-1.740680369225335e-06
lists,-1.3963670988552493e-06,-6.169644657687038e-06,-1.8593409473114457e-06,-7.143590662657166e-07,3.9949359899879645e-06
literary,8.201440342876157e-07,-5.3144585198010514e-06,-5.918153455044264e-07,-3.3089874427966167e-07,-2.1769650511057936e-06
live,-5.125323265824106e-07,-6.783704620155986e-06,2.657821588718469e-06,-4.593012984550164e-07,-4.095470553968218e-08
livelihood,-9.87659421287207e-07,-3.15956185681612e-06,4.14727573611749e-06,1.2326836017854645e-08,-4.419486568475172e-06
lives,-1.8334635751174805e-06,1.3996480650029742e-06,-5.519359150473763e-07,-1.1488796271224833e-06,-5.650787994187941e-07
loan,-1.7060687032685092e-06,8.44065993215105e-06,1.3861661848714632e-07,1.527146074382541e-06,-9.410822505198908e-07
loans,6.55738837018486e-07,-1.547340290167691e-06,-1.6069602374635684e-07,-4.0810195700109205e-07,2.522316956221401e-06
located,-5.465846655176921e-07,-6.3184165354601226e-06,2.614226752604574e-07,-6.253763085563681e-07,1.8333734583005277e-06
location,-4.1467601764211086e-07,-4.1332645318153e-06,-3.0268670055687723e-06,-6.056006203685303e-07,1.0136385763914041e-07
long,-1.1465665885897745e-06,-9.509577349282018e-07,1.6399346296515277e-06,-9.101899762853081e-07,-1.6547991857921405e-06
longer,-5.766354858541154e-08,9.005762414103532e-07,-1.0935154306568002e-06,1.1355209066519e-06,-8.621448587049484e-07
lose,6.391206163563226e-07,-4.832496356216321e-06,-3.3707832578674097e-06,-2.322313217290447e-07,1.2630538869342492e-07
loss,2.274582905633363e-09,-3.936015178346866e-06,-2.357908855439729e-06,1.8480791873085797e-07,-2.891107635522774e-08
lost,-1.2471303475177423e-06,-2.1525370072484286e-06,-1.7154092911880075e-06,5.68293361907645e-07,4.912887191641007e-07
love,5.517075204042294e-07,-7.417965890717895e-06,3.9446495706947935e-06,-1.2776390887212782e-07,4.865966446716685e-06
lower,-3.311476014663326e-06,-3.822048206371313e-06,4.887937053703479e-06,-1.2411352155088013e-06,-5.04598141631777e-06
loyal,-2.0393051923663607e-06,-5.914787986390832e-06,-6.196689731472329e-06,-4.112439644300125e-07,-2.608464924748373e-06
loyalty,6.227387892051501e-07,-2.85429796630646e-06,-2.3270086746948942e-06,-3.2335403198352935e-07,1.4989500784684586e-07
m,2.0201093260687555e-06,-4.642650262310026e-06,-2.2555021151776223e-07,9.051122548046298e-07,3.286157358102345e-06
magistrate,-2.239734021994196e-06,2.9510746759505943e-06,-1.2768329720870154e-06,6.434788988369078e-06,5.675913659682542e-07
magistrates,-3.6750954378718676e-06,-1.4490838981306271e-05,-7.071339102277382e-06,7.421761808140848e-06,6.931144069081179e-06
main,-5.196006582200738e-07,-7.366312378590742e-06,-1.84834757723655e-06,5.426231769205696e-07,-2.4361353929560168e-06
mainly,-1.4288155045401325e-06,2.733911240414874e-06,1.6559867312004594e-06,-1.524431692852931e-06,-1.7386695206119122e-06
maintained,-5.854965487384812e-07,-2.1335206461528834e-07,-1.9971702792872543e-06,-9.384513122958798e-07,-1.2079804578261556e-07
maintaining,-8.174351115861728e-07,3.4058914836127616e-07,-2.2617162875868166e-06,3.04001479722899e-07,-1.7602903098032382e-06
maintains,-2.027053902187584e-06,-8.717877854476657e-09,1.3366647020302993e-06,-4.025593777656149e-07,-1.0494933095234908e-06
maintenance,-8.492454332684074e-08,8.602022750889648e-07,-1.1539502258971574e-06,-8.20735350753562e-08,-1.213950045820646e-06
majesty,-2.5455900818952783e-05,0.0001498414214504546,3.671430289817261e-05,-6.741243187173209e-05,-2.4014252467663877e-06
major,-1.3448838767062878e-06,-8.667598740788522e-06,9.044975477517267e-06,-7.025687587446706e-07,3.322831803592792e-06
makes,-4.047697025438599e-06,1.7921470699252575e-05,3.7251094456631993e-06,-1.8960614710102462e-06,-5.346606645365137e-07
making,-2.2681896100629476e-06,1.4032369102029277e-05,1.3858252265554194e-06,5.155106562470926e-08,-4.404274895879029e-06
male,-2.975729833665888e-06,-3.2981764314235895e-06,-4.2986068670564135e-07,-3.390208757853622e-06,5.25911372580354e-08
man,-4.824249446310623e-07,-7.924132337187106e-06,9.13948326295505e-07,-3.2113003059778574e-07,-4.87762442350028e-07
manage,-4.6332277733228887e-07,-3.464382863075973e-06,1.2957322079843202e-07,-4.3906659340988205e-08,-2.1441807138664605e-06
managed,-6.636506819794401e-07,-3.5967256215941863e-06,-7.331665669144458e-07,-1.6803651940071915e-07,-2.60401683083327e-06
managing,7.44960590835579e-07,-5.050538268237455e-06,-2.5468569978351058e-06,8.338980087587778e-08,6.171953698362337e-07
mandate,-3.6203607644191907e-06,-2.1820409143568754e-05,-1.4129952497025942e-05,2.010938317988023e-06,-5.847184169112003e-06
mandates,-1.6909526540472513e-06,-7.7038127968339e-06,-4.882793346477015e-06,2.2454851791980065e-07,-8.118244069282454e-08
mandatory,-2.090945547606297e-06,-8.90028356906511e-06,-5.151024569831126e-06,4.119559527112657e-07,-4.3875578200257545e-07
manifest,-8.352592548128127e-07,-6.341661433047453e-07,-1.802867348773029e-06,1.5195925888712908e-07,-5.424521992832556e-07
march,-2.0752826553700498e-06,-1.2131033663898122e-06,7.522617585985361e-07,-4.272163192549271e-07,-1.7816086702975565e-06
maritime,-9.781527958246613e-07,-5.758656724648188e-06,1.467845734654624e-06,-7.45899711501423e-07,6.3516763537592284e-06
market,1.1807997452245095e-06,-6.533775659298016e-06,1.655418745906921e-06,4.5038318087419283e-07,-2.221515716496646e-06
markets,-5.890066051216114e-07,-3.936715222711254e-06,-2.74693592381082e-06,-4.1038013313581835e-07,8.483565005879716e-08
married,-1.5657115702588303e-06,1.2290740703655852e-05,1.411635366569304e-06,-3.1345016680325912e-06,-2.5133768541020656e-07
marry,-4.88566486548618e-07,-4.1764013854806325e-06,-1.8683102655205257e-06,-3.2391155776076145e-07,-9.952786033165788e-07
martial,3.142853101724317e-06,-7.606353323628214e-06,-7.345843096374237e-06,2.635612735677383e-07,-3.7487341443188943e-06
mass,2.0136093127678684e-06,-9.964277318298941e-06,1.8416229550214374e-06,1.2112341294949395e-07,-5.941806858897715e-06
material,3.9399384001887613e-07,-3.782799733698843e-06,1.0196956986204343e-07,5.099509455142322e-08,-3.091690509989753e-06
materials,2.736329700847557e-06,-3.726659344448869e-06,-1.7878000211337743e-06,1.1820854640129857e-06,1.291146883725754e-06
maternity,4.995866519080582e-06,-3.933261431418152e-06,-3.179545990012418e-06,-2.872457464708066e-07,-6.555777274784194e-07
maximum,-1.144875077901375e-06,-2.303655643320016e-06,-2.0613915040105968e-06,-3.837903214552552e-07,-8.889890898263083e-07
mayor,-1.4071939444948209e-06,-7.789180222386356e-06,-4.613259388459015e-06,-2.206579007939409e-07,1.5260176603552937e-06
mean,-9.458163485354947e-07,6.582024865390536e-07,-1.8253065042748698e-06,-1.2411625650223089e-06,-1.4575228412332102e-06
meaning,1.6112641970205433e-06,8.408193390752364e-06,8.05195305227175e-07,-4.1663504536771114e-08,-4.095567087052455e-06
measure,-8.863562895919847e-07,-5.602001318166183e-06,-5.40388489948652e-06,2.312110691142092e-06,-2.4964931405290126e-06
mechanisms,-1.2534367785255858e-06,-6.844643519285744e-06,-1.9381854688804053e-06,1.493080936956055e-06,4.076754998933803e-06
media,-8.167748931756982e-07,-4.546002217937043e-06,-2.066687793593443e-06,2.1199582087206167e-06,9.310932543843044e-07
medium,-1.4516308381469541e-06,-3.7483029483796388e-06,-2.278804817316961e-06,-1.5023064138116857e-07,3.013529187444269e-07
meets,-3.3121669510570336e-06,1.068444511317265e-05,1.6797519629189435e-06,-3.761961871086348e-06,-1.5439370561080728e-06
men,1.775825142308847e-08,-3.5533022544499027e-06,-5.200387994332725e-07,-6.975731979527929e-07,4.438609167369409e-07
mental,-1.2628306679622214e-06,-2.2733838894472745e-06,-1.7873306893684677e-06,7.347947190665619e-07,-9.192172771811771e-07
mentally,-1.2538925917188304e-06,-1.9160548503524988e-06,-2.6693761253734157e-06,-1.5588793641214098e-06,-3.255677705422262e-07
mercy,-3.430147375835755e-06,1.550402087087289e-05,2.4547311507876776e-06,1.6568831693790737e-06,-2.085343753938279e-07
merely,-6.937238209439509e-07,1.6326134591225429e-06,-1.057030582975942e-06,-1.472438791304956e-06,-2.4474054202774834e-07
merit,-1.5791188725227084e-06,-1.094158668422795e-06,-1.5243229684268896e-06,9.886669694219455e-06,1.5834588074860952e-06
message,-2.01230604025206e-06,-3.563388907498546e-06,-4.362013975876253e-06,-4.854614132419743e-07,-1.9161591833695726e-06
messages,2.5257132828883604e-06,-4.167030707116053e-06,-3.2977501887100742e-06,3.848467801753651e-08,-4.165326723245596e-07
met,2.150038807623505e-09,-1.4170063289921733e-06,-2.4863161930799214e-06,-8.905315030318372e-07,-8.511483202266824e-07
method,-5.332929888398337e-07,-3.3812974252971286e-06,-3.2999320629551076e-06,-1.6421572628594052e-06,1.919218732624716e-06
methods,3.434813890039536e-07,-4.575602267421392e-06,-3.4766143523792017e-06,-4.7113851593861397e-07,-2.594514490237607e-07
mind,-4.3941164840412345e-06,3.1744922813118475e-05,7.0118051614812756e-06,1.6351386574233811e-06,-3.401274276827006e-06
mineral,-7.201509229590071e-07,-2.1036214913783542e-07,2.3863032764463147e-06,-3.633120753392394e-07,1.964982065258235e-06
minerals,-6.604892489275517e-07,8.863015328781749e-07,-1.4435972199952874e-06,2.7430589537276514e-06,-9.760023301700515e-08
minimum,3.208662758426548e-07,-5.49291050851654e-06,-7.561168663013617e-07,4.436088260438567e-07,4.235439447949833e-06
mining,3.9146466261881936e-07,-5.360415712516898e-06,-2.5747632041255775e-06,-6.418896451142489e-07,2.2983709889948314e-06
ministerial,-2.027249661825605e-06,-6.125297453588533e-06,-4.125762978041287e-06,5.705594573728288e-07,-2.358473183543201e-06
ministries,-1.6867267370325803e-06,-9.062129286925633e-06,6.586917566535417e-06,1.1398330145578519e-06,-9.207720115711825e-06
ministry,-1.6009012966709323e-06,-7.128102646193208e-06,-4.9919920873432995e-06,5.201337426578667e-06,2.5139585324811633e-06
minor,-1.245006348025971e-06,-1.7971823074477922e-06,-8.306950865150853e-07,-5.436614894472336e-07,-1.7773356748383108e-06
minorities,3.5947872712750964e-06,-7.238747746723759e-06,-5.357149641116578e-06,1.6581823025582713e-07,-3.4022098860569946e-06
minority,-3.8188729827474105e-07,-1.1089005465569376e-05,9.980345787467945e-06,-2.1350491154746611e-07,-1.0488590062896524e-05
minors,-1.333924942564572e-06,-6.032346099591423e-06,-2.6001375794493988e-06,7.556361577219929e-08,1.0315805712959825e-06
minutes,-2.526393782865482e-06,5.5454615854226936e-06,-1.0806638260237615e-06,-3.5043647861160696e-06,-2.369886828678882e-06
misbehaviour,-9.20725923600039e-06,5.407668210005001e-05,1.2391339947595627e-05,3.294637699388882e-06,1.910809677165983e-06
miscellaneous,-1.3045447027934015e-06,3.271841461016469e-06,-9.892103494305354e-07,-1.4424759115450574e-06,-1.3925983295444065e-06
misconduct,-1.2147813330105067e-06,3.966611556065365e-06,1.8189772774532883e-06,-2.2742564582623791e-07,-7.259037881111467e-06
mission,-1.798679660926263e-06,-8.262928270388492e-06,-4.99415769193932e-06,3.2536727862474946e-07,-9.444738196039339e-07
missions,-1.695745357559565e-06,-8.551822356934594e-06,-2.024807862453001e-06,3.772731902602669e-07,1.934171512218852e-06
mixed,-1.6315585117008502e-06,-6.496719160681965e-06,-3.71028208615291e-06,-5.546865258059596e-07,1.492460654388466e-06
mobilization,-1.8228225536515103e-06,-8.681828297424944e-06,1.6134091283746788e-06,-2.945976248479467e-08,-4.815018469041585e-06
modalities,-3.4099944424167854e-06,-1.59719773536854e-05,-7.82872728815248e-06,7.936370400141644e-07,1.297491212859486e-06
mode,-2.0572507338772886e-06,-1.8814710974244063e-06,-2.4117493673693332e-06,-1.163942613695045e-06,5.085144797598443e-07
modification,-1.0642016058121008e-06,-5.024199819589552e-07,-2.257451706435115e-06,-9.095057129338331e-07,-1.1746110325005754e-06
modifications,-6.136682549281227e-07,8.302176602554467e-06,3.7102870711045344e-07,-2.0716673728656294e-06,-1.1130300213462511e-07
modified,-8.602757680220697e-07,-5.855534488168194e-06,-1.6845727448284445e-06,-7.222378000791618e-07,4.871575347698962e-06
modify,-1.6159450591517804e-06,-5.200365154856707e-06,6.45309788938943e-07,-1.0363998542552346e-06,7.243322764438886e-06
modifying,-1.7178717900077203e-06,8.280380981303256e-07,-1.229970637834792e-06,-3.897941895360812e-07,4.295716760290377e-07
moment,5.83470151248002e-06,-6.217184450394973e-06,-4.504125347862341e-06,3.8248441702062187e-07,-7.874289981381362e-07
monetary,2.615807891558062e-06,-6.430918585088485e-06,-1.7366578656039548e-06,1.5285703489849813e-07,1.2769577636557278e-06
money,-1.0597587097425773e-06,1.9521129457794204e-05,1.0967679727781336e-05,-5.007810545561022e-06,1.3236142874835864e-05
moneys,-5.969268527866724e-06,5.004935752551371e-05,5.5009563262977885e-06,-6.456400945524234e-07,-1.4065158970802461e-05
monies,-3.0854884033430427e-06,8.183380660140683e-06,3.3870259909784577e-06,-3.882196987012157e-06,-3.170715583739849e-06
monitor,5.225609142157348e-07,-3.4097271511703087e-06,-2.6783647884303116e-06,-4.7335572466755026e-07,-2.9079397791600203e-06
monitoring,-1.3069316370715085e-06,-4.721624939239436e-06,-5.34866741419286e-06,3.499587470023156e-06,-2.608482244285509e-06
monopoly,-1.5174082806091165e-06,-5.3071247245402544e-06,-3.788198167504344e-06,-1.2345920578558706e-07,-6.963720089910409e-08
monuments,3.0965907454624663e-06,-4.347888220745154e-06,-7.858648001432676e-08,-1.0143745410766059e-07,-8.450730537819694e-07
morality,-1.326372364847844e-06,8.010672233592113e-06,6.749646302741414e-07,1.822650035102838e-07,-1.8672321631747956e-06
morals,-1.997647781621707e-06,-8.341382061206164e-06,-3.987988102663145e-06,-3.940168566573222e-07,1.082112007870749e-06
mortgage,-1.5839741425219066e-06,1.7943475938533993e-06,-7.452434489011957e-07,-1.2989827232743395e-07,-1.5864455854054125e-06
mother,-1.2315041648920854e-06,-3.5242955056499527e-07,-6.313105793165556e-08,-1.071912243937584e-06,2.343674773801803e-08
motherhood,-1.5164038228427329e-06,-5.548084294112437e-06,-2.5333374374554544e-06,-2.3778338797620172e-07,9.409467893553273e-07
mothers,-1.673309894585478e-06,-5.258020074739449e-06,-3.062574112616039e-06,-6.854706261383773e-08,-3.202799543240018e-07
motions,-2.3641646425484585e-06,-4.044949841918882e-06,-5.071126986853562e-06,8.877124027828143e-08,-2.234100790094103e-06
motto,-1.6758548164118642e-06,-5.002780042889113e-06,-3.951359939741813e-06,-2.3358215861270573e-07,-8.739340496414675e-07
municipal,9.612292259801931e-06,-1.5845325624339794e-05,-4.116770294778663e-06,1.9973434859355926e-08,1.7369452266281116e-06
municipalities,8.385110139549026e-06,-2.7563871637733687e-05,1.2633829783346939e-05,1.1813567817892707e-07,-5.5155495770975804e-06
municipality,-5.263667943906861e-07,-9.451561311907666e-06,-8.395627876496353e-06,3.19993950150446e-07,-5.227500797326332e-06
mutiny,-1.8709419387075688e-06,3.6693230836228912e-06,-6.159937743729753e-07,-1.733790282396652e-06,-9.856798355297771e-07
mutual,1.6327041729439777e-06,-6.040177753173922e-06,1.5960277550507608e-06,-1.0997129536680423e-08,-3.4138502148061556e-06
n,1.1613021210765557e-06,-9.169774749201582e-06,4.6647216173506363e-07,1.1610717658067827e-06,7.603319394420141e-06
named,-7.331528781967936e-07,-1.2899599210379546e-06,-2.5219024348350746e-06,1.7281617844161323e-08,-4.6398213512231285e-07
names,1.198965019805361e-06,-1.006705604832024e-06,8.228654983013832e-07,-5.519524702110074e-07,-9.964324049541957e-07
nationals,-1.0170544798279592e-06,-7.295515176844351e-06,2.065161363782691e-06,2.8639524675427626e-07,-6.448876717596471e-06
nations,6.168085678694641e-07,-5.935935152662966e-06,1.7346203607061504e-06,-1.1761842298903436e-06,7.154529627036445e-06
native,3.4572222442307296e-06,-1.2911049653579058e-05,-5.831437869261275e-06,7.521636690986322e-07,2.027467233204217e-08
naturalization,-2.3534449693311053e-06,-5.121826607696649e-06,1.2140011977038024e-06,-1.3822887955763267e-06,8.829012371919413e-06
naval,-2.0704226628443135e-06,8.834227837545133e-06,2.577914500920153e-06,-3.3097541498558095e-06,3.7034242496904112e-06
nearly,-1.5080035569417314e-06,5.51953123233149e-06,-3.4867183556870485e-07,-2.6686244561040465e-06,-4.2927118421716865e-07
necessity,-1.5094045177159278e-06,-8.342570237875898e-07,-1.7708411180338512e-06,-1.0322494739894326e-06,3.8177418229667513e-07
needed,-1.5184312005003195e-06,-6.7272848453252004e-06,-1.5598594415712342e-06,-2.337166326209472e-08,3.0243544418135574e-06
needs,-1.1877289804978923e-06,-5.573504266738306e-06,3.979270819172745e-07,2.0123186244737502e-07,-1.3980218669852921e-06
negotiate,-1.2632809149495015e-06,-5.569226143521334e-06,-3.4342559696415306e-06,7.569842136775857e-08,1.252789635290881e-07
negotiation,-1.3839649183414165e-06,-3.4317742022287537e-06,-3.0966760332215674e-06,-4.00964858923504e-07,-3.0109420001618176e-07
negotiations,1.9426277001944783e-06,-3.95986619548238e-06,-3.123565851656927e-06,-4.140575860923225e-07,3.3545326741404336e-07
newly,-1.6640759686897884e-06,-5.422552176339099e-06,-5.318835112751101e-06,4.24557173784629e-07,-5.037520689830101e-06
ninety,-1.760275217964439e-06,2.0632515874028835e-07,-6.057848702656547e-07,-1.1395400219167424e-06,2.0741003336202232e-07
nominate,1.2020128456348275e-06,-2.697364961321319e-07,-1.8268792185297027e-06,1.4695829825270266e-06,4.382349103169168e-07
nominated,-3.396021031930668e-06,1.898349193082677e-05,5.124139853117187e-07,7.484304035780231e-06,-6.061792866745911e-06
nomination,7.63101094016891e-07,3.7517225943371378e-06,2.7745521044233814e-06,6.901006418156581e-07,-4.571417615446426e-06
nominations,3.7416815774571924e-07,7.923434093590232e-07,-1.1158350239018274e-06,4.834517475466996e-06,-3.194960776724062e-06
normal,-1.2864697585771073e-06,-2.638683155214194e-06,-1.0837599631769804e-06,-1.3403139611983584e-07,-1.6776893409037182e-06
normally,-1.031261517090168e-06,-4.446055863211794e-06,-3.820524603138713e-06,-1.4844605681570045e-07,-1.3272603444230003e-06
norms,6.89263144609077e-06,-1.1380867637239962e-05,-4.485115466786387e-06,9.47001800485212e-07,8.589111121284819e-07
north,2.467530169109658e-06,1.1246375186855432e-05,-6.281627410638419e-07,-9.12192565926666e-06,2.6611189837801294e-06
notice,-2.4153601067849028e-06,1.7082372049843435e-05,5.498690644803272e-07,3.9622607963950145e-06,-6.89861236633963e-06
notification,-1.7609915244699636e-06,3.5951009814154055e-06,-1.235615843953468e-06,2.9910017928100955e-06,-9.493845429707926e-07
notified,-1.5476626129440624e-06,-4.917376276655306e-07,-2.9726237106498064e-06,-1.3758740185588645e-06,-8.139895869913226e-07
notify,-1.9542792524689964e-06,-3.052296476359333e-07,-1.848937786868171e-06,2.2379306746340007e-06,3.834567700073058e-07
notwithstanding,-3.4236557591417443e-06,3.715994896632294e-05,3.12506205142347e-06,3.952731964616886e-06,-9.21601035488467e-06
november,-2.1639258791967002e-06,1.2039866924483706e-06,-7.595749438085836e-07,-1.6390801555245986e-06,-1.2992552642710763e-06
null,-1.2495157200566588e-06,-7.786108773928175e-06,-4.53744077489524e-06,1.74986236727474e-08,1.3783175093457644e-06
numbers,-1.8152379901850233e-06,-1.9657881303904545e-06,2.6507651740130733e-06,-1.7930277297495207e-06,3.5468357534398833e-06
o,-5.617155579570533e-07,-3.930173677600539e-06,-2.610564047451956e-06,2.7495453508022927e-06,-3.396566114193616e-06
oaths,-2.1164367118000485e-06,1.4841706973666847e-05,1.9695854696338685e-06,-1.710024349702121e-06,-3.0403976837960677e-06
obedience,-2.1309247031096697e-06,1.9847010718058625e-06,-1.0473254336723107e-06,-2.126968866911948e-06,-1.2666234220982496e-06
obey,-9.434151294229914e-07,-1.6020433988608258e-06,-1.1949087141987688e-06,8.395107548228192e-06,-4.5753676693146363e-07
object,-1.8028503321914252e-06,-8.086894806554714e-06,-4.735054290519541e-06,2.6853731797862825e-07,-1.5227533243828719e-07
objection,-2.9947613774401934e-07,4.2640375831534235e-07,-1.6901353698848138e-06,-1.1033801392907461e-06,-3.197943806879028e-07
objections,-1.4319999003496836e-06,-4.2542494569664516e-06,1.1904807513933801e-06,-1.0026616503736613e-06,7.361906811136213e-06
objective,-1.755841656663467e-07,-6.3264634438904755e-06,-2.2161941556499874e-06,-1.9766790918264458e-07,1.7938986683841167e-06
objectives,2.4742308388514873e-06,-4.918380370050907e-06,-3.7325185240632866e-06,-2.7430470967496338e-08,-1.2279085504652385e-07
objects,-5.967002340524545e-08,-2.5738648945434114e-06,-2.553017215769991e-06,1.8519887973964685e-06,-1.5935231633171282e-06
obligated,-1.9353061024559157e-06,-1.1391370524996429e-05,-4.160139199925095e-06,-2.9462054495518385e-07,3.0634377459726104e-06
obligatory,1.3473459124085135e-06,-8.303362769286693e-06,-4.642274558676303e-06,7.85021070352721e-08,9.181531085691815e-07
obliged,3.673896002455485e-06,-1.7428104109118694e-06,-1.739829828292497e-06,-8.11641483643149e-07,-1.9177821580103456e-06
observance,5.937639277405239e-07,1.6623450526761738e-06,1.3710569971771547e-06,1.038760057262361e-06,-2.9941425161590833e-06
observations,-1.3401616106100725e-06,-5.3284003794328096e-06,-3.3950242421476808e-06,-3.700466960552513e-07,1.3132722937599814e-06
observe,3.019136489345442e-07,-8.062037064475663e-07,-7.355823995095892e-07,3.21829110457179e-06,-6.91268194894658e-08
observed,4.3575257534937535e-07,-1.6598556114462627e-06,-1.6299689255593218e-06,-8.053918842760471e-07,-3.4786626345131164e-09
obtaining,-1.5521142333386406e-06,-4.308965095659055e-07,-1.0029556812679007e-06,1.0820397756407913e-07,1.1548984678792119e-07
obtains,-1.5564875583376007e-06,-3.264222209257323e-06,-2.346559120777656e-06,8.826880577639997e-07,-1.3116391107367127e-06
occasion,-2.0694360613864087e-06,1.1837291859953281e-05,1.6398527335595194e-06,-3.2179148025955885e-06,1.2771531624113613e-06
occupation,5.20542890628976e-07,1.923003584465312e-07,-6.826428976689697e-07,-3.283774461291077e-07,-1.6753183474004994e-06
occupied,-9.202137354576759e-07,-3.90052362825081e-06,-2.872802718161059e-06,5.856400146453073e-07,-1.7767287997803159e-07
occupy,-9.97612925681188e-07,-3.345963054497979e-06,-3.00181363044144e-06,-1.1580420483668928e-06,1.0952828546931277e-06
occur,-8.515962536776774e-07,-3.249732849546785e-06,-1.4307298783803806e-06,8.287138546229381e-07,1.417459414931525e-06
occurred,-1.5743345080485286e-06,3.291926343042613e-06,-1.0551549632732078e-06,-9.08903896424634e-07,-8.173007706825869e-07
occurrence,-1.335598913648393e-06,4.4574124918120145e-06,3.318702674478453e-07,-1.5128256005257468e-06,-2.581098308465521e-06
occurring,-1.2414220792315365e-06,-6.423803399852191e-07,1.0442327841261136e-07,2.556455900923526e-07,-3.4098016251322915e-06
occurs,-7.9847053496623e-07,-4.859994140196543e-07,-1.313569692347494e-06,-2.475265909389781e-07,-2.8190743188320037e-09
october,-1.1523469964532454e-06,-2.1301180718898167e-06,-2.6196197279417617e-06,-3.6635228182835265e-07,2.0647398144901384e-07
offence,-1.0995953116027885e-05,7.676752385524837e-05,1.625769368576059e-05,-8.007121029528786e-06,-1.655292843936773e-05
offences,-1.616984971974779e-06,2.036425563582264e-06,-2.7208593329607183e-06,1.3280563989820723e-07,-2.3914197491700927e-06
offender,-1.993795035318279e-06,-2.3943445907481085e-07,-1.8488067858103095e-06,-1.7081957742096313e-06,-1.8698172262655115e-06
offenders,-4.4615200356611693e-07,-8.948621865965499e-07,-1.6756279485752606e-06,-6.982310158332959e-07,-3.523522332335164e-07
offense,-9.89612019591654e-07,-1.066243161889261e-05,-2.6066435745370062e-06,-7.152199568470785e-07,4.965191375089209e-06
offenses,-2.379347664511071e-06,-1.2321360882453501e-05,4.757881007796401e-07,-1.1366960110562035e-06,2.6932236348303382e-06
offer,1.4096206644091656e-06,-3.490628867266478e-06,-1.96458288740597e-06,-1.0076163902337358e-06,1.831920114590972e-06
officer,-1.2196652161574899e-05,9.381992662404971e-05,2.833744082577531e-05,-1.0718496866730895e-05,1.2244192788759163e-05
officially,3.0278450879578247e-06,-4.1809034913842e-06,-3.6096715423035485e-06,1.2973018950345127e-07,-1.447501085321939e-06
officials,2.742358580671096e-06,-1.1618430271951674e-05,-3.6653613145311156e-06,-2.0059341678882382e-06,7.238706709119822e-06
officio,2.2324546947070075e-07,-2.2828869188590193e-06,-1.404708803472388e-06,-8.447048828644446e-07,1.3514485694061495e-06
old,-3.4174287215822706e-07,-6.107639362426003e-06,-2.123984835595268e-06,-3.3848184462605297e-07,-8.181912135741993e-07
ombudsman,-9.485723894183545e-06,3.019547763459925e-05,1.3098885764131058e-06,-4.940294857925014e-06,-5.171061252173043e-06
omission,-1.6758223776246977e-06,4.124188987071498e-06,1.817999921198411e-07,4.6797912326575387e-07,-8.633669058601585e-08
omissions,-1.2393705192679102e-06,-5.06654093009685e-06,-2.7019356673741677e-06,-2.0409055312668997e-07,1.089346786535764e-06
omitted,-1.6985616685304531e-06,1.096579786242382e-05,-1.692039806387452e-07,6.419720998647099e-07,-4.534155017268334e-06
one's,-1.7139860547305173e-06,-7.58907331236554e-06,-3.955287957936102e-06,-2.1250128033413138e-07,-2.202346481160905e-06
one-fifth,-2.0771223601672418e-06,-8.00045985699598e-06,-3.184707477050825e-07,-5.880913221539519e-07,-3.758376941893467e-06
one-fourth,4.464101525923829e-10,-4.833514812096623e-06,-3.6398260753674146e-06,-6.235490627644509e-07,-1.5315259650307072e-06
one-half,-7.921010574372706e-07,-3.878214017865741e-06,-1.3111130986956215e-06,-8.263090824810905e-07,-3.7218047625050703e-06
one-third,3.1526715579891925e-07,-3.487186901115152e-06,-3.781751931288704e-06,1.2028267776428681e-07,1.392269490670471e-07
ones,-1.8196326062763545e-06,-5.425658446333312e-06,-3.98474570381206e-06,-8.832835782563172e-07,6.310169169294835e-07
opened,2.3167508909175247e-06,-6.035967527504537e-06,-4.3470518095933375e-06,-1.6726468569796603e-07,-4.7343839267092185e-07
opening,-1.6575603992966172e-06,-7.340378315709626e-06,-5.501816232122793e-06,-4.0743278708393656e-07,7.543024456297551e-07
operate,1.5956720361453692e-07,-4.258546782647783e-06,-3.3910317213535923e-07,-1.7603787930775623e-07,-1.4296449232274769e-06
operating,8.249357855241905e-07,-5.169940203136204e-06,7.322964464240748e-07,-4.224538409915345e-07,2.1159983545160695e-06
operational,-9.810954609918536e-07,-2.1967783837583887e-06,-2.772848750077328e-06,-4.6795402088199474e-07,-1.2552175404809493e-06
operations,-9.696393172929385e-07,-5.9409729199379205e-06,-1.33538079259363e-06,1.714938590665471e-06,9.440084795977386e-07
opportunities,-2.475466352497705e-07,-3.6803029110051896e-06,-1.7844319305769838e-06,-4.5716625924399096e-07,9.643695378656725e-07
opportunity,-9.162929332989797e-07,1.7364532584992974e-06,-1.614294272666696e-07,4.5980412784190307e-07,-1.5495597166886898e-06
opposition,-1.044301844977652e-05,5.808735771770864e-05,1.198890894573259e-05,-7.810880478054718e-07,5.269761948423272e-06
oppression,-1.5196967836975504e-06,-4.408042327179666e-06,-1.0902775419007693e-06,3.957412166379198e-07,-2.233058528731082e-06
option,-1.8019999746748735e-06,4.883524951390931e-06,1.3993084802320324e-07,-1.2303369515581094e-06,5.591785912644322e-07
oral,-1.2014058212156272e-06,-3.818015894203539e-06,-3.37090738044807e-06,-3.2592389392319533e-07,-6.406949133298584e-07
ordered,-1.6125167095686377e-06,3.0381213299846863e-06,-1.484168884722177e-06,-4.427738358875377e-07,-1.024928268752262e-06
orderly,-2.2565331568953662e-06,1.0181219637622204e-06,5.134638924479853e-06,2.2273255388322267e-06,1.0018775905344645e-05
ordinance,-3.049864762871686e-07,5.038135112702135e-07,-7.599554764920887e-06,-3.763610909190727e-07,-8.997089756489701e-06
ordinances,-7.152545139440322e-07,-9.666371854157033e-06,-7.65359685946811e-06,8.799144217067697e-09,-2.8343071942579814e-06
ordinarily,-1.637710543925546e-06,5.990375378863976e-06,-6.075071299846505e-07,-7.570692889591714e-07,-1.652384965880071e-06
ordinary,-1.961131589296083e-06,-9.962876203340422e-06,-6.825955479087666e-06,2.245834701371823e-07,3.6555912459123253e-06
organ,-2.7780041303691207e-06,-2.1788376724582514e-05,6.724680910599749e-06,-3.25503002574342e-07,-5.630708426141196e-06
organic,-1.1725900421817435e-05,-2.6906604653469993e-05,-1.7871148806627054e-05,-9.695823075053925e-08,1.2222318417599333e-05
organisation,4.510040018620152e-06,-3.2169252033332292e-06,-1.0861753996284818e-05,3.841204449198113e-06,-1.030539718281422e-05
organisations,9.466930150619824e-07,-1.0035366754367232e-05,-9.099319024147464e-06,2.0398224034574456e-06,-1.0636378750899173e-05
organizations,-1.780515969413292e-06,-2.05358245547285e-05,5.918420457615935e-06,5.9362119405590365e-08,-3.4195031218631272e-06
organize,-3.8909970897236853e-07,-8.392191719864114e-06,-2.5265517983062858e-06,-6.270447516855214e-07,1.9630170419974863e-06
organized,-1.4414139822524459e-06,-9.790346844092826e-06,-4.1252883060477e-06,-1.1763665285012694e-06,3.3223718128322763e-06
organizing,-1.3217274465114205e-06,-5.501577526617929e-06,-2.5691141476994856e-06,-7.076222020950542e-07,1.7630669729545476e-06
organs,-5.381281809602106e-06,-3.429305828962496e-05,2.4632125170045174e-05,2.456519776374751e-06,-2.7520343968351805e-05
original,-2.851720742300285e-06,8.038003546028295e-06,4.167865608501499e-06,-1.3327038328999942e-06,6.451979080402513e-06
ought,-8.35610144464092e-06,5.5396271664035014e-05,1.3245266758306102e-05,-9.249776958162437e-06,2.318117340791739e-06
overall,-4.6606533561398005e-07,-4.8366704079162894e-06,7.317285091797166e-06,1.1526127097084831e-05,1.5473293120855165e-06
oversee,-1.727083926545025e-06,-7.1716709714856024e-06,-2.8035950073883095e-06,1.1981579830858657e-07,-1.5880523523569762e-06
oversight,-2.0906175636624276e-07,-5.369010221195037e-06,-3.97561976581564e-06,-8.634810196107327e-07,-8.2072855817463e-07
owing,-1.3361636239412638e-06,5.2513175907243645e-06,-9.28050034435451e-07,-2.451281828138026e-06,-8.714673626459153e-07
owned,-3.578859954770583e-07,-5.9640728270879135e-06,1.2030405962688457e-05,-1.912228930483181e-07,2.008408834549572e-06
owner,-1.58340047210385e-06,-1.3686653944309032e-06,-1.6796973351949346e-07,9.354955974463217e-07,1.3470761095213425e-06
owners,1.1084569843115767e-07,-1.8054677536077158e-06,-2.9059769192697063e-06,7.65691324805832e-06,-1.3078360120418443e-06
ownership,-6.90742985195476e-07,-8.19532113960731e-06,4.020470913154543e-06,2.8090947099425525e-06,-1.6195206041157355e-06
p,2.900618924475797e-07,-4.060735164015806e-06,-3.042151565015937e-06,2.0871731363028495e-06,-3.2552137061395827e-06
paper,-1.6831038158720331e-06,-8.810579568076584e-07,-3.5192396617386863e-07,-1.1575491430989955e-06,2.783753003471132e-06
papers,-1.6810549263479786e-06,-3.0666555221784157e-06,2.1161675795255043e-06,-1.6332479926551136e-06,7.339667584228203e-06
paragraphs,2.4963082240934737e-07,-2.737874718121716e-08,-2.9290153654564444e-06,-9.251521247531502e-07,-1.9422994424784884e-06
pardoned,-1.6164280009358816e-06,2.2048240017379747e-06,-1.2750951326557094e-06,-1.2142092342729398e-06,-1.2923996815184552e-06
pardons,-3.1328600019304973e-07,-4.8559037768884856e-06,3.944072149919702e-06,-3.603912785043138e-07,2.114164331534444e-06
parent,-1.7616716623581708e-06,1.0150721060337603e-05,8.014894468595017e-08,8.880868152668378e-08,-3.1726368967893334e-06
parliament,-6.638733647764998e-05,0.0002760615537837368,-1.716470697890115e-05,8.39361634275794e-05,-0.0001511574997235086
partial,-1.5574686395824058e-06,-7.198234608817297e-06,7.877003287038236e-07,8.944867962514234e-08,-1.939466021531233e-06
partially,-1.425690408294418e-06,-5.3096095168838375e-06,-2.4422643213551613e-06,-2.334147401894671e-07,1.4488374491252656e-06
participating,-8.7591552576186e-07,-2.576400763239953e-06,-2.7126211691079252e-06,-2.3526462213642904e-07,-1.9061858836289452e-06
particularly,3.538343782589635e-07,-6.159263035378668e-06,-1.5751516012406165e-06,-3.8085466228794805e-07,2.404411729396185e-06
particulars,1.6462894260465777e-06,6.578932361938038e-06,-3.135572042452044e-07,-3.069515056104125e-06,-2.771209286964209e-07
partly,-2.882047173778064e-07,2.37406704023352e-06,-1.0721258034861319e-06,-1.2961346378671279e-06,-1.869354721133546e-06
parts,2.899167790557056e-06,-1.8018832457444176e-06,3.115093521861907e-06,-1.17694922050772e-06,-7.992018305809961e-07
pass,-1.5393496869466267e-06,-3.3983168365377573e-06,-5.935067266624255e-07,-1.254543084070057e-06,3.2926365629313355e-06
passage,-1.912325584583024e-06,-1.332755293495081e-08,6.449233630006748e-07,-2.176890310164176e-06,4.7757076285430125e-06
passes,-2.1999656062384127e-06,1.5631411518396335e-06,-3.1776745280361425e-06,-9.558929776860512e-07,-1.4025524434856166e-06
passing,-1.3374080258301354e-06,1.813504849766715e-06,-2.78613541890243e-06,-1.4809342701893708e-06,-2.356876988991151e-06
past,-1.4894934127895272e-06,-3.8179932253263245e-06,-7.880776972453761e-07,-2.5852657185957695e-07,1.1577834020446042e-06
patrimony,-2.1699754870092065e-06,-1.1553728048064555e-05,-4.418448281094275e-06,2.3470625135081943e-09,5.369469649956894e-06
payable,-2.516440291960287e-06,2.1987602378821064e-05,2.3024339265611206e-06,2.0849822734944757e-05,-2.051872043618422e-06
payments,5.091238788226301e-07,-2.789223628291863e-07,-2.789647046572376e-06,-5.023017503920635e-07,-1.4753261353529111e-06
peacefully,8.48841150468191e-07,-2.311874747773155e-06,-2.5549393462832585e-06,-5.047567861780188e-07,-4.3732786956281894e-07
penal,-1.104531550097313e-06,-9.369447864470383e-06,-4.705738959215538e-06,-2.367579843891032e-07,3.1593531940515784e-06
penalties,-1.4500146678437067e-06,-4.959226730339525e-06,-1.4389120500942538e-06,-5.926094869459387e-07,3.07367082712953e-06
pending,-1.3658688781512478e-06,3.819566589135599e-06,-7.411160164833337e-07,3.382485220650682e-06,-2.689809666571162e-06
pension,-1.4991591601940593e-06,3.97077102058564e-06,1.8512225027849177e-07,-1.2904426006728257e-06,6.393098947967214e-07
pensions,-1.164923763024321e-06,1.722329739657749e-05,6.404045233037494e-06,-5.450136419924994e-06,4.350037914942528e-06
people's,-1.9128136591067318e-05,-0.0002212267458863971,0.0006935235700889889,9.660521073801265e-06,-0.00041554227626500786
peoples,2.0840331147662646e-05,-5.809506427248901e-06,-6.206502134988177e-06,-5.537748492516967e-06,4.510680493185025e-06
percent,-1.3477877574962914e-06,-1.5917117992591978e-05,-3.6524639103105286e-06,5.055973578582659e-07,6.88021493778232e-06
percentage,-1.1240926122152783e-06,-5.830812169296443e-06,5.043827341611462e-07,-7.308159394617691e-07,7.0967644898614865e-06
performed,-1.8697186812322388e-06,8.60900184725113e-06,5.312774886571466e-07,2.0936518487389903e-06,-7.63899372149099e-07
performing,-2.280890409596961e-06,5.445825927534166e-06,4.811433057799123e-07,1.344768926416832e-07,-3.119102508505731e-06
performs,-1.5845109033694373e-06,-5.532024083877378e-06,-3.625337927619348e-06,7.424380222755593e-09,-1.9504827007073836e-06
periodic,-3.4395399844857304e-07,-4.840454589319197e-06,-1.3467864147956877e-06,-5.264799080751831e-07,1.4505643746943613e-06
periods,-1.135061114783829e-06,1.4180566300059636e-06,-7.223148293667613e-07,3.3077487306108256e-06,-6.473484353335728e-07
permanently,9.373520321053807e-07,-3.28333362496766e-06,-2.9380883860555818e-06,1.5097373597492987e-06,-1.1482841099451096e-06
permission,-1.1933164949854337e-06,-3.998955523961713e-06,-3.876408689290721e-06,6.961676323206258e-07,-1.2421705382172542e-07
permit,-4.827686537255143e-07,3.1778645759780342e-06,-4.5294071046594315e-07,-4.191083405733823e-07,9.261302963058216e-07
permits,-2.475160500502841e-07,-2.179780923956351e-06,3.9395375473947284e-06,9.308096978848503e-07,3.6478303721369234e-06
persecuted,1.400127520356256e-06,-5.491241041563607e-06,-3.913527820355446e-06,2.1378471068848472e-07,-1.1769329470961506e-06
person's,-2.2416035441879676e-06,5.7626762514533086e-06,-1.1350726331575726e-06,-1.991468306624378e-06,-2.6899995981127864e-06
personality,-8.409850749282251e-07,-8.524711840907425e-06,-3.711195480345099e-06,-2.3132918509809963e-07,2.104759725594357e-06
personally,-1.126383618253741e-06,-3.352825673356089e-06,-2.395747825270474e-06,1.3465084897507021e-06,2.0294469962286175e-07
personnel,-6.24895856947487e-08,-5.805119361377762e-06,3.7195938167714483e-06,-5.587234645393734e-07,-3.2042526091414552e-06
pertaining,7.817708717301734e-07,-3.0895601152453646e-06,-4.759622423431245e-06,5.7487691801435834e-06,-6.215327452067522e-07
pertinent,-7.668698060765644e-07,-1.0201521108620594e-05,-4.044655997623262e-06,-5.3404770556166644e-08,3.7757879859687514e-06
petitions,-1.182191911096798e-06,-4.9774274023305996e-06,-3.340547484706044e-06,1.5353854581984748e-06,-1.0109466600516836e-06
placed,8.638193736058875e-07,-2.2797666366173386e-06,-1.483062280540391e-06,-4.840665501415747e-07,-1.4493201509069874e-07
places,-3.806524760869903e-07,1.4686225178300504e-06,1.1206261824276742e-06,5.072676519502477e-08,1.3527508980385768e-06
plan,-1.5430988990830031e-06,-1.1326480541594504e-05,-8.158025890601945e-07,-5.61168328582555e-07,1.6225725476615808e-06
planning,-6.593529395763066e-07,-4.1505940841729335e-06,2.544361953633153e-06,-5.977555563783656e-07,4.1814247364575794e-08
plans,-1.3215304833122465e-06,-1.0155234461153887e-05,3.27747291524944e-07,-1.1728982753591986e-07,-1.2783782091269164e-06
plants,-1.14361440858855e-06,7.157506380073767e-07,7.716207849874708e-07,-1.1596194222453632e-06,-1.4051739246981036e-06
pledge,-1.7586845938409442e-06,-1.520935310260933e-06,-3.993751374090904e-06,-1.28364310417171e-06,-1.3017278822901474e-06
plenary,-2.8622532821388853e-06,-1.4868401725960729e-05,-4.940056793896946e-06,1.1208024905159384e-06,1.8721815955520699e-07
pluralism,-1.8704646375012367e-06,-8.473506465918163e-06,-1.9063415004750271e-06,-1.2506524362970636e-08,3.921536000378082e-06
point,-1.964772918264596e-06,-5.442119356406609e-06,-6.160266003388251e-06,1.2997841891516686e-07,-3.1598286056900554e-06
points,-1.4571655297049216e-06,-4.959667405256168e-06,-3.6077415451017507e-06,-2.0412136244953714e-07,-9.913665826517244e-07
policies,-1.6296848840668074e-07,-8.631315442662289e-06,-3.540492029642516e-06,-3.594364548499805e-07,-9.291734264595518e-07
politics,-2.016309044511066e-06,-1.7337602969818016e-06,-2.7467936337354353e-06,-5.618545591744098e-07,-1.3544566500261087e-06
polling,-2.2206044815894846e-06,2.725472569603496e-06,-5.549963723058901e-07,1.2123466548620202e-06,-1.5414067477799301e-06
pollution,-1.2651534754294625e-06,-4.1940170114842885e-06,1.3489801679489346e-07,-1.8695258619233482e-07,-3.924891995735954e-06
popular,-3.3786387429076617e-06,-2.3171588414543e-05,-6.569501057557094e-06,5.311662192890531e-07,9.85430922874679e-06
portion,-1.1189676945842743e-06,2.790898524425768e-07,-1.686800305275743e-06,-1.6204741855176384e-06,-1.3372795332246852e-07
positions,1.669769813850661e-07,-6.290437351930234e-06,-3.135406616772601e-06,-1.2602114140743855e-06,3.955313121929643e-06
possess,1.9007563080579159e-06,-7.561194099602701e-06,-7.97998873109426e-07,3.8584058807979946e-08,-5.245431847511841e-06
possesses,-1.5326740397659237e-06,3.246577563101808e-06,-2.538407173605636e-07,-1.6093806624953363e-06,-9.094469738187224e-07
possession,1.692128710435241e-06,8.79078820585471e-06,2.2859355160667645e-06,-2.616419200425021e-06,2.122658141763813e-06
possibility,3.310722116823672e-06,-4.7054361847528495e-06,-3.804997889635291e-06,1.3326222504954768e-07,-1.3093573317779835e-06
post,4.469441072853731e-06,-7.071553186526135e-06,2.127824642004285e-06,-6.334059908213409e-07,1.6146384856883273e-07
postal,2.3383561380742656e-06,-4.100826325036377e-06,-1.0664547306944912e-06,-8.482715191169262e-07,3.7241717549508695e-06
postponed,-1.6948069076564273e-06,-3.903364389689072e-06,-9.108605477870279e-07,-6.500282552632981e-07,-2.1573470135394226e-06
posts,2.1006410029000633e-06,-2.770762379443925e-06,-1.0517096003022621e-06,-7.944397974252922e-07,-8.653911636263732e-07
potential,-1.964389626857859e-06,-1.979552515818299e-06,-1.0357595138392209e-06,2.060193986017582e-07,-1.1678616018555018e-06
practicable,-6.769396784151683e-06,4.040126519967768e-05,7.895719441823563e-06,-5.734140540862327e-06,-3.1490648696016945e-06
practices,-1.3765137239755122e-06,-5.231328286348744e-07,2.163103749749148e-07,2.5818221698323702e-06,-2.236691844592275e-06
practise,-3.272728619780922e-06,1.8417297103482858e-05,3.1915130126790143e-06,-3.424110346562393e-06,-3.370359225406353e-06
practitioner,-2.057050567684219e-06,2.3178659026945856e-05,4.008268569359209e-06,2.1486415990945325e-05,1.91980644736616e-07
precedence,-1.1459339114694575e-07,-4.5076831694648794e-07,-2.4493377500717296e-06,-1.5145553361808342e-06,-1.1856267093168813e-06
preclude,-6.520064910587399e-07,3.0522950457400834e-08,-2.6731617701113583e-06,-1.1397437486868206e-06,-1.5838815202339072e-06
preference,-1.7749623966667053e-06,-2.3686999214349894e-06,-1.071747462272693e-06,-1.4316937171447282e-06,2.9832847912697146e-06
preliminary,-1.7351428216486332e-06,1.164570690891859e-06,-1.2053333314378995e-06,-1.1583124482540858e-06,-5.18245804120143e-07
premises,-3.30468087492806e-06,1.0856702320676902e-05,4.77401794156425e-07,-3.3620242910706695e-06,-1.7494964171718985e-06
preparation,-1.027037852259013e-06,-1.1330197686556068e-06,-2.2505525177605184e-06,-3.8515804790474167e-07,-1.0089305305457238e-06
prepare,-1.5701481392335692e-06,-3.6679403828694076e-06,-3.3837885051824854e-06,-2.3053698244643664e-07,-1.1568308362789563e-06
prepared,-1.9018906029072523e-06,3.049318025507332e-06,-1.3259202889731557e-06,-2.502184096258743e-07,-1.8035252001675604e-06
preparing,-1.1300696947141252e-06,-3.4222384367936382e-06,-3.2795118006588008e-06,1.0945143927483394e-06,-1.735566419309076e-06
prerogative,-3.0906902623379627e-06,1.2203161106250028e-05,-8.705288813810152e-07,-2.994993441483639e-06,-3.5872043751618117e-06
prerogatives,-1.7355923550332162e-06,-6.918968318411244e-06,-4.191274822822743e-06,-5.4477558361562186e-08,9.523032805706633e-07
prescribe,-3.209345003175156e-06,7.362033697035141e-06,6.565016906748366e-06,-5.098494088533489e-07,9.423014116498175e-06
prescribes,-1.8034345924806932e-06,-2.167409196327964e-06,2.528910756692608e-06,7.301993907618594e-07,-2.0869165076389078e-06
prescribing,-1.787847514906684e-06,4.623025029483419e-06,-1.1419089827216206e-06,4.150502114647715e-06,-1.2043228929924934e-06
prescription,-1.518512154851912e-06,-5.518036958958117e-07,-8.249777925449726e-07,-9.102672518814604e-07,9.244473632989665e-07
presentation,-1.409524029477562e-06,-2.9913880491758873e-06,-1.700517851698843e-06,-2.610300847211713e-07,5.88211665944653e-07
presents,-1.6918838113226138e-06,-7.368958486053475e-06,-4.9051778913807985e-06,4.882091568557253e-08,-3.7275117469045667e-06
preservation,6.778422759185615e-07,-5.363374416368076e-06,-9.434827610375483e-07,4.43490694644831e-07,3.94877427220796e-06
preserving,4.220014448300905e-07,-4.656929902601877e-06,-3.245250140754004e-06,-7.522252331712311e-07,4.201590086428941e-07
preside,-1.7489669438781275e-06,3.910651085023317e-06,7.424626323356594e-07,-1.162153313101924e-06,-2.1483301765292554e-06
presided,-1.740086608443017e-06,8.618273812809101e-08,-1.3497396509985532e-06,1.6900925370310148e-06,-7.786253859935836e-07
presidency,1.0257939023347647e-05,-1.6963197562538587e-05,-1.0120412760168805e-05,-1.7074568288986874e-06,4.415137074095885e-06
president's,-1.3866401672833646e-06,-3.8144989901339333e-06,-4.110374591731765e-06,3.3222852683701475e-08,-3.236689505246714e-06
presidential,-2.1259902430611146e-06,-9.675800443691855e-06,-4.019529481415225e-06,9.717527233942156e-07,-5.935916960952326e-06
presidents,-2.2212576745291167e-06,-1.102577109786002e-05,-5.978360009849964e-06,4.612555896424921e-08,1.0110703651380704e-07
presides,-2.2782974566895487e-06,-9.749577193225753e-06,-9.613356141665752e-07,2.3333544436158345e-07,-8.744108634425252e-07
presiding,-4.480604839599353e-06,2.231672318942916e-05,8.376275938520084e-06,-5.400776296230152e-06,5.477723966741102e-06
press,-1.0799473425787173e-06,-4.82082731177912e-06,-1.4738535748933717e-06,-1.9065810759800135e-07,-6.929097786439952e-08
presumed,-7.416161687018356e-07,-1.0047787936675491e-06,-7.920505735079684e-07,6.839297913472984e-08,1.1933421343421705e-07
prevail,1.2454290699054868e-06,-1.2222091085309985e-06,-3.4082604542566795e-07,-1.17295203315161e-06,2.522025406104172e-06
prevented,-9.389277792736676e-07,-5.168826471460406e-07,-1.8427293185525636e-06,-1.0109071986054428e-06,2.995176408285307e-07
preventing,-2.2050643315943962e-06,7.205329496454546e-06,2.7769704896029003e-07,8.715414859888509e-07,-1.3369541928699184e-06
prevention,-2.50568009009875e-08,-3.700820597510127e-06,-2.6439645681506264e-06,3.3746937470885405e-07,-9.952663967587476e-07
preventive,-1.1439213451205779e-06,-4.522989852169719e-06,-3.249200941069633e-06,2.104508121891249e-07,-9.69567428524772e-07
previously,2.710599265084775e-07,-9.096711739905831e-10,-1.4309299718295026e-07,-4.0536664292404765e-07,2.172870885258035e-06
price,-9.418945086963263e-07,-2.6115721193240793e-06,-2.532443900424474e-06,5.589107505509327e-07,-2.0822199619949151e-07
primary,-1.4292070382295793e-06,-2.697511528350979e-06,1.1807872207173725e-06,2.4418297933718225e-06,-1.6526274737390018e-06
principal,-1.539272554521808e-06,1.0838524038306342e-05,5.455736472330399e-06,-5.416298965915914e-07,5.701429344023481e-06
priority,-1.2803757827982295e-06,-6.892174993747604e-06,-2.8579607488976062e-06,-2.3868260876638197e-07,1.6653128218303945e-06
prison,-2.1108222390851777e-06,3.4839561453144386e-06,-9.850516631265677e-07,-1.0380498307382813e-06,-4.794169209136557e-07
prisoner,-1.7174969505065918e-06,9.501519059888793e-07,-1.1377783654355887e-06,-9.501849108059124e-07,-3.807169091544204e-07
prisons,-4.429283176123961e-06,1.0253936339051445e-05,-1.7425366316836704e-06,-1.3729340881165858e-06,-4.958925360245216e-06
privacy,3.936580904402155e-07,-9.707046138575357e-07,8.67984293204168e-07,1.0302015651905756e-06,-5.507186298974871e-07
privilege,-1.3575640851415201e-06,1.8224963792713322e-06,2.021486119609371e-06,-5.036264657448536e-07,1.7951654774244012e-06
privileges,-1.854600882637674e-06,5.949522874547497e-06,2.6485716863481133e-07,-2.048385504668373e-07,-1.2445279363118725e-06
problems,-1.4399825818641085e-06,-4.514309911241438e-06,-3.1089115334212005e-06,-1.2331419615374954e-07,-2.9933808614329253e-07
procedural,7.915365040235218e-06,-3.5354628944502134e-06,-2.5138117772630455e-06,7.236809338602116e-07,6.704015092128534e-07
proceed,-2.594151070795355e-06,3.512591600325273e-06,1.7597252349900902e-06,-1.2185041374760704e-06,4.867697779184518e-06
proceeding,1.559861322324118e-06,8.271435287268904e-07,4.25929082623548e-07,1.0337956212701167e-05,2.1830753153292204e-06
proceeds,4.132807376026229e-07,2.3700180419219508e-06,-9.279671124189102e-07,-7.366371873813563e-07,1.5855126524682352e-06
processes,-1.5160032836506163e-06,-4.4484008195198726e-06,-2.3254594482177513e-06,3.2633770849640127e-06,1.353018517375713e-06
proclaim,-1.7448206892101273e-06,-5.134029220034457e-06,-4.637885454229155e-06,-5.028813392322559e-07,-1.0641018921572705e-06
proclaimed,-8.034535985385359e-08,-4.971410482273602e-06,-3.5936845583000107e-06,4.67299298663844e-07,6.317777032726836e-08
proclaims,-2.0490694902807474e-06,-8.86235073322198e-06,-6.302743513686056e-07,2.769857623965922e-07,-3.2770174868509046e-06
proclamation,-3.445564673344444e-06,1.4291042993632538e-05,-6.741140228050803e-07,-3.502291935211825e-06,-5.73582954122026e-06
produce,7.953470425227488e-07,-5.136302543685168e-07,1.2029021631470621e-07,-1.0729294146772788e-06,9.703297289548796e-07
produced,-5.799490164428462e-07,-1.1897852515934313e-06,-2.0205410595563015e-06,-8.470394006895436e-07,-8.096966459910138e-07
production,3.4980361282816366e-08,-6.502959571908003e-06,2.6531418702280633e-06,-2.702340279479291e-07,-4.2344990490166156e-07
productive,-1.769671697725454e-06,-8.135025815519663e-06,-2.374600000412395e-06,2.747717450512166e-07,-1.2793080535615346e-06
productivity,-1.471563657551621e-06,-4.874820560018951e-06,5.284503271280837e-07,-2.927615110439201e-07,-1.1630479770203967e-07
products,-2.327235791575097e-07,-6.5425879594410686e-06,-2.808374814465159e-06,-4.749783320091269e-07,2.8246318312563172e-06
profess,2.9440163309744706e-06,-3.4472379211348057e-06,-3.4485447514648728e-06,7.595817958161611e-08,-2.6187986143672897e-06
profession,5.827790520243351e-07,-3.672168532797875e-06,-2.2615122578051207e-06,1.1652785810355506e-07,-1.1855322565922613e-07
professions,-1.03307190557314e-06,-5.383364021260918e-06,-1.6656032763311761e-06,-3.310296325829365e-07,-8.4123886948627e-07
profit,1.5957743804333968e-06,-6.992347916159683e-07,-5.43691858678451e-07,-8.771948730796132e-07,-3.335005679896175e-07
program,-2.4367875640969183e-06,-1.0384114943413417e-05,-6.5963818148942215e-06,1.419026929901955e-07,-2.868794965915619e-08
programme,-2.1023212185669703e-06,-4.985559752274252e-06,-5.364857112022957e-06,2.696058960357644e-07,-3.157170420050546e-06
programmes,3.3676128863441843e-06,4.4761782965534594e-07,-4.547664941607929e-06,3.194362466139917e-06,-3.5378080672376723e-06
programs,-2.2435448802724993e-06,-1.5135179823783368e-05,-2.0019875284920276e-06,-4.593081926983573e-07,1.069678794006993e-05
progress,-1.4873865748206019e-06,-6.887160358801578e-06,-2.577545145945398e-07,5.471150572438041e-07,6.901338711917794e-07
progressive,-1.762253263560594e-06,-1.9609804426848464e-06,-1.3775144902971531e-06,6.0317664076030945e-06,4.2653661300367856e-07
prohibit,-1.0600791688203144e-06,-3.036524041149613e-06,-1.2008151893195465e-06,-6.824127026599486e-07,1.5632467363933727e-06
prohibiting,-1.2560542784749332e-06,1.9715575210884856e-06,1.2712429890372337e-07,-1.7946580625369993e-06,2.1016387653863947e-06
prohibition,-7.151849720438609e-07,-3.8075345894118172e-06,-1.9821152035583313e-06,7.310647957287658e-08,-1.1727821826359557e-06
projects,1.2428289154832903e-06,-6.850655358912411e-06,-1.9357488774705667e-06,-7.349621820950874e-07,4.499848163733514e-06
promoted,-1.304738622709426e-06,-3.9110380935576834e-06,-1.7689804826033194e-06,-1.0635361310993258e-08,-5.855790752594868e-07
promotes,-2.3128721850967313e-06,-1.4218412521633547e-05,1.694059306149528e-05,1.9909310507820288e-07,-8.046326281857358e-06
promoting,-1.4279677598125851e-06,-5.658446725167082e-06,-3.962921779851909e-07,7.994611118206233e-07,-4.3668561292624794e-07
promotions,-1.3962236428082334e-06,-4.025084551721113e-06,-1.4424745516822936e-06,-1.9456733096759824e-07,5.403558603022016e-07
prompt,-1.3181422082402384e-06,2.3263369370276356e-07,-1.2505265088112316e-06,2.3866742234840778e-06,-6.58191512606011e-07
promptly,-1.5817969555834802e-06,-4.1215568406719226e-08,-2.749934689354726e-06,3.282215734050733e-06,-2.953326842199769e-06
promulgate,7.477188237425956e-07,-8.446489933974623e-06,-2.9123728762636938e-06,-1.7957218557174716e-07,3.0648308861034527e-06
promulgated,1.0830265344288656e-06,-8.652411514245571e-06,-5.514251986365107e-06,3.8896458368253175e-07,-3.092433378993504e-07
promulgates,-1.7866202274123693e-06,-8.083527968989043e-06,-2.743262151548596e-06,3.307745916331618e-08,-9.631176972858976e-07
promulgation,-1.1835287104565852e-06,-1.0718582359500663e-05,-5.945502329360159e-06,8.896201674594792e-06,3.6234218729879687e-06
pronounce,-1.305403314840794e-06,-4.616291806456848e-06,-4.526131846759953e-06,-3.019213662278612e-07,-1.372188714559992e-06
pronounced,-1.124219212519745e-06,-4.461355552263944e-06,-3.145622439344535e-06,4.320626224157504e-08,-2.6418107589331043e-06
proof,-1.3877175076511567e-06,-1.3858208728969944e-06,-2.4336037478995914e-06,-7.638109082206955e-07,-1.49196490526597e-06
propaganda,3.7393230432676567e-06,-4.346803993950454e-06,-2.367818579649213e-06,7.352163845937037e-07,-5.998131101498724e-07
propagate,-1.0738166018292747e-06,2.049766184054221e-06,-1.183854153520552e-06,-1.1283016362855474e-06,-1.2978797126251808e-06
proper,-1.9783964571242997e-06,2.729036498439421e-06,4.015046332356156e-06,-2.274181564666905e-06,6.243122675194439e-06
properly,-1.0640789946572708e-06,-7.459361114556017e-08,2.977416618341627e-07,1.7852982196325117e-07,-2.8162169000473052e-06
properties,-1.0506718016081619e-06,-5.863487837429863e-06,-2.5321433144262033e-06,-1.0443482880176385e-06,2.9967361459673736e-06
proportion,-8.141388825185026e-09,-3.066111489293523e-06,-1.8466936955379868e-06,-2.951835856988043e-07,1.7689205651933641e-06
proportional,-9.350724154839318e-07,-5.062165855186574e-06,-3.884705887605442e-06,1.695486105328559e-06,4.0269171392319376e-08
proposals,1.883277042844285e-06,-6.930159174114483e-06,-4.541835487321194e-06,2.467169715097456e-07,-2.9484529924880963e-06
propose,-7.913105857787407e-07,-5.849169235649847e-06,-2.4224257952525e-06,1.238719115078383e-07,-3.36437095831868e-07
proposes,-9.837850878532961e-07,-4.4829585709479505e-06,-4.067480022998808e-06,3.284966272032248e-07,-2.3892814979346177e-06
proposing,-1.13092189032755e-06,-4.5540489350850126e-06,-3.7069227448922132e-06,-4.884224922575415e-07,-6.49803605476497e-07
prorogation,-2.2238799439507883e-06,8.91919547878081e-06,2.1486117236867238e-07,-2.1542123612920395e-06,-1.4501993317903473e-06
prorogue,-1.5762233675111878e-06,3.7481786852355557e-06,-8.611171425780246e-07,-6.992473805339841e-07,-1.4120902965079364e-06
prorogued,-3.889011777380183e-06,1.6408810876679234e-05,2.385396079439442e-06,-3.7137837334156684e-06,-1.9329464370348134e-06
prosecute,-1.4619835943987754e-06,-2.6241430591850327e-06,-1.7247854589289605e-06,-2.607888013903755e-07,-1.7606995657675757e-06
prosecuted,-4.62841747728509e-07,-6.619477101386408e-06,-5.588606773532801e-06,4.385938647049421e-07,-1.1559904994831543e-06
prosecutions,-1.181836187974538e-05,6.836787015625606e-05,1.703490103856018e-05,1.340718107285702e-07,4.940805102459183e-06
prosecutor,9.699105717051163e-06,-2.310839110306973e-05,-3.875439261148332e-07,3.056193436747223e-06,-1.5621023133045936e-05
prosecutors,3.556123049397685e-06,-1.7309891607199458e-05,-8.036279011294253e-06,1.6268024961852444e-06,-2.4492540559386826e-06
prosperity,3.510934341581127e-07,-6.842685718880772e-06,1.3363661078409254e-06,4.385026021395314e-08,-9.258651410124273e-07
protecting,-1.1036496955166324e-06,4.171291026212938e-06,-8.064120982329048e-07,7.853850720129587e-07,-8.365489684143518e-07
protective,-1.22193311059444e-06,2.0219039352271423e-07,-4.357280799322465e-07,-1.2010498985042364e-06,1.1760408508770408e-06
protects,-2.147016314179069e-06,-1.3050558499677475e-05,1.818151713266679e-05,-9.26898050999983e-08,-1.1519831504064956e-05
prove,1.344762530644686e-06,-3.983936188756451e-06,-3.259060676058432e-07,-2.0336378244577724e-07,-2.0169592149470535e-06
proved,-5.734997828770294e-07,2.0119001735502515e-06,-7.846936878187314e-07,-1.4504925332231862e-06,-7.156669251745972e-07
proven,1.2514978450533918e-07,-3.829130480887187e-06,-2.80480063170432e-06,2.4014229571516034e-07,-5.55046106528126e-07
provides,-8.80060569743845e-07,3.812857545776475e-06,3.8804427139793736e-07,4.842334656532663e-07,7.948860331224273e-07
province,-9.497248375340715e-06,1.3809976360728353e-05,-1.078107158457261e-05,-1.453862409079911e-05,-8.347936381029737e-06
provinces,-9.579977817638697e-06,-9.265080877094335e-06,2.7901764739049978e-05,-8.930287796838448e-06,-7.939972670886713e-06
provincial,-1.0187709024216852e-05,3.198584048883689e-05,-1.7779250438565465e-05,-8.596955276879398e-06,-3.346297196933114e-05
proving,-1.6641419676743112e-06,2.828780349256747e-06,-5.764689454705182e-07,-1.4374244663755914e-06,-4.2302493590855284e-07
provisional,-2.1730901129987384e-06,-5.646314066001849e-06,-5.613037292221532e-06,-8.13239026770455e-07,8.817881385009254e-07
proviso,-1.1566720511902415e-06,2.444940674588635e-06,-2.3697950941041625e-06,-2.089745262092474e-06,-1.7252080747288268e-06
publications,-1.509834814280487e-06,-2.54528284326702e-06,-2.715123391435089e-06,-8.483396619535117e-07,-7.144164025140449e-07
publicity,-1.3001639712406661e-06,1.6117337338305118e-07,-1.0161670736923103e-06,-8.415449290343081e-07,-4.1553295033369855e-07
publicly,-7.193525103079149e-07,-3.1972053992904995e-06,-2.103925160294869e-06,1.4248149035557096e-06,-2.1331327073562707e-06
publish,-7.679164610114327e-07,-3.3495956384969976e-06,2.643545163919121e-06,9.388960128819956e-07,5.4902798809080494e-06
punish,-1.6757705271878467e-06,-4.574087766257288e-06,8.396041234430672e-06,-2.297168281219895e-06,7.744867278936991e-06
punishable,-1.400687361755202e-06,-5.16094761821505e-06,-4.071645233863408e-06,2.0409714526853872e-07,-1.5476444462882253e-06
punished,-9.076982845497445e-07,-2.686580744004056e-06,-1.9833789298218422e-06,-5.851597925656655e-07,-3.3601468330014845e-07
punishments,-1.5939932383516736e-06,-4.401626606263508e-06,1.3653022203969393e-07,-2.2695782954893447e-07,5.7262110441497615e-06
purchase,-1.1171670928973036e-06,-4.138227451238376e-06,-2.46340269643085e-06,-6.74861043674419e-07,1.1343988205799976e-06
pursuance,-5.97532795636992e-06,4.9985972880220425e-05,1.5852566316658922e-05,-1.4728966406088413e-05,1.7007872923806434e-06
pursuant,5.2385315384866075e-06,-7.2949329162169715e-06,-3.3157307509190187e-06,6.438380893013745e-06,-1.939133216642173e-05
pursue,-1.3300527437649307e-06,-1.0192920886712374e-06,-2.2032985562673795e-06,-4.071317071447307e-07,-9.154516942795545e-07
pursued,-1.6088699958457273e-06,-3.926662805807584e-06,-3.268460085836539e-06,-2.9686152111423254e-07,-2.0128029246173782e-06
pursuit,-1.3152627210433155e-06,-3.0413220054418743e-06,-2.75500944288598e-06,-4.582961456249022e-07,-8.888286024845768e-07
q,8.704832478099738e-07,-4.241075775016622e-06,1.8783163958230172e-07,8.126455393384226e-07,3.0315692681148757e-06
qualification,-1.6271567531712114e-06,1.620357482453501e-06,1.0667121736310344e-06,7.698368801782214e-06,3.1977616592332916e-06
qualifications,-4.48564125647962e-06,9.616308258627997e-06,1.0935421870460057e-05,-3.6296378359376977e-06,2.3121584464431527e-06
qualify,-1.7731108790684167e-06,-1.805574502722018e-07,-3.215135987273564e-07,1.685056293496237e-06,2.759523455815467e-06
quality,-1.4173362238005255e-06,-6.622962057663376e-06,-1.6589724040321567e-06,-8.572516179627033e-08,2.0978949588309105e-06
quarter,4.679214624255301e-07,-4.6333544426031485e-06,-4.162843042531202e-06,-7.698173406796342e-07,-5.457658519136087e-07
questioned,-1.0066479601315073e-06,1.0481782175336884e-06,1.223430025607434e-06,-6.810342692898057e-07,1.6032631026676385e-06
quorum,-1.432950141458728e-06,5.725299458902083e-06,3.3378983664162227e-06,-3.891242315626406e-07,9.685959898336995e-07
r,3.12174697567303e-07,-5.430569784380777e-06,-9.105565443821626e-07,1.4689095088393658e-06,2.4938033438867377e-06
racial,5.940559341018692e-06,-4.756944335066119e-06,-3.371228395069958e-06,3.9534528413630914e-07,-2.4818604079592936e-06
radio,-1.8312395646817644e-06,-6.8158226623009706e-06,-5.483135388070303e-06,1.3734164012001113e-07,-8.779790542082705e-07
raise,7.120190561173474e-07,-3.499559346397209e-06,-3.816443423894856e-07,9.606811258533477e-08,-1.8237696995979533e-06
raised,4.7548976911753756e-07,2.442958834829317e-06,-2.1133598260146676e-07,-9.59061714662909e-07,3.0021985380817374e-07
raising,-1.7600766405568152e-06,4.621462327813579e-06,1.7106382401861607e-06,1.4072282285462657e-07,-8.847446345465453e-07
rank,-2.3686463879758907e-06,7.019916905830013e-06,-7.153556099333302e-07,-1.938675517523041e-06,-8.587205615772903e-07
ranks,-1.6084752147364941e-06,-3.6603944353979055e-06,3.3320688423927286e-07,1.005914130929237e-06,-2.088642617106085e-06
rate,-2.6035517660607474e-07,3.7402832777173922e-06,-5.830764054172289e-07,-2.2249049035293594e-06,3.0100617692730194e-07
rates,3.8793457181131533e-07,-3.654013207968039e-06,-2.0107395556661568e-06,-8.003939754862674e-07,1.990827070944397e-06
ratified,-1.361660972722517e-06,-9.460060591571178e-06,-1.828453790999137e-06,-6.196839440895941e-07,5.5503513231722035e-06
ratifies,-1.5465187234834519e-06,-6.051099298719648e-06,-3.776740305840214e-07,-2.1202198512427103e-07,-2.2548420264502388e-07
ratify,-1.255507753418422e-06,-7.355053478518183e-06,-3.3376959469003604e-07,-4.6551921231330134e-07,6.185450417849067e-06
rational,-1.5334963748092614e-06,-6.115793837417716e-06,1.508637093093442e-06,8.016068137887304e-07,-2.144095479762076e-06
re-elected,-1.5631670223400602e-06,-5.202901436987802e-06,-3.5072343004352364e-06,-2.119525602993742e-07,-7.862302621948724e-07
re-election,-1.0907013069421483e-06,-3.292940211650078e-06,-3.228117646732544e-06,-4.2989793540042395e-07,-1.2705478677279126e-06
reach,-2.0487952006123873e-07,-4.938526693936779e-06,-2.923745349927566e-06,-7.995552396231605e-07,7.752706643745916e-07
reached,1.1126293966778816e-06,-3.548328776886723e-06,-5.623053789174942e-07,8.963289476492104e-07,-1.7884375387638538e-06
reaching,-1.233548191971967e-06,-3.5429465988207095e-06,-2.893267647206881e-06,-2.0365680050865517e-07,-9.04388679374536e-07
read,-2.199272411195945e-06,4.753094565691893e-06,-1.1728677870761226e-06,2.495367141509191e-07,-1.8020035128753369e-06
reading,-3.4205116619997695e-06,-6.109608782071466e-07,3.8189664425758005e-06,-1.4701076690739262e-06,1.1288991758540322e-05
real,-5.495319094155584e-07,-7.392838555182823e-06,-3.634995137294383e-06,-1.639441227660709e-07,1.2165332109633142e-06
realization,-1.5411483455744672e-06,-5.682264887894129e-06,-4.211881716634955e-06,1.2714002068462751e-07,-1.5658422083240652e-06
realize,-1.6829575256517404e-06,-6.018190931853472e-06,-3.493776483491002e-06,8.358843096088052e-08,-5.990804382753511e-07
reasonable,-5.534127353750133e-06,3.2399822116318584e-05,8.050470844164717e-06,2.8565511186236537e-06,-2.531028937653962e-06
reasonably,-1.14967816486041e-05,7.84087982721343e-05,1.7427899329833173e-05,-9.140061537008057e-06,-5.7310517137322605e-06
recall,9.07961853487954e-07,-8.489605143773935e-06,9.940150934315505e-06,-9.196860705360684e-07,-8.442855419123973e-06
recalled,-1.6268852734461764e-06,-8.525255424857872e-07,-2.650856100731663e-06,-9.441373828404327e-07,-1.5778733731487183e-06
receipt,-9.603699502145498e-07,3.2991940573465183e-06,2.2324861277675385e-08,1.3978330343770745e-06,-3.186987146683432e-07
receipts,-9.44606989459386e-07,-4.4299310958379625e-06,-2.872685075803025e-06,-8.414845618864369e-07,2.2173447583519954e-06
receives,-7.888240221730917e-07,-8.452732553569183e-07,-1.4463003845828691e-06,7.165508065534205e-06,-1.0639506936509629e-06
receiving,5.361947932681969e-07,-1.5512242277946215e-06,8.006182236430124e-07,1.0581476603113124e-07,2.287288174021938e-06
recess,-1.4653558721295624e-06,-8.95704351679905e-06,-2.535515552828481e-06,-1.805585261070831e-06,5.916051546161559e-06
reciprocal,-8.649400167598748e-07,-4.411604011842741e-06,-2.7596953101797206e-06,-3.0586270583258567e-07,2.6604483595585877e-07
reciprocity,-1.3688787249334869e-06,-5.937261605199107e-06,-2.71162088303749e-06,-1.2376325163793953e-07,6.412910413838912e-07
recognised,-1.692465013682438e-06,3.853947723310391e-06,-3.416765071430032e-06,8.231511273838751e-06,-2.89579989277064e-06
recognition,6.578166125082751e-07,-1.0378379811800354e-08,-1.6987267576748933e-06,1.3968298868298027e-07,-6.822706353595987e-07
recognize,-1.7588667752771495e-06,-4.721472311892839e-06,-1.6482500426788478e-06,-6.720226743214836e-07,2.4550783848431844e-06
recognized,8.355818133107583e-06,-1.2594400726684134e-05,-1.861703936397781e-07,-6.726060359573422e-07,9.034204624294366e-06
recognizes,-2.24766031702148e-06,-1.1737799030440025e-05,5.10704320345137e-07,-5.0667503359279696e-08,9.990184594629642e-06
recommend,-1.621416648132755e-06,8.425106128799008e-06,3.940898263546573e-06,-2.714571368715275e-06,1.3614888109915555e-06
recommendation,-1.2333050721246183e-06,1.9506715638304278e-05,-6.705083953862881e-08,2.21141306027818e-07,-3.0071157026937547e-06
recommendations,-1.5499619000470542e-06,1.0636058922017835e-05,1.808911643047686e-06,6.031584265980799e-07,-4.78374461345827e-07
recommended,-3.269362842679948e-06,1.0712973059890459e-05,3.551188468829806e-06,-3.984189001527563e-06,3.6402991189794264e-06
reconsider,4.404020366900034e-07,-3.3380214529476515e-06,-2.2965257580503303e-06,-4.614689531821827e-07,3.381810700583103e-08
reconsideration,-2.507170690798732e-07,-3.852145481702052e-06,-5.785426717986658e-07,-8.928598830885402e-07,-1.9111795541080752e-06
reconsidered,1.1610170291507043e-06,-1.900403695555467e-06,-1.1579319853248853e-06,-7.70158794314383e-07,1.1514030759436736e-06
record,-2.0068707150682446e-06,4.4010431467321e-06,3.237695232688182e-06,-1.375704931601431e-06,9.689163346013855e-07
recorded,-9.275750400548486e-07,-3.599710674485495e-07,-2.599228652097467e-06,-1.3817042067392963e-06,-1.3556906152809186e-06
records,-9.036576988914215e-07,7.974270873744308e-07,2.911960091439379e-07,-1.3655045826884718e-06,2.8292301567576706e-06
recourse,-8.842716357857913e-07,-9.366025429164401e-06,-4.1974532751800335e-06,-7.674176355756963e-08,2.227401035786584e-06
recovery,-1.5300754880761472e-06,-2.5086122756126837e-06,-1.729011562802689e-06,-3.7636504497178793e-07,-1.4572414378478024e-07
recruitment,-1.5057005520211878e-06,-1.6210583262150778e-06,-2.2333685931822963e-06,8.840765436864241e-07,-2.9202327840662527e-06
red,-1.4805208693227848e-06,-7.715798095953337e-06,-2.141013294836138e-06,1.7574266382119175e-07,-1.5445010275701555e-06
redemption,-1.5846190277026392e-06,2.648752981212076e-06,-4.314846004148157e-07,-1.8585403032098266e-06,-1.0149403631816191e-06
redress,-2.0619728135939512e-06,5.08689369186145e-06,3.840589210233093e-08,-5.944073967906087e-07,2.41403564204698e-07
reduce,-1.3385982748079516e-06,2.1943979054793923e-06,-6.094866933888255e-07,-1.3278814518404297e-06,-5.1201609970448866e-08
reduced,-1.3372458522113779e-06,-1.0540628145628947e-06,4.061943416779038e-06,-1.4145198743888231e-06,7.276937186855107e-06
reduction,-7.530836971951141e-07,3.439523183268898e-06,-1.0644209224155747e-06,5.71224637911128e-06,-4.18062716471679e-07
refer,-9.593479861665232e-07,3.1000360174585646e-06,-1.5472620164906983e-06,-5.432325104087446e-07,-1.0764543297928963e-06
reference,-5.8160442763312085e-06,4.601602409588192e-05,1.1644246046607842e-05,-1.5417584510131182e-06,-4.648080052665129e-06
references,-8.357351643893255e-06,9.25783907337619e-05,2.3480419203051573e-05,-2.4434534496530505e-05,3.5609606592093645e-06
referenda,-2.0972135653327196e-06,-6.760384565127548e-06,-6.77621110104315e-06,4.936134943673683e-07,-4.867120817109627e-06
referendums,2.054308354650129e-06,-8.182468619838822e-06,-2.6901119585175357e-06,6.48150560803556e-07,-7.588663489440643e-06
referral,-1.7574736362638063e-06,-5.567904977941942e-06,-6.039768619404471e-06,4.9042554155595054e-06,4.4176648399965644e-07
referring,-1.9028956691698628e-06,1.5087719708641288e-07,-2.4358913412668337e-06,-2.180014353631737e-06,6.524652184065354e-08
refers,-1.2398203988833635e-06,-3.3836708479910143e-06,-1.7339494036082457e-06,-7.28205183538062e-07,2.7019960090664975e-06
reflect,-4.957988283921682e-07,-2.025439543583965e-06,-3.268792063346046e-06,-9.002834305276652e-07,-7.6856490096224e-07
reform,-2.8298433535157537e-06,-1.4505361074580755e-05,4.80265478007231e-06,-8.501532271299821e-07,1.2809910981007669e-05
reforms,-1.7576318979417953e-06,-6.887323441308233e-06,-1.8251591065742634e-06,-4.3500335094689733e-07,-6.609976251446841e-07
refusal,-6.100828594305186e-07,4.4487994285796404e-06,-4.5326322972344897e-07,-1.8842695804107092e-06,-3.9107787583134426e-07
refuse,-9.86037954726592e-07,-2.2510765702501846e-06,-3.0590466749589454e-06,-2.696269225539738e-07,-1.4316142411496244e-06
refused,-1.4960132415577083e-06,2.424495090123982e-06,-1.2747366458197448e-06,-7.508360450247479e-07,-1.5149356778768438e-07
refuses,-1.149387324409313e-06,-9.169133883219926e-07,-2.5705638896985987e-06,-2.4653495812285833e-07,-1.945999031541855e-06
regarded,-1.1476486230456364e-06,2.0402756985326434e-05,3.2115524014120645e-06,-5.94260194671767e-06,-1.3144778203510327e-07
regarding,8.304117192714823e-07,-6.832150533642585e-06,-4.7024051075215996e-06,-3.3917672969905546e-08,-1.7191838291117648e-06
regardless,2.9509776486332137e-07,-5.343444413923331e-06,4.433564864913354e-07,-4.6145636004437053e-07,2.2135902990161914e-06
regards,1.6320964888966769e-06,-1.7399464620065605e-06,-3.06341169982405e-06,-1.3280830890594767e-06,-3.2193310701492305e-07
regime,-1.9607530721451513e-06,-1.9615309193357042e-05,-7.099443387844034e-06,3.387866101580758e-07,8.57467714867952e-06
regimes,9.98058823609584e-07,-5.915938620815053e-06,-3.343895333181819e-06,-5.796071269385232e-08,6.627178486296645e-07
region,-5.404026566905148e-06,-1.60997464508361e-05,-1.016596080572428e-05,1.2300439608564031e-06,-7.940116976523901e-06
regional,-3.4093282750978335e-06,-1.4429888786080337e-05,-2.272846918741028e-06,8.512729175117004e-07,-3.325923479288036e-07
regions,-3.6047471162837245e-06,-2.353825140039981e-05,1.645486105325629e-05,6.350966352028166e-08,-8.168254529878288e-06
register,-8.102652312803488e-07,9.24461957438397e-07,1.1476461703201096e-06,1.1915274516903567e-06,2.4017447624957576e-06
registered,-3.398058099305412e-06,1.830584057446081e-05,3.965573045442664e-06,2.7899104703055907e-06,5.021182778900876e-07
registrar,-2.6772196520036555e-06,9.845547577470103e-06,5.702363810513713e-07,1.2436991393145027e-05,-5.782287195739175e-07
registration,-2.2893329220231254e-08,1.4021532642838322e-05,2.2269063628685156e-06,4.764969703900108e-06,-7.021720657604786e-08
regular,-2.117297726281053e-06,-8.968902237524798e-06,-1.857467052549027e-06,3.145860600017631e-06,6.616249613744873e-06
regularly,-1.5680741758518296e-06,-3.966652986839574e-06,-2.770153098394848e-06,4.760559721540109e-07,-1.1529115071777348e-07
regulates,-2.3618315317790527e-06,-9.75951038242581e-06,-6.1458664265463505e-06,4.804489901470261e-07,4.0153877218390565e-07
regulating,-1.927626412002217e-06,1.4759563241882305e-05,2.396095667251714e-06,7.0889605219280335e-06,8.037506109120919e-07
regulatory,-2.493184484852629e-06,-1.2714680989931074e-05,-7.732789755740876e-06,7.851861865555101e-07,2.476633654981871e-07
rehabilitation,-8.848516652937853e-07,-4.634122522478364e-06,-2.3125358977302038e-06,-4.081695089800855e-08,4.3670199686626454e-07
reject,1.6701919961231657e-06,-3.2095237695347464e-06,-2.095016483161029e-06,-1.20867065607946e-06,1.1058434591923231e-06
rejected,-1.2702617736667002e-07,-1.7707037164776344e-06,-2.233942632344922e-06,-9.370768471575674e-07,1.556936823542576e-06
rejection,-1.593808635479701e-06,-1.1982736674153914e-06,-3.0342654101083364e-06,-1.732229507646385e-06,-4.932631044950039e-07
rejects,4.436542136986814e-06,-2.589065772875294e-06,-3.0698575407536325e-06,-1.4085910543997889e-06,4.561482321294953e-07
relate,-1.468426594017273e-06,4.780486459079756e-06,-2.89854483262131e-07,5.768149374292387e-08,-5.994130966813383e-07
related,-1.262245729162078e-06,-6.6836901811024985e-06,-3.0063714784560644e-06,-6.248974112837659e-07,-9.834167649460208e-07
relates,-3.3243167772846127e-06,1.916068286535444e-05,5.271571977730208e-06,-2.6034036645799394e-06,1.8124337619667572e-06
relation,-7.11306553918799e-06,6.218174004943061e-05,1.3228080232648485e-05,-9.600625909474e-06,-3.759142859248495e-06
relationship,-2.482027669331098e-07,-6.028566318344099e-06,-2.4948285554481357e-07,-8.33732361649875e-08,-2.7047487320186164e-06
relative,-2.1109275500481426e-06,-1.1643659162887949e-05,-4.5030253429939954e-06,-2.2291520536047422e-08,5.232891102704324e-06
relatives,7.607534253839489e-07,-6.175168368601641e-06,-2.5111383104794874e-06,8.414453705311841e-07,1.619939446766914e-06
release,3.2398925821951286e-07,-3.380008555427049e-06,-2.4941587732607934e-06,-3.416228388311775e-08,-5.186277847935883e-06
released,-1.8627807427199822e-06,2.290252872849995e-06,-1.4585946017891174e-06,3.531929960780457e-07,-1.1537647644446298e-06
relief,-1.7104306373082302e-06,1.6986996991801173e-06,2.1539209157580724e-07,1.30278341803221e-06,-1.6068578886025976e-06
religions,-1.324332007662966e-06,-5.273326398712688e-06,-4.3271145229917184e-06,3.028049884764377e-07,-1.2615400140457665e-06
relinquishment,-1.7306024519252252e-06,2.383072011832382e-06,-1.2399737494505016e-06,-1.2146833266203875e-06,-1.1680027014420617e-06
remainder,-1.258552146577379e-06,-2.8080781993538045e-06,-7.792484308314945e-07,-1.3368321736416967e-06,3.834439893908992e-07
remaining,-1.0321102385415038e-06,-5.164581692292357e-06,1.0867825077183465e-06,-2.6015638781103883e-08,2.6591061729719733e-06
remains,-5.636635546444001e-07,-7.775270648945566e-07,-2.197862366176967e-06,-7.812972285419941e-08,-1.6746248362893296e-06
remedies,-1.0477573043388332e-06,-3.2135420275924063e-06,-3.2544269402646224e-06,1.0665586441468319e-06,-2.0360747700529256e-06
remedy,-1.567386570124422e-06,5.534228105626382e-06,-2.0957565688063315e-07,8.892997115510774e-07,-3.5776166220318105e-06
remission,4.145635234910593e-07,4.763985283087949e-06,-2.6223047005638163e-07,-1.9130579113313735e-06,-6.194070803990346e-07
remit,-1.119444779476724e-06,2.0951226966084172e-06,-9.59476915618601e-07,-1.198005933079396e-06,-6.616205959592756e-07
removal,-4.290402997203894e-06,1.966614544474479e-05,8.382957958505947e-06,4.815364579119821e-06,-4.12888459125261e-06
remove,-3.726776171392925e-06,1.1857891251811444e-05,9.980802539787397e-06,2.359513376969032e-06,2.3130156344524485e-06
removing,-5.372853196131839e-06,3.0110877090400303e-05,6.532041946417519e-06,-5.501414966247488e-06,6.654226111789563e-07
render,3.788404550182741e-08,-1.8658213087773249e-06,-1.230084068380906e-06,-6.026481902688167e-07,9.647296830387738e-07
rendered,1.1409751719975903e-06,-4.711243056290163e-06,-3.3848300847581466e-06,-6.132847026638753e-07,3.396503014247582e-07
rendering,-1.230743036464917e-06,-4.969581258251791e-06,-3.6130136038047343e-07,-1.7573732443920166e-07,4.151188927381504e-06
renewable,-2.0372038382096867e-06,-7.441965040323868e-06,-4.547297012664324e-06,-4.660809854813508e-08,6.643351828654127e-07
renewal,-1.3249252882951726e-06,-5.5011023008286464e-06,-2.040769112443961e-06,3.981158847833253e-08,-2.1825168948130923e-06
renewed,-1.1960028131159578e-06,-3.6109721609059628e-06,-2.404645751649317e-06,2.6544668079816816e-07,-2.3779301256347286e-08
renounce,-1.4344325092786756e-06,-8.111659084916663e-07,8.215177056628254e-07,-1.5722729692359601e-06,4.815008491662368e-06
renunciation,-2.025336801926198e-06,5.282868793513754e-06,3.641854671355844e-07,-1.3243371843501657e-06,5.418290095566592e-07
repayment,-1.0720276962560377e-06,5.489856357778202e-06,-4.76976484692299e-07,1.8814222956263116e-06,-1.7243227618691655e-06
repeal,-1.455970689331601e-06,6.630105094586796e-06,-2.1426815862304562e-08,3.7868557925316443e-06,-1.9966323792587765e-06
repealed,4.650111924479249e-06,7.10047107645768e-06,6.173777629095726e-07,-5.691973026744235e-07,2.573819214367041e-07
repeated,-1.498489804980181e-06,-4.501688125280113e-06,-3.5688931896012723e-06,-2.1920785679657328e-07,-8.009648101963394e-07
replace,2.413654233167244e-07,-3.889236361569054e-06,-3.1890157450410084e-06,1.446267596520921e-07,4.506587021761627e-07
replaced,-1.2361324367420371e-06,-4.349049370434488e-06,-3.552947961106476e-06,1.1318804890787114e-06,-3.360950605831725e-07
replacement,-1.64107993884671e-06,-4.1384673146707545e-06,-2.3798273733394537e-06,-3.7042822447439444e-07,1.0458860032793065e-06
replacing,-1.6207792026298647e-06,4.642547285805869e-06,-4.964442357990337e-07,-1.2017699156756558e-06,-6.408015870991416e-07
reply,-1.3416577331782321e-06,-5.7205711543363035e-06,-4.420337467444739e-06,-1.7066925780104923e-08,-1.3237427903539765e-06
reported,-2.203302662726235e-06,5.789688569857023e-06,4.299504130382135e-06,-1.0131253400226282e-06,-1.6453196802679629e-06
reporting,3.1227700075090594e-07,-2.7914566766921304e-06,-2.4878909834078865e-06,1.4669484475697906e-06,-8.809880117258403e-07
representations,-1.0148172866125482e-06,2.345154964542739e-06,-9.521646778682333e-07,-8.670109228262751e-07,-2.1435676124904587e-06
represented,-9.375625689645765e-07,1.0780333748249184e-06,-8.955656009117214e-07,-5.290096985626064e-07,8.823059360202067e-08
representing,-6.399408742944702e-07,2.5039441599770555e-06,-2.3351879712138875e-06,-1.4455287310503471e-06,-1.5289068318549586e-06
represents,-1.5950445598817104e-06,3.4494138862428316e-07,-1.0232692722958486e-06,-1.330891157355519e-06,-1.7353427613126163e-06
republican,-2.908860233863291e-07,-8.906134444516423e-06,-4.291698994923902e-06,1.1111874591725131e-07,1.1561022184103e-06
reputation,-4.99976888716082e-07,-4.399395063290056e-06,-3.106437850114082e-06,5.265960176286105e-07,-1.9063649317521371e-06
requested,-1.106621797884029e-06,-2.6107247183456177e-06,-3.4108346466328697e-06,1.0157686165998005e-07,-9.857212186953402e-07
requesting,-9.939103713124933e-07,-3.227592235386834e-06,-3.4555936964796955e-06,3.320381895830599e-06,-9.035529281524466e-07
requests,-1.3595277327206197e-06,3.0925655162726414e-06,-8.630043266553228e-07,-2.191309435466586e-07,-3.6141975982187743e-07
requirement,-1.1761378745453558e-06,4.267301722879058e-06,9.761513172598514e-08,-1.49774270514947e-06,3.223111696036032e-07
requiring,2.771452278411004e-06,3.4851031986705226e-06,2.01432924575797e-06,-9.129786796282977e-07,4.0376779516811165e-07
research,-5.213240142150753e-07,-5.8878345982440794e-06,-8.311356711115091e-07,8.615615577667941e-08,1.6580907390712734e-07
reserve,-5.239309967155543e-07,-3.5490456507214506e-06,-3.05384055606499e-06,6.574923187954243e-06,1.359382908339174e-06
reserved,-3.456583684841834e-07,-1.1506320958154902e-06,-2.537058723630666e-06,-1.3326236851419998e-06,5.897185763310876e-07
reserves,-1.6762856950014417e-06,-2.2410571066200722e-06,-4.2992596917078045e-06,5.607950330363007e-07,-4.593564145589317e-06
reside,-1.427442294085433e-06,-3.411630853721999e-07,-1.57504962594999e-06,3.250356465420824e-07,3.0849865488334676e-07
resided,7.816340074227436e-07,2.9940954975791223e-07,-1.5449822986772996e-06,-1.000475211475123e-06,-1.640139890676425e-07
resident,-1.3044816455601884e-06,4.752470178571133e-06,3.5030558132853596e-06,-1.4718566116488064e-06,6.192437896397989e-06
residents,-1.5661316438716897e-06,-9.217206081152846e-06,1.1320295118334762e-05,-6.765111234586517e-07,-7.786574664822259e-06
resides,-1.115534705238742e-06,-2.9962182944392754e-06,-2.681331409791176e-06,-1.078444630048299e-06,3.167219991008807e-07
residing,-7.170573227815658e-08,-7.2208814313458646e-06,2.4150281810670594e-06,9.665142785131505e-08,-4.4738886956562886e-06
resign,1.1169112050440214e-07,3.7457693653741746e-06,3.568003719906132e-07,-3.377962421907204e-07,-3.852148540312647e-06
resignations,-1.5611179518954675e-06,-8.495989619487339e-07,-1.9275031562775915e-06,-1.3075597326951174e-06,7.920667069302692e-07
resigned,-1.398763495353677e-06,-2.0184630925352835e-06,-3.5889686824759296e-06,8.881961536035598e-07,-6.787674411889551e-07
resigns,-3.0456327498524076e-06,1.0506072288109718e-05,5.321757076879106e-09,3.6590155543227537e-07,-3.0369780809127907e-06
resolutions,-2.773404513853017e-06,-1.2392070898771726e-05,-7.506591823745177e-07,-4.7427174169918524e-07,-4.074121452991923e-06
resolve,4.131016806304442e-06,-3.1633353267811315e-06,-2.8467246897343584e-06,-1.8245894976985007e-07,-1.0233136144937806e-07
resolved,1.2775760322930443e-06,-1.7608140096693606e-06,-2.112251888353945e-06,-6.02064605382127e-07,-5.39745372194143e-07
resolves,-1.8687775479307674e-06,5.022610665738973e-06,-4.856799774833771e-07,-1.634712740452686e-06,-2.5372889605843808e-06
resort,-1.574425895251465e-06,-4.931773605911415e-06,-2.191003579619351e-06,3.903570279022933e-07,1.9984638603415053e-06
respected,-7.190365417341591e-07,-3.56468534014729e-06,-2.7548090737924066e-06,6.074601788582669e-07,2.4683139898894817e-07
respecting,-1.2449005773445565e-06,-2.942584321453049e-06,6.734613833377506e-07,-2.1162462522864668e-06,6.305937770547836e-06
respectively,-1.1116016806655848e-06,5.78052967894758e-06,-4.0636578620237525e-07,-3.914215457722615e-06,1.1333369173373215e-06
respects,-2.435315272466894e-07,2.757626342518839e-07,-6.52687815905321e-07,-5.505842888834971e-07,-2.200190290221311e-06
respite,-1.5468121246289794e-06,3.298367773218991e-06,-7.525768644379653e-07,-1.5161892392633502e-06,-1.1964320893689798e-06
respond,-1.0300262274732579e-06,-4.73811418769773e-06,-2.320351815966983e-06,-2.394009383169855e-07,3.649582686727247e-07
response,-1.6420694748616995e-06,-6.559816467450264e-06,-3.270689670764546e-06,1.2539310518035019e-06,-1.3354964223919504e-07
rest,8.020658965342764e-07,-4.355611943037508e-06,-2.6751413413279947e-07,-3.2845891350026304e-08,-1.3581850622425513e-06
restoration,-1.2283130818269528e-06,-4.183776778724524e-06,-3.314328323955399e-06,-2.9037186354542713e-07,-7.195724962965703e-07
restore,-1.1128769740719958e-06,-3.194313175533644e-06,-2.9426823174510517e-06,-1.891306796773443e-07,-9.102155369061955e-07
restrict,-5.418104253439863e-07,-5.494663021479921e-06,1.8258109278066175e-07,-4.0384146270105646e-07,4.049548442465227e-06
restricted,-6.75877810120772e-07,-2.0241528282048244e-06,-3.939724907951071e-06,6.446708589250001e-07,-2.801901320410419e-06
restricting,-6.292058737683763e-07,5.438891491902053e-07,-1.6165476283630304e-06,-7.626159620916819e-07,-1.0340012504188166e-06
restriction,-1.8135272509860754e-06,8.848911345696854e-06,1.1354886717215618e-06,-1.4383814245658852e-06,-1.9733159561974418e-06
restrictions,2.0311874576099828e-07,1.1811105608593262e-05,2.2131365671579287e-06,-8.82168551380869e-07,-2.1671855138895404e-07
resulting,-2.3816917269044057e-07,-3.352191242441064e-06,-1.699872675452696e-06,-6.459053821192176e-07,2.040079763755449e-06
resume,-3.171817637791499e-06,1.0806736896267194e-05,4.303563809838092e-06,-4.554840994554422e-06,2.6005896223905643e-06
resumed,-1.8571405107454142e-06,1.2206788748126088e-05,1.6928387648306182e-06,-3.9414364920667605e-06,-1.3702485055452314e-08
resumes,-3.4989074719252913e-06,1.1966513861387508e-05,4.7309670951790355e-06,-5.173587835790036e-06,6.0820305342836506e-06
retain,2.803944705603266e-07,-9.58779014404429e-07,-9.503425309832822e-07,-2.78132608554512e-07,-1.0215847760835925e-07
retained,-1.7791564157347147e-06,2.8119904999661007e-07,-2.1295814864023e-07,-3.633851296454164e-07,1.1218635150512352e-06
retire,-2.201274171689782e-06,9.718498329642222e-06,4.955558985418943e-07,-1.942584175391307e-06,-2.2355770275891703e-06
retired,-6.453750170130647e-07,-1.997746255103764e-06,2.0562080676822487e-06,-1.0141282930806197e-06,4.022430368009308e-06
retirement,-7.846754779559209e-07,-8.3364613137087e-07,1.962398246552978e-07,-1.2309396807762356e-08,1.7154486288220308e-06
retroactive,1.610397238355122e-06,-5.965815334169114e-06,-3.734914920776706e-06,3.3225201017394935e-07,-1.7882418166205585e-06
retrospective,-1.3744637584307431e-06,1.659720526091422e-06,-9.395985521373403e-08,5.213477151915997e-07,-2.6465452539062843e-06
returned,-1.7260757864117172e-06,-5.083541883702432e-07,1.286871416335469e-06,-1.038644880237827e-06,-1.3143450990838517e-06
returning,-2.099730366036371e-06,1.8855625737654873e-06,-1.1229161985793328e-06,-7.030985164642115e-07,-6.225493443391768e-08
returns,9.138452252713411e-08,1.3173868132124011e-06,5.411866836879994e-07,6.515834832560582e-06,2.338526762723987e-06
reveal,-1.3457739203551026e-06,1.308354497333522e-06,-2.172220016471907e-06,-1.1367285242201201e-06,-2.548841747678077e-06
revenue,4.7963052131072076e-06,3.510030538708634e-06,9.660408477817589e-07,9.844756606439522e-07,2.3819895666274154e-06
reviewed,-1.826143442897968e-06,3.911201550212086e-06,1.1674717809143873e-06,-1.2627276934286448e-07,3.214359121039423e-06
revise,-8.582718341933575e-07,-5.118837495658659e-06,-1.5376643428419773e-08,4.715546109290628e-07,4.365358650634588e-06
revised,8.162064742631877e-07,-4.2467118727855945e-06,1.1368861630544343e-06,4.214239273186396e-07,6.251752750816867e-06
revision,1.3312664795761944e-07,-1.0208073094548253e-05,-7.58414587995264e-06,9.102742005272764e-07,-1.2508825165596407e-06
revocation,-2.262627389225594e-06,2.7719144452201014e-06,1.4345967662660909e-06,-2.206876980572466e-06,1.3175385558623427e-06
revoke,-2.6114542354888185e-06,6.5617460308944334e-06,1.0361208882375445e-06,1.0831820986864752e-06,-1.6583214749876902e-06
revoked,-4.566868895052036e-06,2.3320435145223514e-05,6.240925318488072e-06,-6.016398979498477e-06,1.4653465512345214e-06
rise,-1.700539930910927e-06,-1.911383475146724e-06,-2.2182699992531897e-06,-7.135172046877679e-07,1.1739950857649549e-07
risk,-1.0362142836751547e-06,-3.179047906269707e-06,-2.4565968736116733e-06,6.610357445169623e-07,-9.733996761287656e-09
rivers,-2.5774284062409653e-07,-4.184120182154295e-06,1.7296738722908307e-06,-9.499714347491051e-07,7.183471388498358e-06
roads,6.520279600519445e-07,-2.8963588965076005e-06,-2.1500638715573814e-06,-7.282146273675434e-07,8.833091215744439e-07
role,-2.365031113249986e-06,-7.225562646818462e-06,4.664564998123711e-06,-2.4030287192909137e-07,3.0752650620361134e-06
round,-3.6061855698847187e-06,-1.5036259761004842e-05,-1.2125173680074002e-05,8.38705274701699e-07,-2.1215795432053726e-06
royal,-1.2266611377353797e-05,2.4678442765991433e-06,-2.6064364627342757e-05,-1.1412581828018829e-05,-1.305280105862923e-05
ruling,-1.0650588118869805e-06,-9.542166887641557e-06,-7.303009776695515e-06,1.1371505992866315e-07,-2.309080711021138e-06
run,1.0261253304420873e-07,-5.571920152823965e-06,-2.2979921074329835e-06,-4.0076928363496295e-07,-3.377727079266225e-07
rural,-4.051565484307219e-07,-1.2308956765373663e-05,1.237321462776696e-05,-9.526408600428115e-08,-3.934054980020934e-06
sacred,-1.8085894447305811e-06,-6.947812228298668e-06,-3.718270391145844e-07,-2.8770414430114643e-07,-4.19499630759584e-06
safe,-4.836127700441959e-07,-2.6761467050104067e-06,-2.155731065343155e-06,4.922446555182654e-07,-1.9772529164432506e-06
safeguard,-1.0040629270795344e-06,-6.422552471657741e-06,9.561206144174232e-07,-1.1882955605230971e-07,-3.146465871191566e-06
safeguarding,-1.0921624241666763e-06,-3.1630424789789327e-06,-2.616429630926364e-06,2.0475893712678196e-07,-1.3972093973349304e-06
said,-1.6252964103278047e-06,3.683042206087698e-06,-1.6211839578964662e-06,-3.485056232043617e-06,1.3794096407909879e-06
salaries,-2.8778355494693116e-06,1.0045785423459284e-05,1.758065522007516e-06,9.764287216503195e-06,1.485484574946556e-06
salary,-2.739246685989982e-06,4.7787384467717135e-06,6.72373492476207e-06,-1.6115659172731193e-06,1.0731856217234189e-06
sale,-5.63029248271055e-07,4.1861084364443214e-07,-2.6530066055997022e-08,6.502529816961683e-07,1.319592679680251e-06
sanction,-1.0910467019064918e-06,-9.094124273685607e-06,-4.360804775678339e-06,-1.9104544142543205e-07,2.4183264268430914e-06
sanctioned,-1.621482409621395e-06,-7.3220116107814895e-06,-2.6395542568493726e-06,-2.2069678767306554e-07,2.894937594059669e-06
sanctions,-7.097811586991737e-07,-7.589061382737906e-06,-3.051305468968151e-06,-7.531310298700841e-09,1.6187595904480972e-06
satisfaction,-1.2616078453644136e-06,3.1005421883472233e-06,-3.012574091195019e-07,-7.157795867427113e-07,7.89959861677069e-08
satisfied,-1.9233516321326953e-06,2.531077572894876e-05,2.216745940759523e-06,-2.8639794249868285e-06,-7.715482078730308e-06
satisfy,-1.0494668212525034e-06,-1.4778050577620346e-06,-2.4489622545658153e-06,-5.061294834683651e-07,-1.1321700699273932e-06
save,-3.130593857372659e-06,1.1094184167819893e-05,-2.0896245359384782e-06,-4.652393632834085e-06,-3.181804474876364e-06
savings,-1.3030756209347031e-06,-1.5863883705049571e-06,-1.5282395611909228e-06,-8.159018952938279e-07,5.562883620467108e-07
say,-1.3455054160970465e-06,2.8808433115598293e-05,5.2794133764587785e-06,-7.907908503369774e-06,-9.982351534426973e-07
scale,-1.5501479220527407e-06,-7.488028106305787e-07,-2.181710383938932e-06,-9.172213258228281e-07,-7.037024806591667e-07
schedule,-3.372455542848913e-06,7.268016286086402e-05,1.1446390173784823e-05,-7.260334453950642e-07,-2.9026956350009428e-05
school,1.953785562726378e-06,-4.038038997366101e-06,-1.8706789593145414e-06,-1.10859798970239e-07,-4.3499716575450334e-07
schools,4.078567486829172e-08,-4.801470122165876e-06,-2.12560056539672e-06,-1.6763442030588508e-07,6.219528894786526e-07
science,1.131409393422449e-06,-9.899172214878467e-06,7.253698171879793e-06,2.8362381959398136e-07,-2.6659250541341584e-06
sciences,-9.471651347251386e-07,-5.45335218389357e-06,-3.9834782102302336e-07,-3.5327111932915697e-07,-1.5604211333555665e-06
scope,7.556644156118121e-07,-1.0223842734852361e-05,-1.9208411652044268e-06,1.9527981600069182e-07,2.4851483065459743e-07
sea,2.531333304891631e-06,-3.103328031085384e-06,1.0769544842688793e-07,-1.205101572537916e-06,1.0724226641123044e-06
seal,-4.3279803227357645e-06,2.0907319937677013e-05,1.9760678413660387e-06,-7.894833757962206e-06,-2.0915581994380606e-06
search,-1.73801156385138e-06,-2.398044515961386e-07,1.3472615044200192e-06,-2.3256178372456296e-07,-1.652024772175669e-07
searched,-1.2349541471952958e-08,-6.36508713809171e-06,1.431960821271279e-07,-9.093803704340193e-07,5.962544758524395e-06
searches,1.4531484700973761e-06,-3.726433813442018e-06,-2.0440540437095145e-06,-8.848062653968188e-07,1.5057904444231884e-06
seats,-2.1520082745678963e-06,-1.854576284902102e-06,-3.879744319942166e-06,1.8751288568734872e-06,-1.7208994119897995e-06
secondary,1.6222615956513866e-06,-3.445102841999858e-06,-5.420672779226088e-07,1.4137471432098286e-06,-1.3574860447843168e-06
secrecy,-1.4008138099415176e-06,-1.484258029999121e-06,-1.4713163226912665e-06,-1.268224843004229e-06,1.5223400825876826e-06
secretariat,-2.0055031657993256e-06,-3.509160648057964e-06,-3.9572004502630695e-06,5.004130602820477e-07,-3.3152482163215333e-06
secretaries,-2.2728785003651112e-06,4.773546937722256e-06,-6.733669393129207e-07,1.4103274965186616e-06,2.0070611378261097e-06
secretary,-7.1651821022838646e-06,4.060354240609976e-05,6.470089090022087e-06,4.234057532386842e-07,-5.5273885633991905e-06
section,-5.557304478939074e-05,0.000472984990236788,0.00013114114674759155,-8.538796510280843e-05,4.0361600559712944e-05
sections,-6.401880231088345e-06,3.665506382675415e-05,1.0523378802908897e-05,-8.026855299372748e-06,8.994856855496994e-07
sector,-2.0210517129048685e-06,-9.017138436791987e-06,-1.4197196026379667e-06,7.601732496093623e-07,1.6941519630681708e-06
sectors,-1.5146355900192776e-06,-9.190801847925039e-06,5.1763341902389425e-06,2.2131901593846504e-07,3.4209894521660476e-07
secular,1.665723833497178e-07,-5.208770650435237e-06,-4.49353904366484e-06,1.112701009656479e-06,-2.148291355359258e-06
secure,-5.420943334891789e-07,2.463739023106598e-06,8.824175251449665e-07,-8.854750059370037e-08,2.609723864117157e-06
securing,-1.1130566943809914e-06,3.85903735304577e-06,1.435045547686505e-07,-1.4606765298616505e-06,-1.7787885905607048e-07
securities,-1.6356192864174817e-06,-4.200064821658267e-06,1.9642174013151578e-06,-1.2160797222970183e-06,8.30970336661009e-06
seek,3.200555509055492e-07,-4.960921805107936e-06,8.620531432566718e-07,1.3334883497563466e-06,5.058926213711579e-06
seeking,-6.078926134666338e-08,-3.322820267623058e-06,-3.1354259337731535e-06,-2.8192184254659977e-07,-1.0428155189265115e-06
seeks,-1.5428447135154314e-06,-1.8275577908087084e-06,-2.0040126362480903e-06,2.5643006429522935e-06,-4.5616060949742557e-07
seized,-1.8225447979499283e-06,-6.055440538684847e-06,3.2451719901995414e-07,-1.0492409835515488e-06,6.951159161754064e-06
seizure,6.407835700175085e-07,-3.7074187628623214e-06,3.3294975660262454e-07,1.3119124448902872e-06,3.360858817552953e-06
select,-4.3693244820751446e-07,-1.0345002141304096e-06,-1.1779059498379623e-06,-1.6342936542686092e-06,-3.869626397771003e-07
selected,1.0542004783393835e-06,9.24728458350303e-06,8.86057237856955e-07,-1.6850041092399453e-06,3.4852073880843562e-06
selection,-8.250170294628717e-07,-1.3627858900877928e-06,-9.684273624737882e-07,7.579668905373681e-06,5.127642776792762e-06
self,1.9724915000537208e-06,-5.705796162945117e-06,-4.2308932427266165e-06,-4.360516151640249e-08,-1.4136759185912015e-06
self-determination,4.330871973919841e-06,-4.589372065497678e-06,-2.5742430463524664e-06,-3.0604784478299274e-07,-6.725145618683796e-07
self-government,4.6718893068020756e-05,-2.691016308931278e-05,1.2573281884698334e-05,3.1115900337168196e-06,-2.3965718979278096e-05
senate,-2.474035059732696e-05,0.00010688842361074908,3.524012161018922e-05,-7.070021971562256e-05,0.00010167157383984288
senator,-1.4009505790116437e-05,7.065049828025691e-05,2.484515022696442e-05,-3.156525250440894e-05,3.4115854166031337e-05
senators,-9.700236326045562e-06,4.385138163176204e-06,7.970820982923827e-06,-1.7413263977077337e-05,4.11282380655804e-05
send,-1.1061095992824161e-06,-2.7258141179819938e-06,-3.136432365052375e-06,-4.353022562999725e-07,-7.906487206661951e-07
senior,-1.3589116044662425e-06,4.598408319932484e-06,-1.7145954533412575e-06,-2.608364835989597e-06,-2.0877989380447415e-06
seniority,-1.803213127774812e-06,2.100801615909747e-07,-2.2540024652678592e-06,-1.5236889634220257e-06,-6.47425085299333e-07
sense,-8.904922998534472e-07,-9.35184974355873e-07,-2.4726683835232726e-06,-4.795544784000607e-07,-1.663739463993976e-06
sent,-2.185125570726852e-06,6.341784879958358e-06,4.0117718431590385e-07,-3.5369255422816906e-06,2.3997489582499984e-06
sentenced,-9.314386158448572e-07,1.875915001539667e-06,-7.00895336058319e-07,-1.1665326305084347e-06,-2.9983040234702863e-06
sentences,-1.129215862149443e-06,4.0771620606102505e-06,1.9278342540084994e-07,-2.309310062321128e-06,8.961744378421404e-07
sentencing,-1.291003141891722e-06,1.8372650531065209e-06,-6.948439857207253e-08,-3.4542789783133926e-07,-1.4961899566408585e-06
separate,3.765927461458488e-07,2.2803794125503043e-08,2.2731600530386395e-06,-3.3574449830202656e-07,1.3575805421819817e-06
separated,-1.132791129548127e-06,-3.1646884023043627e-06,-2.8466066802791203e-06,6.67232926776402e-07,-6.298978936638604e-07
separately,-1.2763413650297097e-06,-2.757505593687187e-06,-2.3142037701860865e-06,-2.784769395068184e-07,-5.371661533773623e-08
separation,-1.3263758159841068e-06,-4.851824977204808e-06,-3.3796381824058957e-06,6.784337379448676e-07,-5.578611369356865e-07
september,4.904025194766182e-07,-1.4125084686441828e-06,-2.614853433636397e-06,3.6154380925470667e-07,7.756351564663582e-08
servant,-1.479790747144008e-06,-1.613442041980586e-06,-2.574402575353746e-06,-5.120706414060125e-07,-2.7921690190801775e-07
servants,-1.1200478718640015e-06,-6.852271322950013e-06,-6.000915373056685e-06,9.344819489486061e-07,-1.6272938926772144e-06
served,-2.2834058660661898e-07,4.482374253316858e-06,1.4419565742378332e-06,-6.081926721864483e-07,-1.978051500620504e-06
serves,-1.2830206645462313e-06,-4.919289317609486e-06,2.6192634018320055e-06,9.243503423814248e-07,9.105196852757568e-06
serving,-1.175415864175497e-06,2.477705047945315e-06,-6.056999474350472e-07,1.0755174562072528e-06,-1.2018708736221652e-06
servitude,-1.1695573169974228e-06,1.346527681207315e-08,1.8106383524269017e-06,-2.710033695161535e-07,5.171162375096673e-06
setting,-1.485300461544603e-06,-3.882154123280378e-06,3.105995947215663e-07,-4.7003493056001787e-07,9.365887472889435e-07
settle,5.243954229077995e-07,-4.681170687638574e-06,-3.054501385392577e-06,-2.1177855808775586e-07,-1.0918793087107587e-07
settled,7.206413538589759e-07,-5.849289988771099e-06,-4.438779148233281e-06,-2.762871961015183e-07,-9.409947173026023e-07
settlement,-1.5284409538314915e-07,-3.7769201173056127e-06,-3.0524685152046633e-06,2.8109054682325356e-07,-7.67899694595172e-07
seventh,4.406071102151236e-07,-2.5228682552770058e-06,-2.6965358076470183e-06,-4.6201123873127804e-07,-9.200540684088388e-07
seventy,-1.5023642472213047e-06,-5.768813057207329e-07,-4.828683885003917e-07,-1.0735885162226602e-06,6.911835506942668e-07
severe,-1.496112298199859e-07,1.9728944035698168e-06,-1.1165576582452545e-06,2.5641429430693495e-07,-1.860842392844941e-06
share,1.496349258232287e-06,-5.203808233677482e-06,3.3275041374217936e-06,1.0715483375806857e-07,1.0795522262127926e-05
shelf,3.0336325886998784e-06,-2.5984892162784316e-06,-2.2227835024116557e-06,-3.8419897442543394e-07,-2.265253216337373e-07
short,-1.6547339729922894e-06,4.288296163012877e-06,-1.63653297052595e-07,-4.043729982830797e-08,-8.873553704529173e-07
shorter,-1.5761608921440914e-06,1.1687320897298124e-06,-1.9535841041229944e-06,-7.902259567525796e-07,-2.124225608710901e-06
showing,-1.4819062116674644e-06,4.576745437999391e-06,-3.2524229976842214e-07,-1.8347782931494498e-06,-7.684536482969508e-07
shown,-2.0431291999571452e-06,1.6623570958272513e-05,1.748658285579695e-06,-5.245241946931246e-06,-1.2369651298039397e-06
shows,-1.896074337380725e-06,6.203361821153659e-06,8.379687009821025e-08,-2.080348543751362e-06,-8.790070528848243e-07
siege,-3.5989904341233314e-06,-1.6103291816478708e-05,-7.4661949403751946e-06,8.775294537055161e-07,2.755367012685028e-06
sign,2.027456365907544e-06,-4.893079000889488e-06,-3.089791987464515e-06,5.101735786507814e-07,5.898350812310686e-07
signature,-1.3961038445367233e-06,-1.2859901318905454e-06,-4.2915593235715715e-06,-1.9112004518841792e-06,-1.8875868455508278e-06
signified,-2.964838051876725e-06,1.2548794359765236e-05,2.0072935977459508e-06,-3.1551335507558575e-06,-1.2933757510492926e-07
signing,7.423930856329507e-07,-4.382548171944315e-06,-3.7165471978251853e-06,-4.7485187870741204e-07,-9.505577488780252e-07
signs,-1.4993419078274168e-06,-5.884558527215958e-06,-3.88078320065023e-06,-7.375691913931151e-08,-1.3297925975988263e-06
similar,-6.164163439358698e-07,2.694414972396352e-06,-4.1908747343419684e-07,5.572774800537658e-07,1.0332969001326753e-06
simple,-8.523404498237754e-07,-3.4896737583296217e-06,-1.8601290207151641e-06,3.831877623270309e-07,-6.008895233669922e-07
simultaneously,2.9856675096400217e-06,-4.6625415901950405e-06,-3.098305484976075e-06,-5.665980791128843e-07,2.8672833653212725e-08
single,-1.4391350387077667e-08,-9.481128816772951e-07,-8.088482599386401e-07,9.037583417684593e-09,7.167767322652413e-07
sinking,-1.692272014780773e-06,5.5008159283000285e-06,-8.710554775589895e-08,-1.2249474845034419e-06,-8.681049848534073e-07
sit,-2.5646962311505548e-06,4.423529080849666e-06,-4.105139190605001e-07,-1.1664542142165051e-06,4.961439150384546e-07
sites,-5.602544890975315e-07,-4.737642664753188e-06,-1.1256593778206136e-06,-5.042703921098607e-07,-1.3404006846674595e-06
sits,-1.95821876492829e-06,6.475900680737584e-06,-6.477878115393274e-07,-2.126241361320386e-06,-1.4896847031333482e-06
sittings,-2.5477938253105455e-06,1.7049024514556964e-06,-2.8259791089953736e-06,-2.1818495421496448e-07,-5.006380765427532e-06
situated,-9.330129774896165e-07,-2.647434653047904e-06,-2.669384100182161e-06,-8.651706158041443e-08,-1.3996664826247606e-06
situations,-8.737232519136647e-07,-5.27430581253247e-06,-3.2181412646943903e-06,-2.4970342460325533e-07,1.8774281750661315e-07
sixteen,-1.4418030083946545e-06,-1.6953977719962153e-06,-2.4728978275547654e-06,-4.3711703462742925e-07,-1.0886383024803842e-06
sixth,-1.7622526948193504e-07,-2.3024488111071985e-08,-1.9957069107002816e-06,-1.2299163494650465e-06,-1.6510928038087817e-07
sixty-five,-1.5794635695740302e-06,2.937294592608103e-06,-1.9287375815410835e-06,-1.503595155566726e-06,-1.8354458415527023e-06
size,-1.2307270543233074e-06,-5.640927666535791e-06,3.78783143865644e-08,-3.034665302703182e-08,6.424603312171149e-08
slavery,-1.2201397753103505e-06,2.408264463333722e-06,1.8592661965721872e-06,-4.811073215845453e-07,2.2532841513356257e-06
small,2.406040930509699e-06,-6.18454184578231e-06,-3.6333908102346164e-06,-2.981227300424729e-07,5.706743771675253e-07
socially,-1.4552429918122898e-06,-4.263522365040857e-06,-3.82402003002284e-06,1.1009041569802255e-07,-1.8928106294728284e-06
societies,-9.961728178403647e-07,-4.442464008072391e-06,-1.6864937771056016e-06,-8.022604377085698e-07,6.714495472497274e-07
socio-economic,-1.6650794593107409e-06,-6.8718664949832765e-06,-4.6083373010757655e-06,-5.7443046201102835e-08,-2.5861898387775107e-06
soil,-1.0774238264051815e-06,-6.723932701617954e-07,-1.173664138913985e-06,-7.532130092772599e-07,3.4341549322641106e-07
sole,-3.1762302891682643e-07,-4.625481344653791e-06,5.086675103257214e-07,-6.481990045277925e-07,6.3418513679092125e-06
solely,-1.1325454675179308e-06,-4.220774219350464e-06,-2.7609531101733316e-06,-2.1623478316359953e-07,5.079239153346002e-07
solemn,-3.3358424853125724e-08,-4.851909769936099e-06,-9.663036642482068e-07,-5.57941997987664e-07,2.8799353395114094e-06
solemnly,-1.7598441778264735e-06,4.613465683022563e-06,-1.4421365020555145e-06,3.6186279307093476e-06,-2.1520670953646954e-06
solidarity,-1.182377716036289e-06,-8.337392591771458e-06,-4.964652344262536e-06,3.468221008688743e-07,-1.931330229477803e-07
soon,-3.069094863931802e-06,1.2734013090906487e-05,-7.667425179587045e-08,-2.0233885079872295e-06,-3.242840692963408e-06
sooner,-2.071221232322656e-06,8.470834617113562e-06,-6.188074992239639e-08,-1.612524704089319e-06,-2.4784838739541156e-06
sought,-1.3874987476389977e-06,-1.7117193581895145e-06,-2.9600221969788203e-06,-1.5962865473676609e-06,-1.8473315519763322e-07
sound,-1.4456882655462834e-06,-3.4734923778650443e-06,5.460183611550577e-07,-5.260214613821407e-07,-4.228035430626264e-06
source,3.5701317771708436e-07,-4.470829237701862e-06,-7.577789515176925e-07,1.1617424578608019e-07,1.688339027635814e-06
sources,4.630701529431808e-07,-5.161669513361434e-06,-1.7120094715811398e-06,-5.232785697610447e-07,2.5225339059196902e-06
south,-3.016032932603942e-06,9.053594667583203e-06,-7.1137278145029195e-06,-6.025908955901491e-06,-1.8535432276655815e-06
space,5.486060355024274e-06,-6.438470476757849e-06,2.1322737606616407e-06,-3.2113188504071955e-07,6.739408039634096e-06
speak,-1.7074576752171317e-06,5.881978968884382e-07,-2.5155611114892473e-06,-1.1477151329284918e-06,-2.4656845446108274e-06
speaker,-2.9271531486217895e-05,0.00017004335136719235,2.9977109310317194e-05,2.171171144715827e-07,-3.941637167824163e-05
specialized,-1.7977753742757384e-06,-8.700950007899114e-06,-1.7152382174480596e-06,2.1780690003900766e-07,-3.1984914923955635e-06
specially,1.6042107366023455e-07,2.8740290690667223e-06,-9.20844480364942e-07,-1.5506620407812964e-06,-3.829161942742252e-07
specifically,-8.513525837716387e-07,1.128029291007333e-06,-2.87414006820726e-07,-3.456964520807327e-07,-3.168395202083151e-06
specifies,-2.230433294806698e-06,-6.966756092138879e-06,-1.7033205291467591e-06,-1.2428119311381066e-06,6.405671173984929e-06
specify,-8.450319994363698e-07,-2.24261688972111e-06,-9.270462546072637e-07,-1.4920217825483523e-06,-1.5434971217625755e-06
specifying,-1.342409395202141e-06,7.486227707485472e-07,1.5606319347867642e-07,-2.0890625452102045e-07,-2.6122970697486537e-06
speech,-1.8371904946701794e-07,-1.8366779759796645e-06,2.9640433172278795e-07,1.602425676904909e-06,-4.6881150133666147e-07
spent,-1.353579480708898e-06,3.3716059512145654e-06,-8.880653093547328e-07,-1.5487914594194276e-06,-1.2572758692272488e-06
sphere,7.6239574561665165e-06,-5.422758117471066e-06,-5.170962860528822e-06,-1.7333298480892904e-07,-2.5814934239160222e-06
spheres,-1.1786660378543644e-06,-3.0242680594651967e-06,-6.392191840380346e-07,4.433311517350937e-07,-2.402156030773921e-06
spirit,-1.536017088849897e-06,-4.644853759993132e-06,-2.542487193453014e-06,5.90735994235731e-07,3.755560010104338e-08
spiritual,-1.8534551068057624e-06,-4.564671579595239e-06,2.7856331118070064e-08,-1.866437004350176e-07,-3.3125451481673414e-06
spoken,-1.5992115219955441e-06,-3.0140243245883046e-06,7.546054114726553e-06,-8.300871290453007e-07,-5.698322601902811e-06
sports,-1.4313881637892112e-06,-8.143173194193741e-06,-1.4448340835399214e-06,-2.3110772834288603e-08,1.5870848342383176e-06
spouse,2.28285926183414e-07,-8.55128405340934e-07,2.3211120963509773e-07,7.414799966496665e-08,2.9151759516785197e-06
spouses,-8.860066657096938e-07,-3.4340789075094582e-06,-2.1104060987242886e-06,4.362055711384988e-07,-9.218658040251694e-09
spread,-1.586766357003203e-06,3.342257603989604e-07,-1.5617262408089107e-06,-3.374697045160432e-08,-8.736802131602097e-07
st,-2.089757373546192e-07,5.557225547690214e-06,-1.1564980269113648e-06,-3.273851312000052e-06,8.122739771569218e-07
stability,1.7062259026524768e-07,-5.487557981392566e-06,-2.4985359963487015e-06,1.007255348931887e-06,1.1329089171764285e-06
staff,-5.701829326947845e-07,1.243629293605847e-05,3.790015163783086e-06,1.32397976231857e-05,-1.832656085411922e-06
stage,-1.4490593986649e-06,1.699697084772784e-06,2.572381311227905e-06,-1.4931904992625052e-07,-1.8126984291433113e-06
stages,-9.768052306034672e-07,-5.284213498650472e-06,-3.833715772365566e-06,-3.0370370343381924e-07,-3.014841884039253e-07
stand,-1.0767116532248676e-06,1.5891910025889718e-06,1.3595517451481986e-06,-7.875983457875345e-07,-4.320903103707597e-06
standard,-1.1334437273053667e-06,-3.85156745991374e-06,-1.1045249648280402e-06,-1.9480323523863854e-07,7.559907480774662e-07
standards,1.6398742385052184e-06,-6.292844280966261e-07,1.0856614166799593e-06,-5.017828407653988e-07,-1.0593134062334528e-06
standing,-2.7247489063935477e-06,-1.08875036741751e-05,4.8235570565217734e-05,2.1533764894295145e-06,-2.7928337645189803e-05
stands,-1.744869115916874e-06,3.7710802275467646e-06,-1.5823927540898603e-06,-2.0158328303417597e-06,-2.1584503351546243e-06
start,-1.6845713046308433e-06,-5.821122281089174e-06,-2.7149910966295964e-06,1.994523456156065e-06,9.598764192264835e-07
starting,-1.2312386484411157e-06,-4.902613988801553e-06,-3.6020054483252766e-06,1.3577862132325343e-06,5.388103131674279e-07
state's,-2.3788160173724908e-06,-8.230952862541936e-06,-8.502671576929665e-06,-1.285691379910358e-06,-3.6890800263687966e-06
stated,-1.8818563007476184e-06,1.552973729724447e-06,-9.385009979554407e-07,-2.076304521727246e-06,1.3794096147123469e-06
statement,-1.1428959794595895e-06,2.052157392720483e-06,-1.026764341339228e-06,-9.627724676017685e-07,-2.893076100581477e-06
statements,-1.395953581676209e-06,-4.221279004440176e-06,-4.980309615757602e-07,-5.9216069820012204e-08,2.04450699996399e-06
stating,-1.8795691177335128e-06,5.944732030852097e-06,-1.9290393116607678e-07,-2.1691193182895172e-06,-8.190786744765492e-07
statistics,1.5219366245592949e-06,-1.0865153433323664e-06,-2.562589721547847e-06,-1.0933182384708905e-06,-8.10889960674292e-07
statute,-8.294104286457039e-06,-3.8346331764611235e-05,2.8726126026866818e-05,-3.1940243850468656e-06,5.3418424982933335e-05
statutes,-4.0465190560336024e-06,-1.6488922955876018e-05,1.7936234869216465e-05,-1.025668084300322e-06,-6.221805748670437e-06
statutory,-1.3532327713027834e-06,6.985056543395339e-06,-1.480904030861608e-06,1.125284427108069e-06,-3.69377710826575e-06
stay,1.713599791868553e-06,-4.2537197762361276e-06,-1.0726955520627851e-06,-2.4627280889978416e-07,-2.2553807370448973e-06
steps,-1.3075410568067102e-06,1.195976306911889e-08,-2.083946827464531e-06,6.65536131210635e-07,-2.5414643297387646e-06
stipulated,2.6527247543969677e-06,-1.8070665319259583e-05,-1.2547494333569559e-05,-1.2135878470096479e-06,-3.6157579352708284e-06
strength,-7.245319463607342e-07,-7.361265626321861e-07,-2.5961539084870506e-06,3.0775796897675947e-07,-2.2430848315541487e-06
strengthen,-1.614709248839426e-06,-7.996864731496879e-06,1.541886684268505e-07,-3.538165889127561e-07,-1.6624770601389189e-06
strengthening,-1.25208970645291e-06,-5.842349049389835e-06,-3.474583482990579e-06,1.3083892095135818e-08,-7.730864427419061e-07
strict,-1.7274143342073112e-06,-7.141899697021908e-06,-2.1742977330426725e-06,1.8131700925782577e-08,-1.8262668300779352e-06
strictly,-1.4458384486787812e-06,-6.161495510826933e-06,-3.653956454825773e-06,7.815236204076002e-07,-1.7106968076471543e-06
strike,-2.2153208860043913e-07,-5.4063990669921265e-06,-2.5526944876434072e-06,2.9769923749355213e-07,-4.76635824706344e-07
strive,-1.1598559022396754e-06,-6.131721699442203e-06,-2.3616363256575575e-06,7.987931849624293e-07,-8.243257660033507e-07
structure,5.152534968453949e-06,-8.818641802329932e-06,-4.176407871486359e-06,1.477925497091766e-06,-2.857377061648102e-06
structures,-1.22779998043799e-06,-3.2611629712647357e-06,-3.097586605104626e-06,-1.5083277211872875e-07,-1.0616921260923426e-06
struggle,-2.8002194112937545e-06,-1.0069648542272113e-05,1.4650072296469454e-06,1.436944107442404e-06,-9.479586507216653e-06
students,-1.1106439506414006e-06,-5.42900665556947e-06,-2.8163297050674765e-06,-1.694420035550473e-07,6.745099379011102e-07
studies,-2.5430947364899e-07,-4.690565624500496e-06,-3.1601324309241622e-06,-8.129160151632339e-07,8.102876531061647e-07
study,1.1950875138037763e-07,-6.26544599752791e-06,-3.5707245655027175e-06,2.3064060953110516e-07,4.6114084706766074e-07
subjects,-1.378037844912536e-06,-4.347390828227533e-06,-2.6243765877264295e-06,3.7499685101132464e-07,1.8409831200709729e-06
submission,1.1695437066256983e-06,-5.3478148435191385e-06,-1.1866871075883486e-06,-3.592412123546813e-07,1.4571475086677638e-07
submits,-1.305638204439699e-06,-5.099458850337348e-06,-3.200474566214891e-06,-5.531242256523402e-07,-5.500779502641396e-07
submitting,-9.364903427072385e-07,-4.707380768127644e-06,-4.185627098264157e-06,-3.2442786990867175e-07,-1.9355525548380593e-06
subordinate,-1.3110401177340281e-06,6.694377404941653e-06,2.3818055891444425e-06,6.377841958876714e-06,-5.64515928634914e-06
subscribe,-2.6591938151351615e-06,1.544055922635589e-05,4.270167223673502e-06,-3.9125387542254946e-06,-8.582902426939543e-06
subscribed,-2.9620242890658247e-06,1.3849037106657572e-05,2.5915059516898196e-06,-4.423446074495054e-06,9.664040606265446e-07
subsection,-7.824774703956726e-05,0.000653330968988127,0.00017656249759846182,-4.5483427209369766e-05,2.708817829328527e-05
subsections,-8.166491065485438e-06,5.1398539608594486e-05,1.3068732339064485e-05,-1.018720183324332e-05,2.7733355574198847e-06
subsequent,-9.568305408485736e-07,-2.022835253690958e-06,-1.7819380456252595e-06,-2.2236367147950145e-07,6.874489930799407e-07
subsequently,9.708876361869795e-07,-1.304626059500585e-06,-2.4112094651855034e-06,-1.112633770440965e-06,-7.016113154467859e-07
subsidies,-5.4241249076909254e-08,-5.381909505943061e-06,-2.972958976722715e-06,-6.333160332988939e-07,1.4540123873912736e-06
subsistence,-1.6957376340838934e-06,-2.103885048164081e-06,-2.342989155820254e-06,-3.6061396389475947e-07,-9.946414330185289e-07
substantial,-1.3744431586389595e-06,2.8426647493668434e-06,7.716639834744074e-07,-1.1971057883198045e-06,1.3621854135477427e-06
substantiated,-1.5804651815236116e-06,-5.213785532129715e-06,-4.6973713027540325e-06,2.0234482689070436e-07,-1.4669575652587616e-06
substantive,-1.5237840849386402e-06,2.611399972447581e-06,-6.112540451526289e-07,-9.176895056405211e-07,-7.681706785789695e-07
substitute,-9.221668492966595e-07,-4.157088089521983e-06,-3.530891090796481e-06,-3.484310382482501e-07,5.293347660226163e-07
substituted,-1.82320666024693e-06,8.614144662964966e-06,-5.030220575199565e-07,-3.640482635716332e-06,-1.4252209242825132e-06
substitutes,-1.4674128563076644e-06,-6.6588144145147805e-06,-4.048850857220139e-06,-1.8793982327724775e-07,1.378443494199358e-06
substitution,-7.965730930379419e-07,-2.617116119516173e-06,-2.664079820878833e-06,-3.2480604257742193e-07,-1.4238491705410623e-06
succeed,-1.2171761934525173e-06,-2.988533846034381e-06,-4.721868919804031e-06,-2.553335435214583e-06,-1.360955968384831e-06
succession,-2.2007071303790813e-06,3.3547733798128853e-07,-2.9692503462895313e-06,-6.024602947283413e-07,1.2934560481956504e-07
successive,-1.5281755223646347e-06,-2.604819431491264e-06,-2.168270895049394e-06,-9.096579358292609e-07,1.1381120847555101e-06
successor,-2.052405665334883e-06,-3.759791440259713e-06,-1.5851361553359217e-06,5.677412473677216e-07,3.84553438362382e-06
successors,-2.0229539789702314e-06,4.3870003932509595e-06,4.967058030002707e-07,-2.992048554610875e-06,7.488201680662256e-07
suffer,-1.1840087315042813e-06,-4.428934923150321e-06,-3.7160741388910332e-06,-1.9000300782146283e-07,-1.2459597356282614e-06
suffered,-8.813883530879299e-07,-1.8436250607666176e-06,-7.123039163220334e-07,-6.561532813333551e-07,-2.7923193102077855e-06
suffering,-1.1781224604438744e-06,-7.892287553011323e-07,-1.8035477797145493e-06,-1.2172018575592192e-06,8.675896203875666e-09
sufficient,-1.6688774876591619e-06,2.396943792841848e-06,2.623292204892589e-07,-6.057741129599846e-07,1.8055500313511795e-06
suffrage,-1.1332460340785332e-06,-9.094581346309589e-06,-4.276998425077165e-06,1.563966118676991e-07,2.352405094630691e-06
suit,-8.587493254765649e-07,1.2186380174493832e-06,1.6179483574539162e-06,-1.3673948951613674e-06,3.994766837512765e-06
suitable,-1.2907885332050176e-06,-2.3126066706534206e-06,-2.413402976204645e-06,-7.773711453080862e-08,1.936112148403797e-07
sum,-1.915781598472279e-06,1.0802918001236806e-05,9.2263796215615e-07,-3.597161178923535e-06,-8.618797336164241e-07
summary,-1.2247990260720613e-06,-2.054118234508487e-06,-1.636339395561368e-06,-1.0979086571994558e-06,1.554110524498357e-06
summon,-2.0011540746307525e-06,3.055285381565005e-06,-1.4152956147004734e-06,-5.144585016067845e-07,-1.5795870599792548e-06
summoned,-1.737424671734768e-06,4.533783289059203e-06,-5.191997873247774e-07,-1.1498604181310173e-06,-4.919955172919436e-07
summoning,-1.3585701909121082e-06,3.5927830045072494e-06,-4.572859914389556e-07,-2.055517122532168e-06,-1.4539623515755065e-06
summons,-1.4213858783144062e-06,-1.2747031238060241e-06,-2.969719266292413e-06,-4.1035706700259555e-07,-3.587359126436902e-07
sums,-1.4258476138579908e-06,2.304434276119455e-05,3.059554674691355e-06,-6.98421313947704e-06,-2.647196363151707e-06
sunday,-1.678711023994543e-06,-3.8024247608709754e-06,-3.3138328750167724e-06,1.7294730903136223e-06,3.8313237186508e-07
superior,-3.7257056830733e-06,-6.703707365373165e-06,-6.725027143990403e-06,-4.983267260788071e-07,2.287964938536084e-06
supervise,-1.887916024463926e-06,-6.917243315590439e-06,3.497778384691843e-06,8.092571094379538e-08,-4.544491888065087e-06
supervising,-1.5538889095045974e-06,-3.7463123500301948e-06,-3.954616163776029e-06,-9.184961450956516e-08,-1.7741935038068562e-06
supervisory,8.468379576616485e-07,-4.703469104296769e-07,-4.026330270260224e-06,-8.558086997670999e-07,-1.8262986968947816e-06
supplementary,-2.6249920796675124e-06,1.3119752493941796e-05,-6.696992509196126e-07,-3.896255679714439e-06,-3.767478913526378e-06
supplies,-3.1992417245384117e-07,3.230556576747379e-07,-1.448568140532676e-06,-9.131472768044847e-07,-4.293211360685601e-07
supply,7.43198388331021e-08,3.118790302449392e-06,1.7042854370370917e-06,-2.257701754945932e-06,-5.681063895830945e-06
supported,-9.856202340149898e-07,1.0583982710493037e-05,1.937327613158454e-06,-9.910330213599153e-07,4.355028948250119e-07
supporting,-2.32103843058149e-06,-2.0454092542018084e-06,-3.3503297300871715e-06,-7.897070788401205e-07,-3.5688397188636635e-06
supports,-1.5499128891901812e-06,-4.382213320879906e-06,4.108591635663736e-06,5.531209655901277e-07,-3.620697073605747e-06
suppressing,-1.5825345919377676e-06,2.164178683196415e-06,1.0227476029806307e-07,-1.438825408215548e-06,4.978023132954145e-07
supremacy,2.0433009457535005e-06,-1.9802801358557637e-06,6.204216408708826e-07,8.364908472358435e-08,2.0959997599560935e-06
suspected,4.1961092215290494e-08,2.0800419846412986e-06,-1.4738311057177618e-06,8.464242344654486e-07,-1.990259150694042e-06
suspending,-1.335593523745281e-06,2.389873278833166e-06,-5.249008079906122e-07,-5.815576883833742e-07,-9.338584214365884e-07
suspension,-3.0875704076723254e-06,8.875766164007253e-06,2.061850614953311e-06,6.061623623375911e-07,1.827463355536942e-06
suspicion,-2.036889024377895e-06,8.030688777171689e-06,7.239180323756119e-07,-2.5504659394217764e-06,-1.6022735574347807e-06
sustain,-8.586280449144125e-07,-3.917246653547826e-06,1.1068145600894056e-06,-1.1007551159668822e-06,6.206653813766884e-06
sustainable,-1.220858122210475e-06,-4.996311118916291e-06,-3.963458381792904e-06,1.5458406868393657e-06,-1.5333368074930037e-06
sustained,3.765177678867312e-07,8.495140203978227e-08,1.2591932123540272e-07,-1.7372051150861205e-06,1.8474567651629963e-06
sworn,1.0032861023780799e-07,-3.2021990591343522e-06,-4.3897915768070655e-06,5.676444401993785e-07,-3.3004629048413927e-06
symbol,-1.7686044600068063e-06,-2.3066124194582447e-06,-3.568599515314362e-06,-7.705644229572044e-07,-1.3767597039553392e-06
symbols,-5.816020545919008e-07,-6.250371357099342e-06,-4.18070708786163e-06,4.798027362270254e-07,-2.5890391379210506e-06
systems,3.538717509223915e-06,-8.622614851169085e-06,7.15354998938188e-06,-3.117006876739027e-07,4.96531761403942e-06
t,-2.1679848614768875e-06,-5.9736998587516284e-06,-1.5926138714973807e-06,4.084938507931585e-07,-4.139424722851069e-06
task,-2.176262650036399e-06,-6.75796237868001e-06,2.513071686395373e-06,1.838822119602483e-07,-4.114335028034575e-06
tasks,1.4374746501904473e-06,-1.2252095872147332e-05,-1.4966875131216419e-06,4.759444519642477e-07,-6.1708850950876615e-06
taxation,6.76971159208044e-08,5.716475881822909e-06,-6.338925784518078e-08,-6.693360162977081e-07,-9.809259028826375e-07
teachers,-6.337478300743486e-08,-2.3923885987510697e-06,-2.6776315742944896e-06,-5.040572957524119e-07,-2.3514813793382074e-07
teaching,1.1473495955495804e-07,-2.949265600261238e-07,-6.160486903563358e-07,-7.169371768432027e-07,2.1749024467026006e-06
technical,-3.9054120600256644e-07,-5.246319619200328e-06,3.738235784003544e-07,9.06940652210086e-08,-6.198171184171476e-07
technological,-9.697994718610438e-07,-6.08423069782393e-06,-3.9068044593316696e-07,-2.409883356761015e-07,6.207646399393814e-07
technology,-5.953800969420704e-07,-1.0278341488300787e-05,3.5454406345573216e-06,-1.8750444484045108e-07,-7.049040478423232e-07
telecommunications,1.186144775285422e-06,-4.01435315438502e-06,-3.0464689973232884e-06,7.892975889471291e-07,-6.460269307170902e-07
telephone,7.394022926583981e-07,-3.543214737576617e-06,-3.275514846799231e-06,-3.4501950985919244e-07,-1.6089911246331884e-06
television,-1.1590891233967927e-06,-2.248994611101296e-06,-1.3986081264937394e-06,-4.49435553311265e-07,-1.4819331998088383e-06
temporarily,-5.69234592956296e-07,-8.09806185960851e-07,5.0832524086671816e-08,-1.2096075350653447e-06,-2.338690402320448e-06
tender,-8.161915711172147e-07,-2.1348945969402934e-06,-2.0124589441833068e-06,-1.0814071686699077e-06,-4.839361173284477e-07
tenth,-4.804543676053397e-07,-4.614264361412164e-06,-3.4490914123207116e-06,-2.3362078997833002e-07,-5.606290422280743e-07
tenure,-2.7800538393395436e-06,7.513520484487472e-06,3.201277552438343e-07,-2.5470508956891045e-06,-9.644146980145791e-07
terminate,-1.345648654679348e-06,-2.7091996719733976e-06,-2.1631390361076183e-06,-1.3380214318962025e-07,7.744639285367309e-07
terminated,1.1847886421859946e-06,-1.5220736239496293e-06,-2.4776710984933916e-06,6.028051524244875e-07,-1.668647122100293e-06
terminating,-1.6290251976391501e-06,2.437811957030655e-06,-6.710274820506544e-07,-6.73499792963029e-07,-3.282178212590949e-07
termination,-3.9602225268305826e-07,-4.9442945079518456e-06,-2.271781294081039e-06,2.966279590702932e-08,-1.2935897296061168e-06
territories,1.0453797244874569e-05,-1.0121758965717843e-06,-2.763816567493043e-06,-6.314322870478249e-07,-4.308399884044009e-07
testify,-1.682364449983955e-07,2.2263553459806305e-06,-4.3744503212125543e-07,-6.495155151541039e-07,-9.29936491964645e-07
text,-2.2049034130359805e-06,-5.678014260197344e-06,-4.580068694050095e-06,-7.264518625070144e-07,6.640858540201912e-07
texts,-1.9887530172646093e-06,-5.085086528073793e-06,-5.009367410611006e-06,-8.22984762522499e-07,-5.186342111827193e-07
th,-4.557547873712956e-06,1.3863221636236443e-06,2.1790718653311564e-06,-1.8753502950621422e-06,6.50802694348557e-06
therefor,-2.8519164489177476e-06,7.4668367241288626e-06,4.885732022529405e-07,-5.728254001567626e-06,2.77248091905321e-06
therefrom,-1.6297940890953216e-06,2.03210072822602e-06,-1.7075999440981264e-06,-2.493327606654476e-06,-3.7026988812137e-07
thereon,-2.081444303642713e-06,1.0906312323751038e-05,2.8161694625464414e-07,-5.163813904626958e-06,1.0545431888731024e-08
thereto,-1.7068496463996312e-06,1.4868389205975448e-05,2.30000063071775e-06,-5.715992641995565e-06,-9.529935918128255e-07
therewith,7.555112791427739e-07,1.353861162433575e-06,-5.905528541838961e-07,-2.0399629815541533e-06,1.2775644781207098e-06
thing,-4.67306535091963e-06,3.161824844064556e-05,8.122822249033409e-06,-7.487580723084468e-06,9.559854474880441e-08
things,-2.2596185921799175e-06,5.607989189764072e-06,4.20197640260767e-06,-1.9546962795461358e-06,2.458615342912821e-06
thinks,-3.33688406269938e-06,1.797833396915798e-05,2.560327161213928e-06,-4.283479681930363e-06,-1.4027584747445137e-06
thirds,2.3038873363350827e-06,-6.9468009437300575e-06,-1.1559178439748827e-06,-2.677534499457894e-07,4.28755805111883e-06
thirty-five,-1.3831821151245246e-06,-4.43740650253502e-06,-1.8886230103259531e-06,-4.593905009337067e-07,1.821603642061596e-06
thought,3.788531044969777e-08,-1.229969674533444e-06,4.256406245889447e-08,2.828025737577484e-07,-1.8684318372921857e-06
thousand,-2.055136694727763e-06,-2.2397420255739425e-06,1.323726400378437e-06,-1.643770720480129e-06,2.4640382845511046e-06
threat,1.114038152012608e-06,-4.5734514419671836e-06,-9.069202683363793e-07,-5.508656155861428e-07,6.08044281341799e-07
threatened,-1.3168809741302168e-06,8.134361809315095e-07,-1.5640231549647541e-06,4.4009665595250794e-07,-1.8676437773105856e-06
threatens,-1.5787958924484482e-06,-3.2305752138511326e-08,-1.1319787954135731e-06,-9.277366848492636e-07,1.5322894076034325e-07
three-quarters,-1.7611470940100809e-06,-1.4459178224823688e-06,-1.620155850966566e-06,1.4505622931684906e-06,-1.3805731915563768e-06
tie,-1.8367339256703356e-06,-4.557900942268141e-06,-3.3536878458607625e-06,-8.617190171582362e-07,6.446268735767471e-07
ties,-9.02573657780997e-07,-4.588980504469879e-06,-4.368783979488547e-06,-3.753990574946646e-07,-2.1059628822506524e-06
timely,-6.038018880307432e-07,-4.3073996441929935e-06,-2.932421735130468e-06,4.883652409845872e-07,-4.942284525317619e-07
title,-1.9520241794694395e-06,-6.921925435869014e-06,1.903314597079576e-06,-3.380695228820152e-07,1.1776160397079349e-05
titles,2.7851284773419418e-06,-5.1581085270088506e-06,2.474921083491064e-06,1.4980638863225482e-07,-4.510284685944563e-06
tolerance,-6.234580964091899e-07,-4.429255964632776e-06,-2.9777916676910815e-06,9.257186198073151e-08,-2.2911933429094e-06
took,-2.4174331821667365e-06,7.657990465225671e-06,2.1704829882532607e-06,-1.5532687841538166e-06,-2.374716745190503e-06
tourism,-1.2752437591766912e-06,-5.040239594819437e-06,-2.451683693765445e-06,8.23876720193091e-07,-3.46118759890808e-08
town,-1.6744882809986943e-06,1.4319717920076427e-06,-7.258556373140347e-07,-2.2134055484507554e-06,-2.5338396089316527e-06
towns,-1.7041257191748523e-06,-1.1569325409800479e-05,1.4017806692544969e-05,2.6619455418661764e-07,-1.294052559645994e-05
tradition,-2.3993814083287985e-06,-6.013478853236632e-06,6.505828927677436e-06,7.224663918780536e-07,9.379807091762192e-06
traditional,-1.85110770892078e-06,-1.691897282834964e-06,9.721438252031632e-06,-2.1738172846430186e-06,1.7306226390767593e-05
traditions,-3.9821776638292647e-07,-4.636239052298186e-06,-1.2909851681535016e-07,1.7270771201755122e-06,4.540473499371956e-06
traffic,2.016243781983745e-06,-5.870134431159636e-06,-5.004918982979181e-06,-1.7862423863989124e-07,-5.913756826756459e-07
trafficking,-1.1773450131773184e-06,-3.5385981324888785e-06,-2.4198975025640968e-06,3.64685155037567e-06,1.1615823559972766e-06
training,-2.767178076523917e-07,-6.108106996000507e-06,9.87911077539139e-08,2.3688361451585367e-07,2.1493696469685143e-06
transaction,-2.1847327709381975e-06,5.729830059368921e-06,-6.795948357017104e-08,-7.98407828146383e-07,-4.1195978095209095e-06
transactions,-1.7044048052736785e-07,-1.5198043306686466e-06,-1.0161226117097836e-06,1.0053431291356079e-06,1.1650496606112255e-06
transferred,1.674874756920919e-07,-4.11243448236273e-06,-1.3337965931448652e-06,-6.524337042370206e-07,1.190256676803331e-06
transfers,-1.4860551860505839e-06,-3.7998572691408774e-06,-1.9664497664310024e-06,-2.1820547919092136e-07,-1.5700480079038678e-07
transition,-1.994512712048341e-06,-8.90636780379434e-06,5.707489798107e-06,-1.0260246739813887e-06,1.259398580242873e-05
transitional,-1.930560505154908e-06,-1.307760079058323e-05,1.1343315970918912e-05,1.6322528238325027e-07,2.701668527270502e-05
transitory,-1.87240980954342e-06,-1.0571591991954258e-05,-2.0761968790589966e-06,9.395492195380242e-08,6.555477162151629e-06
transmission,-5.045669960690357e-07,-4.004446048089546e-06,-3.954995232163885e-06,-2.8390679919849427e-07,-7.545582089878296e-07
transmit,8.93872347925821e-07,-2.408493098538886e-06,1.360171563716671e-06,-1.5887915545015803e-06,7.0323840377441636e-06
transmitted,-1.7862772469849687e-06,-4.08713434501082e-06,-3.959828573186866e-06,-2.932587289225377e-07,-9.051562062132549e-07
transparency,-2.1720563640167416e-06,-3.0058320123867643e-06,-2.4012958025341703e-06,8.137028221860736e-06,-2.4125752606459495e-06
transparent,-2.173106085809456e-06,-1.1723650909280857e-06,-1.0735098116943789e-06,1.3656508152415184e-05,2.647571332294168e-07
transport,3.353157347660082e-06,-2.7009743431084425e-06,-1.0966937622997172e-06,1.0801453086640112e-07,-1.723709283271388e-06
transportation,-7.545326846967625e-07,-5.664928232013188e-06,-6.277500129974982e-07,1.6246481986965391e-06,4.822837916158688e-06
travel,3.2531018036880366e-07,-5.06930795652352e-06,-5.393881616381376e-07,5.589429038054484e-07,2.9920633241844165e-06
treason,-1.4917372122865125e-07,-5.6790051230669285e-06,1.3808702860466787e-06,-1.2236808237191054e-06,8.363443758683722e-06
treasury,-2.94973938977949e-06,-6.599914555674945e-06,1.767120758324537e-06,-1.6337674239076462e-06,1.002726577414441e-05
treated,2.694828826019473e-07,3.4301005399931545e-06,-7.11554223880484e-07,-1.3947912514693713e-06,-1.354789494661917e-06
trials,-1.5978323264486752e-06,-5.1495895254962036e-06,-2.2195288812408425e-06,-2.663376295364548e-07,7.66691700467176e-07
tribunal,-9.55927773581709e-06,6.375094022989733e-05,1.7094611057247115e-05,1.1061235925715414e-05,1.3880457257517072e-05
tribunals,-1.4438175301673715e-06,-5.056524507303298e-06,-3.1135763468415273e-06,1.0948131160274577e-06,5.014137382749729e-06
tried,-2.4166995187339534e-06,6.212951067693259e-06,7.874825434880952e-07,-1.4179195302617708e-06,-6.176989177626568e-07
troops,-1.5183709192099752e-06,-6.08066674607922e-06,-1.3176777265776038e-06,-4.7039519870720827e-07,4.135743859718564e-06
true,-1.6622580680465355e-06,7.322975645323915e-06,1.2508495475279415e-06,6.387928726098809e-06,-3.7833455306973678e-06
trust,-2.7618907220687246e-06,3.231307523593239e-06,1.0674347866939201e-05,-3.4805931490834092e-06,1.7241939620561353e-05
trustees,-1.4019513237868409e-06,2.7668689150616807e-06,-1.0064547090102253e-06,-1.2690244054810348e-06,-1.1183162132057324e-06
try,-1.4574387059428344e-06,-5.550481439276359e-07,9.118027553710939e-07,-5.069649433316393e-07,4.993540886215338e-07
trying,-2.1151727892241753e-06,3.894120030381661e-06,-6.544144795214557e-07,-2.227282299676071e-06,1.1118934975754339e-07
turn,-1.56435879891195e-06,-5.765473286357899e-06,4.6732197880613474e-08,-8.553126160522831e-08,4.114564748102337e-07
twenty-five,-1.6280341839058563e-06,-5.3114965448594395e-06,-6.991767663555914e-07,-7.942282156614463e-07,3.8120597434838134e-06
twenty-four,-1.4392576504682447e-06,-2.6083054066113913e-06,-2.620795434433288e-06,-8.686456299068132e-07,5.905589259006056e-07
twenty-one,-1.6643275304216414e-06,6.7117640746658905e-06,1.3578958019472698e-06,-2.9529003097086946e-06,2.6438357866646125e-06
twice,-3.871460252158285e-07,-4.5692908307109304e-06,3.137843789552604e-07,-1.0172942873251797e-06,5.931576791273941e-06
type,2.2585494867399603e-07,-6.34769445739401e-06,-2.793262311494638e-06,1.8234711282456417e-07,1.2208128706310647e-06
types,1.8370732126995708e-06,-7.493365816421748e-06,4.4798232537442174e-07,-4.58643724821915e-07,-2.9765261287093707e-06
unconditionally,-1.4843499018710215e-06,2.3871841920856346e-06,-9.083457907796663e-07,-1.154525982821306e-06,-9.780287268867086e-07
unconstitutional,8.268385805534967e-07,-7.333654052793052e-06,-4.453092761656183e-06,2.7009001907243997e-07,-7.408601316767431e-07
unconstitutionality,-1.848318221630933e-06,-1.1787934786605055e-05,-4.993739910511817e-06,8.710671484831085e-07,2.245292576140838e-06
undergo,-1.5872983128490714e-06,1.0476138647274105e-06,-1.2695219719046956e-06,-1.0903283617351668e-06,-7.232276296573087e-07
understand,-7.913735613318591e-07,2.767544579516268e-06,-1.0037480937949e-06,-1.2689433337710528e-06,-1.6460322326374817e-06
understanding,-1.1605216313313497e-06,-2.4120854571628364e-06,-2.40485548335665e-06,-1.8598349716160394e-07,-3.0576791211816995e-06
understands,-2.708852421425005e-06,9.9024498719076e-06,7.385218001863514e-07,4.182136222360808e-06,-1.5668403552969705e-06
understood,-1.6999569531467392e-06,-5.87961981574154e-06,4.510245769095608e-07,7.663745812415891e-07,5.786065082159976e-06
undertake,-6.989434738865209e-07,-1.4769397944510638e-06,-1.4898208112810325e-06,-9.671023158275515e-07,-1.5945427096448811e-07
undertaken,-8.768625666584068e-07,2.33615039723432e-06,-7.514728608606192e-07,-1.6349893451039352e-06,-1.5495716200154117e-06
undertaking,-5.350552783748676e-07,-2.4630329625786953e-06,-3.004989730701131e-06,-2.852888905622555e-07,-3.0654693265184697e-06
undertakings,-1.7813559794606352e-06,-1.0476804383972427e-05,2.382551693035348e-05,6.82781789797437e-07,-1.0572637020469053e-05
undue,-1.8408250645256389e-06,-3.438721596435388e-07,-1.7927315877071898e-06,-9.251935006351433e-07,-2.054538971886091e-06
unemployment,7.523091580962901e-07,-4.65287338308128e-06,-3.7950689777073605e-06,-1.1125078479410024e-07,-1.3398267392791763e-06
unforeseen,-1.2503789129595165e-06,2.560875289503688e-06,-1.5035846172145684e-06,-1.3907430930020098e-06,-1.5152573934479064e-06
unified,2.2787115589447214e-06,-1.0232669518106994e-05,6.901411340733801e-06,-2.352947617570947e-07,-6.906357209550606e-06
uniform,3.103994688290152e-06,-2.3868718644672094e-06,2.4612012518566457e-06,-3.252241660424617e-06,8.564261981477165e-06
union,-2.2127159132259804e-06,-3.060706210636232e-05,-2.089437556677155e-05,5.129486711145116e-07,5.9894466495908825e-06
unit,9.172483812249885e-07,-5.075719552722334e-06,-2.2724527738002386e-06,2.1734568099663558e-08,-4.984165670412134e-07
unitary,-1.2730127693305184e-06,-6.308131752754774e-06,-1.5917945472506006e-06,3.477807182010078e-07,-2.8791949384912062e-06
united,-3.646610834633404e-06,-2.285702743769326e-06,2.9374852942272987e-05,-7.132096469874803e-06,5.034954350696359e-05
units,-2.988368654826484e-07,-1.4135393446192238e-05,-7.116396432547145e-07,9.047724033389661e-08,-6.228371641601707e-06
universities,-1.4578326620680923e-06,-7.554767267381177e-06,-2.0963677197394782e-06,-7.88791639239021e-08,3.544222876620393e-06
university,-8.998027119596886e-07,-8.589647818390877e-06,-2.3239243408651583e-06,3.288309360692404e-08,4.540837278817785e-06
unlawful,-8.434884238762111e-07,3.5758975883496435e-07,3.3437756807107915e-06,5.952550142949558e-07,-4.849987775275059e-06
unlawfully,-1.2737455053418294e-06,2.1508142283975144e-06,-1.1997175976212774e-06,1.2265212935314228e-06,-8.582683380379915e-07
unlimited,-3.5159794828749806e-06,1.4013626453444557e-05,1.9921481250227296e-06,-3.475243886060162e-06,-2.992575447653504e-07
unsound,-2.44238653995656e-06,1.774778896326806e-05,2.7365146306952145e-06,-2.035244207061173e-06,-1.5730106943604865e-06
uphold,-2.292545497932124e-06,-1.2053181354586164e-06,4.458848697149314e-06,4.807201650527908e-06,-9.037323339163959e-07
upper,-2.2100977802266425e-06,1.7635597067344007e-06,-8.25675455201747e-06,-3.065225256017151e-06,-7.203418412405325e-06
urban,-1.8157949246859326e-07,-8.118330564511508e-06,7.40501765791142e-06,6.048715904819324e-08,-3.4131371921534267e-06
urgency,-2.164640485934367e-06,-8.619183497009796e-06,-5.5120923997280995e-06,-2.1562453520824922e-07,8.343139923075065e-07
urgent,-5.641515809633518e-07,-7.686203508123113e-07,-2.587718834641951e-06,-7.970414785314353e-07,-8.359736383032815e-07
useful,-1.3793915931499432e-06,-4.025303246601516e-06,-2.161634791038267e-06,-5.469853523913604e-07,1.2128498746556066e-06
using,2.3781838247145796e-06,-4.602875412163769e-06,1.7542233494873316e-07,-1.5410532707397893e-08,-1.5904125993517373e-06
utilisation,3.132236553366762e-06,4.496785527367466e-06,-1.226334709732397e-06,-1.4699685357482204e-06,-2.3242449005382635e-06
utility,-1.6384382461590523e-06,-6.987268416727773e-06,-3.268106604642881e-06,-1.9194562469839423e-07,2.557389742756423e-06
utilization,1.2536925742540964e-07,-5.167664796649608e-06,-1.4958530615842982e-06,-1.0961779960282231e-06,3.817544254680073e-06
v,-8.444834371216384e-07,2.983351409258877e-06,2.770107823456749e-06,-1.0802659539003654e-06,1.7769960096812548e-07
vacancies,-2.4786785809528057e-06,8.380246469294568e-07,8.571376478905562e-06,-2.9091444892045154e-06,1.250828945780529e-05
vacate,-8.041668421261394e-06,5.259448722377803e-05,1.2062437097564315e-05,-1.4198914194032497e-05,6.200046324054268e-07
vacated,-3.032821561535723e-06,1.0685787875898066e-05,1.672233049454364e-06,-1.3141003033994033e-06,8.538997986904598e-07
vacation,-1.982736146502399e-06,2.893321622473005e-06,-1.2084801560502244e-06,-3.7325445020466305e-07,-2.5675140828524138e-06
validity,-7.955888698004751e-07,9.975038399993759e-07,-5.062131086563664e-07,2.692565844708398e-07,-1.4309020444796245e-07
validly,-1.719010506702612e-06,9.24970385085566e-06,1.5585639595851621e-06,-2.564832155917435e-06,1.1738787215692628e-06
value,-2.4108109405878126e-07,-7.04281776672465e-07,-5.63256908005672e-07,-1.5380227140281985e-07,1.7028093091582251e-06
values,-1.1687992465267255e-06,-2.268346777197124e-06,-1.5240370937268482e-06,1.6432346741762123e-06,-1.3651505738347995e-06
various,-5.853111723824607e-07,-9.935194862206322e-06,7.711571864834629e-06,3.9690123442395194e-07,-5.994059787374736e-06
verdict,7.26153737844489e-08,-1.3689629293279676e-06,-2.8653794610570257e-06,-2.367079629345454e-06,-1.83256236595074e-06
vest,-4.022354723458366e-06,1.9810085947945882e-05,5.4054273146076315e-06,-5.10450219171349e-06,-3.235630379993937e-06
vesting,-1.779506414168793e-06,5.136028658314632e-06,-8.289822803276726e-07,-1.0628667573913593e-06,-3.0138419724508994e-06
vi,-1.260539581255403e-06,4.879229213916302e-06,2.5450496151305747e-06,-3.012152501871464e-06,1.4341049258187327e-06
vice,-6.822542003939498e-06,-3.761985246548747e-05,2.2156623506405248e-05,-2.9570730929186778e-06,3.754718789083903e-05
vice-president,-7.923048645104128e-06,9.73070773714691e-06,2.293513058339248e-05,-8.252885722678691e-06,-8.60039654973067e-07
vice-presidents,-2.659578238869304e-06,-4.61372603979632e-06,-3.3879563868047694e-06,-1.5076105267127749e-06,-1.4529913958117637e-06
victims,4.545212532173341e-06,-4.368138211750982e-06,-2.3865592363920607e-06,5.392828429275253e-07,-1.9198322916121487e-07
view,-3.6550368704080287e-07,-3.908428578089126e-06,-4.199409791280005e-06,6.614061940686597e-09,-1.521366950444212e-06
views,-4.094451861448945e-07,-3.0474962333404355e-06,-3.3546726419280796e-06,-6.855785067417832e-08,-2.0395740416608023e-06
vii,-8.530462957698411e-07,3.2171020789351767e-06,3.798333922344301e-07,-2.4394287525978575e-06,2.6959285894677334e-06
viii,-6.378397605278777e-07,2.2833191751303575e-06,5.398516865423812e-07,-1.8460544289572811e-06,2.646460455636657e-06
villages,-1.7473459282719763e-06,-5.581739260003831e-06,-4.936515962023228e-06,-4.399394276715672e-07,-2.5500818962323254e-06
violate,2.98876981863327e-06,-5.408536843284855e-06,-3.4759760144346735e-06,-2.9202775547048716e-07,3.6016216580676e-07
violated,-1.1187543269637758e-06,-5.166471986084565e-06,-1.7626923482999802e-06,4.7082632178423777e-07,2.032596818905675e-06
violates,-1.0302435096496519e-06,-4.606790210099396e-06,-1.5273855044394868e-06,-5.446171855619318e-07,2.0096308894020932e-06
violations,1.527479546732426e-06,-5.0756949230345884e-06,-2.8607562417047223e-06,-3.1445795620464874e-07,3.886568955175644e-07
violence,-4.536508887460754e-07,-1.5605127169984614e-06,-1.3997562626012522e-06,8.807076248391738e-07,2.2801050049474665e-07
vocational,6.923597103653284e-07,-5.084146045462952e-06,9.117447107458931e-07,-2.2205054749554874e-07,-2.904443146860828e-06
void,-1.0632914663827878e-06,-2.6255533373380377e-06,-7.673107887928642e-07,-5.848299057990109e-07,8.312762049672295e-07
voluntarily,-3.7097747716704984e-07,-6.507748172368732e-07,-2.1575436718697904e-06,-7.561555055070483e-07,-1.376062095218486e-06
voluntary,3.6356785843005667e-06,-4.1266379149700405e-06,-3.8254800855447975e-07,-8.883050444680982e-08,1.761138826229109e-08
voted,3.9281831615630026e-07,-4.917259623060256e-06,-2.0361569708504233e-06,1.1145759240237881e-07,2.360441556990991e-06
voter,-1.8247352275110595e-06,8.164131630424119e-06,1.7509204725853372e-06,8.015461976355545e-06,4.443278763846562e-06
voters,-1.571582636185644e-06,-1.3908954299607591e-06,-5.042756168263604e-07,3.974898230446397e-06,3.470038525443431e-06
wage,2.9856089311636893e-06,-4.928956848303526e-06,-2.355386564041645e-06,1.326675312358566e-06,1.5072785130240943e-06
wages,-9.041928765419343e-07,-5.511823868949024e-06,-7.864939149803447e-07,-8.155952171835018e-07,2.822567384404047e-06
warrant,-2.528219436306508e-06,1.089889035102652e-07,1.5453421920563669e-06,-1.9160237620004455e-06,4.492049287714389e-06
water,1.4524226104700335e-06,-3.754105256464762e-06,-5.945209601305342e-07,6.095521870174576e-07,3.133215775051404e-06
waters,9.825326330956875e-08,-6.975053339295575e-06,4.337613404362848e-06,-8.977925425170123e-07,9.788254827481762e-06
ways,-1.5593544875341066e-06,-6.609695360231718e-06,4.929139296118842e-06,-3.985056253765734e-07,-3.234439764025022e-06
wealth,-1.211034942699013e-06,-6.741860672188874e-06,-1.5278212762371884e-06,-7.864614784263517e-09,2.392959471306694e-06
weapons,3.858308183740394e-06,-5.876534397151341e-06,-2.3115402694331545e-06,-3.8128620863865395e-07,6.439779559533648e-07
wedlock,-1.012786504005395e-06,-3.2399572945925375e-07,-1.9667788624114206e-06,-1.0781239793929305e-06,-6.984570145476825e-07
week,3.1659980908278204e-06,-3.813414402565171e-06,-3.5907203480684546e-06,4.2166518260971923e-07,-1.0767349879925928e-06
weekly,-1.331492310715786e-06,-4.32809164417956e-06,-3.0357998676973667e-06,-3.8443694650954046e-07,-6.915921082832209e-07
weeks,3.7124658109114675e-06,-6.115506870006588e-06,-7.015229721537752e-06,1.6801796305934642e-07,-3.7336468075795342e-06
weights,-6.445568057915389e-07,-3.7274497635683365e-06,-1.8772992832634402e-06,-8.218697282293037e-07,1.6472423687112373e-06
welfare,-1.0795613617892417e-06,3.0690678303976414e-07,-1.3039780756593208e-07,-1.3006211461405195e-06,2.6924200146262833e-06
well-being,1.1817693050344908e-06,-1.9218270820703565e-07,-7.145338627810001e-07,4.496686336225986e-07,-5.127524059626073e-07
whatsoever,2.897125927992427e-07,-1.2252916805643177e-06,-1.1669300392161533e-06,-7.734168553665659e-07,9.555758166307807e-07
whichever,-2.027392803217498e-06,4.3352427983239885e-06,3.1074640165090687e-06,-1.0977017030454287e-06,4.91423837013261e-06
white,-1.9837370452879605e-06,-6.947989890767927e-06,-2.7359873842835164e-06,-1.1387334108406021e-07,4.149735397943729e-07
wholly,-4.6784392684045196e-07,7.396929809889983e-06,5.29950173529734e-06,-3.08214903244342e-06,6.455838263836334e-06
widows,-2.046776135465616e-06,3.5912279147981365e-06,-5.901541603396808e-07,-1.991059457427541e-06,-1.7333409420910364e-07
wish,-2.0998876700817806e-06,-8.316050517252919e-06,3.83145345546753e-06,-7.050368840620402e-07,1.2706053030393484e-05
wishes,-9.882459612715148e-07,-3.8105450483724058e-06,-3.9554563214481075e-06,-4.9442508858576e-07,-2.335268318112827e-06
withdraw,-1.2408134753183441e-06,-2.3519284036306314e-06,-3.1736583741605396e-06,-4.290770577791847e-07,-1.8363642425155443e-06
withdrawal,-1.8478919869658002e-06,8.195327704776557e-06,-5.853795171764841e-07,-1.015320155465812e-06,-2.5715579487216212e-06
withdrawn,-2.0611926146338288e-06,1.0792996954435479e-05,1.8777073422326338e-06,-2.47358434256425e-06,-3.0102181090921854e-07
withhold,-2.0932363484084264e-06,6.323971792447699e-06,-2.962840526591275e-07,-2.464646892964595e-06,-1.2652160926164895e-06
witness,-1.6551431156708806e-06,5.363731791002708e-07,-1.6199808899948487e-07,1.2393866899334193e-06,1.8735490059509733e-06
witnesses,-3.1510871396179705e-06,9.073382164564569e-06,8.038336915547419e-06,-2.0348009374259533e-06,9.59395376878327e-06
woman,-1.1305748905500388e-06,1.0274898645548544e-06,-1.6088518360129754e-06,-1.1754301211809086e-06,-1.3999753354522098e-07
words,-1.6327933691404057e-06,9.463088719613225e-06,1.038099167672939e-06,-2.734279453186673e-06,-2.393353959196704e-06
worker,-1.4817078792743515e-06,-6.730304049222753e-06,-2.0745956301699915e-06,2.2990910279056014e-06,3.918217077741352e-06
workers,-1.2494977983793531e-06,-1.6967427614827765e-05,6.7973927644506545e-06,-3.4348089957189397e-07,4.048880438582143e-06
works,-1.0327781337282887e-06,-7.757468536530871e-06,-8.994696261150362e-07,-6.108263148132973e-07,7.063621289496108e-07
world,-1.7364005107348158e-07,-6.421833643117977e-06,1.984254721136159e-06,1.0511762920550017e-08,-1.7606141293859127e-06
worship,-1.0980793341817376e-06,-1.838770145081699e-07,-2.0473811520837897e-06,-3.1749686256763815e-07,-1.0612568455095314e-06
writ,-2.8215093590786726e-06,-4.847544600302092e-06,7.932742312433494e-06,6.734191068256429e-06,1.85105362713713e-05
writs,-2.830863396272415e-06,6.501421259497842e-06,9.658631468754662e-07,-2.1802355084207415e-06,2.173915013926309e-06
x,1.9903812408674005e-07,-2.1879742574298605e-06,-1.835182389312271e-06,-7.408254998387226e-07,1.169242762463356e-06
young,-1.2040817223932495e-06,-5.71271885235642e-06,-9.379736778229774e-07,3.0680642723575784e-08,-2.5708902965592757e-06
youth,-1.4153203685972753e-06,-6.190931355138357e-06,-4.365723522229809e-06,-3.316083665758344e-07,-2.642686384698533e-07
zone,3.998381046557445e-06,-7.810040675078387e-06,-2.601680586701174e-06,6.567344695034386e-07,-1.7885965961588088e-06
zones,-9.869758860639222e-07,-6.526839384872419e-06,-1.8579541638339273e-06,-1.1004121296319601e-07,1.2077920785085463e-06
