term_str,n,p,i,h,df,idf,dfidf,n_chars,ngram_length,porter_stem,max_pos,max_pos_group,n_pos,cat_pos,n_pos_group,cat_pos_group,stop,tfidf_mean,dp,di,dh
000,210,5.0219194828475145e-05,14.28140157657766,0.0007172004881978455,47,2.030373649043519,95.42756150504539,3,1,000,CD,NUM,1,CD,1,NUM,0,1.0166328660520867,0.24479166666666666,2.030373649043519,0.4970185495054447
100,131,3.132721201204878e-05,14.962224092706332,0.0004687247663239955,54,1.8300749985576876,98.82404992211514,3,1,100,CD,NUM,1,CD,1,NUM,0,0.9161095403931404,0.28125,1.8300749985576876,0.5147085933443496
101,64,1.530489747153528e-05,15.995647094243783,0.00024481173876826233,44,2.1255308820838588,93.52335881168979,3,1,101,CD,NUM,1,CD,1,NUM,0,1.0637558267018383,0.22916666666666666,2.125530882083859,0.4871008271442177
102,85,2.0326816954382796e-05,15.586256158106082,0.00031681897592994397,37,2.3755091350922064,87.89383799841164,3,1,102,CD,NUM,1,CD,1,NUM,0,1.1889090215538212,0.19270833333333334,2.3755091350922064,0.4577804062417273
103,70,1.6739731609491715e-05,15.866364077298815,0.0002655986762724628,45,2.0931094043914813,94.18992319761666,3,1,103,CD,NUM,1,CD,1,NUM,0,1.047536945014765,0.234375,2.0931094043914813,0.49057251665425344
104,88,2.1044234023361013e-05,15.536215475606486,0.0003269477543060259,41,2.2274104961030723,91.32383034022597,3,1,104,CD,NUM,1,CD,1,NUM,0,1.1148082766939826,0.21354166666666666,2.2274104961030727,0.475644949688677
105,81,1.937026086241184e-05,15.655797091359158,0.00030325687366861544,42,2.192645077942396,92.09109327358063,3,1,105,CD,NUM,1,CD,1,NUM,0,1.0973884149860742,0.21875,2.192645077942396,0.4796411107998991
106,62,1.4826619425549805e-05,16.041450783856906,0.00023784048580593393,36,2.415037499278844,86.94134997403839,3,1,106,CD,NUM,1,CD,1,NUM,0,1.2086385414474392,0.1875,2.415037499278844,0.45281953111478324
107,64,1.530489747153528e-05,15.995647094243783,0.00024481173876826233,39,2.299560281858908,89.68285099249741,3,1,107,CD,NUM,1,CD,1,NUM,0,1.150821402059146,0.203125,2.299560281858908,0.46709818225259064
108,72,1.7218009655477193e-05,15.82572209280147,0.0002724874357987545,44,2.1255308820838588,93.52335881168979,3,1,108,CD,NUM,1,CD,1,NUM,0,1.0637412374634512,0.22916666666666666,2.125530882083859,0.4871008271442177
109,72,1.7218009655477193e-05,15.82572209280147,0.0002724874357987545,38,2.3370349872775704,88.80732951654768,3,1,109,CD,NUM,1,CD,1,NUM,0,1.1696035003480987,0.19791666666666666,2.337034987277571,0.46253817456535257
110,104,2.4870458391244834e-05,15.29520737610269,0.00038039881863282304,48,2.0,96.0,3,1,110,CD,NUM,1,CD,1,NUM,0,1.0010289027255939,0.25,2.0,0.5
111,103,2.4631319368252095e-05,15.309146567060564,0.0003770844783486489,42,2.192645077942396,92.09109327358063,3,1,111,CD,NUM,1,CD,1,NUM,0,1.0974458527230515,0.21875,2.192645077942396,0.4796411107998991
112,92,2.200079011533197e-05,15.47208513818677,0.0003403980977717942,46,2.0614005446641435,94.8244250545506,3,1,112,CD,NUM,1,CD,1,NUM,0,1.031712760382964,0.23958333333333334,2.0614005446641435,0.49387721382578437
113,79,1.8891982816426363e-05,15.69186634606668,0.00029645046936755087,43,2.158697746019058,92.8240030788195,3,1,113,CD,NUM,1,CD,1,NUM,0,1.0803671475678935,0.22395833333333334,2.158697746019058,0.48345834936885157
114,58,1.3870063333578849e-05,16.13766609911621,0.00022383045085089015,31,2.6307661903342807,81.5537519003627,3,1,114,CD,NUM,1,CD,1,NUM,0,1.316569167606074,0.16145833333333334,2.6307661903342807,0.42475912448105574
115,105,2.5109597414237573e-05,15.28140157657766,0.00038370984151316035,42,2.192645077942396,92.09109327358063,3,1,115,CD,NUM,1,CD,1,NUM,0,1.097467336284015,0.21875,2.192645077942396,0.4796411107998991
116,68,1.6261453563506237e-05,15.908184252993443,0.00025869019950975405,36,2.415037499278844,86.94134997403839,3,1,116,CD,NUM,1,CD,1,NUM,0,1.208617869707034,0.1875,2.415037499278844,0.45281953111478324
117,56,1.3391785287593371e-05,16.188292172186177,0.00021679013294274578,31,2.6307661903342807,81.5537519003627,3,1,117,CD,NUM,1,CD,1,NUM,0,1.316540858053714,0.16145833333333334,2.6307661903342807,0.42475912448105574
118,65,1.554403649452802e-05,15.973279281215328,0.00024828923608449934,34,2.497499659470817,84.91498842200778,3,1,118,CD,NUM,1,CD,1,NUM,0,1.2498743883858066,0.17708333333333334,2.4974996594708165,0.44226556469795714
119,56,1.3391785287593371e-05,16.188292172186177,0.00021679013294274578,35,2.4556794837761897,85.94878193216664,3,1,119,CD,NUM,1,CD,1,NUM,0,1.2289173200995798,0.18229166666666666,2.4556794837761897,0.44764990589670123
120,110,2.6305292529201268e-05,15.214287380719123,0.0004002162801731519,52,1.8845227825800641,97.99518469416333,3,1,120,CD,NUM,1,CD,1,NUM,0,0.9432787853543724,0.2708333333333333,1.8845227825800641,0.5103915869487673
121,88,2.1044234023361013e-05,15.536215475606486,0.0003269477543060259,37,2.3755091350922064,87.89383799841164,3,1,121,CD,NUM,1,CD,1,NUM,0,1.18892480863954,0.19270833333333334,2.3755091350922064,0.4577804062417273
124,62,1.4826619425549805e-05,16.041450783856906,0.00023784048580593393,36,2.415037499278844,86.94134997403839,3,1,124,CD,NUM,1,CD,1,NUM,0,1.2085992513075305,0.1875,2.415037499278844,0.45281953111478324
125,66,1.578317551752076e-05,15.95125297488533,0.0002517614254269903,33,2.5405683813627027,83.83875658496919,3,1,125,CD,NUM,1,CD,1,NUM,0,1.271454809263102,0.171875,2.5405683813627027,0.4366601905467145
127,77,1.8413704770440885e-05,15.72886055354888,0.0002896265946084825,31,2.6307661903342807,81.5537519003627,3,1,127,CD,NUM,1,CD,1,NUM,0,1.316634918989663,0.16145833333333334,2.6307661903342807,0.42475912448105574
128,45,1.0761256034673246e-05,16.50379399791411,0.0001776015527550573,31,2.6307661903342807,81.5537519003627,3,1,128,CD,NUM,1,CD,1,NUM,0,1.316486249661159,0.16145833333333334,2.6307661903342807,0.42475912448105574
129,77,1.8413704770440885e-05,15.72886055354888,0.0002896265946084825,34,2.497499659470817,84.91498842200778,3,1,129,CD,NUM,1,CD,1,NUM,0,1.2499146328007256,0.17708333333333334,2.4974996594708165,0.44226556469795714
130,54,1.2913507241607895e-05,16.240759592080313,0.00020972516660154199,31,2.6307661903342807,81.5537519003627,3,1,130,CD,NUM,1,CD,1,NUM,0,1.3165243894484002,0.16145833333333334,2.6307661903342807,0.42475912448105574
131,47,1.1239534080658722e-05,16.441058242566147,0.0001847898344394172,32,2.584962500721156,82.718800023077,3,1,131,CD,NUM,1,CD,1,NUM,0,1.2935570066851583,0.16666666666666666,2.584962500721156,0.430827083453526
134,89,2.1283373046353752e-05,15.519913663277384,0.0003303161121427352,34,2.497499659470817,84.91498842200778,3,1,134,CD,NUM,1,CD,1,NUM,0,1.2500198653041505,0.17708333333333334,2.4974996594708165,0.44226556469795714
16,383,9.159024580621895e-05,13.414446512318825,0.0012286324534176577,118,0.7023194513593151,82.87369526039917,2,1,16,CD,NUM,1,CD,1,NUM,0,0.3519669190572579,0.6145833333333334,0.7023194513593148,0.4316338294812456
17,315,7.532879224271271e-05,13.696439075856503,0.0010317362136101666,119,0.6901447374132127,82.12722375217231,2,1,17,CD,NUM,1,CD,1,NUM,0,0.34582028969055706,0.6197916666666666,0.6901447374132127,0.4277459570425641
19,455,0.00010880825546169614,13.165924359157724,0.0014325612610606017,113,0.7647835383059685,86.42053982857443,2,1,19,CD,NUM,1,CD,1,NUM,0,0.3833992098724384,0.5885416666666666,0.7647835383059687,0.4501069782738253
1948,98,2.34356242532884e-05,15.380937250128575,0.00036046186605742024,40,2.263034405833794,90.52137623335176,4,1,1948,CD,NUM,1,CD,1,NUM,0,1.1326996701344263,0.20833333333333334,2.263034405833794,0.47146550121537373
1991,93,2.2239929138324708e-05,15.456488283135752,0.00034375120414428524,32,2.584962500721156,82.718800023077,4,1,1991,CD,NUM,1,CD,1,NUM,0,1.2937520694959044,0.16666666666666666,2.584962500721156,0.430827083453526
20,389,9.302507994417538e-05,13.39202074925759,0.0012457938008137428,116,0.726981505593584,84.32985464885574,2,1,20,CD,NUM,1,CD,1,NUM,0,0.3643107456213594,0.6041666666666666,0.7269815055935842,0.43921799296279046
21,321,7.676362638066915e-05,13.66921760712148,0.0010492987133091376,107,0.8434955143200092,90.25402003224099,2,1,21,CD,NUM,1,CD,1,NUM,0,0.42263000629356995,0.5572916666666666,0.8434955143200094,0.4700730210012552
22,300,7.174170689782164e-05,13.766828403747901,0.0009876557682542877,93,1.0458036896131246,97.2597431340206,2,1,22,CD,NUM,1,CD,1,NUM,0,0.5238563100821686,0.484375,1.0458036896131246,0.5065611621563573
23,258,6.16978679321266e-05,13.984419838820529,0.0008628088883229602,97,0.9850496585340286,95.54981687780078,2,1,23,CD,NUM,1,CD,1,NUM,0,0.49339688908474005,0.5052083333333334,0.9850496585340284,0.4976552962385456
24,282,6.743720448395234e-05,13.856095741844989,0.0009344163618920218,107,0.8434955143200092,90.25402003224099,2,1,24,CD,NUM,1,CD,1,NUM,0,0.42258307783986404,0.5572916666666666,0.8434955143200094,0.4700730210012552
25,288,6.887203862190877e-05,13.82572209280147,0.0009522056659512002,120,0.6780719051126377,81.36862861351652,2,1,25,CD,NUM,1,CD,1,NUM,0,0.33975263894332025,0.625,0.6780719051126377,0.4237949406953986
26,260,6.217614597811208e-05,13.973279281215328,0.0008688046523817733,87,1.142019004872428,99.35565342390123,2,1,26,CD,NUM,1,CD,1,NUM,0,0.5720029970636707,0.453125,1.142019004872428,0.5174773615828189
27,219,5.2371446035409796e-05,14.220860034642609,0.0007447670038814013,83,1.2099230693742313,100.4236147580612,2,1,27,CD,NUM,1,CD,1,NUM,0,0.6058946153521837,0.4322916666666667,1.2099230693742313,0.5230396601982354
28,253,6.0502172817162915e-05,14.012653519549472,0.0008477959848668084,93,1.0458036896131246,97.2597431340206,2,1,28,CD,NUM,1,CD,1,NUM,0,0.5239052266236887,0.484375,1.0458036896131246,0.5065611621563573
29,189,4.519727534562763e-05,14.43340467002271,0.0006523505650458841,77,1.3181759600262548,101.49954892202162,2,1,29,CD,NUM,1,CD,1,NUM,0,0.6600214152203082,0.4010416666666667,1.3181759600262548,0.5286434839688626
31,298,7.126342885183616e-05,13.77647857378162,0.000981759100671532,97,0.9850496585340286,95.54981687780078,2,1,31,CD,NUM,1,CD,1,NUM,0,0.49349438414554153,0.5052083333333334,0.9850496585340284,0.4976552962385456
32,164,3.921879977080916e-05,14.638095089625699,0.000574088520346095,70,1.4556794837761897,101.89756386433328,2,1,32,CD,NUM,1,CD,1,NUM,0,0.7287866827083901,0.3645833333333333,1.4556794837761897,0.5307164784600692
33,168,4.0175355862780115e-05,14.603329671465023,0.0005866939663326031,56,1.777607578663552,99.5460244051589,2,1,33,CD,NUM,1,CD,1,NUM,0,0.8899659141093711,0.2916666666666667,1.777607578663552,0.5184688771102026
34,120,2.8696682759128654e-05,15.088756498635265,0.000432997258471077,62,1.630766190334281,101.10750380072542,2,1,34,CD,NUM,1,CD,1,NUM,0,0.8163313804795768,0.3229166666666667,1.630766190334281,0.526601582295445
35,178,4.2566746092707505e-05,14.519913663277384,0.000618065478192763,87,1.142019004872428,99.35565342390123,2,1,35,CD,NUM,1,CD,1,NUM,0,0.5718362356660517,0.453125,1.142019004872428,0.5174773615828189
36,199,4.7588665575555017e-05,14.359022473700133,0.0006833267184927944,61,1.6542251631582698,100.90773495265447,2,1,36,CD,NUM,1,CD,1,NUM,0,0.8282719911515527,0.3177083333333333,1.65422516315827,0.5255611195450753
37,176,4.208846804672203e-05,14.536215475606486,0.0006118070405653299,62,1.630766190334281,101.10750380072542,2,1,37,CD,NUM,1,CD,1,NUM,0,0.8164179883631055,0.3229166666666667,1.630766190334281,0.526601582295445
38,130,3.108807298905604e-05,14.973279281215328,0.00046549039917994267,60,1.6780719051126378,100.68431430675827,2,1,38,CD,NUM,1,CD,1,NUM,0,0.8400216221336133,0.3125,1.6780719051126378,0.5243974703476993
39,171,4.089277293175833e-05,14.577794579357885,0.0005961264435794995,53,1.857042046157957,98.42322844637172,2,1,39,CD,NUM,1,CD,1,NUM,0,0.929693398593043,0.2760416666666667,1.8570420461579569,0.5126209814915194
40,166,3.969707781679464e-05,14.620607662896857,0.0005803954001228405,83,1.2099230693742313,100.4236147580612,2,1,40,CD,NUM,1,CD,1,NUM,0,0.6058185983375766,0.4322916666666667,1.2099230693742313,0.5230396601982354
41,153,3.658827051788904e-05,14.738259251551131,0.0005392474164585336,60,1.6780719051126378,100.68431430675827,2,1,41,CD,NUM,1,CD,1,NUM,0,0.840095073302448,0.3125,1.6780719051126378,0.5243974703476993
42,117,2.7979265690150437e-05,15.125282374660378,0.00042319429419917224,58,1.726981505593584,100.16492732442786,2,1,42,CD,NUM,1,CD,1,NUM,0,0.8645207557142665,0.3020833333333333,1.7269815055935842,0.5216923298147286
43,100,2.3913902299273878e-05,15.351790904469057,0.0003671212278083544,45,2.0931094043914813,94.18992319761666,2,1,43,CD,NUM,1,CD,1,NUM,0,1.0476380469899005,0.234375,2.0931094043914813,0.49057251665425344
44,127,3.0370655920077827e-05,15.006962407471617,0.00045577129168286324,49,1.970252656605948,96.54238017369146,2,1,44,CD,NUM,1,CD,1,NUM,0,0.9861956270989314,0.2552083333333333,1.9702526566059482,0.5028248967379764
45,162,3.874052172482368e-05,14.655797091359158,0.0005677732256124072,68,1.4974996594708168,101.82997684401553,2,1,45,CD,NUM,1,CD,1,NUM,0,0.7497962464610485,0.3541666666666667,1.4974996594708165,0.5303644627292475
46,111,2.6544431552194007e-05,15.201231227893677,0.00040350804183789774,53,1.857042046157957,98.42322844637172,2,1,46,CD,NUM,1,CD,1,NUM,0,0.929535312821681,0.2760416666666667,1.8570420461579569,0.5126209814915194
47,103,2.4631319368252095e-05,15.309146567060564,0.0003770844783486489,52,1.8845227825800641,97.99518469416333,2,1,47,CD,NUM,1,CD,1,NUM,0,0.9433072972986983,0.2708333333333333,1.8845227825800641,0.5103915869487673
48,173,4.137105097774381e-05,14.561018866607057,0.0006024046538182899,82,1.2274104961030725,100.64766068045195,2,1,48,CD,NUM,1,CD,1,NUM,0,0.6146059386586952,0.4270833333333333,1.2274104961030727,0.5242065660440206
49,133,3.180549005803426e-05,14.940364658742594,0.00047518561961704396,53,1.857042046157957,98.42322844637172,2,1,49,CD,NUM,1,CD,1,NUM,0,0.9296208874613815,0.2760416666666667,1.8570420461579569,0.5126209814915194
50,202,4.8306082644533234e-05,14.337435611491987,0.0006925853495594058,74,1.3755091350922064,101.78767599682327,2,1,50,CD,NUM,1,CD,1,NUM,0,0.6887682557467166,0.3854166666666667,1.3755091350922062,0.5301441458167878
51,116,2.7740126667157698e-05,15.13766609911621,0.00041992077503462264,54,1.8300749985576876,98.82404992211514,2,1,51,CD,NUM,1,CD,1,NUM,0,0.9160134548791087,0.28125,1.8300749985576876,0.5147085933443496
52,96,2.2957346207302922e-05,15.410684593522626,0.0003537884215050482,51,1.9125371587496605,97.53939509623268,2,1,52,CD,NUM,1,CD,1,NUM,0,0.9572444650699747,0.265625,1.9125371587496605,0.5080176827928785
53,82,1.960939988540458e-05,15.638095089625699,0.0003066536600584521,49,1.970252656605948,96.54238017369146,2,1,53,CD,NUM,1,CD,1,NUM,0,0.9861338520011156,0.2552083333333333,1.9702526566059482,0.5028248967379764
54,106,2.534873643723031e-05,15.267726639680584,0.0003870175785849431,55,1.8036027871964966,99.19815329580732,2,1,54,CD,NUM,1,CD,1,NUM,0,0.9027740289948613,0.2864583333333333,1.8036027871964966,0.5166570484156631
55,115,2.750098764416496e-05,15.150157043299407,0.00041664428165493573,46,2.0614005446641435,94.8244250545506,2,1,55,CD,NUM,1,CD,1,NUM,0,1.0317954945701036,0.23958333333333334,2.0614005446641435,0.49387721382578437
56,132,3.156635103504152e-05,14.95125297488533,0.0004719564998189391,55,1.8036027871964966,99.19815329580732,2,1,56,CD,NUM,1,CD,1,NUM,0,0.9028241721182287,0.2864583333333333,1.8036027871964966,0.5166570484156631
57,112,2.6783570575186742e-05,15.188292172186179,0.00040679669531030484,51,1.9125371587496605,97.53939509623268,2,1,57,CD,NUM,1,CD,1,NUM,0,0.9573280357485934,0.265625,1.9125371587496605,0.5080176827928785
58,94,2.2479068161317444e-05,15.441058242566145,0.0003471006007175169,47,2.030373649043519,95.42756150504539,2,1,58,CD,NUM,1,CD,1,NUM,0,1.0162934984743701,0.24479166666666666,2.030373649043519,0.4970185495054447
59,132,3.156635103504152e-05,14.95125297488533,0.0004719564998189391,49,1.970252656605948,96.54238017369146,2,1,59,CD,NUM,1,CD,1,NUM,0,0.9862545505552766,0.2552083333333333,1.9702526566059482,0.5028248967379764
60,247,5.906733867920648e-05,14.047279862659105,0.0008297354371692824,90,1.0931094043914815,98.37984639523334,2,1,60,CD,NUM,1,CD,1,NUM,0,0.5475662278353998,0.46875,1.0931094043914815,0.512395033308507
61,95,2.2718207184310183e-05,15.425791485912836,0.0003504463269589358,42,2.192645077942396,92.09109327358063,2,1,61,CD,NUM,1,CD,1,NUM,0,1.0974644623445853,0.21875,2.192645077942396,0.4796411107998991
62,73,1.7457148678469932e-05,15.805822535363765,0.00027592459398535584,46,2.0614005446641435,94.8244250545506,2,1,62,CD,NUM,1,CD,1,NUM,0,1.0317177306875074,0.23958333333333334,2.0614005446641435,0.49387721382578437
63,105,2.5109597414237573e-05,15.28140157657766,0.00038370984151316035,57,1.7520724865564143,99.86813173371561,2,1,63,CD,NUM,1,CD,1,NUM,0,0.8770239310366726,0.296875,1.7520724865564143,0.5201465194464355
64,90,2.152251206934649e-05,15.503793997914109,0.0003336805934407681,50,1.9411063109464315,97.05531554732157,2,1,64,CD,NUM,1,CD,1,NUM,0,0.9715791576050176,0.2604166666666667,1.9411063109464315,0.5054964351422999
65,138,3.300118517299795e-05,14.887122637465614,0.0004912926908521324,66,1.5405683813627027,101.67751316993838,2,1,65,CD,NUM,1,CD,1,NUM,0,0.7712805446311304,0.34375,1.5405683813627027,0.529570381093429
66,132,3.156635103504152e-05,14.95125297488533,0.0004719564998189391,56,1.777607578663552,99.5460244051589,2,1,66,CD,NUM,1,CD,1,NUM,0,0.8898964282703247,0.2916666666666667,1.777607578663552,0.5184688771102026
67,103,2.4631319368252095e-05,15.309146567060564,0.0003770844783486489,44,2.1255308820838588,93.52335881168979,2,1,67,CD,NUM,1,CD,1,NUM,0,1.06391831729548,0.22916666666666666,2.125530882083859,0.4871008271442177
68,77,1.8413704770440885e-05,15.72886055354888,0.0002896265946084825,45,2.0931094043914813,94.18992319761666,2,1,68,CD,NUM,1,CD,1,NUM,0,1.0476346044208256,0.234375,2.0931094043914813,0.49057251665425344
69,91,2.176165109233923e-05,15.487852454045086,0.0003370412412745591,44,2.1255308820838588,93.52335881168979,2,1,69,CD,NUM,1,CD,1,NUM,0,1.0639485138295088,0.22916666666666666,2.125530882083859,0.4871008271442177
70,100,2.3913902299273878e-05,15.351790904469057,0.0003671212278083544,53,1.857042046157957,98.42322844637172,2,1,70,CD,NUM,1,CD,1,NUM,0,0.9295442343678383,0.2760416666666667,1.8570420461579569,0.5126209814915194
71,87,2.0805095000368274e-05,15.552703598395054,0.0003235754758771786,47,2.030373649043519,95.42756150504539,2,1,71,CD,NUM,1,CD,1,NUM,0,1.0162372853801456,0.24479166666666666,2.030373649043519,0.4970185495054447
72,105,2.5109597414237573e-05,15.28140157657766,0.00038370984151316035,55,1.8036027871964966,99.19815329580732,2,1,72,CD,NUM,1,CD,1,NUM,0,0.9027941985195169,0.2864583333333333,1.8036027871964966,0.5166570484156631
73,75,1.793542672445541e-05,15.766828403747901,0.0002827847955124827,40,2.263034405833794,90.52137623335176,2,1,73,CD,NUM,1,CD,1,NUM,0,1.1326452748554448,0.20833333333333334,2.263034405833794,0.47146550121537373
74,90,2.152251206934649e-05,15.503793997914109,0.0003336805934407681,44,2.1255308820838588,93.52335881168979,2,1,74,CD,NUM,1,CD,1,NUM,0,1.0639580603998273,0.22916666666666666,2.125530882083859,0.4871008271442177
75,106,2.534873643723031e-05,15.267726639680584,0.0003870175785849431,56,1.777607578663552,99.5460244051589,2,1,75,CD,NUM,1,CD,1,NUM,0,0.8898296882867962,0.2916666666666667,1.777607578663552,0.5184688771102026
76,76,1.817456574744815e-05,15.747719580800197,0.0002862079648936298,38,2.3370349872775704,88.80732951654768,2,1,76,CD,NUM,1,CD,1,NUM,0,1.1696605227757264,0.19791666666666666,2.337034987277571,0.46253817456535257
77,88,2.1044234023361013e-05,15.536215475606486,0.0003269477543060259,36,2.415037499278844,86.94134997403839,2,1,77,CD,NUM,1,CD,1,NUM,0,1.208758197464588,0.1875,2.415037499278844,0.45281953111478324
78,111,2.6544431552194007e-05,15.201231227893677,0.00040350804183789774,55,1.8036027871964966,99.19815329580732,2,1,78,CD,NUM,1,CD,1,NUM,0,0.9028504069205869,0.2864583333333333,1.8036027871964966,0.5166570484156631
79,104,2.4870458391244834e-05,15.29520737610269,0.00038039881863282304,54,1.8300749985576876,98.82404992211514,2,1,79,CD,NUM,1,CD,1,NUM,0,0.9160830905059391,0.28125,1.8300749985576876,0.5147085933443496
80,93,2.2239929138324708e-05,15.456488283135752,0.00034375120414428524,58,1.726981505593584,100.16492732442786,2,1,80,CD,NUM,1,CD,1,NUM,0,0.8643986036526955,0.3020833333333333,1.7269815055935842,0.5216923298147286
81,71,1.6978870632484454e-05,15.845899974739101,0.0002690454857263839,40,2.263034405833794,90.52137623335176,2,1,81,CD,NUM,1,CD,1,NUM,0,1.1325679480960347,0.20833333333333334,2.263034405833794,0.47146550121537373
82,71,1.6978870632484454e-05,15.845899974739101,0.0002690454857263839,37,2.3755091350922064,87.89383799841164,2,1,82,CD,NUM,1,CD,1,NUM,0,1.1888677869296527,0.19270833333333334,2.3755091350922064,0.4577804062417273
83,72,1.7218009655477193e-05,15.82572209280147,0.0002724874357987545,34,2.497499659470817,84.91498842200778,2,1,83,CD,NUM,1,CD,1,NUM,0,1.2499210996397128,0.17708333333333334,2.4974996594708165,0.44226556469795714
84,81,1.937026086241184e-05,15.655797091359158,0.00030325687366861544,47,2.030373649043519,95.42756150504539,2,1,84,CD,NUM,1,CD,1,NUM,0,1.0161898159596332,0.24479166666666666,2.030373649043519,0.4970185495054447
85,85,2.0326816954382796e-05,15.586256158106082,0.00031681897592994397,47,2.030373649043519,95.42756150504539,2,1,85,CD,NUM,1,CD,1,NUM,0,1.0162599031770159,0.24479166666666666,2.030373649043519,0.4970185495054447
86,86,2.0565955977375535e-05,15.569382339541685,0.0003201992317899424,46,2.0614005446641435,94.8244250545506,2,1,86,CD,NUM,1,CD,1,NUM,0,1.0317475049639822,0.23958333333333334,2.0614005446641435,0.49387721382578437
87,118,2.8218404713143176e-05,15.113004044881942,0.0004264648645698485,51,1.9125371587496605,97.53939509623268,2,1,87,CD,NUM,1,CD,1,NUM,0,0.957347738926294,0.265625,1.9125371587496605,0.5080176827928785
88,68,1.6261453563506237e-05,15.908184252993443,0.00025869019950975405,40,2.263034405833794,90.52137623335176,2,1,88,CD,NUM,1,CD,1,NUM,0,1.1325661090880923,0.20833333333333334,2.263034405833794,0.47146550121537373
89,90,2.152251206934649e-05,15.503793997914109,0.0003336805934407681,44,2.1255308820838588,93.52335881168979,2,1,89,CD,NUM,1,CD,1,NUM,0,1.0638540439147868,0.22916666666666666,2.125530882083859,0.4871008271442177
90,184,4.400158023066394e-05,14.47208513818677,0.0006367946153129244,80,1.2630344058337937,101.04275246670349,2,1,90,CD,NUM,1,CD,1,NUM,0,0.6324801526016243,0.4166666666666667,1.2630344058337937,0.5262643357640807
91,107,2.558787546022305e-05,15.254180107842636,0.0003903220608472892,53,1.857042046157957,98.42322844637172,2,1,91,CD,NUM,1,CD,1,NUM,0,0.9295802221640832,0.2760416666666667,1.8570420461579569,0.5126209814915194
92,87,2.0805095000368274e-05,15.552703598395054,0.0003235754758771786,48,2.0,96.0,2,1,92,CD,NUM,1,CD,1,NUM,0,1.001029272723373,0.25,2.0,0.5
93,103,2.4631319368252095e-05,15.309146567060564,0.0003770844783486489,47,2.030373649043519,95.42756150504539,2,1,93,CD,NUM,1,CD,1,NUM,0,1.016277576836116,0.24479166666666666,2.030373649043519,0.4970185495054447
94,74,1.769628770146267e-05,15.786193728614833,0.00027935702593259384,37,2.3755091350922064,87.89383799841164,2,1,94,CD,NUM,1,CD,1,NUM,0,1.1888668049365436,0.19270833333333334,2.3755091350922064,0.4577804062417273
95,90,2.152251206934649e-05,15.503793997914109,0.0003336805934407681,40,2.263034405833794,90.52137623335176,2,1,95,CD,NUM,1,CD,1,NUM,0,1.1326568409551279,0.20833333333333334,2.263034405833794,0.47146550121537373
96,66,1.578317551752076e-05,15.95125297488533,0.0002517614254269903,37,2.3755091350922064,87.89383799841164,2,1,96,CD,NUM,1,CD,1,NUM,0,1.1888598045634151,0.19270833333333334,2.3755091350922064,0.4577804062417273
97,67,1.6022314540513498e-05,15.92955790378601,0.00025522838722578234,36,2.415037499278844,86.94134997403839,2,1,97,CD,NUM,1,CD,1,NUM,0,1.2086957070411026,0.1875,2.415037499278844,0.45281953111478324
98,83,1.984853890839732e-05,15.620607662896857,0.0003100462389698176,45,2.0931094043914813,94.18992319761666,2,1,98,CD,NUM,1,CD,1,NUM,0,1.0475987890353482,0.234375,2.0931094043914813,0.49057251665425344
99,75,1.793542672445541e-05,15.766828403747901,0.0002827847955124827,41,2.2274104961030723,91.32383034022597,2,1,99,CD,NUM,1,CD,1,NUM,0,1.114801238600596,0.21354166666666666,2.2274104961030727,0.475644949688677
abandonment,43,1.0282977988687768e-05,16.569382339541683,0.00017038259388365895,34,2.497499659470817,84.91498842200778,11,1,abandon,NN,NOUN,2,NN|NNP,1,NOUN,0,1.2498240422218512,0.17708333333333334,2.4974996594708165,0.44226556469795714
abide,111,2.6544431552194007e-05,15.201231227893677,0.00040350804183789774,53,1.857042046157957,98.42322844637172,5,1,abid,NN,NOUN,1,NN,1,NOUN,0,0.9296381850057459,0.2760416666666667,1.8570420461579569,0.5126209814915194
abilities,52,1.2435229195622417e-05,16.29520737610269,0.00020263463851203395,41,2.2274104961030723,91.32383034022597,9,1,abil,NN,NOUN,1,NN,1,NOUN,0,1.1148497863815352,0.21354166666666666,2.2274104961030727,0.475644949688677
ability,185,4.424071925365668e-05,14.46426563372747,0.0006399095151120515,72,1.4150374992788437,101.88269994807675,7,1,abil,NN,NOUN,2,NN|NNP,1,NOUN,0,0.7085962642384248,0.375,1.4150374992788437,0.5306390622295664
able,323,7.724190442665462e-05,13.660256739549858,0.0010551442455198749,98,0.970252656605948,95.0847603473829,4,1,abl,NN,NOUN,1,NN,1,NOUN,0,0.4860823045540319,0.5104166666666666,0.9702526566059481,0.49523312680928594
abolish,72,1.7218009655477193e-05,15.82572209280147,0.0002724874357987545,57,1.7520724865564143,99.86813173371561,7,1,abolish,NN,NOUN,1,NN,1,NOUN,0,0.8769443503228388,0.296875,1.7520724865564143,0.5201465194464355
abolished,105,2.5109597414237573e-05,15.28140157657766,0.00038370984151316035,68,1.4974996594708168,101.82997684401553,9,1,abolish,VB,VERB,1,VB,1,VERB,0,0.749664177679719,0.3541666666666667,1.4974996594708165,0.5303644627292475
abolition,141,3.371860224197617e-05,14.856095741844989,0.0005009267831879871,54,1.8300749985576876,98.82404992211514,9,1,abolit,NN,NOUN,2,NN|NNP,1,NOUN,0,0.9160105432062856,0.28125,1.8300749985576876,0.5147085933443496
abrogated,135,3.2283768104019735e-05,14.918831497192953,0.00048163609643832284,38,2.3370349872775704,88.80732951654768,9,1,abrog,NNP,NOUN,2,NNP|VB,2,NOUN|VERB,0,1.1700907847921282,0.19791666666666666,2.337034987277571,0.46253817456535257
abrogation,48,1.1478673103651461e-05,16.410684593522628,0.0001883728838561756,33,2.5405683813627027,83.83875658496919,10,1,abrog,NN,NOUN,2,NN|NNP,1,NOUN,0,1.271440425860539,0.171875,2.5405683813627027,0.4366601905467145
absent,394,9.422077505913908e-05,13.373595274787407,0.0012600705121177094,86,1.1586977460190582,99.648006157639,6,1,absent,NN,NOUN,1,NN,1,NOUN,0,0.5805698835652356,0.4479166666666667,1.1586977460190582,0.5190000320710365
absolute,722,0.0001726583746007574,12.499792067356612,0.0021581937811972337,110,0.8036027871964965,88.39630659161462,8,1,absolut,NN,NOUN,2,NN|NNP,1,NOUN,0,0.4035582393819062,0.5729166666666666,0.8036027871964967,0.46039743016465956
abuse,212,5.069747287446062e-05,14.267726639680584,0.0007233376842954257,82,1.2274104961030725,100.64766068045195,5,1,abus,NN,NOUN,2,NN|NNP,1,NOUN,0,0.6146311377613872,0.4270833333333333,1.2274104961030727,0.5242065660440206
academic,106,2.534873643723031e-05,15.267726639680584,0.0003870175785849431,54,1.8300749985576876,98.82404992211514,8,1,academ,NN,NOUN,2,NN|NNP,1,NOUN,0,0.9160292194781828,0.28125,1.8300749985576876,0.5147085933443496
accept,263,6.28935630470903e-05,13.95672810495148,0.000877788358999863,108,0.8300749985576875,89.64809984423025,6,1,accept,NN,NOUN,2,NN|NNP,1,NOUN,0,0.41588316970947864,0.5625,0.8300749985576875,0.46691718668869925
acceptance,94,2.2479068161317444e-05,15.441058242566145,0.0003471006007175169,55,1.8036027871964966,99.19815329580732,10,1,accept,NN,NOUN,2,NN|NNP,1,NOUN,0,0.902826665957812,0.2864583333333333,1.8036027871964966,0.5166570484156631
accepted,197,4.711038752956954e-05,14.373595274787407,0.0006771456435884243,91,1.07716786052246,98.02227530754385,8,1,accept,VB,VERB,1,VB,1,VERB,0,0.5394741687819519,0.4739583333333333,1.07716786052246,0.5105326838934575
accepting,44,1.0522117011680507e-05,16.536215475606486,0.00017399599416469347,31,2.6307661903342807,81.5537519003627,9,1,accept,VB,VERB,2,NNP|VB,2,NOUN|VERB,0,1.3166060721530486,0.16145833333333334,2.6307661903342807,0.42475912448105574
accepts,78,1.8652843793433624e-05,15.710244875381534,0.00029304074361708284,56,1.777607578663552,99.5460244051589,7,1,accept,NN,NOUN,2,NN|NNP,1,NOUN,0,0.8897766183290042,0.2916666666666667,1.777607578663552,0.5184688771102026
accessible,74,1.769628770146267e-05,15.786193728614833,0.00027935702593259384,44,2.1255308820838588,93.52335881168979,10,1,access,NN,NOUN,2,NN|NNP,1,NOUN,0,1.0638234923500638,0.22916666666666666,2.125530882083859,0.4871008271442177
accession,68,1.6261453563506237e-05,15.908184252993443,0.00025869019950975405,32,2.584962500721156,82.718800023077,9,1,access,NN,NOUN,2,NN|NNP,1,NOUN,0,1.293864440733658,0.16666666666666666,2.584962500721156,0.430827083453526
accompanied,125,2.989237787409235e-05,15.029862809581696,0.00044927833849978333,71,1.435215381216474,101.90029206636966,11,1,accompani,VB,VERB,1,VB,1,VERB,0,0.718476466180899,0.3697916666666667,1.435215381216474,0.5307306878456753
accord,308,7.365481908176354e-05,13.72886055354888,0.0010111967402704027,56,1.777607578663552,99.5460244051589,6,1,accord,NN,NOUN,2,NN|NNP,1,NOUN,0,0.8902115910624028,0.2916666666666667,1.777607578663552,0.5184688771102026
accorded,162,3.874052172482368e-05,14.655797091359158,0.0005677732256124072,68,1.4974996594708168,101.82997684401553,8,1,accord,VB,VERB,1,VB,1,VERB,0,0.7497624833790177,0.3541666666666667,1.4974996594708165,0.5303644627292475
accordingly,395,9.445991408213182e-05,13.369938251179317,0.0012629232184898059,87,1.142019004872428,99.35565342390123,11,1,accordingli,RB,ADV,2,NNP|RB,2,ADV|NOUN,0,0.5722152018058467,0.453125,1.142019004872428,0.5174773615828189
accountability,161,3.850138270183094e-05,14.664730216129165,0.000564612390270293,55,1.8036027871964966,99.19815329580732,14,1,account,NN,NOUN,2,NN|NNP,1,NOUN,0,0.9030801592084408,0.2864583333333333,1.8036027871964966,0.5166570484156631
accountable,214,5.11757509204461e-05,14.254180107842636,0.0007294683707741323,77,1.3181759600262548,101.49954892202162,11,1,account,NN,NOUN,1,NN,1,NOUN,0,0.6604243454271843,0.4010416666666667,1.3181759600262548,0.5286434839688626
accounting,118,2.8218404713143176e-05,15.113004044881942,0.0004264648645698485,52,1.8845227825800641,97.99518469416333,10,1,account,VB,VERB,2,NNP|VB,2,NOUN|VERB,0,0.943316776563612,0.2708333333333333,1.8845227825800641,0.5103915869487673
accredit,33,7.89158775876038e-06,16.95125297488533,0.00013377230047225552,32,2.584962500721156,82.718800023077,8,1,accredit,NN,NOUN,2,NN|NNP,1,NOUN,0,1.29361453507583,0.16666666666666666,2.584962500721156,0.430827083453526
accredited,81,1.937026086241184e-05,15.655797091359158,0.00030325687366861544,64,1.584962500721156,101.43760004615399,10,1,accredit,VB,VERB,1,VB,1,VERB,0,0.7933187019041448,0.3333333333333333,1.584962500721156,0.5283208335737186
accusation,87,2.0805095000368274e-05,15.552703598395054,0.0003235754758771786,43,2.158697746019058,92.8240030788195,10,1,accus,NN,NOUN,1,NN,1,NOUN,0,1.0805769162919858,0.22395833333333334,2.158697746019058,0.48345834936885157
achieve,204,4.878436069051871e-05,14.323221752272287,0.0006987492162131347,72,1.4150374992788437,101.88269994807675,7,1,achiev,NN,NOUN,1,NN,1,NOUN,0,0.7086767098936998,0.375,1.4150374992788437,0.5306390622295664
achieved,58,1.3870063333578849e-05,16.13766609911621,0.00022383045085089015,39,2.299560281858908,89.68285099249741,8,1,achiev,VB,VERB,1,VB,1,VERB,0,1.1509218675426767,0.203125,2.299560281858908,0.46709818225259064
achievement,48,1.1478673103651461e-05,16.410684593522628,0.0001883728838561756,32,2.584962500721156,82.718800023077,11,1,achiev,NN,NOUN,2,NN|NNP,1,NOUN,0,1.2936505188758625,0.16666666666666666,2.584962500721156,0.430827083453526
achieving,77,1.8413704770440885e-05,15.72886055354888,0.0002896265946084825,42,2.192645077942396,92.09109327358063,9,1,achiev,VB,VERB,1,VB,1,VERB,0,1.0974823973840617,0.21875,2.192645077942396,0.4796411107998991
acquire,207,4.950177775949693e-05,14.302160136744456,0.0007079823525698603,92,1.0614005446641432,97.64885010910118,7,1,acquir,NN,NOUN,2,NN|NNP,1,NOUN,0,0.5315617368455642,0.4791666666666667,1.0614005446641432,0.508587760984902
acquiring,45,1.0761256034673246e-05,16.50379399791411,0.0001776015527550573,38,2.3370349872775704,88.80732951654768,9,1,acquir,VB,VERB,2,NNP|VB,2,NOUN|VERB,0,1.1695566718071484,0.19791666666666666,2.337034987277571,0.46253817456535257
acquisition,451,0.00010785169936972519,13.178663470988402,0.0014213412507678201,109,0.8167781759442299,89.02882117792106,11,1,acquisit,NN,NOUN,2,NN|NNP,1,NOUN,0,0.40931179007994306,0.5677083333333334,0.8167781759442297,0.4636917769683388
acquittal,71,1.6978870632484454e-05,15.845899974739101,0.0002690454857263839,43,2.158697746019058,92.8240030788195,9,1,acquitt,NN,NOUN,2,NN|NNP,1,NOUN,0,1.0803353325933072,0.22395833333333334,2.158697746019058,0.48345834936885157
acquitted,69,1.6500592586498976e-05,15.887122637465614,0.0002621469380125652,57,1.7520724865564143,99.86813173371561,9,1,acquit,VB,VERB,1,VB,1,VERB,0,0.8769230150662993,0.296875,1.7520724865564143,0.5201465194464355
acted,105,2.5109597414237573e-05,15.28140157657766,0.00038370984151316035,47,2.030373649043519,95.42756150504539,5,1,act,VB,VERB,1,VB,1,VERB,0,1.016248590731558,0.24479166666666666,2.030373649043519,0.4970185495054447
active,239,5.715422649526457e-05,14.094780286263035,0.0008055762648820675,90,1.0931094043914815,98.37984639523334,6,1,activ,NN,NOUN,2,NN|NNP,1,NOUN,0,0.5475343951517831,0.46875,1.0931094043914815,0.512395033308507
actively,61,1.4587480402557066e-05,16.064909756680898,0.0002343465562444304,32,2.584962500721156,82.718800023077,8,1,activ,RB,ADV,1,RB,1,ADV,0,1.293703020580446,0.16666666666666666,2.584962500721156,0.430827083453526
actual,101,2.4153041322266617e-05,15.337435611491987,0.0003704457161019695,55,1.8036027871964966,99.19815329580732,6,1,actual,NN,NOUN,2,NN|NNP,1,NOUN,0,0.9027979430179336,0.2864583333333333,1.8036027871964966,0.5166570484156631
ad,952,0.00022766034988908732,12.10082933093584,0.0027548790394289835,39,2.299560281858908,89.68285099249741,2,1,ad,NNP,NOUN,2,NN|NNP,1,NOUN,0,1.1537548360956733,0.203125,2.299560281858908,0.46709818225259064
adaptations,84,2.0087677931390057e-05,15.603329671465023,0.0003134346610976916,39,2.299560281858908,89.68285099249741,11,1,adapt,NN,NOUN,1,NN,1,NOUN,0,1.1508500965681305,0.203125,2.299560281858908,0.46709818225259064
added,125,2.989237787409235e-05,15.029862809581696,0.00044927833849978333,39,2.299560281858908,89.68285099249741,5,1,ad,VB,VERB,2,NNP|VB,2,NOUN|VERB,0,1.1512524426026014,0.203125,2.299560281858908,0.46709818225259064
additional,393,9.398163603614634e-05,13.377261591985176,0.0012572169300982703,114,0.7520724865564145,85.73626346743124,10,1,addit,NN,NOUN,2,NN|NNP,1,NOUN,0,0.37696921592909916,0.59375,0.7520724865564145,0.44654303889287106
addressed,369,8.824229948432062e-05,13.468170088183387,0.0011884622984272473,83,1.2099230693742313,100.4236147580612,9,1,address,VB,VERB,2,NNP|VB,2,NOUN|VERB,0,0.6061518100693318,0.4322916666666667,1.2099230693742313,0.5230396601982354
adequate,493,0.00011789553833542022,13.05020325786587,0.0015385607384727517,107,0.8434955143200092,90.25402003224099,8,1,adequ,NN,NOUN,2,NN|NNP,1,NOUN,0,0.4227957499330504,0.5572916666666666,0.8434955143200094,0.4700730210012552
adhere,46,1.1000395057665985e-05,16.47208513818677,0.00018119944394356306,31,2.6307661903342807,81.5537519003627,6,1,adher,NN,NOUN,2,NN|NNP,1,NOUN,0,1.3166741165289007,0.16145833333333334,2.6307661903342807,0.42475912448105574
adherence,71,1.6978870632484454e-05,15.845899974739101,0.0002690454857263839,54,1.8300749985576876,98.82404992211514,9,1,adher,NN,NOUN,2,NN|NNP,1,NOUN,0,0.9159892579308894,0.28125,1.8300749985576876,0.5147085933443496
adjourn,68,1.6261453563506237e-05,15.908184252993443,0.00025869019950975405,48,2.0,96.0,7,1,adjourn,NN,NOUN,1,NN,1,NOUN,0,1.001031072831492,0.25,2.0,0.5
adjourned,58,1.3870063333578849e-05,16.13766609911621,0.00022383045085089015,36,2.415037499278844,86.94134997403839,9,1,adjourn,VB,VERB,1,VB,1,VERB,0,1.2087159297315173,0.1875,2.415037499278844,0.45281953111478324
adjournment,67,1.6022314540513498e-05,15.92955790378601,0.00025522838722578234,46,2.0614005446641435,94.8244250545506,11,1,adjourn,NN,NOUN,2,NN|NNP,1,NOUN,0,1.0317086014367962,0.23958333333333334,2.0614005446641435,0.49387721382578437
adjudged,166,3.969707781679464e-05,14.620607662896857,0.0005803954001228405,47,2.030373649043519,95.42756150504539,8,1,adjudg,VB,VERB,1,VB,1,VERB,0,1.0164561048036667,0.24479166666666666,2.030373649043519,0.4970185495054447
administer,243,5.8110782587235525e-05,14.070834590638002,0.0008176672097175181,100,0.9411063109464314,94.11063109464314,10,1,administ,NN,NOUN,2,NN|NNP,1,NOUN,0,0.4714457883916527,0.5208333333333334,0.9411063109464314,0.4901595369512664
administered,266,6.361098011606851e-05,13.940364658742594,0.0008867602591180194,112,0.777607578663552,87.09204881031782,12,1,administ,VB,VERB,2,NNP|VB,2,NOUN|VERB,0,0.38952005337512663,0.5833333333333334,0.777607578663552,0.45360442088707204
administering,93,2.2239929138324708e-05,15.456488283135752,0.00034375120414428524,57,1.7520724865564143,99.86813173371561,13,1,administ,VB,VERB,2,NNP|VB,2,NOUN|VERB,0,0.8770125999544552,0.296875,1.7520724865564143,0.5201465194464355
administrations,109,2.606615350620853e-05,15.227462769466856,0.0003969213820589983,39,2.299560281858908,89.68285099249741,15,1,administr,NN,NOUN,2,NN|NNP,1,NOUN,0,1.1512309558745277,0.203125,2.299560281858908,0.46709818225259064
admissible,79,1.8891982816426363e-05,15.69186634606668,0.00029645046936755087,33,2.5405683813627027,83.83875658496919,10,1,admiss,NN,NOUN,1,NN,1,NOUN,0,1.2715624089843955,0.171875,2.5405683813627027,0.4366601905467145
admission,123,2.941409982810687e-05,15.053132588904543,0.00044277434469576705,58,1.726981505593584,100.16492732442786,9,1,admiss,NN,NOUN,2,NN|NNP,1,NOUN,0,0.8645051895627955,0.3020833333333333,1.7269815055935842,0.5216923298147286
admitted,93,2.2239929138324708e-05,15.456488283135752,0.00034375120414428524,55,1.8036027871964966,99.19815329580732,8,1,admit,VB,VERB,2,NNP|VB,2,NOUN|VERB,0,0.9028677199375871,0.2864583333333333,1.8036027871964966,0.5166570484156631
adopting,75,1.793542672445541e-05,15.766828403747901,0.0002827847955124827,48,2.0,96.0,8,1,adopt,VB,VERB,2,NNP|VB,2,NOUN|VERB,0,1.001090624449752,0.25,2.0,0.5
adopts,140,3.347946321898343e-05,14.866364077298815,0.0004977178893259423,67,1.5188733102633836,101.7645117876467,6,1,adopt,NN,NOUN,1,NN,1,NOUN,0,0.7605860638331207,0.3489583333333333,1.5188733102633838,0.5300234988939933
adult,75,1.793542672445541e-05,15.766828403747901,0.0002827847955124827,40,2.263034405833794,90.52137623335176,5,1,adult,NN,NOUN,2,NN|NNP,1,NOUN,0,1.1326563999792327,0.20833333333333334,2.263034405833794,0.47146550121537373
advance,218,5.213230701241706e-05,14.227462769466856,0.0007417104571055795,103,0.8984619735379379,92.5415832744076,7,1,advanc,NN,NOUN,2,NN|NNP,1,NOUN,0,0.4499777542583781,0.5364583333333334,0.8984619735379377,0.4819874128875395
advanced,71,1.6978870632484454e-05,15.845899974739101,0.0002690454857263839,53,1.857042046157957,98.42322844637172,8,1,advanc,VB,VERB,2,NNP|VB,2,NOUN|VERB,0,0.9294667381010909,0.2760416666666667,1.8570420461579569,0.5126209814915194
advancement,92,2.200079011533197e-05,15.47208513818677,0.0003403980977717942,66,1.5405683813627027,101.67751316993838,11,1,advanc,NN,NOUN,2,NN|NNP,1,NOUN,0,0.7711161043473659,0.34375,1.5405683813627027,0.529570381093429
advances,60,1.4348341379564327e-05,16.088756498635263,0.00023084697061510282,38,2.3370349872775704,88.80732951654768,8,1,advanc,NN,NOUN,1,NN,1,NOUN,0,1.1695510631556718,0.19791666666666666,2.337034987277571,0.46253817456535257
advantage,53,1.2674368218615156e-05,16.267726639680582,0.0002061831575110867,42,2.192645077942396,92.09109327358063,9,1,advantag,NN,NOUN,2,NN|NNP,1,NOUN,0,1.097288404642453,0.21875,2.192645077942396,0.4796411107998991
advantages,52,1.2435229195622417e-05,16.29520737610269,0.00020263463851203395,37,2.3755091350922064,87.89383799841164,10,1,advantag,NN,NOUN,1,NN,1,NOUN,0,1.1887830111858453,0.19270833333333334,2.3755091350922064,0.4577804062417273
advice,1903,0.0004550815607551819,11.10158724796976,0.0050521276516659035,94,1.0303736490435187,96.85512301009075,6,1,advic,NN,NOUN,2,NN|NNP,1,NOUN,0,0.5190480522789231,0.4895833333333333,1.030373649043519,0.5044537656775561
advise,296,7.078515080585068e-05,13.786193728614833,0.0009758578021186739,80,1.2630344058337937,101.04275246670349,6,1,advis,NN,NOUN,1,NN,1,NOUN,0,0.6326279480534968,0.4166666666666667,1.2630344058337937,0.5262643357640807
adviser,79,1.8891982816426363e-05,15.69186634606668,0.00029645046936755087,40,2.263034405833794,90.52137623335176,7,1,advis,NN,NOUN,2,NN|NNP,1,NOUN,0,1.132567107529784,0.20833333333333334,2.263034405833794,0.47146550121537373
advises,105,2.5109597414237573e-05,15.28140157657766,0.00038370984151316035,34,2.497499659470817,84.91498842200778,7,1,advis,NN,NOUN,1,NN,1,NOUN,0,1.2500175996661647,0.17708333333333334,2.4974996594708165,0.44226556469795714
advising,50,1.1956951149636939e-05,16.35179090446906,0.00019551756505381416,32,2.584962500721156,82.718800023077,8,1,advis,VB,VERB,2,NNP|VB,2,NOUN|VERB,0,1.2935858596405239,0.16666666666666666,2.584962500721156,0.430827083453526
advisory,341,8.154640684052392e-05,13.58201916521961,0.0011075648605627915,75,1.3561438102252754,101.71078576689565,8,1,advisori,NNP,NOUN,2,NN|NNP,1,NOUN,0,0.6796254031026226,0.390625,1.3561438102252754,0.5297436758692482
advocate,133,3.180549005803426e-05,14.940364658742594,0.00047518561961704396,39,2.299560281858908,89.68285099249741,8,1,advoc,NN,NOUN,2,NN|NNP,1,NOUN,0,1.1511448616352273,0.203125,2.299560281858908,0.46709818225259064
affect,437,0.00010450375304782685,13.224157624743183,0.0013819741026816982,116,0.726981505593584,84.32985464885574,6,1,affect,NN,NOUN,2,NN|NNP,1,NOUN,0,0.3643575063155026,0.6041666666666666,0.7269815055935842,0.43921799296279046
affected,353,8.441607511643679e-05,13.532122720972602,0.0011423286880984642,92,1.0614005446641432,97.64885010910118,8,1,affect,VB,VERB,2,NNP|VB,2,NOUN|VERB,0,0.5317594850137882,0.4791666666666667,1.0614005446641432,0.508587760984902
affecting,210,5.0219194828475145e-05,14.28140157657766,0.0007172004881978455,93,1.0458036896131246,97.2597431340206,9,1,affect,VB,VERB,1,VB,1,VERB,0,0.5237405863181551,0.484375,1.0458036896131246,0.5065611621563573
affects,74,1.769628770146267e-05,15.786193728614833,0.00027935702593259384,43,2.158697746019058,92.8240030788195,7,1,affect,NN,NOUN,1,NN,1,NOUN,0,1.0804017048054801,0.22395833333333334,2.158697746019058,0.48345834936885157
affiliation,91,2.176165109233923e-05,15.487852454045086,0.0003370412412745591,54,1.8300749985576876,98.82404992211514,11,1,affili,NN,NOUN,2,NN|NNP,1,NOUN,0,0.9160858253158218,0.28125,1.8300749985576876,0.5147085933443496
affirm,227,5.42845582193517e-05,14.169098606952868,0.0007691632582448681,59,1.702319451359315,100.43684763019958,6,1,affirm,NN,NOUN,2,NN|NNP,1,NOUN,0,0.8524184515008102,0.3072916666666667,1.7023194513593147,0.5231085814072894
affirmation,346,8.274210195548762e-05,13.561018866607057,0.0011220672056810922,63,1.6076825772212395,101.28400236493809,11,1,affirm,NN,NOUN,2,NN|NNP,1,NOUN,0,0.8053252198680161,0.328125,1.6076825772212395,0.5275208456507192
affirmative,94,2.2479068161317444e-05,15.441058242566145,0.0003471006007175169,41,2.2274104961030723,91.32383034022597,11,1,affirm,NN,NOUN,2,NN|NNP,1,NOUN,0,1.1149377079405465,0.21354166666666666,2.2274104961030727,0.475644949688677
afford,58,1.3870063333578849e-05,16.13766609911621,0.00022383045085089015,38,2.3370349872775704,88.80732951654768,6,1,afford,NN,NOUN,1,NN,1,NOUN,0,1.1695813717375148,0.19791666666666666,2.337034987277571,0.46253817456535257
afforded,120,2.8696682759128654e-05,15.088756498635265,0.000432997258471077,49,1.970252656605948,96.54238017369146,8,1,afford,VB,VERB,1,VB,1,VERB,0,0.9862139713096849,0.2552083333333333,1.9702526566059482,0.5028248967379764
aforementioned,102,2.4392180345259356e-05,15.323221752272287,0.0003737667884518267,35,2.4556794837761897,85.94878193216664,14,1,aforement,VB,VERB,1,VB,1,VERB,0,1.2292073951361888,0.18229166666666666,2.4556794837761897,0.44764990589670123
aforesaid,484,0.00011574328712848557,13.076783856969188,0.0015135499486743297,49,1.970252656605948,96.54238017369146,9,1,aforesaid,NN,NOUN,1,NN,1,NOUN,0,0.9874307148275117,0.2552083333333333,1.9702526566059482,0.5028248967379764
african,159,3.8023104655845464e-05,14.682764138959428,0.000558284277492749,41,2.2274104961030723,91.32383034022597,7,1,african,NNP,NOUN,1,NNP,1,NOUN,0,1.1154101004101469,0.21354166666666666,2.2274104961030727,0.475644949688677
aged,61,1.4587480402557066e-05,16.064909756680898,0.0002343465562444304,43,2.158697746019058,92.8240030788195,4,1,ag,VB,VERB,2,NNP|VB,2,NOUN|VERB,0,1.0804536007029315,0.22395833333333334,2.158697746019058,0.48345834936885157
agencies,449,0.00010737342132373971,13.185075459502636,0.0014157266624984775,77,1.3181759600262548,101.49954892202162,8,1,agenc,NN,NOUN,2,NN|NNP,1,NOUN,0,0.660854688731962,0.4010416666666667,1.3181759600262548,0.5286434839688626
agency,206,4.926263873650419e-05,14.309146567060564,0.0007049063179607937,57,1.7520724865564143,99.86813173371561,6,1,agenc,NN,NOUN,2,NN|NNP,1,NOUN,0,0.877319932056554,0.296875,1.7520724865564143,0.5201465194464355
agenda,206,4.926263873650419e-05,14.309146567060564,0.0007049063179607937,65,1.5625946876927017,101.5686547000256,6,1,agenda,NN,NOUN,2,NN|NNP,1,NOUN,0,0.7828737442378588,0.3385416666666667,1.5625946876927015,0.5290034098959667
agent,75,1.793542672445541e-05,15.766828403747901,0.0002827847955124827,53,1.857042046157957,98.42322844637172,5,1,agent,NN,NOUN,2,NN|NNP,1,NOUN,0,0.9293916655051199,0.2760416666666667,1.8570420461579569,0.5126209814915194
agents,164,3.921879977080916e-05,14.638095089625699,0.000574088520346095,52,1.8845227825800641,97.99518469416333,6,1,agent,NN,NOUN,2,NN|NNP,1,NOUN,0,0.9434237844524972,0.2708333333333333,1.8845227825800641,0.5103915869487673
aggregate,100,2.3913902299273878e-05,15.351790904469057,0.0003671212278083544,33,2.5405683813627027,83.83875658496919,9,1,aggreg,NN,NOUN,1,NN,1,NOUN,0,1.2715527789541106,0.171875,2.5405683813627027,0.4366601905467145
aggression,142,3.395774126496891e-05,14.845899974739101,0.0005041332301877989,64,1.584962500721156,101.43760004615399,10,1,aggress,NN,NOUN,2,NN|NNP,1,NOUN,0,0.7935846528313744,0.3333333333333333,1.584962500721156,0.5283208335737186
aggrieved,83,1.984853890839732e-05,15.620607662896857,0.0003100462389698176,38,2.3370349872775704,88.80732951654768,9,1,aggriev,VB,VERB,2,NNP|VB,2,NOUN|VERB,0,1.1696296662131875,0.19791666666666666,2.337034987277571,0.46253817456535257
agree,148,3.539257540292534e-05,14.786193728614833,0.0005233214764622623,60,1.6780719051126378,100.68431430675827,5,1,agre,NN,NOUN,2,NN|NNP,1,NOUN,0,0.8400988488948912,0.3125,1.6780719051126378,0.5243974703476993
agreed,237,5.667594844927909e-05,14.106903845345524,0.0007995221551177399,73,1.395137941841139,101.84506975440314,6,1,agre,VB,VERB,1,VB,1,VERB,0,0.6986577966145995,0.3802083333333333,1.3951379418411392,0.5304430716375165
agricultural,404,9.661216528906647e-05,13.337435611491987,0.0012885585338297451,82,1.2274104961030725,100.64766068045195,12,1,agricultur,NN,NOUN,2,NN|NNP,1,NOUN,0,0.6148926174029131,0.4270833333333333,1.2274104961030727,0.5242065660440206
agriculture,131,3.132721201204878e-05,14.962224092706332,0.0004687247663239955,58,1.726981505593584,100.16492732442786,11,1,agricultur,NN,NOUN,2,NN|NNP,1,NOUN,0,0.8645339009331051,0.3020833333333333,1.7269815055935842,0.5216923298147286
aid,212,5.069747287446062e-05,14.267726639680584,0.0007233376842954257,86,1.1586977460190582,99.648006157639,3,1,aid,NN,NOUN,2,NN|NNP,1,NOUN,0,0.5803093057043581,0.4479166666666667,1.1586977460190582,0.5190000320710365
aim,95,2.2718207184310183e-05,15.425791485912836,0.0003504463269589358,52,1.8845227825800641,97.99518469416333,3,1,aim,NN,NOUN,1,NN,1,NOUN,0,0.9434842063452687,0.2708333333333333,1.8845227825800641,0.5103915869487673
aimed,160,3.82622436788382e-05,14.67371899935642,0.0005614494120281733,61,1.6542251631582698,100.90773495265447,5,1,aim,VB,VERB,1,VB,1,VERB,0,0.8282604236389856,0.3177083333333333,1.65422516315827,0.5255611195450753
aims,74,1.769628770146267e-05,15.786193728614833,0.00027935702593259384,44,2.1255308820838588,93.52335881168979,4,1,aim,NN,NOUN,2,NN|NNP,1,NOUN,0,1.0638897867635813,0.22916666666666666,2.125530882083859,0.4871008271442177
air,282,6.743720448395234e-05,13.856095741844989,0.0009344163618920218,100,0.9411063109464314,94.11063109464314,3,1,air,NN,NOUN,2,NN|NNP,1,NOUN,0,0.471363005378806,0.5208333333333334,0.9411063109464314,0.4901595369512664
aircraft,97,2.319648523029566e-05,15.395734252056656,0.0003571269221873892,40,2.263034405833794,90.52137623335176,8,1,aircraft,NN,NOUN,2,NN|NNP,1,NOUN,0,1.1326098092974688,0.20833333333333334,2.263034405833794,0.47146550121537373
airspace,36,8.609004827738597e-06,16.82572209280147,0.0001448527227271158,31,2.6307661903342807,81.5537519003627,8,1,airspac,NN,NOUN,2,NN|NNP,1,NOUN,0,1.3165438206332534,0.16145833333333334,2.6307661903342807,0.42475912448105574
alcohol,42,1.0043838965695029e-05,16.603329671465023,0.00016676116951454083,35,2.4556794837761897,85.94878193216664,7,1,alcohol,NN,NOUN,2,NN|NNP,1,NOUN,0,1.2288239072535254,0.18229166666666666,2.4556794837761897,0.44764990589670123
aliens,88,2.1044234023361013e-05,15.536215475606486,0.0003269477543060259,35,2.4556794837761897,85.94878193216664,6,1,alien,NN,NOUN,2,NN|NNP,1,NOUN,0,1.229326672593589,0.18229166666666666,2.4556794837761897,0.44764990589670123
alleged,177,4.2327607069714766e-05,14.528041544160786,0.0006149372339737299,62,1.630766190334281,101.10750380072542,7,1,alleg,VB,VERB,1,VB,1,VERB,0,0.8164005623756312,0.3229166666666667,1.630766190334281,0.526601582295445
alleges,70,1.6739731609491715e-05,15.866364077298815,0.0002655986762724628,33,2.5405683813627027,83.83875658496919,7,1,alleg,NN,NOUN,1,NN,1,NOUN,0,1.271430460344342,0.171875,2.5405683813627027,0.4366601905467145
allegiance,590,0.0001410920235657159,12.791075949994578,0.0018047187893674968,76,1.3370349872775706,101.61465903309536,10,1,allegi,NN,NOUN,2,NN|NNP,1,NOUN,0,0.6703803247509605,0.3958333333333333,1.3370349872775709,0.5292430157973718
allocate,46,1.1000395057665985e-05,16.47208513818677,0.00018119944394356306,31,2.6307661903342807,81.5537519003627,8,1,alloc,NN,NOUN,1,NN,1,NOUN,0,1.3165552345373186,0.16145833333333334,2.6307661903342807,0.42475912448105574
allocated,247,5.906733867920648e-05,14.047279862659105,0.0008297354371692824,70,1.4556794837761897,101.89756386433328,9,1,alloc,VB,VERB,2,NNP|VB,2,NOUN|VERB,0,0.7290077082313956,0.3645833333333333,1.4556794837761897,0.5307164784600692
allocation,259,6.193700695511934e-05,13.97883880655723,0.0008658074363862273,72,1.4150374992788437,101.88269994807675,10,1,alloc,NN,NOUN,2,NN|NNP,1,NOUN,0,0.7086098094655239,0.375,1.4150374992788437,0.5306390622295664
allow,162,3.874052172482368e-05,14.655797091359158,0.0005677732256124072,72,1.4150374992788437,101.88269994807675,5,1,allow,NN,NOUN,1,NN,1,NOUN,0,0.7084524688151638,0.375,1.4150374992788437,0.5306390622295664
allowance,112,2.6783570575186742e-05,15.188292172186179,0.00040679669531030484,49,1.970252656605948,96.54238017369146,9,1,allow,NN,NOUN,2,NN|NNP,1,NOUN,0,0.9861774665390269,0.2552083333333333,1.9702526566059482,0.5028248967379764
allowances,555,0.00013272215776097003,12.879303133006314,0.0017093689022702194,84,1.1926450779423958,100.18218654716125,10,1,allow,NN,NOUN,2,NN|NNP,1,NOUN,0,0.5977476433730938,0.4375,1.1926450779423958,0.5217822215997981
allowed,234,5.5958531380300874e-05,14.125282374660378,0.0007904300570180436,91,1.07716786052246,98.02227530754385,7,1,allow,VB,VERB,1,VB,1,VERB,0,0.5395568813073609,0.4739583333333333,1.07716786052246,0.5105326838934575
almighty,145,3.4675158333947125e-05,14.815738004228848,0.0005137380611309131,45,2.0931094043914813,94.18992319761666,8,1,almighti,NNP,NOUN,2,NN|NNP,1,NOUN,0,1.0481271330037514,0.234375,2.0931094043914813,0.49057251665425344
alter,226,5.404541919635896e-05,14.175468131828595,0.0007661191174893039,73,1.395137941841139,101.84506975440314,5,1,alter,NN,NOUN,1,NN,1,NOUN,0,0.6986586801242046,0.3802083333333333,1.3951379418411392,0.5304430716375165
alteration,321,7.676362638066915e-05,13.66921760712148,0.0010492987133091376,75,1.3561438102252754,101.71078576689565,10,1,alter,NN,NOUN,2,NN|NNP,1,NOUN,0,0.679297211308641,0.390625,1.3561438102252754,0.5297436758692482
altered,215,5.141488994343884e-05,14.247454244654323,0.0007325312919630825,79,1.2811817525440532,101.21335845098021,7,1,alter,VB,VERB,1,VB,1,VERB,0,0.6415982068318825,0.4114583333333333,1.2811817525440532,0.5271529085988552
altering,94,2.2479068161317444e-05,15.441058242566145,0.0003471006007175169,46,2.0614005446641435,94.8244250545506,8,1,alter,VB,VERB,1,VB,1,VERB,0,1.0317484943921602,0.23958333333333334,2.0614005446641435,0.49387721382578437
alternative,132,3.156635103504152e-05,14.95125297488533,0.0004719564998189391,59,1.702319451359315,100.43684763019958,11,1,altern,NN,NOUN,2,NN|NNP,1,NOUN,0,0.8521589588967822,0.3072916666666667,1.7023194513593147,0.5231085814072894
ambassadors,169,4.0414494885772854e-05,14.594767657961599,0.0005898401628717321,88,1.1255308820838588,99.04671762337958,11,1,ambassador,NN,NOUN,2,NN|NNP,1,NOUN,0,0.5638180273658894,0.4583333333333333,1.1255308820838592,0.5158683209551022
amending,188,4.495813632263489e-05,14.441058242566145,0.000649243065112399,79,1.2811817525440532,101.21335845098021,8,1,amend,VB,VERB,2,NNP|VB,2,NOUN|VERB,0,0.6416346964353971,0.4114583333333333,1.2811817525440532,0.5271529085988552
amnesty,153,3.658827051788904e-05,14.738259251551131,0.0005392474164585336,92,1.0614005446641432,97.64885010910118,7,1,amnesti,NN,NOUN,2,NN|NNP,1,NOUN,0,0.5316488072234894,0.4791666666666667,1.0614005446641432,0.508587760984902
amounts,107,2.558787546022305e-05,15.254180107842636,0.0003903220608472892,43,2.158697746019058,92.8240030788195,7,1,amount,NN,NOUN,2,NN|NNP,1,NOUN,0,1.0804691287160832,0.22395833333333334,2.158697746019058,0.48345834936885157
animal,65,1.554403649452802e-05,15.973279281215328,0.00024828923608449934,34,2.497499659470817,84.91498842200778,6,1,anim,NN,NOUN,2,NN|NNP,1,NOUN,0,1.2498827736425488,0.17708333333333334,2.4974996594708165,0.44226556469795714
animals,83,1.984853890839732e-05,15.620607662896857,0.0003100462389698176,50,1.9411063109464315,97.05531554732157,7,1,anim,NN,NOUN,2,NN|NNP,1,NOUN,0,0.9715204130460425,0.2604166666666667,1.9411063109464315,0.5054964351422999
announce,67,1.6022314540513498e-05,15.92955790378601,0.00025522838722578234,39,2.299560281858908,89.68285099249741,8,1,announc,NN,NOUN,1,NN,1,NOUN,0,1.1509076776555547,0.203125,2.299560281858908,0.46709818225259064
announced,94,2.2479068161317444e-05,15.441058242566145,0.0003471006007175169,44,2.1255308820838588,93.52335881168979,9,1,announc,VB,VERB,1,VB,1,VERB,0,1.064000218863482,0.22916666666666666,2.125530882083859,0.4871008271442177
announcement,145,3.4675158333947125e-05,14.815738004228848,0.0005137380611309131,80,1.2630344058337937,101.04275246670349,12,1,announc,NN,NOUN,2,NN|NNP,1,NOUN,0,0.632417511464796,0.4166666666666667,1.2630344058337937,0.5262643357640807
annually,179,4.2805885115700244e-05,14.511831316979526,0.0006211917841730466,80,1.2630344058337937,101.04275246670349,8,1,annual,RB,ADV,2,NNP|RB,2,ADV|NOUN,0,0.6324376040472964,0.4166666666666667,1.2630344058337937,0.5262643357640807
annul,76,1.817456574744815e-05,15.747719580800197,0.0002862079648936298,31,2.6307661903342807,81.5537519003627,5,1,annul,NN,NOUN,1,NN,1,NOUN,0,1.3168496189980237,0.16145833333333334,2.6307661903342807,0.42475912448105574
annulment,85,2.0326816954382796e-05,15.586256158106082,0.00031681897592994397,32,2.584962500721156,82.718800023077,9,1,annul,NN,NOUN,2,NN|NNP,1,NOUN,0,1.2938520155510094,0.16666666666666666,2.584962500721156,0.430827083453526
answer,115,2.750098764416496e-05,15.150157043299407,0.00041664428165493573,71,1.435215381216474,101.90029206636966,6,1,answer,NN,NOUN,1,NN,1,NOUN,0,0.7185895137519568,0.3697916666666667,1.435215381216474,0.5307306878456753
answerable,67,1.6022314540513498e-05,15.92955790378601,0.00025522838722578234,41,2.2274104961030723,91.32383034022597,10,1,answer,NN,NOUN,2,NN|NNP,1,NOUN,0,1.1148839114457794,0.21354166666666666,2.2274104961030727,0.475644949688677
anthem,200,4.7827804598547756e-05,14.351790904469057,0.000686414651018161,114,0.7520724865564145,85.73626346743124,6,1,anthem,NN,NOUN,2,NN|NNP,1,NOUN,0,0.376739730566735,0.59375,0.7520724865564145,0.44654303889287106
apart,71,1.6978870632484454e-05,15.845899974739101,0.0002690454857263839,46,2.0614005446641435,94.8244250545506,5,1,apart,NN,NOUN,2,NN|NNP,1,NOUN,0,1.0316847028716112,0.23958333333333334,2.0614005446641435,0.49387721382578437
appealed,69,1.6500592586498976e-05,15.887122637465614,0.0002621469380125652,42,2.192645077942396,92.09109327358063,8,1,appeal,VB,VERB,2,NNP|VB,2,NOUN|VERB,0,1.0973698344476968,0.21875,2.192645077942396,0.4796411107998991
appeals,550,0.00013152646264600633,12.89235928583176,0.001695686412026844,105,0.8707169830550335,91.42528322077852,7,1,appeal,NN,NOUN,2,NN|NNP,1,NOUN,0,0.4366014062788835,0.546875,0.8707169830550335,0.4761733501082215
appear,333,7.963329465658201e-05,13.616268727172521,0.0010843083396741323,95,1.0151068923902085,96.4351547770698,6,1,appear,NN,NOUN,2,NN|NNP,1,NOUN,0,0.5085328489897253,0.4947916666666667,1.0151068923902085,0.5022664311305719
appears,269,6.432839718504673e-05,13.92418473168716,0.000895720485897935,72,1.4150374992788437,101.88269994807675,7,1,appear,NN,NOUN,1,NN,1,NOUN,0,0.7086192557112652,0.375,1.4150374992788437,0.5306390622295664
appellate,183,4.37624412076712e-05,14.47994725595974,0.0006336778404791181,52,1.8845227825800641,97.99518469416333,9,1,appel,NN,NOUN,2,NN|NNP,1,NOUN,0,0.9437279320293483,0.2708333333333333,1.8845227825800641,0.5103915869487673
applications,90,2.152251206934649e-05,15.503793997914109,0.0003336805934407681,43,2.158697746019058,92.8240030788195,12,1,applic,NN,NOUN,2,NN|NNP,1,NOUN,0,1.0804461689531122,0.22395833333333334,2.158697746019058,0.48345834936885157
applies,945,0.00022598637672813815,12.111476575135347,0.0027370287080425567,89,1.1092290697547584,98.7213872081735,7,1,appli,NN,NOUN,1,NN,1,NOUN,0,0.5567783295419684,0.4635416666666667,1.1092290697547584,0.514173891709237
applying,143,3.419688028796165e-05,14.835775757465393,0.0005073372475570876,71,1.435215381216474,101.90029206636966,8,1,appli,VB,VERB,2,NNP|VB,2,NOUN|VERB,0,0.7185374436666798,0.3697916666666667,1.435215381216474,0.5307306878456753
appointing,181,4.328416316168572e-05,14.495801207160577,0.0006274386246100992,66,1.5405683813627027,101.67751316993838,10,1,appoint,VB,VERB,2,NNP|VB,2,NOUN|VERB,0,0.7715050274104791,0.34375,1.5405683813627027,0.529570381093429
appointments,727,0.0001738540697157211,12.489835540324188,0.0021714087387654127,111,0.7905466343710503,87.75067641518659,12,1,appoint,NN,NOUN,2,NN|NNP,1,NOUN,0,0.396617052649385,0.578125,0.7905466343710503,0.45703477299576345
appoints,286,6.83937605759233e-05,13.835775757465393,0.0009462807345382519,85,1.1755715645834544,99.92358298959363,8,1,appoint,NN,NOUN,2,NN|NNP,1,NOUN,0,0.5892377180136666,0.4427083333333333,1.1755715645834544,0.5204353280708001
apprehended,53,1.2674368218615156e-05,16.267726639680582,0.0002061831575110867,33,2.5405683813627027,83.83875658496919,11,1,apprehend,VB,VERB,1,VB,1,VERB,0,1.2716236207966782,0.171875,2.5405683813627027,0.4366601905467145
appropriated,215,5.141488994343884e-05,14.247454244654323,0.0007325312919630825,53,1.857042046157957,98.42322844637172,12,1,appropri,VB,VERB,1,VB,1,VERB,0,0.9298774933671198,0.2760416666666667,1.8570420461579569,0.5126209814915194
appropriation,645,0.0001542446698303165,12.662491743933167,0.00195312185827208,82,1.2274104961030725,100.64766068045195,13,1,appropri,NNP,NOUN,2,NN|NNP,1,NOUN,0,0.6156787380563324,0.4270833333333333,1.2274104961030727,0.5242065660440206
appropriations,174,4.161019000073655e-05,14.552703598395054,0.0006055407617536207,40,2.263034405833794,90.52137623335176,14,1,appropri,NN,NOUN,2,NN|NNP,1,NOUN,0,1.1331627325295517,0.20833333333333334,2.263034405833794,0.47146550121537373
approves,115,2.750098764416496e-05,15.150157043299407,0.00041664428165493573,66,1.5405683813627027,101.67751316993838,8,1,approv,NN,NOUN,2,NN|NNP,1,NOUN,0,0.7712563715883837,0.34375,1.5405683813627027,0.529570381093429
approving,127,3.0370655920077827e-05,15.006962407471617,0.00045577129168286324,56,1.777607578663552,99.5460244051589,9,1,approv,VB,VERB,2,NNP|VB,2,NOUN|VERB,0,0.8899304644862002,0.2916666666666667,1.777607578663552,0.5184688771102026
april,138,3.300118517299795e-05,14.887122637465614,0.0004912926908521324,63,1.6076825772212395,101.28400236493809,5,1,april,NNP,NOUN,1,NNP,1,NOUN,0,0.8049147016851971,0.328125,1.6076825772212395,0.5275208456507192
arbitrarily,51,1.2196090172629678e-05,16.323221752272286,0.00019907948439854301,40,2.263034405833794,90.52137623335176,11,1,arbitrarili,RB,ADV,1,RB,1,ADV,0,1.132588411092892,0.20833333333333334,2.263034405833794,0.47146550121537373
arbitrary,78,1.8652843793433624e-05,15.710244875381534,0.00029304074361708284,51,1.9125371587496605,97.53939509623268,9,1,arbitrari,NN,NOUN,2,NN|NNP,1,NOUN,0,0.9572008913944093,0.265625,1.9125371587496605,0.5080176827928785
arbitration,128,3.060979494307056e-05,14.995647094243783,0.0004590136825934541,62,1.630766190334281,101.10750380072542,11,1,arbitr,NN,NOUN,2,NN|NNP,1,NOUN,0,0.8164413177675436,0.3229166666666667,1.630766190334281,0.526601582295445
area,770,0.00018413704770440885,12.406932458661519,0.002284575914005935,116,0.726981505593584,84.32985464885574,4,1,area,NN,NOUN,2,NN|NNP,1,NOUN,0,0.36464308260452977,0.6041666666666666,0.7269815055935842,0.43921799296279046
arise,285,6.815462155293056e-05,13.840828985191678,0.0009433164614645707,94,1.0303736490435187,96.85512301009075,5,1,aris,NN,NOUN,2,NN|NNP,1,NOUN,0,0.5161191418408246,0.4895833333333333,1.030373649043519,0.5044537656775561
arisen,139,3.324032419599069e-05,14.876706021520276,0.0004945065311237808,52,1.8845227825800641,97.99518469416333,6,1,arisen,NN,NOUN,1,NN,1,NOUN,0,0.9433151039515068,0.2708333333333333,1.8845227825800641,0.5103915869487673
arises,250,5.97847557481847e-05,14.029862809581696,0.000838771921251382,77,1.3181759600262548,101.49954892202162,6,1,aris,NN,NOUN,1,NN,1,NOUN,0,0.6601347965674297,0.4010416666666667,1.3181759600262548,0.5286434839688626
arms,239,5.715422649526457e-05,14.094780286263035,0.0008055762648820675,83,1.2099230693742313,100.4236147580612,4,1,arm,NN,NOUN,2,NN|NNP,1,NOUN,0,0.6060832357565203,0.4322916666666667,1.2099230693742313,0.5230396601982354
army,376,8.991627264526978e-05,13.441058242566145,0.001208569857579528,72,1.4150374992788437,101.88269994807675,4,1,armi,NNP,NOUN,2,NN|NNP,1,NOUN,0,0.7091464126210903,0.375,1.4150374992788437,0.5306390622295664
arose,49,1.17178121266442e-05,16.380937250128575,0.0001919487451553543,33,2.5405683813627027,83.83875658496919,5,1,aros,NN,NOUN,1,NN,1,NOUN,0,1.2713429399859206,0.171875,2.5405683813627027,0.4366601905467145
arrangement,55,1.3152646264600634e-05,16.214287380719124,0.00021326078635117658,33,2.5405683813627027,83.83875658496919,11,1,arrang,NN,NOUN,2,NN|NNP,1,NOUN,0,1.2713559445636118,0.171875,2.5405683813627027,0.4366601905467145
arrangements,130,3.108807298905604e-05,14.973279281215328,0.00046549039917994267,57,1.7520724865564143,99.86813173371561,12,1,arrang,NN,NOUN,2,NN|NNP,1,NOUN,0,0.8771053347939087,0.296875,1.7520724865564143,0.5201465194464355
art,972,0.0002324431303489421,12.070834590638002,0.0028057825781721882,46,2.0614005446641435,94.8244250545506,3,1,art,NNP,NOUN,2,NN|NNP,1,NOUN,0,1.0341974675209071,0.23958333333333334,2.0614005446641435,0.49387721382578437
artistic,213,5.093661189745336e-05,14.260937474017945,0.000726403837407901,92,1.0614005446641432,97.64885010910118,8,1,artist,NN,NOUN,2,NN|NNP,1,NOUN,0,0.5316433162823363,0.4791666666666667,1.0614005446641432,0.508587760984902
arts,162,3.874052172482368e-05,14.655797091359158,0.0005677732256124072,62,1.630766190334281,101.10750380072542,4,1,art,NN,NOUN,2,NN|NNP,1,NOUN,0,0.8165129140766928,0.3229166666666667,1.630766190334281,0.526601582295445
ascertained,59,1.4109202356571588e-05,16.11300404488194,0.00022734163464149579,33,2.5405683813627027,83.83875658496919,11,1,ascertain,VB,VERB,1,VB,1,VERB,0,1.2714391911576268,0.171875,2.5405683813627027,0.4366601905467145
aside,70,1.6739731609491715e-05,15.866364077298815,0.0002655986762724628,44,2.1255308820838588,93.52335881168979,5,1,asid,NN,NOUN,2,NN|NNP,1,NOUN,0,1.0637745141378858,0.22916666666666666,2.125530882083859,0.4871008271442177
ask,94,2.2479068161317444e-05,15.441058242566145,0.0003471006007175169,42,2.192645077942396,92.09109327358063,3,1,ask,NN,NOUN,1,NN,1,NOUN,0,1.0976861231977988,0.21875,2.192645077942396,0.4796411107998991
aspects,71,1.6978870632484454e-05,15.845899974739101,0.0002690454857263839,49,1.970252656605948,96.54238017369146,7,1,aspect,NN,NOUN,1,NN,1,NOUN,0,0.9860760470741927,0.2552083333333333,1.9702526566059482,0.5028248967379764
aspirations,59,1.4109202356571588e-05,16.11300404488194,0.00022734163464149579,42,2.192645077942396,92.09109327358063,11,1,aspir,NN,NOUN,1,NN,1,NOUN,0,1.097440007942492,0.21875,2.192645077942396,0.4796411107998991
assemble,120,2.8696682759128654e-05,15.088756498635265,0.000432997258471077,90,1.0931094043914815,98.37984639523334,8,1,assembl,NN,NOUN,2,NN|NNP,1,NOUN,0,0.5473396332917282,0.46875,1.0931094043914815,0.512395033308507
assemblies,333,7.963329465658201e-05,13.616268727172521,0.0010843083396741323,64,1.584962500721156,101.43760004615399,10,1,assembl,NNP,NOUN,2,NN|NNP,1,NOUN,0,0.7942433307027436,0.3333333333333333,1.584962500721156,0.5283208335737186
assent,622,0.0001487444723014835,12.71487632411318,0.0018912675692088412,71,1.435215381216474,101.90029206636966,6,1,assent,NN,NOUN,2,NN|NNP,1,NOUN,0,0.7197930959167386,0.3697916666666667,1.435215381216474,0.5307306878456753
assented,147,3.51534363799326e-05,14.795974749407417,0.0005201293570323829,43,2.158697746019058,92.8240030788195,8,1,assent,VB,VERB,1,VB,1,VERB,0,1.0805912216247902,0.22395833333333334,2.158697746019058,0.48345834936885157
assessment,79,1.8891982816426363e-05,15.69186634606668,0.00029645046936755087,36,2.415037499278844,86.94134997403839,10,1,assess,NN,NOUN,2,NN|NNP,1,NOUN,0,1.2086589304750734,0.1875,2.415037499278844,0.45281953111478324
assign,172,4.113191195475107e-05,14.569382339541685,0.0005992665516251337,80,1.2630344058337937,101.04275246670349,6,1,assign,NN,NOUN,2,NN|NNP,1,NOUN,0,0.6323769547207604,0.4166666666666667,1.2630344058337937,0.5262643357640807
assignment,116,2.7740126667157698e-05,15.13766609911621,0.00041992077503462264,56,1.777607578663552,99.5460244051589,10,1,assign,NN,NOUN,2,NN|NNP,1,NOUN,0,0.8897452329529685,0.2916666666666667,1.777607578663552,0.5184688771102026
assist,298,7.126342885183616e-05,13.77647857378162,0.000981759100671532,115,0.7394724497767808,85.0393317243298,6,1,assist,NN,NOUN,1,NN,1,NOUN,0,0.3705031203076359,0.5989583333333334,0.7394724497767808,0.4429131860642177
assistant,118,2.8218404713143176e-05,15.113004044881942,0.0004264648645698485,37,2.3755091350922064,87.89383799841164,9,1,assist,NNP,NOUN,2,NN|NNP,1,NOUN,0,1.1890611273914047,0.19270833333333334,2.3755091350922064,0.4577804062417273
assisted,154,3.682740954088177e-05,14.72886055354888,0.0005424257796760832,73,1.395137941841139,101.84506975440314,8,1,assist,VB,VERB,1,VB,1,VERB,0,0.698637595891189,0.3802083333333333,1.3951379418411392,0.5304430716375165
associate,133,3.180549005803426e-05,14.940364658742594,0.00047518561961704396,66,1.5405683813627027,101.67751316993838,9,1,associ,NN,NOUN,2,NN|NNP,1,NOUN,0,0.7714138870093324,0.34375,1.5405683813627027,0.529570381093429
associated,93,2.2239929138324708e-05,15.456488283135752,0.00034375120414428524,41,2.2274104961030723,91.32383034022597,10,1,associ,VB,VERB,2,NNP|VB,2,NOUN|VERB,0,1.1147804378873187,0.21354166666666666,2.2274104961030727,0.475644949688677
assume,378,9.039455069125525e-05,13.43340467002271,0.0012143065794005129,120,0.6780719051126377,81.36862861351652,6,1,assum,NN,NOUN,1,NN,1,NOUN,0,0.3399101629362185,0.625,0.6780719051126377,0.4237949406953986
assumed,187,4.4718997299642156e-05,14.448752634356145,0.0006461337300389699,77,1.3181759600262548,101.49954892202162,7,1,assum,VB,VERB,1,VB,1,VERB,0,0.6600394011116894,0.4010416666666667,1.3181759600262548,0.5286434839688626
assumes,187,4.4718997299642156e-05,14.448752634356145,0.0006461337300389699,68,1.4974996594708168,101.82997684401553,7,1,assum,NN,NOUN,2,NN|NNP,1,NOUN,0,0.7498528714460367,0.3541666666666667,1.4974996594708165,0.5303644627292475
assuming,223,5.3328002127380745e-05,14.194747194323478,0.0007569775085765143,93,1.0458036896131246,97.2597431340206,8,1,assum,VB,VERB,2,NNP|VB,2,NOUN|VERB,0,0.5238815369428976,0.484375,1.0458036896131246,0.5065611621563573
assumption,124,2.965323885109961e-05,15.041450783856908,0.00044602773276076834,54,1.8300749985576876,98.82404992211514,10,1,assumpt,NN,NOUN,2,NN|NNP,1,NOUN,0,0.916114261376756,0.28125,1.8300749985576876,0.5147085933443496
assure,216,5.165402896643158e-05,14.240759592080314,0.0007355926084733049,45,2.0931094043914813,94.18992319761666,6,1,assur,NN,NOUN,1,NN,1,NOUN,0,1.0483063645744513,0.234375,2.0931094043914813,0.49057251665425344
assured,130,3.108807298905604e-05,14.973279281215328,0.00046549039917994267,41,2.2274104961030723,91.32383034022597,7,1,assur,VB,VERB,1,VB,1,VERB,0,1.1150721031934558,0.21354166666666666,2.2274104961030727,0.475644949688677
asylum,178,4.2566746092707505e-05,14.519913663277384,0.000618065478192763,83,1.2099230693742313,100.4236147580612,6,1,asylum,NN,NOUN,2,NN|NNP,1,NOUN,0,0.6059420664074998,0.4322916666666667,1.2099230693742313,0.5230396601982354
attached,104,2.4870458391244834e-05,15.29520737610269,0.00038039881863282304,56,1.777607578663552,99.5460244051589,8,1,attach,VB,VERB,2,NNP|VB,2,NOUN|VERB,0,0.889853411003411,0.2916666666666667,1.777607578663552,0.5184688771102026
attachment,51,1.2196090172629678e-05,16.323221752272286,0.00019907948439854301,34,2.497499659470817,84.91498842200778,10,1,attach,NN,NOUN,1,NN,1,NOUN,0,1.2498889821841481,0.17708333333333334,2.4974996594708165,0.44226556469795714
attack,54,1.2913507241607895e-05,16.240759592080313,0.00020972516660154199,32,2.584962500721156,82.718800023077,6,1,attack,NN,NOUN,1,NN,1,NOUN,0,1.293728958736254,0.16666666666666666,2.584962500721156,0.430827083453526
attain,56,1.3391785287593371e-05,16.188292172186177,0.00021679013294274578,35,2.4556794837761897,85.94878193216664,6,1,attain,NN,NOUN,2,NN|NNP,1,NOUN,0,1.2290541631257457,0.18229166666666666,2.4556794837761897,0.44764990589670123
attained,437,0.00010450375304782685,13.224157624743183,0.0013819741026816982,97,0.9850496585340286,95.54981687780078,8,1,attain,VB,VERB,2,NNP|VB,2,NOUN|VERB,0,0.4938060174166789,0.5052083333333334,0.9850496585340284,0.4976552962385456
attaining,138,3.300118517299795e-05,14.887122637465614,0.0004912926908521324,48,2.0,96.0,9,1,attain,VB,VERB,1,VB,1,VERB,0,1.0012404663374894,0.25,2.0,0.5
attains,125,2.989237787409235e-05,15.029862809581696,0.00044927833849978333,41,2.2274104961030723,91.32383034022597,7,1,attain,NN,NOUN,1,NN,1,NOUN,0,1.114928702622297,0.21354166666666666,2.2274104961030727,0.475644949688677
attendance,172,4.113191195475107e-05,14.569382339541685,0.0005992665516251337,88,1.1255308820838588,99.04671762337958,10,1,attend,NN,NOUN,2,NN|NNP,1,NOUN,0,0.5635867806701315,0.4583333333333333,1.1255308820838592,0.5158683209551022
attending,123,2.941409982810687e-05,15.053132588904543,0.00044277434469576705,63,1.6076825772212395,101.28400236493809,9,1,attend,VB,VERB,1,VB,1,VERB,0,0.8048551430582251,0.328125,1.6076825772212395,0.5275208456507192
attention,134,3.2044629081026996e-05,14.92955790378601,0.00047841214537053766,76,1.3370349872775706,101.61465903309536,9,1,attent,NN,NOUN,2,NN|NNP,1,NOUN,0,0.6693568433529754,0.3958333333333333,1.3370349872775709,0.5292430157973718
attorney,621,0.00014850533327849077,12.717197636023302,0.0018885716733060755,68,1.4974996594708168,101.82997684401553,8,1,attornei,NNP,NOUN,2,NN|NNP,1,NOUN,0,0.7510669125749588,0.3541666666666667,1.4974996594708165,0.5303644627292475
attorney-general,817,0.00019537658178506758,12.3214548260981,0.002407323726542171,45,2.0931094043914813,94.18992319761666,16,1,attorney-gener,NNP,NOUN,2,NN|NNP,1,NOUN,0,1.0499407012589217,0.234375,2.0931094043914813,0.49057251665425344
attorneys,87,2.0805095000368274e-05,15.552703598395054,0.0003235754758771786,31,2.6307661903342807,81.5537519003627,9,1,attornei,NN,NOUN,2,NN|NNP,1,NOUN,0,1.316740818859762,0.16145833333333334,2.6307661903342807,0.42475912448105574
audience,38,9.087282873724075e-06,16.747719580800197,0.00015219126532053896,33,2.5405683813627027,83.83875658496919,8,1,audienc,NN,NOUN,1,NN,1,NOUN,0,1.2713215406720717,0.171875,2.5405683813627027,0.4366601905467145
audit,773,0.00018485446477338707,12.401322490318936,0.0022924398314300744,112,0.777607578663552,87.09204881031782,5,1,audit,NNP,NOUN,2,NN|NNP,1,NOUN,0,0.39038521759263073,0.5833333333333334,0.777607578663552,0.45360442088707204
audited,86,2.0565955977375535e-05,15.569382339541685,0.0003201992317899424,46,2.0614005446641435,94.8244250545506,7,1,audit,VB,VERB,1,VB,1,VERB,0,1.0316954377916594,0.23958333333333334,2.0614005446641435,0.49387721382578437
auditing,91,2.176165109233923e-05,15.487852454045086,0.0003370412412745591,36,2.415037499278844,86.94134997403839,8,1,audit,VB,VERB,2,NNP|VB,2,NOUN|VERB,0,1.208904236159798,0.1875,2.415037499278844,0.45281953111478324
auditor,354,8.465521413942953e-05,13.528041544160786,0.0011452192538080302,48,2.0,96.0,7,1,auditor,NNP,NOUN,2,NN|NNP,1,NOUN,0,1.0023530747264469,0.25,2.0,0.5
auditor-general,754,0.00018031082333652503,12.437226380975119,0.002242566528776373,39,2.299560281858908,89.68285099249741,15,1,auditor-gener,NNP,NOUN,1,NNP,1,NOUN,0,1.1531297475262003,0.203125,2.299560281858908,0.46709818225259064
august,136,3.2522907127012474e-05,14.908184252993443,0.0004848574918924956,51,1.9125371587496605,97.53939509623268,6,1,august,NNP,NOUN,2,NN|NNP,1,NOUN,0,0.9573877135652142,0.265625,1.9125371587496605,0.5080176827928785
authorisation,141,3.371860224197617e-05,14.856095741844989,0.0005009267831879871,43,2.158697746019058,92.8240030788195,13,1,authoris,NN,NOUN,2,NN|NNP,1,NOUN,0,1.0807250396423298,0.22395833333333334,2.158697746019058,0.48345834936885157
authorise,238,5.691508747227183e-05,14.10082933093584,0.0008025499348017895,53,1.857042046157957,98.42322844637172,9,1,authoris,NN,NOUN,1,NN,1,NOUN,0,0.9298732238636455,0.2760416666666667,1.8570420461579569,0.5126209814915194
authorised,475,0.00011359103592155092,13.103863391025472,0.0014884814171610705,59,1.702319451359315,100.43684763019958,10,1,authoris,VB,VERB,2,NNP|VB,2,NOUN|VERB,0,0.8531498983206826,0.3072916666666667,1.7023194513593147,0.5231085814072894
authorises,113,2.702270959817948e-05,15.175468131828595,0.0004100822683428314,32,2.584962500721156,82.718800023077,10,1,authoris,NN,NOUN,1,NN,1,NOUN,0,1.2938471425481577,0.16666666666666666,2.584962500721156,0.430827083453526
authorising,100,2.3913902299273878e-05,15.351790904469057,0.0003671212278083544,39,2.299560281858908,89.68285099249741,11,1,authoris,VB,VERB,2,NNP|VB,2,NOUN|VERB,0,1.1509289412049608,0.203125,2.299560281858908,0.46709818225259064
authorization,404,9.661216528906647e-05,13.337435611491987,0.0012885585338297451,79,1.2811817525440532,101.21335845098021,13,1,author,NN,NOUN,2,NN|NNP,1,NOUN,0,0.64227178086195,0.4114583333333333,1.2811817525440532,0.5271529085988552
authorize,258,6.16978679321266e-05,13.984419838820529,0.0008628088883229602,75,1.3561438102252754,101.71078576689565,9,1,author,NN,NOUN,2,NN|NNP,1,NOUN,0,0.679233436191229,0.390625,1.3561438102252754,0.5297436758692482
authorized,433,0.0001035471969558559,13.237423879517058,0.0013706981376405028,101,0.9267510179693613,93.6018528149055,10,1,author,VB,VERB,2,NNP|VB,2,NOUN|VERB,0,0.46465156170129723,0.5260416666666666,0.9267510179693615,0.48750965007763286
authors,47,1.1239534080658722e-05,16.441058242566147,0.0001847898344394172,33,2.5405683813627027,83.83875658496919,7,1,author,NN,NOUN,2,NN|NNP,1,NOUN,0,1.2714323395400338,0.171875,2.5405683813627027,0.4366601905467145
automatically,99,2.367476327628114e-05,15.366290474164172,0.0003637932894104106,43,2.158697746019058,92.8240030788195,13,1,automat,RB,ADV,1,RB,1,ADV,0,1.080624408736062,0.22395833333333334,2.158697746019058,0.48345834936885157
autonomous,1057,0.0002527699473033249,11.9498874328611,0.0030205724166849648,72,1.4150374992788437,101.88269994807675,10,1,autonom,NN,NOUN,2,NN|NNP,1,NOUN,0,0.7111910637200526,0.375,1.4150374992788437,0.5306390622295664
autonomy,413,9.876441649600112e-05,13.305649122824336,0.0013141246717162747,72,1.4150374992788437,101.88269994807675,8,1,autonomi,NN,NOUN,2,NN|NNP,1,NOUN,0,0.7092801280990194,0.375,1.4150374992788437,0.5306390622295664
available,435,0.00010402547500184138,13.230775503507692,0.0013763377063951145,105,0.8707169830550335,91.42528322077852,9,1,avail,NN,NOUN,1,NN,1,NOUN,0,0.4363511952113895,0.546875,0.8707169830550335,0.4761733501082215
avoid,59,1.4109202356571588e-05,16.11300404488194,0.00022734163464149579,41,2.2274104961030723,91.32383034022597,5,1,avoid,NN,NOUN,1,NN,1,NOUN,0,1.1147341550106853,0.21354166666666666,2.2274104961030727,0.475644949688677
award,211,5.0458333851467884e-05,14.274547905536597,0.0007202699037963373,61,1.6542251631582698,100.90773495265447,5,1,award,NN,NOUN,2,NN|NNP,1,NOUN,0,0.8283930935499045,0.3177083333333333,1.65422516315827,0.5255611195450753
awarded,57,1.363092431058611e-05,16.16275708007904,0.00022031331840894716,43,2.158697746019058,92.8240030788195,7,1,award,VB,VERB,1,VB,1,VERB,0,1.0803129418827944,0.22395833333333334,2.158697746019058,0.48345834936885157
awards,78,1.8652843793433624e-05,15.710244875381534,0.00029304074361708284,41,2.2274104961030723,91.32383034022597,6,1,award,NN,NOUN,2,NN|NNP,1,NOUN,0,1.1148910427076297,0.21354166666666666,2.2274104961030727,0.475644949688677
aware,38,9.087282873724075e-06,16.747719580800197,0.00015219126532053896,31,2.6307661903342807,81.5537519003627,5,1,awar,NN,NOUN,2,NN|NNP,1,NOUN,0,1.316513202575414,0.16145833333333334,2.6307661903342807,0.42475912448105574
bail,59,1.4109202356571588e-05,16.11300404488194,0.00022734163464149579,37,2.3755091350922064,87.89383799841164,4,1,bail,NN,NOUN,2,NN|NNP,1,NOUN,0,1.1889692768680777,0.19270833333333334,2.3755091350922064,0.4577804062417273
balance,165,3.94579387938019e-05,14.629324879997966,0.0005772430057096031,84,1.1926450779423958,100.18218654716125,7,1,balanc,NN,NOUN,2,NN|NNP,1,NOUN,0,0.5971584328637015,0.4375,1.1926450779423958,0.5217822215997981
balanced,158,3.7783965632852725e-05,14.69186634606668,0.000555116973102249,78,1.2995602818589078,101.36570198499481,8,1,balanc,VB,VERB,2,NNP|VB,2,NOUN|VERB,0,0.6507448964940478,0.40625,1.2995602818589078,0.5279463645051813
bank,647,0.00015472294787630199,12.658025192251275,0.0019584869720376116,100,0.9411063109464314,94.11063109464314,4,1,bank,NNP,NOUN,2,NN|NNP,1,NOUN,0,0.47222908443688527,0.5208333333333334,0.9411063109464314,0.4901595369512664
banking,128,3.060979494307056e-05,14.995647094243783,0.0004590136825934541,59,1.702319451359315,100.43684763019958,7,1,bank,VB,VERB,2,NNP|VB,2,NOUN|VERB,0,0.8522074043128197,0.3072916666666667,1.7023194513593147,0.5231085814072894
bankrupt,154,3.682740954088177e-05,14.72886055354888,0.0005424257796760832,40,2.263034405833794,90.52137623335176,8,1,bankrupt,NN,NOUN,2,NN|NNP,1,NOUN,0,1.132897535903915,0.20833333333333334,2.263034405833794,0.47146550121537373
banks,110,2.6305292529201268e-05,15.214287380719123,0.0004002162801731519,54,1.8300749985576876,98.82404992211514,5,1,bank,NN,NOUN,2,NN|NNP,1,NOUN,0,0.9160830878207293,0.28125,1.8300749985576876,0.5147085933443496
bar,115,2.750098764416496e-05,15.150157043299407,0.00041664428165493573,36,2.415037499278844,86.94134997403839,3,1,bar,NNP,NOUN,2,NN|NNP,1,NOUN,0,1.2088454890152136,0.1875,2.415037499278844,0.45281953111478324
base,90,2.152251206934649e-05,15.503793997914109,0.0003336805934407681,58,1.726981505593584,100.16492732442786,4,1,base,NN,NOUN,1,NN,1,NOUN,0,0.8644946780682347,0.3020833333333333,1.7269815055935842,0.5216923298147286
bases,119,2.8457543736135915e-05,15.10082933093584,0.0004297325111370307,42,2.192645077942396,92.09109327358063,5,1,base,NN,NOUN,2,NN|NNP,1,NOUN,0,1.0976177516800636,0.21875,2.192645077942396,0.4796411107998991
bear,229,5.476283626533718e-05,14.156443306146839,0.0007752469868740478,89,1.1092290697547584,98.7213872081735,4,1,bear,NN,NOUN,2,NN|NNP,1,NOUN,0,0.555526537503768,0.4635416666666667,1.1092290697547584,0.514173891709237
bearing,74,1.769628770146267e-05,15.786193728614833,0.00027935702593259384,49,1.970252656605948,96.54238017369146,7,1,bear,VB,VERB,2,NNP|VB,2,NOUN|VERB,0,0.9861875555386989,0.2552083333333333,1.9702526566059482,0.5028248967379764
begin,140,3.347946321898343e-05,14.866364077298815,0.0004977178893259423,68,1.4974996594708168,101.82997684401553,5,1,begin,NN,NOUN,1,NN,1,NOUN,0,0.7497177359081646,0.3541666666666667,1.4974996594708165,0.5303644627292475
begins,64,1.530489747153528e-05,15.995647094243783,0.00024481173876826233,40,2.263034405833794,90.52137623335176,6,1,begin,NN,NOUN,1,NN,1,NOUN,0,1.132669487017721,0.20833333333333334,2.263034405833794,0.47146550121537373
behalf,884,0.0002113988963255811,12.20774453485235,0.0025807037212924313,112,0.777607578663552,87.09204881031782,6,1,behalf,NN,NOUN,2,NN|NNP,1,NOUN,0,0.39037522981060374,0.5833333333333334,0.777607578663552,0.45360442088707204
beings,77,1.8413704770440885e-05,15.72886055354888,0.0002896265946084825,62,1.630766190334281,101.10750380072542,6,1,be,NN,NOUN,2,NN|NNP,1,NOUN,0,0.8162343395457433,0.3229166666666667,1.630766190334281,0.526601582295445
belief,282,6.743720448395234e-05,13.856095741844989,0.0009344163618920218,103,0.8984619735379379,92.5415832744076,6,1,belief,NN,NOUN,2,NN|NNP,1,NOUN,0,0.45017086025949044,0.5364583333333334,0.8984619735379377,0.4819874128875395
beliefs,168,4.0175355862780115e-05,14.603329671465023,0.0005866939663326031,80,1.2630344058337937,101.04275246670349,7,1,belief,NN,NOUN,2,NN|NNP,1,NOUN,0,0.6325184132842646,0.4166666666666667,1.2630344058337937,0.5262643357640807
believe,59,1.4109202356571588e-05,16.11300404488194,0.00022734163464149579,43,2.158697746019058,92.8240030788195,7,1,believ,NN,NOUN,2,NN|NNP,1,NOUN,0,1.0803849508662464,0.22395833333333334,2.158697746019058,0.48345834936885157
belonging,270,6.456753620803947e-05,13.918831497192953,0.0008987046566686062,95,1.0151068923902085,96.4351547770698,9,1,belong,VB,VERB,2,NNP|VB,2,NOUN|VERB,0,0.5084900619528213,0.4947916666666667,1.0151068923902085,0.5022664311305719
belongs,278,6.648064839198138e-05,13.876706021520276,0.0009225324138555803,117,0.7145977811377516,83.60794039311693,7,1,belong,NN,NOUN,2,NN|NNP,1,NOUN,0,0.35805120193351764,0.609375,0.7145977811377516,0.4354580228808174
beneficial,80,1.91311218394191e-05,15.67371899935642,0.0002998558278535057,43,2.158697746019058,92.8240030788195,10,1,benefici,NN,NOUN,1,NN,1,NOUN,0,1.0804332556389136,0.22395833333333334,2.158697746019058,0.48345834936885157
benefits,857,0.00020494214270477714,12.252495700131282,0.0025110527222659738,118,0.7023194513593151,82.87369526039917,8,1,benefit,NN,NOUN,2,NN|NNP,1,NOUN,0,0.35245537683069533,0.6145833333333334,0.7023194513593148,0.4316338294812456
best,234,5.5958531380300874e-05,14.125282374660378,0.0007904300570180436,90,1.0931094043914815,98.37984639523334,4,1,best,NN,NOUN,1,NN,1,NOUN,0,0.5474913086664216,0.46875,1.0931094043914815,0.512395033308507
better,65,1.554403649452802e-05,15.973279281215328,0.00024828923608449934,36,2.415037499278844,86.94134997403839,6,1,better,NN,NOUN,1,NN,1,NOUN,0,1.2086442232792973,0.1875,2.415037499278844,0.45281953111478324
binding,331,7.915501661059653e-05,13.624959687436565,0.0010784839103777494,115,0.7394724497767808,85.0393317243298,7,1,bind,VB,VERB,2,NNP|VB,2,NOUN|VERB,0,0.37061922047632545,0.5989583333333334,0.7394724497767808,0.4429131860642177
blue,67,1.6022314540513498e-05,15.92955790378601,0.00025522838722578234,35,2.4556794837761897,85.94878193216664,4,1,blue,NN,NOUN,2,NN|NNP,1,NOUN,0,1.2291730499958244,0.18229166666666666,2.4556794837761897,0.44764990589670123
board,1332,0.00031853317862632805,11.616268727172521,0.003700167001443873,104,0.8845227825800641,91.99036938832667,5,1,board,NNP,NOUN,2,NN|NNP,1,NOUN,0,0.4448088230298375,0.5416666666666666,0.8845227825800641,0.479116507230868
boards,194,4.639297046059132e-05,14.395734252056656,0.0006678608739141872,40,2.263034405833794,90.52137623335176,6,1,board,NN,NOUN,2,NN|NNP,1,NOUN,0,1.132988985775209,0.20833333333333334,2.263034405833794,0.47146550121537373
books,74,1.769628770146267e-05,15.786193728614833,0.00027935702593259384,50,1.9411063109464315,97.05531554732157,5,1,book,NN,NOUN,2,NN|NNP,1,NOUN,0,0.9714596885272492,0.2604166666666667,1.9411063109464315,0.5054964351422999
borders,145,3.4675158333947125e-05,14.815738004228848,0.0005137380611309131,56,1.777607578663552,99.5460244051589,7,1,border,NN,NOUN,2,NN|NNP,1,NOUN,0,0.8902130287884282,0.2916666666666667,1.777607578663552,0.5184688771102026
borrowing,100,2.3913902299273878e-05,15.351790904469057,0.0003671212278083544,35,2.4556794837761897,85.94878193216664,9,1,borrow,VB,VERB,2,NNP|VB,2,NOUN|VERB,0,1.2290912469616593,0.18229166666666666,2.4556794837761897,0.44764990589670123
bound,222,5.308886310438801e-05,14.201231227893677,0.0007539272205714075,95,1.0151068923902085,96.4351547770698,5,1,bound,NN,NOUN,2,NN|NNP,1,NOUN,0,0.5085375570126078,0.4947916666666667,1.0151068923902085,0.5022664311305719
boundaries,571,0.00013654838212885385,12.838300158880939,0.0017530491159797996,111,0.7905466343710503,87.75067641518659,10,1,boundari,NN,NOUN,2,NN|NNP,1,NOUN,0,0.39641183035810723,0.578125,0.7905466343710503,0.45703477299576345
branch,399,9.541647017410277e-05,13.355402158021437,0.0012743253316740003,58,1.726981505593584,100.16492732442786,6,1,branch,NNP,NOUN,2,NN|NNP,1,NOUN,0,0.8654781285276859,0.3020833333333333,1.7269815055935842,0.5216923298147286
branches,150,3.587085344891082e-05,14.766828403747901,0.0005296987375760547,54,1.8300749985576876,98.82404992211514,8,1,branch,NN,NOUN,2,NN|NNP,1,NOUN,0,0.9162811873905531,0.28125,1.8300749985576876,0.5147085933443496
breach,201,4.8066943621540495e-05,14.344595403064854,0.0006895008585129273,80,1.2630344058337937,101.04275246670349,6,1,breach,NN,NOUN,2,NN|NNP,1,NOUN,0,0.6324625573420793,0.4166666666666667,1.2630344058337937,0.5262643357640807
bring,253,6.0502172817162915e-05,14.012653519549472,0.0008477959848668084,110,0.8036027871964965,88.39630659161462,5,1,bring,VB,VERB,1,VB,1,VERB,0,0.4025575867491593,0.5729166666666666,0.8036027871964967,0.46039743016465956
bringing,137,3.276204615000521e-05,14.897615011283255,0.00048807635052467243,72,1.4150374992788437,101.88269994807675,8,1,bring,VB,VERB,2,NNP|VB,2,NOUN|VERB,0,0.7084126042918203,0.375,1.4150374992788437,0.5306390622295664
broadcasting,148,3.539257540292534e-05,14.786193728614833,0.0005233214764622623,54,1.8300749985576876,98.82404992211514,12,1,broadcast,VB,VERB,2,NNP|VB,2,NOUN|VERB,0,0.916088438244851,0.28125,1.8300749985576876,0.5147085933443496
budgetary,265,6.337184109307578e-05,13.94579854479322,0.0008837709292966833,69,1.4764380439429872,101.87422503206612,9,1,budgetari,NN,NOUN,2,NN|NNP,1,NOUN,0,0.7395783825117594,0.359375,1.4764380439429872,0.530594922042011
budgets,255,6.098045086314839e-05,14.001293657384924,0.0008538051998946726,77,1.3181759600262548,101.49954892202162,7,1,budget,NN,NOUN,2,NN|NNP,1,NOUN,0,0.6602711470585577,0.4010416666666667,1.3181759600262548,0.5286434839688626
build,90,2.152251206934649e-05,15.503793997914109,0.0003336805934407681,48,2.0,96.0,5,1,build,NN,NOUN,2,NN|NNP,1,NOUN,0,1.0011692332175846,0.25,2.0,0.5
building,124,2.965323885109961e-05,15.041450783856908,0.00044602773276076834,56,1.777607578663552,99.5460244051589,8,1,build,VB,VERB,2,NNP|VB,2,NOUN|VERB,0,0.8900189845553309,0.2916666666666667,1.777607578663552,0.5184688771102026
buildings,65,1.554403649452802e-05,15.973279281215328,0.00024828923608449934,36,2.415037499278844,86.94134997403839,9,1,build,NN,NOUN,2,NN|NNP,1,NOUN,0,1.2086228399489582,0.1875,2.415037499278844,0.45281953111478324
burden,85,2.0326816954382796e-05,15.586256158106082,0.00031681897592994397,58,1.726981505593584,100.16492732442786,6,1,burden,NN,NOUN,1,NN,1,NOUN,0,0.8643661517869479,0.3020833333333333,1.7269815055935842,0.5216923298147286
bureau,252,6.0263033794170176e-05,14.018367170743867,0.0008447893345496234,53,1.857042046157957,98.42322844637172,6,1,bureau,NNP,NOUN,2,NN|NNP,1,NOUN,0,0.9305189153589781,0.2760416666666667,1.8570420461579569,0.5126209814915194
cabinet,1952,0.0004667993728818261,11.064909756680896,0.005165092935412641,92,1.0614005446641432,97.64885010910118,7,1,cabinet,NNP,NOUN,2,NN|NNP,1,NOUN,0,0.5365017600218678,0.4791666666666667,1.0614005446641432,0.508587760984902
calamity,103,2.4631319368252095e-05,15.309146567060564,0.0003770844783486489,57,1.7520724865564143,99.86813173371561,8,1,calam,NN,NOUN,1,NN,1,NOUN,0,0.8769624847372707,0.296875,1.7520724865564143,0.5201465194464355
calculated,67,1.6022314540513498e-05,15.92955790378601,0.00025522838722578234,36,2.415037499278844,86.94134997403839,10,1,calcul,VB,VERB,1,VB,1,VERB,0,1.208567970972455,0.1875,2.415037499278844,0.45281953111478324
calendar,111,2.6544431552194007e-05,15.201231227893677,0.00040350804183789774,48,2.0,96.0,8,1,calendar,NN,NOUN,2,NN|NNP,1,NOUN,0,1.0014171118219435,0.25,2.0,0.5
calling,125,2.989237787409235e-05,15.029862809581696,0.00044927833849978333,48,2.0,96.0,7,1,call,VB,VERB,2,NNP|VB,2,NOUN|VERB,0,1.0012147402590037,0.25,2.0,0.5
came,56,1.3391785287593371e-05,16.188292172186177,0.00021679013294274578,43,2.158697746019058,92.8240030788195,4,1,came,NN,NOUN,1,NN,1,NOUN,0,1.080324055559621,0.22395833333333334,2.158697746019058,0.48345834936885157
candidacy,71,1.6978870632484454e-05,15.845899974739101,0.0002690454857263839,31,2.6307661903342807,81.5537519003627,9,1,candidaci,NN,NOUN,2,NN|NNP,1,NOUN,0,1.3167650525786183,0.16145833333333334,2.6307661903342807,0.42475912448105574
candidature,48,1.1478673103651461e-05,16.410684593522628,0.0001883728838561756,33,2.5405683813627027,83.83875658496919,11,1,candidatur,NN,NOUN,2,NN|NNP,1,NOUN,0,1.2714692058106973,0.171875,2.5405683813627027,0.4366601905467145
capable,107,2.558787546022305e-05,15.254180107842636,0.0003903220608472892,69,1.4764380439429872,101.87422503206612,7,1,capabl,NN,NOUN,2,NN|NNP,1,NOUN,0,0.7391393243031321,0.359375,1.4764380439429872,0.530594922042011
career,174,4.161019000073655e-05,14.552703598395054,0.0006055407617536207,40,2.263034405833794,90.52137623335176,6,1,career,NN,NOUN,2,NN|NNP,1,NOUN,0,1.132946258975101,0.20833333333333334,2.263034405833794,0.47146550121537373
carried,378,9.039455069125525e-05,13.43340467002271,0.0012143065794005129,112,0.777607578663552,87.09204881031782,7,1,carri,VB,VERB,1,VB,1,VERB,0,0.3897226753624225,0.5833333333333334,0.777607578663552,0.45360442088707204
carries,68,1.6261453563506237e-05,15.908184252993443,0.00025869019950975405,39,2.299560281858908,89.68285099249741,7,1,carri,NN,NOUN,2,NN|NNP,1,NOUN,0,1.1509346563682779,0.203125,2.299560281858908,0.46709818225259064
carrying,294,7.03068727598652e-05,13.795974749407417,0.0009699518413049006,101,0.9267510179693613,93.6018528149055,8,1,carri,VB,VERB,2,NNP|VB,2,NOUN|VERB,0,0.46423510599621,0.5260416666666666,0.9267510179693615,0.48750965007763286
cassation,169,4.0414494885772854e-05,14.594767657961599,0.0005898401628717321,44,2.1255308820838588,93.52335881168979,9,1,cassat,NNP,NOUN,2,NN|NNP,1,NOUN,0,1.0644908416934606,0.22916666666666666,2.125530882083859,0.4871008271442177
casting,141,3.371860224197617e-05,14.856095741844989,0.0005009267831879871,66,1.5405683813627027,101.67751316993838,7,1,cast,VB,VERB,2,NNP|VB,2,NOUN|VERB,0,0.7712738842790654,0.34375,1.5405683813627027,0.529570381093429
categories,173,4.137105097774381e-05,14.561018866607057,0.0006024046538182899,78,1.2995602818589078,101.36570198499481,10,1,categori,NN,NOUN,2,NN|NNP,1,NOUN,0,0.6507842481262107,0.40625,1.2995602818589078,0.5279463645051813
caught,53,1.2674368218615156e-05,16.267726639680582,0.0002061831575110867,34,2.497499659470817,84.91498842200778,6,1,caught,NN,NOUN,1,NN,1,NOUN,0,1.2499930469106075,0.17708333333333334,2.4974996594708165,0.44226556469795714
caused,167,3.9936216839787376e-05,14.61194280176973,0.0005835457161820463,79,1.2811817525440532,101.21335845098021,6,1,caus,VB,VERB,1,VB,1,VERB,0,0.6415145211326344,0.4114583333333333,1.2811817525440532,0.5271529085988552
causes,159,3.8023104655845464e-05,14.682764138959428,0.000558284277492749,60,1.6780719051126378,100.68431430675827,6,1,caus,NN,NOUN,2,NN|NNP,1,NOUN,0,0.8401851040493354,0.3125,1.6780719051126378,0.5243974703476993
causing,41,9.80469994270229e-06,16.6380950896257,0.00016313152997192836,32,2.584962500721156,82.718800023077,7,1,caus,VB,VERB,2,NNP|VB,2,NOUN|VERB,0,1.293517360596278,0.16666666666666666,2.584962500721156,0.430827083453526
cease,852,0.00020374644758981345,12.260937474017945,0.002498122454451977,118,0.7023194513593151,82.87369526039917,5,1,ceas,NN,NOUN,2,NN|NNP,1,NOUN,0,0.3524978049499245,0.6145833333333334,0.7023194513593148,0.4316338294812456
ceased,192,4.5914692414605844e-05,14.410684593522626,0.0006616621505954906,65,1.5625946876927017,101.5686547000256,6,1,ceas,VB,VERB,1,VB,1,VERB,0,0.7823202404228998,0.3385416666666667,1.5625946876927015,0.5290034098959667
ceases,506,0.00012100434563432583,13.012653519549472,0.0015745876240992908,94,1.0303736490435187,96.85512301009075,6,1,ceas,NN,NOUN,2,NN|NNP,1,NOUN,0,0.5164956116984564,0.4895833333333333,1.030373649043519,0.5044537656775561
censorship,94,2.2479068161317444e-05,15.441058242566145,0.0003471006007175169,76,1.3370349872775706,101.61465903309536,10,1,censorship,NN,NOUN,2,NN|NNP,1,NOUN,0,0.6693468929005411,0.3958333333333333,1.3370349872775709,0.5292430157973718
censure,201,4.8066943621540495e-05,14.344595403064854,0.0006895008585129273,44,2.1255308820838588,93.52335881168979,7,1,censur,NN,NOUN,2,NN|NNP,1,NOUN,0,1.064587278205714,0.22916666666666666,2.125530882083859,0.4871008271442177
census,170,4.065363390876559e-05,14.586256158106082,0.0005929843179511223,51,1.9125371587496605,97.53939509623268,6,1,censu,NN,NOUN,2,NN|NNP,1,NOUN,0,0.9575030226181958,0.265625,1.9125371587496605,0.5080176827928785
center,48,1.1478673103651461e-05,16.410684593522628,0.0001883728838561756,33,2.5405683813627027,83.83875658496919,6,1,center,NN,NOUN,2,NN|NNP,1,NOUN,0,1.2714731694941668,0.171875,2.5405683813627027,0.4366601905467145
centers,131,3.132721201204878e-05,14.962224092706332,0.0004687247663239955,31,2.6307661903342807,81.5537519003627,7,1,center,NN,NOUN,2,NN|NNP,1,NOUN,0,1.3169950799838468,0.16145833333333334,2.6307661903342807,0.42475912448105574
central,863,0.00020637697684273358,12.242430345064827,0.0025265557638222227,120,0.6780719051126377,81.36862861351652,7,1,central,NNP,NOUN,2,NN|NNP,1,NOUN,0,0.34074244700193157,0.625,0.6780719051126377,0.4237949406953986
ceremony,83,1.984853890839732e-05,15.620607662896857,0.0003100462389698176,51,1.9125371587496605,97.53939509623268,8,1,ceremoni,NN,NOUN,2,NN|NNP,1,NOUN,0,0.9572316025314563,0.265625,1.9125371587496605,0.5080176827928785
certificate,368,8.800316046132788e-05,13.47208513818677,0.0011855860701645209,55,1.8036027871964966,99.19815329580732,11,1,certif,NN,NOUN,2,NN|NNP,1,NOUN,0,0.9034134495587339,0.2864583333333333,1.8036027871964966,0.5166570484156631
certified,158,3.7783965632852725e-05,14.69186634606668,0.000555116973102249,66,1.5405683813627027,101.67751316993838,9,1,certifi,VB,VERB,2,NNP|VB,2,NOUN|VERB,0,0.7712857133879455,0.34375,1.5405683813627027,0.529570381093429
cessation,73,1.7457148678469932e-05,15.805822535363765,0.00027592459398535584,40,2.263034405833794,90.52137623335176,9,1,cessat,NN,NOUN,2,NN|NNP,1,NOUN,0,1.1326822857279504,0.20833333333333334,2.263034405833794,0.47146550121537373
chair,140,3.347946321898343e-05,14.866364077298815,0.0004977178893259423,40,2.263034405833794,90.52137623335176,5,1,chair,NN,NOUN,2,NN|NNP,1,NOUN,0,1.1332601161239115,0.20833333333333334,2.263034405833794,0.47146550121537373
chairman,1824,0.0004361895779387555,11.162757080079041,0.004869078299392532,92,1.0614005446641432,97.64885010910118,8,1,chairman,NNP,NOUN,2,NN|NNP,1,NOUN,0,0.5350144843597341,0.4791666666666667,1.0614005446641432,0.508587760984902
chairmen,108,2.582701448321579e-05,15.240759592080314,0.00039362331871986827,34,2.497499659470817,84.91498842200778,8,1,chairmen,NNP,NOUN,2,NN|NNP,1,NOUN,0,1.2504957224804025,0.17708333333333334,2.4974996594708165,0.44226556469795714
chairperson,642,0.0001535272527613383,12.66921760712148,0.001945070173856937,33,2.5405683813627027,83.83875658496919,11,1,chairperson,NNP,NOUN,2,NN|NNP,1,NOUN,0,1.2744407349224558,0.171875,2.5405683813627027,0.4366601905467145
challenge,127,3.0370655920077827e-05,15.006962407471617,0.00045577129168286324,48,2.0,96.0,9,1,challeng,NN,NOUN,2,NN|NNP,1,NOUN,0,1.0012355965236948,0.25,2.0,0.5
challenged,80,1.91311218394191e-05,15.67371899935642,0.0002998558278535057,40,2.263034405833794,90.52137623335176,10,1,challeng,VB,VERB,1,VB,1,VERB,0,1.1326686244159008,0.20833333333333334,2.263034405833794,0.47146550121537373
chamber,1967,0.0004703864582267172,11.053865851965252,0.005199588807819189,72,1.4150374992788437,101.88269994807675,7,1,chamber,NNP,NOUN,2,NN|NNP,1,NOUN,0,0.7147709595095844,0.375,1.4150374992788437,0.5306390622295664
chambers,736,0.00017600632092265575,12.47208513818677,0.002195165819406386,52,1.8845227825800641,97.99518469416333,8,1,chamber,NNP,NOUN,2,NN|NNP,1,NOUN,0,0.945991519158852,0.2708333333333333,1.8845227825800641,0.5103915869487673
changed,56,1.3391785287593371e-05,16.188292172186177,0.00021679013294274578,37,2.3755091350922064,87.89383799841164,7,1,chang,VB,VERB,1,VB,1,VERB,0,1.1890020822726348,0.19270833333333334,2.3755091350922064,0.4577804062417273
changes,187,4.4718997299642156e-05,14.448752634356145,0.0006461337300389699,84,1.1926450779423958,100.18218654716125,7,1,chang,NN,NOUN,2,NN|NNP,1,NOUN,0,0.5972990828767114,0.4375,1.1926450779423958,0.5217822215997981
chapter,1480,0.0003539257540292534,11.46426563372747,0.0040574988588086515,104,0.8845227825800641,91.99036938832667,7,1,chapter,NNP,NOUN,2,NN|NNP,1,NOUN,0,0.44462376253978203,0.5416666666666666,0.8845227825800641,0.479116507230868
character,492,0.00011765639931242748,13.053132588904543,0.0015357845801582132,109,0.8167781759442299,89.02882117792106,9,1,charact,NN,NOUN,2,NN|NNP,1,NOUN,0,0.4095271509796407,0.5677083333333334,0.8167781759442297,0.4636917769683388
characteristics,82,1.960939988540458e-05,15.638095089625699,0.0003066536600584521,38,2.3370349872775704,88.80732951654768,15,1,characterist,NN,NOUN,2,NN|NNP,1,NOUN,0,1.1696245697402257,0.19791666666666666,2.337034987277571,0.46253817456535257
charter,182,4.352330218467846e-05,14.487852454045086,0.0006305591803644397,64,1.584962500721156,101.43760004615399,7,1,charter,NNP,NOUN,2,NN|NNP,1,NOUN,0,0.7938654455482325,0.3333333333333333,1.584962500721156,0.5283208335737186
chiefs,284,6.791548252993782e-05,13.845899974739101,0.0009403509778456599,35,2.4556794837761897,85.94878193216664,6,1,chief,NNP,NOUN,2,NN|NNP,1,NOUN,0,1.2302939442741603,0.18229166666666666,2.4556794837761897,0.44764990589670123
child,423,0.00010115580672592851,13.271133241123833,0.0013424521891731676,115,0.7394724497767808,85.0393317243298,5,1,child,NN,NOUN,2,NN|NNP,1,NOUN,0,0.3706836424305228,0.5989583333333334,0.7394724497767808,0.4429131860642177
childhood,53,1.2674368218615156e-05,16.267726639680582,0.0002061831575110867,35,2.4556794837761897,85.94878193216664,9,1,childhood,NN,NOUN,2,NN|NNP,1,NOUN,0,1.2290071270276592,0.18229166666666666,2.4556794837761897,0.44764990589670123
choose,233,5.5719392357308135e-05,14.131460949589503,0.0007873964172321557,104,0.8845227825800641,91.99036938832667,6,1,choos,NN,NOUN,2,NN|NNP,1,NOUN,0,0.4432513498482025,0.5416666666666666,0.8845227825800641,0.479116507230868
chosen,306,7.317654103577807e-05,13.738259251551131,0.0010053182918812892,94,1.0303736490435187,96.85512301009075,6,1,chosen,NN,NOUN,1,NN,1,NOUN,0,0.5163439437648946,0.4895833333333333,1.030373649043519,0.5044537656775561
church,110,2.6305292529201268e-05,15.214287380719123,0.0004002162801731519,38,2.3370349872775704,88.80732951654768,6,1,church,NNP,NOUN,2,NN|NNP,1,NOUN,0,1.1701771497701006,0.19791666666666666,2.337034987277571,0.46253817456535257
circulation,60,1.4348341379564327e-05,16.088756498635263,0.00023084697061510282,37,2.3755091350922064,87.89383799841164,11,1,circul,NN,NOUN,2,NN|NNP,1,NOUN,0,1.1888243870215787,0.19270833333333334,2.3755091350922064,0.4577804062417273
circumstance,67,1.6022314540513498e-05,15.92955790378601,0.00025522838722578234,36,2.415037499278844,86.94134997403839,12,1,circumst,NN,NOUN,1,NN,1,NOUN,0,1.2086855077439649,0.1875,2.415037499278844,0.45281953111478324
cities,157,3.7544826609859986e-05,14.701026345352156,0.0005519474851232303,38,2.3370349872775704,88.80732951654768,6,1,citi,NN,NOUN,2,NN|NNP,1,NOUN,0,1.1706695238827858,0.19791666666666666,2.337034987277571,0.46253817456535257
city,354,8.465521413942953e-05,13.528041544160786,0.0011452192538080302,88,1.1255308820838588,99.04671762337958,4,1,citi,NN,NOUN,2,NN|NNP,1,NOUN,0,0.56433071475,0.4583333333333333,1.1255308820838592,0.5158683209551022
civic,214,5.11757509204461e-05,14.254180107842636,0.0007294683707741323,83,1.2099230693742313,100.4236147580612,5,1,civic,NN,NOUN,2,NN|NNP,1,NOUN,0,0.6059771782659592,0.4322916666666667,1.2099230693742313,0.5230396601982354
civilian,172,4.113191195475107e-05,14.569382339541685,0.0005992665516251337,53,1.857042046157957,98.42322844637172,8,1,civilian,NN,NOUN,2,NN|NNP,1,NOUN,0,0.9298190850150118,0.2760416666666667,1.8570420461579569,0.5126209814915194
claim,125,2.989237787409235e-05,15.029862809581696,0.00044927833849978333,70,1.4556794837761897,101.89756386433328,5,1,claim,NN,NOUN,2,NN|NNP,1,NOUN,0,0.72872947677363,0.3645833333333333,1.4556794837761897,0.5307164784600692
claimed,47,1.1239534080658722e-05,16.441058242566147,0.0001847898344394172,34,2.497499659470817,84.91498842200778,7,1,claim,VB,VERB,1,VB,1,VERB,0,1.2498259110468923,0.17708333333333334,2.4974996594708165,0.44226556469795714
claims,141,3.371860224197617e-05,14.856095741844989,0.0005009267831879871,72,1.4150374992788437,101.88269994807675,6,1,claim,NN,NOUN,2,NN|NNP,1,NOUN,0,0.7084128802063864,0.375,1.4150374992788437,0.5306390622295664
class,288,6.887203862190877e-05,13.82572209280147,0.0009522056659512002,68,1.4974996594708168,101.82997684401553,5,1,class,NN,NOUN,2,NN|NNP,1,NOUN,0,0.7501347488584466,0.3541666666666667,1.4974996594708165,0.5303644627292475
classes,122,2.9174960805114132e-05,15.064909756680896,0.00043951815168374663,48,2.0,96.0,7,1,class,NN,NOUN,2,NN|NNP,1,NOUN,0,1.0011285219952446,0.25,2.0,0.5
clause,2503,0.0005985649745508251,10.70620451855545,0.0064083590351850725,62,1.630766190334281,101.10750380072542,6,1,claus,NN,NOUN,2,NN|NNP,1,NOUN,0,0.8218122339249891,0.3229166666666667,1.630766190334281,0.526601582295445
clauses,191,4.5675553391613105e-05,14.418218266208035,0.0006585600982301164,34,2.497499659470817,84.91498842200778,7,1,claus,NN,NOUN,2,NN|NNP,1,NOUN,0,1.2503784850623851,0.17708333333333334,2.4974996594708165,0.44226556469795714
clearly,73,1.7457148678469932e-05,15.805822535363765,0.00027592459398535584,36,2.415037499278844,86.94134997403839,7,1,clearli,RB,ADV,1,RB,1,ADV,0,1.2086732652133376,0.1875,2.415037499278844,0.45281953111478324
clerk,455,0.00010880825546169614,13.165924359157724,0.0014325612610606017,49,1.970252656605948,96.54238017369146,5,1,clerk,NNP,NOUN,2,NN|NNP,1,NOUN,0,0.9874915862960427,0.2552083333333333,1.9702526566059482,0.5028248967379764
close,128,3.060979494307056e-05,14.995647094243783,0.0004590136825934541,74,1.3755091350922064,101.78767599682327,5,1,close,NN,NOUN,1,NN,1,NOUN,0,0.6886579474069342,0.3854166666666667,1.3755091350922062,0.5301441458167878
closed,162,3.874052172482368e-05,14.655797091359158,0.0005677732256124072,80,1.2630344058337937,101.04275246670349,6,1,close,VB,VERB,2,NNP|VB,2,NOUN|VERB,0,0.6325481172945693,0.4166666666666667,1.2630344058337937,0.5262643357640807
closing,45,1.0761256034673246e-05,16.50379399791411,0.0001776015527550573,33,2.5405683813627027,83.83875658496919,7,1,close,VB,VERB,2,NNP|VB,2,NOUN|VERB,0,1.2714781696526793,0.171875,2.5405683813627027,0.4366601905467145
co-operation,66,1.578317551752076e-05,15.95125297488533,0.0002517614254269903,33,2.5405683813627027,83.83875658496919,12,1,co-oper,NN,NOUN,2,NN|NNP,1,NOUN,0,1.2715047133405644,0.171875,2.5405683813627027,0.4366601905467145
coat,84,2.0087677931390057e-05,15.603329671465023,0.0003134346610976916,38,2.3370349872775704,88.80732951654768,4,1,coat,NN,NOUN,2,NN|NNP,1,NOUN,0,1.1699130769050203,0.19791666666666666,2.337034987277571,0.46253817456535257
code,368,8.800316046132788e-05,13.47208513818677,0.0011855860701645209,76,1.3370349872775706,101.61465903309536,4,1,code,NNP,NOUN,2,NN|NNP,1,NOUN,0,0.6697984454465057,0.3958333333333333,1.3370349872775709,0.5292430157973718
coercion,44,1.0522117011680507e-05,16.536215475606486,0.00017399599416469347,32,2.584962500721156,82.718800023077,8,1,coercion,NN,NOUN,2,NN|NNP,1,NOUN,0,1.2936431485881792,0.16666666666666666,2.584962500721156,0.430827083453526
coexistence,58,1.3870063333578849e-05,16.13766609911621,0.00022383045085089015,31,2.6307661903342807,81.5537519003627,11,1,coexist,NN,NOUN,2,NN|NNP,1,NOUN,0,1.3166140101531523,0.16145833333333334,2.6307661903342807,0.42475912448105574
collect,111,2.6544431552194007e-05,15.201231227893677,0.00040350804183789774,57,1.7520724865564143,99.86813173371561,7,1,collect,NN,NOUN,2,NN|NNP,1,NOUN,0,0.8771802411279164,0.296875,1.7520724865564143,0.5201465194464355
collected,162,3.874052172482368e-05,14.655797091359158,0.0005677732256124072,73,1.395137941841139,101.84506975440314,9,1,collect,VB,VERB,2,NNP|VB,2,NOUN|VERB,0,0.6984950071660627,0.3802083333333333,1.3951379418411392,0.5304430716375165
collection,192,4.5914692414605844e-05,14.410684593522626,0.0006616621505954906,74,1.3755091350922064,101.78767599682327,10,1,collect,NN,NOUN,2,NN|NNP,1,NOUN,0,0.6887225468732128,0.3854166666666667,1.3755091350922062,0.5301441458167878
collective,419,0.00010019925063395755,13.28484066054443,0.0013311310789780816,105,0.8707169830550335,91.42528322077852,10,1,collect,NN,NOUN,2,NN|NNP,1,NOUN,0,0.4364649054061491,0.546875,0.8707169830550335,0.4761733501082215
collectively,179,4.2805885115700244e-05,14.511831316979526,0.0006211917841730466,107,0.8434955143200092,90.25402003224099,12,1,collect,RB,ADV,1,RB,1,ADV,0,0.42240206734202795,0.5572916666666666,0.8434955143200094,0.4700730210012552
college,114,2.726184862117222e-05,15.162757080079041,0.00041336478819672213,35,2.4556794837761897,85.94878193216664,7,1,colleg,NN,NOUN,2,NN|NNP,1,NOUN,0,1.2293421931747381,0.18229166666666666,2.4556794837761897,0.44764990589670123
color,53,1.2674368218615156e-05,16.267726639680582,0.0002061831575110867,38,2.3370349872775704,88.80732951654768,5,1,color,NN,NOUN,1,NN,1,NOUN,0,1.1697351966989527,0.19791666666666666,2.337034987277571,0.46253817456535257
colour,127,3.0370655920077827e-05,15.006962407471617,0.00045577129168286324,55,1.8036027871964966,99.19815329580732,6,1,colour,NN,NOUN,2,NN|NNP,1,NOUN,0,0.9028828478299394,0.2864583333333333,1.8036027871964966,0.5166570484156631
combat,104,2.4870458391244834e-05,15.29520737610269,0.00038039881863282304,55,1.8036027871964966,99.19815329580732,6,1,combat,NN,NOUN,2,NN|NNP,1,NOUN,0,0.9028633150725084,0.2864583333333333,1.8036027871964966,0.5166570484156631
comes,230,5.500197528832992e-05,14.150157043299407,0.0007782865880215415,74,1.3755091350922064,101.78767599682327,5,1,come,NN,NOUN,1,NN,1,NOUN,0,0.6888592678142095,0.3854166666666667,1.3755091350922062,0.5301441458167878
coming,612,0.00014635308207155615,12.738259251551131,0.001864283501691022,103,0.8984619735379379,92.5415832744076,6,1,come,VB,VERB,2,NNP|VB,2,NOUN|VERB,0,0.45060540459199444,0.5364583333333334,0.8984619735379377,0.4819874128875395
command,323,7.724190442665462e-05,13.660256739549858,0.0010551442455198749,105,0.8707169830550335,91.42528322077852,7,1,command,NN,NOUN,2,NN|NNP,1,NOUN,0,0.4362175399197146,0.546875,0.8707169830550335,0.4761733501082215
commander,138,3.300118517299795e-05,14.887122637465614,0.0004912926908521324,66,1.5405683813627027,101.67751316993838,9,1,command,NNP,NOUN,2,NN|NNP,1,NOUN,0,0.7713309811600827,0.34375,1.5405683813627027,0.529570381093429
commander-in-chief,170,4.065363390876559e-05,14.586256158106082,0.0005929843179511223,74,1.3755091350922064,101.78767599682327,18,1,commander-in-chief,NNP,NOUN,2,NN|NNP,1,NOUN,0,0.6887193891065112,0.3854166666666667,1.3755091350922062,0.5301441458167878
commence,104,2.4870458391244834e-05,15.29520737610269,0.00038039881863282304,66,1.5405683813627027,101.67751316993838,8,1,commenc,NN,NOUN,2,NN|NNP,1,NOUN,0,0.7711740800640924,0.34375,1.5405683813627027,0.529570381093429
commenced,170,4.065363390876559e-05,14.586256158106082,0.0005929843179511223,51,1.9125371587496605,97.53939509623268,9,1,commenc,VB,VERB,1,VB,1,VERB,0,0.9575471444368064,0.265625,1.9125371587496605,0.5080176827928785
commencement,1019,0.00024368266442960083,12.002708758077969,0.0029248520505409446,80,1.2630344058337937,101.04275246670349,12,1,commenc,NN,NOUN,2,NN|NNP,1,NOUN,0,0.6339707647565614,0.4166666666666667,1.2630344058337937,0.5262643357640807
commencing,217,5.189316798942432e-05,14.234095861799304,0.0007386523277339207,51,1.9125371587496605,97.53939509623268,10,1,commenc,VB,VERB,2,NNP|VB,2,NOUN|VERB,0,0.9575214904330416,0.265625,1.9125371587496605,0.5080176827928785
commerce,155,3.706654856387451e-05,14.719522688969546,0.0005456019025877423,64,1.584962500721156,101.43760004615399,8,1,commerc,NN,NOUN,2,NN|NNP,1,NOUN,0,0.7935710594814019,0.3333333333333333,1.584962500721156,0.5283208335737186
commercial,301,7.198084592081438e-05,13.76202741748408,0.0009906023750959447,114,0.7520724865564145,85.73626346743124,10,1,commerci,NN,NOUN,2,NN|NNP,1,NOUN,0,0.37682898850487084,0.59375,0.7520724865564145,0.44654303889287106
commissioner,1028,0.00024583491563653546,11.990022545049904,0.002947566180842501,62,1.630766190334281,101.10750380072542,12,1,commission,NNP,NOUN,2,NN|NNP,1,NOUN,0,0.8185865170866516,0.3229166666666667,1.630766190334281,0.526601582295445
commissioners,167,3.9936216839787376e-05,14.61194280176973,0.0005835457161820463,47,2.030373649043519,95.42756150504539,13,1,commission,NNP,NOUN,2,NN|NNP,1,NOUN,0,1.0164838762370247,0.24479166666666666,2.030373649043519,0.4970185495054447
commit,135,3.2283768104019735e-05,14.918831497192953,0.00048163609643832284,59,1.702319451359315,100.43684763019958,6,1,commit,NN,NOUN,2,NN|NNP,1,NOUN,0,0.8521994722844025,0.3072916666666667,1.7023194513593147,0.5231085814072894
commitment,120,2.8696682759128654e-05,15.088756498635265,0.000432997258471077,62,1.630766190334281,101.10750380072542,10,1,commit,NN,NOUN,2,NN|NNP,1,NOUN,0,0.8163935103211309,0.3229166666666667,1.630766190334281,0.526601582295445
commitments,63,1.5065758448542544e-05,16.018367170743865,0.00024132885053449092,40,2.263034405833794,90.52137623335176,11,1,commit,NN,NOUN,1,NN,1,NOUN,0,1.1326199234851353,0.20833333333333334,2.263034405833794,0.47146550121537373
commits,88,2.1044234023361013e-05,15.536215475606486,0.0003269477543060259,35,2.4556794837761897,85.94878193216664,7,1,commit,NN,NOUN,1,NN,1,NOUN,0,1.229162839425612,0.18229166666666666,2.4556794837761897,0.44764990589670123
committing,110,2.6305292529201268e-05,15.214287380719123,0.0004002162801731519,62,1.630766190334281,101.10750380072542,10,1,commit,VB,VERB,2,NNP|VB,2,NOUN|VERB,0,0.8164764713508372,0.3229166666666667,1.630766190334281,0.526601582295445
commonwealth,532,0.00012722196023213703,12.940364658742594,0.0016462985580039018,33,2.5405683813627027,83.83875658496919,12,1,commonwealth,NNP,NOUN,2,NN|NNP,1,NOUN,0,1.2743621224804398,0.171875,2.5405683813627027,0.4366601905467145
communal,344,8.226382390950214e-05,13.569382339541685,0.0011162692793407654,53,1.857042046157957,98.42322844637172,8,1,commun,NNP,NOUN,2,NN|NNP,1,NOUN,0,0.9305668319266719,0.2760416666666667,1.8570420461579569,0.5126209814915194
communicate,158,3.7783965632852725e-05,14.69186634606668,0.000555116973102249,79,1.2811817525440532,101.21335845098021,11,1,commun,NN,NOUN,2,NN|NNP,1,NOUN,0,0.6413975694307036,0.4114583333333333,1.2811817525440532,0.5271529085988552
communicated,95,2.2718207184310183e-05,15.425791485912836,0.0003504463269589358,52,1.8845227825800641,97.99518469416333,12,1,commun,VB,VERB,1,VB,1,VERB,0,0.9432503830095147,0.2708333333333333,1.8845227825800641,0.5103915869487673
communications,209,4.9980055805482406e-05,14.288287962162899,0.0007141294297137042,95,1.0151068923902085,96.4351547770698,14,1,commun,NN,NOUN,2,NN|NNP,1,NOUN,0,0.508413444297817,0.4947916666666667,1.0151068923902085,0.5022664311305719
communities,797,0.0001905938013252128,12.35721118025331,0.002355207852622898,108,0.8300749985576875,89.64809984423025,11,1,commun,NN,NOUN,2,NN|NNP,1,NOUN,0,0.41687167619148774,0.5625,0.8300749985576875,0.46691718668869925
commute,41,9.80469994270229e-06,16.6380950896257,0.00016313152997192836,33,2.5405683813627027,83.83875658496919,7,1,commut,NN,NOUN,1,NN,1,NOUN,0,1.2713625499235008,0.171875,2.5405683813627027,0.4366601905467145
companies,201,4.8066943621540495e-05,14.344595403064854,0.0006895008585129273,58,1.726981505593584,100.16492732442786,9,1,compani,NN,NOUN,2,NN|NNP,1,NOUN,0,0.8646884380082743,0.3020833333333333,1.7269815055935842,0.5216923298147286
company,212,5.069747287446062e-05,14.267726639680584,0.0007233376842954257,48,2.0,96.0,7,1,compani,NN,NOUN,2,NN|NNP,1,NOUN,0,1.0013694634659154,0.25,2.0,0.5
compatible,79,1.8891982816426363e-05,15.69186634606668,0.00029645046936755087,39,2.299560281858908,89.68285099249741,10,1,compat,NN,NOUN,1,NN,1,NOUN,0,1.1509714617422182,0.203125,2.299560281858908,0.46709818225259064
compelled,185,4.424071925365668e-05,14.46426563372747,0.0006399095151120515,95,1.0151068923902085,96.4351547770698,9,1,compel,VB,VERB,1,VB,1,VERB,0,0.5083446864131115,0.4947916666666667,1.0151068923902085,0.5022664311305719
competences,287,6.863289959891603e-05,13.830740167568095,0.0009492438012993962,51,1.9125371587496605,97.53939509623268,11,1,compet,NN,NOUN,2,NN|NNP,1,NOUN,0,0.9582721677251683,0.265625,1.9125371587496605,0.5080176827928785
competition,127,3.0370655920077827e-05,15.006962407471617,0.00045577129168286324,61,1.6542251631582698,100.90773495265447,11,1,competit,NN,NOUN,2,NN|NNP,1,NOUN,0,0.8281414177202976,0.3177083333333333,1.65422516315827,0.5255611195450753
compilation,47,1.1239534080658722e-05,16.441058242566147,0.0001847898344394172,33,2.5405683813627027,83.83875658496919,11,1,compil,NN,NOUN,2,NN|NNP,1,NOUN,0,1.2713295536252107,0.171875,2.5405683813627027,0.4366601905467145
complaint,249,5.954561672519196e-05,14.035645162175701,0.000835761147317709,64,1.584962500721156,101.43760004615399,9,1,complaint,NN,NOUN,2,NN|NNP,1,NOUN,0,0.7937642356320737,0.3333333333333333,1.584962500721156,0.5283208335737186
complaints,261,6.241528500110482e-05,13.967741097673898,0.000871800541432961,88,1.1255308820838588,99.04671762337958,10,1,complaint,NN,NOUN,2,NN|NNP,1,NOUN,0,0.5637777175314865,0.4583333333333333,1.1255308820838592,0.5158683209551022
complete,239,5.715422649526457e-05,14.094780286263035,0.0008055762648820675,97,0.9850496585340286,95.54981687780078,8,1,complet,NN,NOUN,2,NN|NNP,1,NOUN,0,0.49345841663439494,0.5052083333333334,0.9850496585340284,0.4976552962385456
completed,199,4.7588665575555017e-05,14.359022473700133,0.0006833267184927944,79,1.2811817525440532,101.21335845098021,9,1,complet,VB,VERB,1,VB,1,VERB,0,0.6415762458098234,0.4114583333333333,1.2811817525440532,0.5271529085988552
completion,125,2.989237787409235e-05,15.029862809581696,0.00044927833849978333,63,1.6076825772212395,101.28400236493809,10,1,complet,NN,NOUN,2,NN|NNP,1,NOUN,0,0.8048233241798656,0.328125,1.6076825772212395,0.5275208456507192
compliance,374,8.943799459928431e-05,13.448752634356145,0.0012028294654786555,101,0.9267510179693613,93.6018528149055,10,1,complianc,NN,NOUN,2,NN|NNP,1,NOUN,0,0.46445661386302595,0.5260416666666666,0.9267510179693615,0.48750965007763286
complied,149,3.563171442591808e-05,14.77647857378162,0.0005265112647616839,54,1.8300749985576876,98.82404992211514,8,1,compli,VB,VERB,1,VB,1,VERB,0,0.9160827092978071,0.28125,1.8300749985576876,0.5147085933443496
comply,336,8.035071172556023e-05,13.603329671465023,0.001093037220939646,110,0.8036027871964965,88.39630659161462,6,1,compli,RB,ADV,2,NNP|RB,2,ADV|NOUN,0,0.40260866058697803,0.5729166666666666,0.8036027871964967,0.46039743016465956
comprehensive,166,3.969707781679464e-05,14.620607662896857,0.0005803954001228405,44,2.1255308820838588,93.52335881168979,13,1,comprehens,NN,NOUN,2,NN|NNP,1,NOUN,0,1.0642045489440863,0.22916666666666666,2.125530882083859,0.4871008271442177
comprise,165,3.94579387938019e-05,14.629324879997966,0.0005772430057096031,66,1.5405683813627027,101.67751316993838,8,1,compris,NN,NOUN,2,NN|NNP,1,NOUN,0,0.7714674216653283,0.34375,1.5405683813627027,0.529570381093429
comprised,195,4.663210948358406e-05,14.388316780494172,0.0006709575633924939,48,2.0,96.0,9,1,compris,VB,VERB,1,VB,1,VERB,0,1.0013741511872978,0.25,2.0,0.5
comprises,68,1.6261453563506237e-05,15.908184252993443,0.00025869019950975405,40,2.263034405833794,90.52137623335176,9,1,compris,NN,NOUN,1,NN,1,NOUN,0,1.1327058281268423,0.20833333333333334,2.263034405833794,0.47146550121537373
comprising,119,2.8457543736135915e-05,15.10082933093584,0.0004297325111370307,56,1.777607578663552,99.5460244051589,10,1,compris,VB,VERB,1,VB,1,VERB,0,0.8898508651875708,0.2916666666666667,1.777607578663552,0.5184688771102026
compulsorily,129,3.08489339660633e-05,14.984419838820529,0.00046225337812754336,47,2.030373649043519,95.42756150504539,12,1,compulsorili,RB,ADV,1,RB,1,ADV,0,1.0163333627541324,0.24479166666666666,2.030373649043519,0.4970185495054447
concern,145,3.4675158333947125e-05,14.815738004228848,0.0005137380611309131,64,1.584962500721156,101.43760004615399,7,1,concern,NN,NOUN,2,NN|NNP,1,NOUN,0,0.7936189566809618,0.3333333333333333,1.584962500721156,0.5283208335737186
concerns,145,3.4675158333947125e-05,14.815738004228848,0.0005137380611309131,60,1.6780719051126378,100.68431430675827,8,1,concern,NN,NOUN,2,NN|NNP,1,NOUN,0,0.8401554835451255,0.3125,1.6780719051126378,0.5243974703476993
concession,84,2.0087677931390057e-05,15.603329671465023,0.0003134346610976916,36,2.415037499278844,86.94134997403839,10,1,concess,NN,NOUN,2,NN|NNP,1,NOUN,0,1.2086791517893085,0.1875,2.415037499278844,0.45281953111478324
concessions,123,2.941409982810687e-05,15.053132588904543,0.00044277434469576705,34,2.497499659470817,84.91498842200778,11,1,concess,NN,NOUN,2,NN|NNP,1,NOUN,0,1.2501739133240806,0.17708333333333334,2.4974996594708165,0.44226556469795714
conciliation,43,1.0282977988687768e-05,16.569382339541683,0.00017038259388365895,31,2.6307661903342807,81.5537519003627,12,1,concili,NN,NOUN,2,NN|NNP,1,NOUN,0,1.3164881114774794,0.16145833333333334,2.6307661903342807,0.42475912448105574
conclude,130,3.108807298905604e-05,14.973279281215328,0.00046549039917994267,75,1.3561438102252754,101.71078576689565,8,1,conclud,NN,NOUN,2,NN|NNP,1,NOUN,0,0.6790377827770748,0.390625,1.3561438102252754,0.5297436758692482
concluded,159,3.8023104655845464e-05,14.682764138959428,0.000558284277492749,74,1.3755091350922064,101.78767599682327,9,1,conclud,VB,VERB,1,VB,1,VERB,0,0.6887442534366538,0.3854166666666667,1.3755091350922062,0.5301441458167878
concludes,46,1.1000395057665985e-05,16.47208513818677,0.00018119944394356306,34,2.497499659470817,84.91498842200778,9,1,conclud,NN,NOUN,2,NN|NNP,1,NOUN,0,1.2499415979058608,0.17708333333333334,2.4974996594708165,0.44226556469795714
conclusion,179,4.2805885115700244e-05,14.511831316979526,0.0006211917841730466,81,1.2451124978365313,100.85411232475904,10,1,conclus,NN,NOUN,2,NN|NNP,1,NOUN,0,0.6235107404969047,0.421875,1.2451124978365313,0.5252818350247866
conclusive,94,2.2479068161317444e-05,15.441058242566145,0.0003471006007175169,43,2.158697746019058,92.8240030788195,10,1,conclus,NN,NOUN,2,NN|NNP,1,NOUN,0,1.0804147902264594,0.22395833333333334,2.158697746019058,0.48345834936885157
concur,57,1.363092431058611e-05,16.16275708007904,0.00022031331840894716,41,2.2274104961030723,91.32383034022597,6,1,concur,NN,NOUN,1,NN,1,NOUN,0,1.1147482569464926,0.21354166666666666,2.2274104961030727,0.475644949688677
concurrence,176,4.208846804672203e-05,14.536215475606486,0.0006118070405653299,53,1.857042046157957,98.42322844637172,11,1,concurr,NN,NOUN,2,NN|NNP,1,NOUN,0,0.92984700179613,0.2760416666666667,1.8570420461579569,0.5126209814915194
concurrent,120,2.8696682759128654e-05,15.088756498635265,0.000432997258471077,42,2.192645077942396,92.09109327358063,10,1,concurr,NN,NOUN,2,NN|NNP,1,NOUN,0,1.0975837844001324,0.21875,2.192645077942396,0.4796411107998991
concurrently,89,2.1283373046353752e-05,15.519913663277384,0.0003303161121427352,46,2.0614005446641435,94.8244250545506,12,1,concurr,RB,ADV,2,NNP|RB,2,ADV|NOUN,0,1.0319826767976852,0.23958333333333334,2.0614005446641435,0.49387721382578437
condition,234,5.5958531380300874e-05,14.125282374660378,0.0007904300570180436,111,0.7905466343710503,87.75067641518659,9,1,condit,NN,NOUN,2,NN|NNP,1,NOUN,0,0.3959797209817493,0.578125,0.7905466343710503,0.45703477299576345
conducting,118,2.8218404713143176e-05,15.113004044881942,0.0004264648645698485,69,1.4764380439429872,101.87422503206612,10,1,conduct,VB,VERB,2,NNP|VB,2,NOUN|VERB,0,0.7391786220520165,0.359375,1.4764380439429872,0.530594922042011
conducts,67,1.6022314540513498e-05,15.92955790378601,0.00025522838722578234,54,1.8300749985576876,98.82404992211514,8,1,conduct,NN,NOUN,1,NN,1,NOUN,0,0.9159629582260232,0.28125,1.8300749985576876,0.5147085933443496
confer,278,6.648064839198138e-05,13.876706021520276,0.0009225324138555803,102,0.9125371587496606,93.07879019246538,6,1,confer,NN,NOUN,2,NN|NNP,1,NOUN,0,0.4570759184843404,0.53125,0.9125371587496606,0.4847853655857572
conference,141,3.371860224197617e-05,14.856095741844989,0.0005009267831879871,33,2.5405683813627027,83.83875658496919,10,1,confer,NNP,NOUN,2,NN|NNP,1,NOUN,0,1.2718654173941728,0.171875,2.5405683813627027,0.4366601905467145
conferred,1231,0.0002943801373040614,11.730032047759325,0.003453088444800431,107,0.8434955143200092,90.25402003224099,9,1,confer,VB,VERB,1,VB,1,VERB,0,0.4238079294017006,0.5572916666666666,0.8434955143200094,0.4700730210012552
conferring,131,3.132721201204878e-05,14.962224092706332,0.0004687247663239955,57,1.7520724865564143,99.86813173371561,10,1,confer,VB,VERB,2,NNP|VB,2,NOUN|VERB,0,0.8769924651820907,0.296875,1.7520724865564143,0.5201465194464355
confers,87,2.0805095000368274e-05,15.552703598395054,0.0003235754758771786,49,1.970252656605948,96.54238017369146,7,1,confer,NN,NOUN,2,NN|NNP,1,NOUN,0,0.9861730711101518,0.2552083333333333,1.9702526566059482,0.5028248967379764
confidential,48,1.1478673103651461e-05,16.410684593522628,0.0001883728838561756,35,2.4556794837761897,85.94878193216664,12,1,confidenti,NN,NOUN,2,NN|NNP,1,NOUN,0,1.2289407081757764,0.18229166666666666,2.4556794837761897,0.44764990589670123
confidentiality,104,2.4870458391244834e-05,15.29520737610269,0.00038039881863282304,51,1.9125371587496605,97.53939509623268,15,1,confidenti,NN,NOUN,2,NN|NNP,1,NOUN,0,0.9573825464935687,0.265625,1.9125371587496605,0.5080176827928785
confirm,167,3.9936216839787376e-05,14.61194280176973,0.0005835457161820463,74,1.3755091350922064,101.78767599682327,7,1,confirm,NN,NOUN,2,NN|NNP,1,NOUN,0,0.6886860542071935,0.3854166666666667,1.3755091350922062,0.5301441458167878
confirmation,146,3.4914297356939864e-05,14.805822535363765,0.0005169348906137718,57,1.7520724865564143,99.86813173371561,12,1,confirm,NN,NOUN,2,NN|NNP,1,NOUN,0,0.8773216552511749,0.296875,1.7520724865564143,0.5201465194464355
confirmed,149,3.563171442591808e-05,14.77647857378162,0.0005265112647616839,73,1.395137941841139,101.84506975440314,9,1,confirm,VB,VERB,1,VB,1,VERB,0,0.698606644440951,0.3802083333333333,1.3951379418411392,0.5304430716375165
confirming,40,9.56556091970955e-06,16.67371899935642,0.00015949347484646242,32,2.584962500721156,82.718800023077,10,1,confirm,VB,VERB,2,NNP|VB,2,NOUN|VERB,0,1.2935646638929845,0.16666666666666666,2.584962500721156,0.430827083453526
confiscation,94,2.2479068161317444e-05,15.441058242566145,0.0003471006007175169,52,1.8845227825800641,97.99518469416333,12,1,confisc,NN,NOUN,2,NN|NNP,1,NOUN,0,0.9433923557203804,0.2708333333333333,1.8845227825800641,0.5103915869487673
conflict,329,7.867673856461106e-05,13.633703320508541,0.0010726553118151202,98,0.970252656605948,95.0847603473829,8,1,conflict,NN,NOUN,2,NN|NNP,1,NOUN,0,0.4863252214923706,0.5104166666666666,0.9702526566059481,0.49523312680928594
conflicts,204,4.878436069051871e-05,14.323221752272287,0.0006987492162131347,74,1.3755091350922064,101.78767599682327,9,1,conflict,NN,NOUN,2,NN|NNP,1,NOUN,0,0.6888610090370949,0.3854166666666667,1.3755091350922062,0.5301441458167878
conform,119,2.8457543736135915e-05,15.10082933093584,0.0004297325111370307,70,1.4556794837761897,101.89756386433328,7,1,conform,NN,NOUN,1,NN,1,NOUN,0,0.7287768065805419,0.3645833333333333,1.4556794837761897,0.5307164784600692
conforming,73,1.7457148678469932e-05,15.805822535363765,0.00027592459398535584,31,2.6307661903342807,81.5537519003627,10,1,conform,VB,VERB,1,VB,1,VERB,0,1.316813691516513,0.16145833333333334,2.6307661903342807,0.42475912448105574
conformity,620,0.00014826619425549803,12.719522688969546,0.0018858752218399734,119,0.6901447374132127,82.12722375217231,10,1,conform,NN,NOUN,2,NN|NNP,1,NOUN,0,0.3465038222170505,0.6197916666666666,0.6901447374132127,0.4277459570425641
congress,1604,0.000383578992880353,11.348188667788863,0.004352926780206687,41,2.2274104961030723,91.32383034022597,8,1,congress,NNP,NOUN,2,NN|NNP,1,NOUN,0,1.1242210959038272,0.21354166666666666,2.2274104961030727,0.475644949688677
connected,284,6.791548252993782e-05,13.845899974739101,0.0009403509778456599,83,1.2099230693742313,100.4236147580612,9,1,connect,VB,VERB,1,VB,1,VERB,0,0.6059398177256982,0.4322916666666667,1.2099230693742313,0.5230396601982354
connection,322,7.700276540366188e-05,13.664730216129165,0.001052222015136924,90,1.0931094043914815,98.37984639523334,10,1,connect,NN,NOUN,1,NN,1,NOUN,0,0.5475690272014849,0.46875,1.0931094043914815,0.512395033308507
conscientious,56,1.3391785287593371e-05,16.188292172186177,0.00021679013294274578,46,2.0614005446641435,94.8244250545506,13,1,conscienti,NN,NOUN,2,NN|NNP,1,NOUN,0,1.0316279668718835,0.23958333333333334,2.0614005446641435,0.49387721382578437
conscientiously,63,1.5065758448542544e-05,16.018367170743865,0.00024132885053449092,41,2.2274104961030723,91.32383034022597,15,1,conscienti,RB,ADV,2,NNP|RB,2,ADV|NOUN,0,1.1148216793334103,0.21354166666666666,2.2274104961030727,0.475644949688677
conscious,41,9.80469994270229e-06,16.6380950896257,0.00016313152997192836,32,2.584962500721156,82.718800023077,9,1,consciou,NNP,NOUN,2,NN|NNP,1,NOUN,0,1.2936962974683108,0.16666666666666666,2.584962500721156,0.430827083453526
consecutive,167,3.9936216839787376e-05,14.61194280176973,0.0005835457161820463,83,1.2099230693742313,100.4236147580612,11,1,consecut,NN,NOUN,1,NN,1,NOUN,0,0.6058385558248786,0.4322916666666667,1.2099230693742313,0.5230396601982354
consequence,339,8.106812879453845e-05,13.590505631107439,0.0011017568608855178,90,1.0931094043914815,98.37984639523334,11,1,consequ,NN,NOUN,2,NN|NNP,1,NOUN,0,0.5476246573613176,0.46875,1.0931094043914815,0.512395033308507
consequences,85,2.0326816954382796e-05,15.586256158106082,0.00031681897592994397,52,1.8845227825800641,97.99518469416333,12,1,consequ,NN,NOUN,2,NN|NNP,1,NOUN,0,0.9433062568804562,0.2708333333333333,1.8845227825800641,0.5103915869487673
conservation,256,6.121958988614112e-05,13.995647094243783,0.0008568077753007671,85,1.1755715645834544,99.92358298959363,12,1,conserv,NN,NOUN,2,NN|NNP,1,NOUN,0,0.5887011733891986,0.4427083333333333,1.1755715645834544,0.5204353280708001
consider,511,0.0001222000407492895,12.998467613306161,0.0015884132720243329,118,0.7023194513593151,82.87369526039917,8,1,consid,NN,NOUN,2,NN|NNP,1,NOUN,0,0.3522088116852247,0.6145833333333334,0.7023194513593148,0.4316338294812456
considerations,38,9.087282873724075e-06,16.747719580800197,0.00015219126532053896,31,2.6307661903342807,81.5537519003627,14,1,consider,NN,NOUN,1,NN,1,NOUN,0,1.3164993537293024,0.16145833333333334,2.6307661903342807,0.42475912448105574
considering,136,3.2522907127012474e-05,14.908184252993443,0.0004848574918924956,62,1.630766190334281,101.10750380072542,11,1,consid,VB,VERB,2,NNP|VB,2,NOUN|VERB,0,0.8163923827492612,0.3229166666666667,1.630766190334281,0.526601582295445
considers,472,0.0001128736188525727,13.113004044881942,0.0014801122205742485,95,1.0151068923902085,96.4351547770698,9,1,consid,NN,NOUN,2,NN|NNP,1,NOUN,0,0.5088381231289119,0.4947916666666667,1.0151068923902085,0.5022664311305719
consistent,201,4.8066943621540495e-05,14.344595403064854,0.0006895008585129273,58,1.726981505593584,100.16492732442786,10,1,consist,NN,NOUN,2,NN|NNP,1,NOUN,0,0.86479729592988,0.3020833333333333,1.7269815055935842,0.5216923298147286
consisting,316,7.556793126570545e-05,13.69186634606668,0.0010346660149387924,86,1.1586977460190582,99.648006157639,10,1,consist,VB,VERB,1,VB,1,VERB,0,0.5803830514722831,0.4479166666666667,1.1586977460190582,0.5190000320710365
consists,313,7.485051419672723e-05,13.705628247311164,0.00102587332170043,92,1.0614005446641432,97.64885010910118,8,1,consist,NN,NOUN,1,NN,1,NOUN,0,0.531950267582357,0.4791666666666667,1.0614005446641432,0.508587760984902
consolidate,48,1.1478673103651461e-05,16.410684593522628,0.0001883728838561756,36,2.415037499278844,86.94134997403839,11,1,consolid,NN,NOUN,2,NN|NNP,1,NOUN,0,1.2086835783699799,0.1875,2.415037499278844,0.45281953111478324
consolidated,1056,0.00025253080828033215,11.95125297488533,0.0030180595737105166,59,1.702319451359315,100.43684763019958,12,1,consolid,NNP,NOUN,2,NNP|VB,2,NOUN|VERB,0,0.8544144181660185,0.3072916666666667,1.7023194513593147,0.5231085814072894
consolidation,75,1.793542672445541e-05,15.766828403747901,0.0002827847955124827,42,2.192645077942396,92.09109327358063,13,1,consolid,NN,NOUN,2,NN|NNP,1,NOUN,0,1.0974173379171053,0.21875,2.192645077942396,0.4796411107998991
constituencies,525,0.00012554798707118786,12.959473481690297,0.0016270358091286553,78,1.2995602818589078,101.36570198499481,14,1,constitu,NN,NOUN,2,NN|NNP,1,NOUN,0,0.6514493973842053,0.40625,1.2995602818589078,0.5279463645051813
constituency,447,0.00010689514327775423,13.191516073060464,0.001410109000680596,66,1.5405683813627027,101.67751316993838,12,1,constitu,NN,NOUN,2,NN|NNP,1,NOUN,0,0.7721027429842994,0.34375,1.5405683813627027,0.529570381093429
constituent,446,0.00010665600425476149,13.194747194323478,0.0014072990128982672,62,1.630766190334281,101.10750380072542,11,1,constitu,NNP,NOUN,2,NN|NNP,1,NOUN,0,0.8174271125182219,0.3229166666666667,1.630766190334281,0.526601582295445
constituted,503,0.00012028692856534761,13.021232504438256,0.001566284064094147,119,0.6901447374132127,82.12722375217231,11,1,constitut,VB,VERB,2,NNP|VB,2,NOUN|VERB,0,0.34597468710943313,0.6197916666666666,0.6901447374132127,0.4277459570425641
constitutes,144,3.4436019310954386e-05,14.82572209280147,0.0005105388522865545,63,1.6076825772212395,101.28400236493809,11,1,constitut,NN,NOUN,1,NN,1,NOUN,0,0.8048217199334382,0.328125,1.6076825772212395,0.5275208456507192
constituting,89,2.1283373046353752e-05,15.519913663277384,0.0003303161121427352,45,2.0931094043914813,94.18992319761666,12,1,constitut,VB,VERB,2,NNP|VB,2,NOUN|VERB,0,1.047653776181875,0.234375,2.0931094043914813,0.49057251665425344
constitutionality,353,8.441607511643679e-05,13.532122720972602,0.0011423286880984642,92,1.0614005446641432,97.64885010910118,17,1,constitution,NN,NOUN,2,NN|NNP,1,NOUN,0,0.5320276975220692,0.4791666666666667,1.0614005446641432,0.508587760984902
constitutions,86,2.0565955977375535e-05,15.569382339541685,0.0003201992317899424,35,2.4556794837761897,85.94878193216664,13,1,constitut,NN,NOUN,2,NN|NNP,1,NOUN,0,1.229140471764059,0.18229166666666666,2.4556794837761897,0.44764990589670123
construction,207,4.950177775949693e-05,14.302160136744456,0.0007079823525698603,71,1.435215381216474,101.90029206636966,12,1,construct,NN,NOUN,2,NN|NNP,1,NOUN,0,0.7188235596226332,0.3697916666666667,1.435215381216474,0.5307306878456753
construed,671,0.00016046228442812772,12.6054781380436,0.002022703818339298,64,1.584962500721156,101.43760004615399,9,1,constru,VB,VERB,1,VB,1,VERB,0,0.7947627669169613,0.3333333333333333,1.584962500721156,0.5283208335737186
consular,72,1.7218009655477193e-05,15.82572209280147,0.0002724874357987545,46,2.0614005446641435,94.8244250545506,8,1,consular,NN,NOUN,2,NN|NNP,1,NOUN,0,1.031711562728364,0.23958333333333334,2.0614005446641435,0.49387721382578437
consult,293,7.006773373687247e-05,13.800890239821534,0.0009669971026556172,81,1.2451124978365313,100.85411232475904,7,1,consult,NN,NOUN,2,NN|NNP,1,NOUN,0,0.6236559580151321,0.421875,1.2451124978365313,0.5252818350247866
consultations,75,1.793542672445541e-05,15.766828403747901,0.0002827847955124827,42,2.192645077942396,92.09109327358063,13,1,consult,NN,NOUN,2,NN|NNP,1,NOUN,0,1.0974310393524587,0.21875,2.192645077942396,0.4796411107998991
consultative,236,5.643680942628635e-05,14.113004044881942,0.0007964929197134106,62,1.630766190334281,101.10750380072542,12,1,consult,NNP,NOUN,2,NN|NNP,1,NOUN,0,0.8171120395415232,0.3229166666666667,1.630766190334281,0.526601582295445
consulted,161,3.850138270183094e-05,14.664730216129165,0.000564612390270293,66,1.5405683813627027,101.67751316993838,9,1,consult,VB,VERB,2,NNP|VB,2,NOUN|VERB,0,0.7713522739093874,0.34375,1.5405683813627027,0.529570381093429
consulting,95,2.2718207184310183e-05,15.425791485912836,0.0003504463269589358,37,2.3755091350922064,87.89383799841164,10,1,consult,VB,VERB,1,VB,1,VERB,0,1.1890669981382826,0.19270833333333334,2.3755091350922064,0.4577804062417273
consumer,73,1.7457148678469932e-05,15.805822535363765,0.00027592459398535584,35,2.4556794837761897,85.94878193216664,8,1,consum,NN,NOUN,2,NN|NNP,1,NOUN,0,1.2290210141824371,0.18229166666666666,2.4556794837761897,0.44764990589670123
consumers,69,1.6500592586498976e-05,15.887122637465614,0.0002621469380125652,41,2.2274104961030723,91.32383034022597,9,1,consum,NN,NOUN,2,NN|NNP,1,NOUN,0,1.1147649847101653,0.21354166666666666,2.2274104961030727,0.475644949688677
contagious,36,8.609004827738597e-06,16.82572209280147,0.0001448527227271158,36,2.415037499278844,86.94134997403839,10,1,contagi,NN,NOUN,1,NN,1,NOUN,0,1.2084716257056793,0.1875,2.415037499278844,0.45281953111478324
contain,169,4.0414494885772854e-05,14.594767657961599,0.0005898401628717321,79,1.2811817525440532,101.21335845098021,7,1,contain,NN,NOUN,2,NN|NNP,1,NOUN,0,0.6414436195009567,0.4114583333333333,1.2811817525440532,0.5271529085988552
contained,866,0.0002070943939117118,12.237423879517058,0.002534301881369294,99,0.9556058806415466,94.60498218351312,9,1,contain,VB,VERB,1,VB,1,VERB,0,0.4795285708894958,0.515625,0.9556058806415466,0.49273428220579746
containing,118,2.8218404713143176e-05,15.113004044881942,0.0004264648645698485,54,1.8300749985576876,98.82404992211514,10,1,contain,VB,VERB,1,VB,1,VERB,0,0.9161217894164696,0.28125,1.8300749985576876,0.5147085933443496
contains,89,2.1283373046353752e-05,15.519913663277384,0.0003303161121427352,50,1.9411063109464315,97.05531554732157,8,1,contain,NN,NOUN,1,NN,1,NOUN,0,0.9715309597659919,0.2604166666666667,1.9411063109464315,0.5054964351422999
contempt,137,3.276204615000521e-05,14.897615011283255,0.00048807635052467243,55,1.8036027871964966,99.19815329580732,8,1,contempt,NN,NOUN,2,NN|NNP,1,NOUN,0,0.9028170721114547,0.2864583333333333,1.8036027871964966,0.5166570484156631
content,124,2.965323885109961e-05,15.041450783856908,0.00044602773276076834,56,1.777607578663552,99.5460244051589,7,1,content,NN,NOUN,2,NN|NNP,1,NOUN,0,0.889880312122648,0.2916666666666667,1.777607578663552,0.5184688771102026
contents,80,1.91311218394191e-05,15.67371899935642,0.0002998558278535057,44,2.1255308820838588,93.52335881168979,8,1,content,NN,NOUN,2,NN|NNP,1,NOUN,0,1.0638457928282254,0.22916666666666666,2.125530882083859,0.4871008271442177
context,268,6.408925816205399e-05,13.92955790378601,0.0008927350325790213,74,1.3755091350922064,101.78767599682327,7,1,context,NN,NOUN,1,NN,1,NOUN,0,0.6888752383230616,0.3854166666666667,1.3755091350922062,0.5301441458167878
continental,78,1.8652843793433624e-05,15.710244875381534,0.00029304074361708284,44,2.1255308820838588,93.52335881168979,11,1,continent,NN,NOUN,2,NN|NNP,1,NOUN,0,1.063850330505467,0.22916666666666666,2.125530882083859,0.4871008271442177
contingencies,109,2.606615350620853e-05,15.227462769466856,0.0003969213820589983,40,2.263034405833794,90.52137623335176,13,1,conting,NNP,NOUN,2,NN|NNP,1,NOUN,0,1.1326953070565857,0.20833333333333334,2.263034405833794,0.47146550121537373
continuance,148,3.539257540292534e-05,14.786193728614833,0.0005233214764622623,51,1.9125371587496605,97.53939509623268,11,1,continu,NN,NOUN,2,NN|NNP,1,NOUN,0,0.9573783424844883,0.265625,1.9125371587496605,0.5080176827928785
continuation,83,1.984853890839732e-05,15.620607662896857,0.0003100462389698176,49,1.970252656605948,96.54238017369146,12,1,continu,NN,NOUN,2,NN|NNP,1,NOUN,0,0.9861446893297409,0.2552083333333333,1.9702526566059482,0.5028248967379764
continued,184,4.400158023066394e-05,14.47208513818677,0.0006367946153129244,56,1.777607578663552,99.5460244051589,9,1,continu,VB,VERB,2,NNP|VB,2,NOUN|VERB,0,0.8899624598185917,0.2916666666666667,1.777607578663552,0.5184688771102026
continues,182,4.352330218467846e-05,14.487852454045086,0.0006305591803644397,74,1.3755091350922064,101.78767599682327,9,1,continu,NN,NOUN,1,NN,1,NOUN,0,0.6887470714208592,0.3854166666666667,1.3755091350922062,0.5301441458167878
continuing,102,2.4392180345259356e-05,15.323221752272287,0.0003737667884518267,60,1.6780719051126378,100.68431430675827,10,1,continu,VB,VERB,1,VB,1,VERB,0,0.8399370110262807,0.3125,1.6780719051126378,0.5243974703476993
continuity,89,2.1283373046353752e-05,15.519913663277384,0.0003303161121427352,61,1.6542251631582698,100.90773495265447,10,1,continu,NN,NOUN,2,NN|NNP,1,NOUN,0,0.8280496001482512,0.3177083333333333,1.65422516315827,0.5255611195450753
continuous,97,2.319648523029566e-05,15.395734252056656,0.0003571269221873892,48,2.0,96.0,10,1,continu,NN,NOUN,1,NN,1,NOUN,0,1.0009951678417985,0.25,2.0,0.5
continuously,79,1.8891982816426363e-05,15.69186634606668,0.00029645046936755087,48,2.0,96.0,12,1,continu,RB,ADV,1,RB,1,ADV,0,1.0010161678720015,0.25,2.0,0.5
contract,387,9.25468018981899e-05,13.399457338099372,0.0012400769238123297,84,1.1926450779423958,100.18218654716125,8,1,contract,NN,NOUN,2,NN|NNP,1,NOUN,0,0.5975531525365442,0.4375,1.1926450779423958,0.5217822215997981
contracting,59,1.4109202356571588e-05,16.11300404488194,0.00022734163464149579,35,2.4556794837761897,85.94878193216664,11,1,contract,VB,VERB,2,NNP|VB,2,NOUN|VERB,0,1.2289218028661468,0.18229166666666666,2.4556794837761897,0.44764990589670123
contracts,316,7.556793126570545e-05,13.69186634606668,0.0010346660149387924,80,1.2630344058337937,101.04275246670349,9,1,contract,NN,NOUN,2,NN|NNP,1,NOUN,0,0.632695431161695,0.4166666666666667,1.2630344058337937,0.5262643357640807
contractual,53,1.2674368218615156e-05,16.267726639680582,0.0002061831575110867,33,2.5405683813627027,83.83875658496919,11,1,contractu,NN,NOUN,2,NN|NNP,1,NOUN,0,1.271391219325941,0.171875,2.5405683813627027,0.4366601905467145
contravene,69,1.6500592586498976e-05,15.887122637465614,0.0002621469380125652,34,2.497499659470817,84.91498842200778,10,1,contraven,NN,NOUN,1,NN,1,NOUN,0,1.2500194145838117,0.17708333333333334,2.4974996594708165,0.44226556469795714
contravened,82,1.960939988540458e-05,15.638095089625699,0.0003066536600584521,34,2.497499659470817,84.91498842200778,11,1,contraven,VB,VERB,1,VB,1,VERB,0,1.2499289680012764,0.17708333333333334,2.4974996594708165,0.44226556469795714
contravention,610,0.00014587480402557067,12.742981661793534,0.0018588799526155727,54,1.8300749985576876,98.82404992211514,13,1,contravent,NN,NOUN,2,NN|NNP,1,NOUN,0,0.9175280300199121,0.28125,1.8300749985576876,0.5147085933443496
contribute,249,5.954561672519196e-05,14.035645162175701,0.000835761147317709,89,1.1092290697547584,98.7213872081735,10,1,contribut,NN,NOUN,2,NN|NNP,1,NOUN,0,0.555698683667204,0.4635416666666667,1.1092290697547584,0.514173891709237
contribution,134,3.2044629081026996e-05,14.92955790378601,0.00047841214537053766,50,1.9411063109464315,97.05531554732157,12,1,contribut,NN,NOUN,2,NN|NNP,1,NOUN,0,0.9716595169865648,0.2604166666666667,1.9411063109464315,0.5054964351422999
contributions,187,4.4718997299642156e-05,14.448752634356145,0.0006461337300389699,60,1.6780719051126378,100.68431430675827,13,1,contribut,NN,NOUN,2,NN|NNP,1,NOUN,0,0.8401432945251718,0.3125,1.6780719051126378,0.5243974703476993
controlled,90,2.152251206934649e-05,15.503793997914109,0.0003336805934407681,35,2.4556794837761897,85.94878193216664,10,1,control,VB,VERB,1,VB,1,VERB,0,1.2290730328445358,0.18229166666666666,2.4556794837761897,0.44764990589670123
controlling,62,1.4826619425549805e-05,16.041450783856906,0.00023784048580593393,39,2.299560281858908,89.68285099249741,11,1,control,VB,VERB,2,NNP|VB,2,NOUN|VERB,0,1.1508867628566397,0.203125,2.299560281858908,0.46709818225259064
controls,64,1.530489747153528e-05,15.995647094243783,0.00024481173876826233,37,2.3755091350922064,87.89383799841164,8,1,control,NN,NOUN,2,NN|NNP,1,NOUN,0,1.1889418665250016,0.19270833333333334,2.3755091350922064,0.4577804062417273
convene,288,6.887203862190877e-05,13.82572209280147,0.0009522056659512002,109,0.8167781759442299,89.02882117792106,7,1,conven,NN,NOUN,2,NN|NNP,1,NOUN,0,0.40957324736249556,0.5677083333333334,0.8167781759442297,0.4636917769683388
convened,223,5.3328002127380745e-05,14.194747194323478,0.0007569775085765143,95,1.0151068923902085,96.4351547770698,8,1,conven,VB,VERB,1,VB,1,VERB,0,0.5086861988309354,0.4947916666666667,1.0151068923902085,0.5022664311305719
convenes,91,2.176165109233923e-05,15.487852454045086,0.0003370412412745591,34,2.497499659470817,84.91498842200778,8,1,conven,NN,NOUN,1,NN,1,NOUN,0,1.2502988156979,0.17708333333333334,2.4974996594708165,0.44226556469795714
convenient,60,1.4348341379564327e-05,16.088756498635263,0.00023084697061510282,35,2.4556794837761897,85.94878193216664,10,1,conveni,NN,NOUN,1,NN,1,NOUN,0,1.2288789246759566,0.18229166666666666,2.4556794837761897,0.44764990589670123
convening,89,2.1283373046353752e-05,15.519913663277384,0.0003303161121427352,38,2.3370349872775704,88.80732951654768,9,1,conven,VB,VERB,2,NNP|VB,2,NOUN|VERB,0,1.169999626073723,0.19791666666666666,2.337034987277571,0.46253817456535257
convention,222,5.308886310438801e-05,14.201231227893677,0.0007539272205714075,60,1.6780719051126378,100.68431430675827,10,1,convent,NNP,NOUN,2,NN|NNP,1,NOUN,0,0.8407934500835927,0.3125,1.6780719051126378,0.5243974703476993
conventions,185,4.424071925365668e-05,14.46426563372747,0.0006399095151120515,73,1.395137941841139,101.84506975440314,11,1,convent,NN,NOUN,2,NN|NNP,1,NOUN,0,0.6987118386694421,0.3802083333333333,1.3951379418411392,0.5304430716375165
conviction,351,8.393779707045131e-05,13.540319873939222,0.0011365446218477094,108,0.8300749985576875,89.64809984423025,10,1,convict,NN,NOUN,2,NN|NNP,1,NOUN,0,0.4159640686802962,0.5625,0.8300749985576875,0.46691718668869925
convictions,106,2.534873643723031e-05,15.267726639680584,0.0003870175785849431,57,1.7520724865564143,99.86813173371561,11,1,convict,NN,NOUN,1,NN,1,NOUN,0,0.8771655507037986,0.296875,1.7520724865564143,0.5201465194464355
convocation,156,3.730568758686725e-05,14.710244875381534,0.0005487757996472984,53,1.857042046157957,98.42322844637172,11,1,convoc,NN,NOUN,2,NN|NNP,1,NOUN,0,0.9299298710306768,0.2760416666666667,1.8570420461579569,0.5126209814915194
convoked,110,2.6305292529201268e-05,15.214287380719123,0.0004002162801731519,39,2.299560281858908,89.68285099249741,8,1,convok,VB,VERB,2,NNP|VB,2,NOUN|VERB,0,1.1511489689741237,0.203125,2.299560281858908,0.46709818225259064
cooperate,111,2.6544431552194007e-05,15.201231227893677,0.00040350804183789774,55,1.8036027871964966,99.19815329580732,9,1,cooper,NN,NOUN,2,NN|NNP,1,NOUN,0,0.902919170919709,0.2864583333333333,1.8036027871964966,0.5166570484156631
cooperation,361,8.63291873003787e-05,13.499792067356612,0.0011654260778989956,98,0.970252656605948,95.0847603473829,11,1,cooper,NN,NOUN,2,NN|NNP,1,NOUN,0,0.4863556303360476,0.5104166666666666,0.9702526566059481,0.49523312680928594
cooperative,112,2.6783570575186742e-05,15.188292172186179,0.00040679669531030484,38,2.3370349872775704,88.80732951654768,11,1,cooper,NN,NOUN,2,NN|NNP,1,NOUN,0,1.170040729340155,0.19791666666666666,2.337034987277571,0.46253817456535257
cooperatives,89,2.1283373046353752e-05,15.519913663277384,0.0003303161121427352,33,2.5405683813627027,83.83875658496919,12,1,cooper,NN,NOUN,2,NN|NNP,1,NOUN,0,1.2716230568853848,0.171875,2.5405683813627027,0.4366601905467145
coordinate,139,3.324032419599069e-05,14.876706021520276,0.0004945065311237808,60,1.6780719051126378,100.68431430675827,10,1,coordin,NN,NOUN,2,NN|NNP,1,NOUN,0,0.840167141372297,0.3125,1.6780719051126378,0.5243974703476993
coordination,183,4.37624412076712e-05,14.47994725595974,0.0006336778404791181,60,1.6780719051126378,100.68431430675827,12,1,coordin,NN,NOUN,2,NN|NNP,1,NOUN,0,0.8401936807060711,0.3125,1.6780719051126378,0.5243974703476993
copies,78,1.8652843793433624e-05,15.710244875381534,0.00029304074361708284,33,2.5405683813627027,83.83875658496919,6,1,copi,NN,NOUN,2,NN|NNP,1,NOUN,0,1.2714304289567073,0.171875,2.5405683813627027,0.4366601905467145
copy,205,4.902349971351145e-05,14.316166994738337,0.0007018286085651369,71,1.435215381216474,101.90029206636966,4,1,copi,NN,NOUN,2,NN|NNP,1,NOUN,0,0.7186011957195785,0.3697916666666667,1.435215381216474,0.5307306878456753
corporate,293,7.006773373687247e-05,13.800890239821534,0.0009669971026556172,69,1.4764380439429872,101.87422503206612,9,1,corpor,NN,NOUN,2,NN|NNP,1,NOUN,0,0.7395434519523012,0.359375,1.4764380439429872,0.530594922042011
corporation,161,3.850138270183094e-05,14.664730216129165,0.000564612390270293,42,2.192645077942396,92.09109327358063,11,1,corpor,NN,NOUN,2,NN|NNP,1,NOUN,0,1.0976598804661646,0.21875,2.192645077942396,0.4796411107998991
corporations,182,4.352330218467846e-05,14.487852454045086,0.0006305591803644397,53,1.857042046157957,98.42322844637172,12,1,corpor,NN,NOUN,2,NN|NNP,1,NOUN,0,0.9297962404854103,0.2760416666666667,1.8570420461579569,0.5126209814915194
corpus,130,3.108807298905604e-05,14.973279281215328,0.00046549039917994267,50,1.9411063109464315,97.05531554732157,6,1,corpu,NN,NOUN,2,NN|NNP,1,NOUN,0,0.9717288854366982,0.2604166666666667,1.9411063109464315,0.5054964351422999
correct,74,1.769628770146267e-05,15.786193728614833,0.00027935702593259384,45,2.0931094043914813,94.18992319761666,7,1,correct,NN,NOUN,1,NN,1,NOUN,0,1.0475903466008865,0.234375,2.0931094043914813,0.49057251665425344
correction,61,1.4587480402557066e-05,16.064909756680898,0.0002343465562444304,35,2.4556794837761897,85.94878193216664,10,1,correct,NN,NOUN,2,NN|NNP,1,NOUN,0,1.228910155424251,0.18229166666666666,2.4556794837761897,0.44764990589670123
correspond,145,3.4675158333947125e-05,14.815738004228848,0.0005137380611309131,40,2.263034405833794,90.52137623335176,10,1,correspond,NN,NOUN,1,NN,1,NOUN,0,1.1328187863432462,0.20833333333333334,2.263034405833794,0.47146550121537373
corresponding,549,0.0001312873236230136,12.894984755238584,0.0016929480366748347,98,0.970252656605948,95.0847603473829,13,1,correspond,VB,VERB,2,NNP|VB,2,NOUN|VERB,0,0.48645754183976603,0.5104166666666666,0.9702526566059481,0.49523312680928594
corresponds,133,3.180549005803426e-05,14.940364658742594,0.00047518561961704396,34,2.497499659470817,84.91498842200778,11,1,correspond,NN,NOUN,1,NN,1,NOUN,0,1.2501590925811912,0.17708333333333334,2.4974996594708165,0.44226556469795714
corruption,249,5.954561672519196e-05,14.035645162175701,0.000835761147317709,61,1.6542251631582698,100.90773495265447,10,1,corrupt,NN,NOUN,2,NN|NNP,1,NOUN,0,0.8284233219520146,0.3177083333333333,1.65422516315827,0.5255611195450753
cost,90,2.152251206934649e-05,15.503793997914109,0.0003336805934407681,48,2.0,96.0,4,1,cost,NN,NOUN,2,NN|NNP,1,NOUN,0,1.0010396100750036,0.25,2.0,0.5
costs,129,3.08489339660633e-05,14.984419838820529,0.00046225337812754336,53,1.857042046157957,98.42322844637172,5,1,cost,NN,NOUN,2,NN|NNP,1,NOUN,0,0.9295732384216202,0.2760416666666667,1.8570420461579569,0.5126209814915194
councils,753,0.0001800716843135323,12.439141039571854,0.002239937078409287,101,0.9267510179693613,93.6018528149055,8,1,council,NN,NOUN,2,NN|NNP,1,NOUN,0,0.4653730477606924,0.5260416666666666,0.9267510179693615,0.48750965007763286
counsel,186,4.4479858276649417e-05,14.456488283135752,0.000643022550011921,74,1.3755091350922064,101.78767599682327,7,1,counsel,NN,NOUN,2,NN|NNP,1,NOUN,0,0.688930138642503,0.3854166666666667,1.3755091350922062,0.5301441458167878
counted,102,2.4392180345259356e-05,15.323221752272287,0.0003737667884518267,58,1.726981505593584,100.16492732442786,7,1,count,VB,VERB,1,VB,1,VERB,0,0.864424571928792,0.3020833333333333,1.7269815055935842,0.5216923298147286
countersigned,88,2.1044234023361013e-05,15.536215475606486,0.0003269477543060259,46,2.0614005446641435,94.8244250545506,13,1,countersign,VB,VERB,1,VB,1,VERB,0,1.0319858757585398,0.23958333333333334,2.0614005446641435,0.49387721382578437
counting,105,2.5109597414237573e-05,15.28140157657766,0.00038370984151316035,47,2.030373649043519,95.42756150504539,8,1,count,VB,VERB,1,VB,1,VERB,0,1.016394720090769,0.24479166666666666,2.030373649043519,0.4970185495054447
countries,255,6.098045086314839e-05,14.001293657384924,0.0008538051998946726,104,0.8845227825800641,91.99036938832667,9,1,countri,NN,NOUN,2,NN|NNP,1,NOUN,0,0.4431702213492821,0.5416666666666666,0.8845227825800641,0.479116507230868
country's,100,2.3913902299273878e-05,15.351790904469057,0.0003671212278083544,31,2.6307661903342807,81.5537519003627,9,1,country',NN,NOUN,2,NN|NNP,1,NOUN,0,1.3168690077261844,0.16145833333333334,2.6307661903342807,0.42475912448105574
cover,100,2.3913902299273878e-05,15.351790904469057,0.0003671212278083544,55,1.8036027871964966,99.19815329580732,5,1,cover,NN,NOUN,1,NN,1,NOUN,0,0.9028682390555041,0.2864583333333333,1.8036027871964966,0.5166570484156631
covered,78,1.8652843793433624e-05,15.710244875381534,0.00029304074361708284,43,2.158697746019058,92.8240030788195,7,1,cover,VB,VERB,1,VB,1,VERB,0,1.080467575307452,0.22395833333333334,2.158697746019058,0.48345834936885157
create,431,0.00010306891890987042,13.244103035154684,0.0013650553817643267,114,0.7520724865564145,85.73626346743124,6,1,creat,NN,NOUN,2,NN|NNP,1,NOUN,0,0.3771362441731454,0.59375,0.7520724865564145,0.44654303889287106
creating,96,2.2957346207302922e-05,15.410684593522626,0.0003537884215050482,64,1.584962500721156,101.43760004615399,8,1,creat,VB,VERB,2,NNP|VB,2,NOUN|VERB,0,0.7934131184446107,0.3333333333333333,1.584962500721156,0.5283208335737186
creation,564,0.00013487440896790468,12.856095741844989,0.001733958314816139,118,0.7023194513593151,82.87369526039917,8,1,creation,NN,NOUN,2,NN|NNP,1,NOUN,0,0.35225532585737684,0.6145833333333334,0.7023194513593148,0.4316338294812456
creative,92,2.200079011533197e-05,15.47208513818677,0.0003403980977717942,40,2.263034405833794,90.52137623335176,8,1,creativ,NN,NOUN,2,NN|NNP,1,NOUN,0,1.1329494198368837,0.20833333333333334,2.263034405833794,0.47146550121537373
creativity,50,1.1956951149636939e-05,16.35179090446906,0.00019551756505381416,36,2.415037499278844,86.94134997403839,10,1,creativ,NN,NOUN,2,NN|NNP,1,NOUN,0,1.2086721890806975,0.1875,2.415037499278844,0.45281953111478324
credentials,77,1.8413704770440885e-05,15.72886055354888,0.0002896265946084825,48,2.0,96.0,11,1,credenti,NN,NOUN,2,NN|NNP,1,NOUN,0,1.0011699189539198,0.25,2.0,0.5
credit,259,6.193700695511934e-05,13.97883880655723,0.0008658074363862273,80,1.2630344058337937,101.04275246670349,6,1,credit,NN,NOUN,2,NN|NNP,1,NOUN,0,0.6326106091050074,0.4166666666666667,1.2630344058337937,0.5262643357640807
credits,87,2.0805095000368274e-05,15.552703598395054,0.0003235754758771786,37,2.3755091350922064,87.89383799841164,7,1,credit,NN,NOUN,2,NN|NNP,1,NOUN,0,1.1889310853298234,0.19270833333333334,2.3755091350922064,0.4577804062417273
creed,104,2.4870458391244834e-05,15.29520737610269,0.00038039881863282304,43,2.158697746019058,92.8240030788195,5,1,creed,VB,VERB,2,NNP|VB,2,NOUN|VERB,0,1.0806136549790537,0.22395833333333334,2.158697746019058,0.48345834936885157
crimes,534,0.0001277002382781225,12.934951162556228,0.001651796345574308,104,0.8845227825800641,91.99036938832667,6,1,crime,NN,NOUN,2,NN|NNP,1,NOUN,0,0.4437078868096423,0.5416666666666666,0.8845227825800641,0.479116507230868
criminally,68,1.6261453563506237e-05,15.908184252993443,0.00025869019950975405,39,2.299560281858908,89.68285099249741,10,1,crimin,RB,ADV,1,RB,1,ADV,0,1.1510305284752438,0.203125,2.299560281858908,0.46709818225259064
criteria,266,6.361098011606851e-05,13.940364658742594,0.0008867602591180194,62,1.630766190334281,101.10750380072542,8,1,criteria,NN,NOUN,2,NN|NNP,1,NOUN,0,0.8166977326968098,0.3229166666666667,1.630766190334281,0.526601582295445
crown,172,4.113191195475107e-05,14.569382339541685,0.0005992665516251337,36,2.415037499278844,86.94134997403839,5,1,crown,NNP,NOUN,2,NN|NNP,1,NOUN,0,1.2097389459959327,0.1875,2.415037499278844,0.45281953111478324
cruel,129,3.08489339660633e-05,14.984419838820529,0.00046225337812754336,91,1.07716786052246,98.02227530754385,5,1,cruel,NN,NOUN,2,NN|NNP,1,NOUN,0,0.5393624266482008,0.4739583333333333,1.07716786052246,0.5105326838934575
cultures,71,1.6978870632484454e-05,15.845899974739101,0.0002690454857263839,36,2.415037499278844,86.94134997403839,8,1,cultur,NN,NOUN,2,NN|NNP,1,NOUN,0,1.2086870711798785,0.1875,2.415037499278844,0.45281953111478324
current,320,7.65244873576764e-05,13.67371899935642,0.0010463743366986701,104,0.8845227825800641,91.99036938832667,7,1,current,NN,NOUN,2,NN|NNP,1,NOUN,0,0.4431928265924785,0.5416666666666666,0.8845227825800641,0.479116507230868
custody,283,6.767634350694508e-05,13.8509888514119,0.0009373842794190184,83,1.2099230693742313,100.4236147580612,7,1,custodi,NN,NOUN,2,NN|NNP,1,NOUN,0,0.6060496613724459,0.4322916666666667,1.2099230693742313,0.5230396601982354
custom,153,3.658827051788904e-05,14.738259251551131,0.0005392474164585336,43,2.158697746019058,92.8240030788195,6,1,custom,NN,NOUN,2,NN|NNP,1,NOUN,0,1.0809284218347872,0.22395833333333334,2.158697746019058,0.48345834936885157
customary,330,7.89158775876038e-05,13.629324879997966,0.0010755701338316024,49,1.970252656605948,96.54238017369146,9,1,customari,NN,NOUN,2,NN|NNP,1,NOUN,0,0.9869285055180113,0.2552083333333333,1.9702526566059482,0.5028248967379764
customs,251,6.002389477117744e-05,14.02410354029301,0.0008417813151626446,99,0.9556058806415466,94.60498218351312,7,1,custom,NN,NOUN,2,NN|NNP,1,NOUN,0,0.47871503798119214,0.515625,0.9556058806415466,0.49273428220579746
damage,169,4.0414494885772854e-05,14.594767657961599,0.0005898401628717321,82,1.2274104961030725,100.64766068045195,6,1,damag,NN,NOUN,2,NN|NNP,1,NOUN,0,0.6146779168144269,0.4270833333333333,1.2274104961030727,0.5242065660440206
damages,183,4.37624412076712e-05,14.47994725595974,0.0006336778404791181,58,1.726981505593584,100.16492732442786,7,1,damag,NN,NOUN,2,NN|NNP,1,NOUN,0,0.8646167897789664,0.3020833333333333,1.7269815055935842,0.5216923298147286
danger,193,4.615383143759858e-05,14.403190056975703,0.0006647624060533525,85,1.1755715645834544,99.92358298959363,6,1,danger,NN,NOUN,2,NN|NNP,1,NOUN,0,0.5887489087534368,0.4427083333333333,1.1755715645834544,0.5204353280708001
dangerous,72,1.7218009655477193e-05,15.82572209280147,0.0002724874357987545,55,1.8036027871964966,99.19815329580732,9,1,danger,NN,NOUN,2,NN|NNP,1,NOUN,0,0.9026974681284051,0.2864583333333333,1.8036027871964966,0.5166570484156631
data,197,4.711038752956954e-05,14.373595274787407,0.0006771456435884243,56,1.777607578663552,99.5460244051589,4,1,data,NN,NOUN,2,NN|NNP,1,NOUN,0,0.8901503083274162,0.2916666666666667,1.777607578663552,0.5184688771102026
dates,96,2.2957346207302922e-05,15.410684593522626,0.0003537884215050482,50,1.9411063109464315,97.05531554732157,5,1,date,NN,NOUN,2,NN|NNP,1,NOUN,0,0.9715427926917565,0.2604166666666667,1.9411063109464315,0.5054964351422999
deal,144,3.4436019310954386e-05,14.82572209280147,0.0005105388522865545,64,1.584962500721156,101.43760004615399,4,1,deal,NN,NOUN,2,NN|NNP,1,NOUN,0,0.7935408076588465,0.3333333333333333,1.584962500721156,0.5283208335737186
dealing,186,4.4479858276649417e-05,14.456488283135752,0.000643022550011921,75,1.3561438102252754,101.71078576689565,7,1,deal,VB,VERB,2,NNP|VB,2,NOUN|VERB,0,0.6790150337153902,0.390625,1.3561438102252754,0.5297436758692482
dealt,194,4.639297046059132e-05,14.395734252056656,0.0006678608739141872,54,1.8300749985576876,98.82404992211514,5,1,dealt,NN,NOUN,2,NN|NNP,1,NOUN,0,0.916221545944652,0.28125,1.8300749985576876,0.5147085933443496
debate,407,9.732958235804468e-05,13.326762109977535,0.0012970881903491278,119,0.6901447374132127,82.12722375217231,6,1,debat,NN,NOUN,2,NN|NNP,1,NOUN,0,0.3460167943812283,0.6197916666666666,0.6901447374132127,0.4277459570425641
debated,110,2.6305292529201268e-05,15.214287380719123,0.0004002162801731519,50,1.9411063109464315,97.05531554732157,7,1,debat,VB,VERB,1,VB,1,VERB,0,0.9717973799555982,0.2604166666666667,1.9411063109464315,0.5054964351422999
debates,120,2.8696682759128654e-05,15.088756498635265,0.000432997258471077,59,1.702319451359315,100.43684763019958,7,1,debat,NN,NOUN,2,NN|NNP,1,NOUN,0,0.8523139756992419,0.3072916666666667,1.7023194513593147,0.5231085814072894
debt,497,0.00011885209442739118,13.038545052681496,0.0015496583877970952,96,1.0,96.0,4,1,debt,NN,NOUN,2,NN|NNP,1,NOUN,0,0.5012743709579689,0.5,1.0,0.5
debts,137,3.276204615000521e-05,14.897615011283255,0.00048807635052467243,39,2.299560281858908,89.68285099249741,5,1,debt,NN,NOUN,2,NN|NNP,1,NOUN,0,1.1512921928052255,0.203125,2.299560281858908,0.46709818225259064
deceased,59,1.4109202356571588e-05,16.11300404488194,0.00022734163464149579,43,2.158697746019058,92.8240030788195,8,1,deceas,VB,VERB,1,VB,1,VERB,0,1.0803516009410776,0.22395833333333334,2.158697746019058,0.48345834936885157
december,282,6.743720448395234e-05,13.856095741844989,0.0009344163618920218,91,1.07716786052246,98.02227530754385,8,1,decemb,NNP,NOUN,1,NNP,1,NOUN,0,0.5396661408514623,0.4739583333333333,1.07716786052246,0.5105326838934575
decent,63,1.5065758448542544e-05,16.018367170743865,0.00024132885053449092,42,2.192645077942396,92.09109327358063,6,1,decent,NN,NOUN,1,NN,1,NOUN,0,1.0973441433503968,0.21875,2.192645077942396,0.4796411107998991
decentralization,89,2.1283373046353752e-05,15.519913663277384,0.0003303161121427352,36,2.415037499278844,86.94134997403839,16,1,decentr,NN,NOUN,2,NN|NNP,1,NOUN,0,1.208763680479356,0.1875,2.415037499278844,0.45281953111478324
decentralized,390,9.326421896716812e-05,13.388316780494172,0.0012486509078178199,37,2.3755091350922064,87.89383799841164,13,1,decentr,VB,VERB,2,NNP|VB,2,NOUN|VERB,0,1.19014226016561,0.19270833333333334,2.3755091350922064,0.4577804062417273
decided,332,7.939415563358927e-05,13.620607662896857,0.0010813966446120917,117,0.7145977811377516,83.60794039311693,7,1,decid,VB,VERB,2,NNP|VB,2,NOUN|VERB,0,0.35819692733345154,0.609375,0.7145977811377516,0.4354580228808174
decides,418,9.996011161096481e-05,13.288287962162899,0.0013282987478164436,111,0.7905466343710503,87.75067641518659,7,1,decid,NN,NOUN,2,NN|NNP,1,NOUN,0,0.3965375612417668,0.578125,0.7905466343710503,0.45703477299576345
deciding,106,2.534873643723031e-05,15.267726639680584,0.0003870175785849431,61,1.6542251631582698,100.90773495265447,8,1,decid,VB,VERB,2,NNP|VB,2,NOUN|VERB,0,0.8281420401058734,0.3177083333333333,1.65422516315827,0.5255611195450753
decision-making,106,2.534873643723031e-05,15.267726639680584,0.0003870175785849431,43,2.158697746019058,92.8240030788195,15,1,decision-mak,VB,VERB,2,NNP|VB,2,NOUN|VERB,0,1.0805892742748986,0.22395833333333334,2.158697746019058,0.48345834936885157
declarations,109,2.606615350620853e-05,15.227462769466856,0.0003969213820589983,57,1.7520724865564143,99.86813173371561,12,1,declar,NN,NOUN,2,NN|NNP,1,NOUN,0,0.8770156290497718,0.296875,1.7520724865564143,0.5201465194464355
declares,139,3.324032419599069e-05,14.876706021520276,0.0004945065311237808,79,1.2811817525440532,101.21335845098021,8,1,declar,NN,NOUN,2,NN|NNP,1,NOUN,0,0.641451616572098,0.4114583333333333,1.2811817525440532,0.5271529085988552
declaring,142,3.395774126496891e-05,14.845899974739101,0.0005041332301877989,84,1.1926450779423958,100.18218654716125,9,1,declar,VB,VERB,2,NNP|VB,2,NOUN|VERB,0,0.5971093179712782,0.4375,1.1926450779423958,0.5217822215997981
decorations,72,1.7218009655477193e-05,15.82572209280147,0.0002724874357987545,53,1.857042046157957,98.42322844637172,11,1,decor,NN,NOUN,2,NN|NNP,1,NOUN,0,0.9295617894765883,0.2760416666666667,1.8570420461579569,0.5126209814915194
decrees,634,0.00015161414057739638,12.687308064104375,0.0019235753083798554,119,0.6901447374132127,82.12722375217231,7,1,decre,NN,NOUN,2,NN|NNP,1,NOUN,0,0.3466527824959038,0.6197916666666666,0.6901447374132127,0.4277459570425641
deem,97,2.319648523029566e-05,15.395734252056656,0.0003571269221873892,40,2.263034405833794,90.52137623335176,4,1,deem,NN,NOUN,1,NN,1,NOUN,0,1.1326789519782157,0.20833333333333334,2.263034405833794,0.47146550121537373
deems,182,4.352330218467846e-05,14.487852454045086,0.0006305591803644397,76,1.3370349872775706,101.61465903309536,5,1,deem,NN,NOUN,1,NN,1,NOUN,0,0.6696641212658787,0.3958333333333333,1.3370349872775709,0.5292430157973718
default,110,2.6305292529201268e-05,15.214287380719123,0.0004002162801731519,55,1.8036027871964966,99.19815329580732,7,1,default,NN,NOUN,2,NN|NNP,1,NOUN,0,0.9027629581257045,0.2864583333333333,1.8036027871964966,0.5166570484156631
defence,1503,0.0003594259515580864,11.442017800327418,0.004112558135627245,96,1.0,96.0,7,1,defenc,NN,NOUN,2,NN|NNP,1,NOUN,0,0.5033077173259498,0.5,1.0,0.5
defendant,97,2.319648523029566e-05,15.395734252056656,0.0003571269221873892,43,2.158697746019058,92.8240030788195,9,1,defend,NN,NOUN,1,NN,1,NOUN,0,1.0805579346411818,0.22395833333333334,2.158697746019058,0.48345834936885157
defending,57,1.363092431058611e-05,16.16275708007904,0.00022031331840894716,36,2.415037499278844,86.94134997403839,9,1,defend,VB,VERB,2,NNP|VB,2,NOUN|VERB,0,1.208757536565116,0.1875,2.415037499278844,0.45281953111478324
defense,988,0.00023626935471682592,12.047279862659105,0.0028464030392434778,99,0.9556058806415466,94.60498218351312,7,1,defens,NN,NOUN,2,NN|NNP,1,NOUN,0,0.48071295169313194,0.515625,0.9556058806415466,0.49273428220579746
define,235,5.619767040329361e-05,14.119130147678783,0.0007934622224204586,61,1.6542251631582698,100.90773495265447,6,1,defin,NN,NOUN,2,NN|NNP,1,NOUN,0,0.8286854660335897,0.3177083333333333,1.65422516315827,0.5255611195450753
definition,161,3.850138270183094e-05,14.664730216129165,0.000564612390270293,73,1.395137941841139,101.84506975440314,10,1,definit,NN,NOUN,2,NN|NNP,1,NOUN,0,0.6985035896795179,0.3802083333333333,1.3951379418411392,0.5304430716375165
definitive,188,4.495813632263489e-05,14.441058242566145,0.000649243065112399,42,2.192645077942396,92.09109327358063,10,1,definit,NN,NOUN,1,NN,1,NOUN,0,1.0980875108049855,0.21875,2.192645077942396,0.4796411107998991
definitively,71,1.6978870632484454e-05,15.845899974739101,0.0002690454857263839,32,2.584962500721156,82.718800023077,12,1,definit,RB,ADV,1,RB,1,ADV,0,1.293742694789734,0.16666666666666666,2.584962500721156,0.430827083453526
degrading,162,3.874052172482368e-05,14.655797091359158,0.0005677732256124072,114,0.7520724865564145,85.73626346743124,9,1,degrad,VB,VERB,2,NNP|VB,2,NOUN|VERB,0,0.37664429112959646,0.59375,0.7520724865564145,0.44654303889287106
degree,215,5.141488994343884e-05,14.247454244654323,0.0007325312919630825,78,1.2995602818589078,101.36570198499481,6,1,degre,NN,NOUN,2,NN|NNP,1,NOUN,0,0.6507624426371429,0.40625,1.2995602818589078,0.5279463645051813
delay,304,7.26982629897926e-05,13.747719580800197,0.000999435333594934,102,0.9125371587496606,93.07879019246538,5,1,delai,NN,NOUN,2,NN|NNP,1,NOUN,0,0.45720352269782705,0.53125,0.9125371587496606,0.4847853655857572
delayed,40,9.56556091970955e-06,16.67371899935642,0.00015949347484646242,32,2.584962500721156,82.718800023077,7,1,delai,VB,VERB,1,VB,1,VERB,0,1.29365172267827,0.16666666666666666,2.584962500721156,0.430827083453526
delegated,278,6.648064839198138e-05,13.876706021520276,0.0009225324138555803,107,0.8434955143200092,90.25402003224099,9,1,deleg,VB,VERB,2,NNP|VB,2,NOUN|VERB,0,0.42261265621295946,0.5572916666666666,0.8434955143200094,0.4700730210012552
delegates,191,4.5675553391613105e-05,14.418218266208035,0.0006585600982301164,43,2.158697746019058,92.8240030788195,9,1,deleg,NN,NOUN,2,NN|NNP,1,NOUN,0,1.081424462418829,0.22395833333333334,2.158697746019058,0.48345834936885157
delegation,293,7.006773373687247e-05,13.800890239821534,0.0009669971026556172,89,1.1092290697547584,98.7213872081735,10,1,deleg,NN,NOUN,2,NN|NNP,1,NOUN,0,0.5556871915698794,0.4635416666666667,1.1092290697547584,0.514173891709237
deliberate,327,7.819846051862558e-05,13.6425002687457,0.0010668225186408495,61,1.6542251631582698,100.90773495265447,10,1,deliber,NN,NOUN,2,NN|NNP,1,NOUN,0,0.8286921065622274,0.3177083333333333,1.65422516315827,0.5255611195450753
deliberation,168,4.0175355862780115e-05,14.603329671465023,0.0005866939663326031,49,1.970252656605948,96.54238017369146,12,1,deliber,NN,NOUN,2,NN|NNP,1,NOUN,0,0.986742086168825,0.2552083333333333,1.9702526566059482,0.5028248967379764
deliberations,135,3.2283768104019735e-05,14.918831497192953,0.00048163609643832284,64,1.584962500721156,101.43760004615399,13,1,deliber,NN,NOUN,2,NN|NNP,1,NOUN,0,0.7936473226532588,0.3333333333333333,1.584962500721156,0.5283208335737186
delicto,132,3.156635103504152e-05,14.95125297488533,0.0004719564998189391,64,1.584962500721156,101.43760004615399,7,1,delicto,NN,NOUN,1,NN,1,NOUN,0,0.7936387327805381,0.3333333333333333,1.584962500721156,0.5283208335737186
delimitation,130,3.108807298905604e-05,14.973279281215328,0.00046549039917994267,37,2.3755091350922064,87.89383799841164,12,1,delimit,NNP,NOUN,2,NN|NNP,1,NOUN,0,1.1890403937543328,0.19270833333333334,2.3755091350922064,0.4577804062417273
deliver,124,2.965323885109961e-05,15.041450783856908,0.00044602773276076834,57,1.7520724865564143,99.86813173371561,7,1,deliv,NN,NOUN,1,NN,1,NOUN,0,0.8770193707785546,0.296875,1.7520724865564143,0.5201465194464355
delivered,221,5.2849724081395274e-05,14.20774453485235,0.0007508753784858984,71,1.435215381216474,101.90029206636966,9,1,deliv,VB,VERB,1,VB,1,VERB,0,0.7186981954127686,0.3697916666666667,1.435215381216474,0.5307306878456753
delivery,67,1.6022314540513498e-05,15.92955790378601,0.00025522838722578234,35,2.4556794837761897,85.94878193216664,8,1,deliveri,NN,NOUN,2,NN|NNP,1,NOUN,0,1.2290036989868796,0.18229166666666666,2.4556794837761897,0.44764990589670123
demand,420,0.00010043838965695029,13.28140157657766,0.0013339625867387409,91,1.07716786052246,98.02227530754385,6,1,demand,NN,NOUN,2,NN|NNP,1,NOUN,0,0.5401638243830038,0.4739583333333333,1.07716786052246,0.5105326838934575
demanded,42,1.0043838965695029e-05,16.603329671465023,0.00016676116951454083,32,2.584962500721156,82.718800023077,8,1,demand,VB,VERB,1,VB,1,VERB,0,1.2936264721149486,0.16666666666666666,2.584962500721156,0.430827083453526
demands,97,2.319648523029566e-05,15.395734252056656,0.0003571269221873892,54,1.8300749985576876,98.82404992211514,7,1,demand,NN,NOUN,1,NN,1,NOUN,0,0.916081429063269,0.28125,1.8300749985576876,0.5147085933443496
democracy,344,8.226382390950214e-05,13.569382339541685,0.0011162692793407654,120,0.6780719051126377,81.36862861351652,9,1,democraci,NN,NOUN,2,NN|NNP,1,NOUN,0,0.33989135570321033,0.625,0.6780719051126377,0.4237949406953986
demonstrate,50,1.1956951149636939e-05,16.35179090446906,0.00019551756505381416,32,2.584962500721156,82.718800023077,11,1,demonstr,NN,NOUN,1,NN,1,NOUN,0,1.2936239727941639,0.16666666666666666,2.584962500721156,0.430827083453526
demonstration,56,1.3391785287593371e-05,16.188292172186177,0.00021679013294274578,37,2.3755091350922064,87.89383799841164,13,1,demonstr,NN,NOUN,2,NN|NNP,1,NOUN,0,1.1888936459402395,0.19270833333333334,2.3755091350922064,0.4577804062417273
demonstrations,35,8.369865804745858e-06,16.866364077298815,0.00014116920394097727,31,2.6307661903342807,81.5537519003627,14,1,demonstr,NN,NOUN,1,NN,1,NOUN,0,1.3165364887807314,0.16145833333333334,2.6307661903342807,0.42475912448105574
denied,105,2.5109597414237573e-05,15.28140157657766,0.00038370984151316035,60,1.6780719051126378,100.68431430675827,6,1,deni,VB,VERB,1,VB,1,VERB,0,0.8401211439850971,0.3125,1.6780719051126378,0.5243974703476993
denomination,83,1.984853890839732e-05,15.620607662896857,0.0003100462389698176,47,2.030373649043519,95.42756150504539,12,1,denomin,NN,NOUN,2,NN|NNP,1,NOUN,0,1.016202684653861,0.24479166666666666,2.030373649043519,0.4970185495054447
deny,56,1.3391785287593371e-05,16.188292172186177,0.00021679013294274578,38,2.3370349872775704,88.80732951654768,4,1,deni,NN,NOUN,1,NN,1,NOUN,0,1.1697032177798288,0.19791666666666666,2.337034987277571,0.46253817456535257
department,620,0.00014826619425549803,12.719522688969546,0.0018858752218399734,96,1.0,96.0,10,1,depart,NN,NOUN,2,NN|NNP,1,NOUN,0,0.501523272156837,0.5,1.0,0.5
departments,359,8.585090925439323e-05,13.507807060420731,0.0011596575181700324,104,0.8845227825800641,91.99036938832667,11,1,depart,NN,NOUN,2,NN|NNP,1,NOUN,0,0.4432720805400283,0.5416666666666666,0.8845227825800641,0.479116507230868
depend,56,1.3391785287593371e-05,16.188292172186177,0.00021679013294274578,42,2.192645077942396,92.09109327358063,6,1,depend,NN,NOUN,1,NN,1,NOUN,0,1.097288273476616,0.21875,2.192645077942396,0.4796411107998991
depending,51,1.2196090172629678e-05,16.323221752272286,0.00019907948439854301,35,2.4556794837761897,85.94878193216664,9,1,depend,VB,VERB,2,NNP|VB,2,NOUN|VERB,0,1.2289667452414654,0.18229166666666666,2.4556794837761897,0.44764990589670123
deposit,77,1.8413704770440885e-05,15.72886055354888,0.0002896265946084825,35,2.4556794837761897,85.94878193216664,7,1,deposit,NN,NOUN,2,NN|NNP,1,NOUN,0,1.2290968681575343,0.18229166666666666,2.4556794837761897,0.44764990589670123
deposited,104,2.4870458391244834e-05,15.29520737610269,0.00038039881863282304,41,2.2274104961030723,91.32383034022597,9,1,deposit,VB,VERB,2,NNP|VB,2,NOUN|VERB,0,1.115122733316554,0.21354166666666666,2.2274104961030727,0.475644949688677
deprivation,223,5.3328002127380745e-05,14.194747194323478,0.0007569775085765143,87,1.142019004872428,99.35565342390123,11,1,depriv,NN,NOUN,2,NN|NNP,1,NOUN,0,0.5719713957370869,0.453125,1.142019004872428,0.5174773615828189
deprive,90,2.152251206934649e-05,15.503793997914109,0.0003336805934407681,44,2.1255308820838588,93.52335881168979,7,1,depriv,NN,NOUN,1,NN,1,NOUN,0,1.0638714077557287,0.22916666666666666,2.125530882083859,0.4871008271442177
deputies,2152,0.0005146271774803739,10.92418473168716,0.005621882354742358,109,0.8167781759442299,89.02882117792106,8,1,deputi,NNP,NOUN,2,NN|NNP,1,NOUN,0,0.4139053900564788,0.5677083333333334,0.8167781759442297,0.4636917769683388
derived,137,3.276204615000521e-05,14.897615011283255,0.00048807635052467243,69,1.4764380439429872,101.87422503206612,7,1,deriv,VB,VERB,1,VB,1,VERB,0,0.7391580447725787,0.359375,1.4764380439429872,0.530594922042011
derogation,71,1.6978870632484454e-05,15.845899974739101,0.0002690454857263839,35,2.4556794837761897,85.94878193216664,10,1,derog,NN,NOUN,2,NN|NNP,1,NOUN,0,1.2290453991433397,0.18229166666666666,2.4556794837761897,0.44764990589670123
descendants,59,1.4109202356571588e-05,16.11300404488194,0.00022734163464149579,31,2.6307661903342807,81.5537519003627,11,1,descend,NN,NOUN,2,NN|NNP,1,NOUN,0,1.3168665690169583,0.16145833333333334,2.6307661903342807,0.42475912448105574
descent,108,2.582701448321579e-05,15.240759592080314,0.00039362331871986827,36,2.415037499278844,86.94134997403839,7,1,descent,NN,NOUN,2,NN|NNP,1,NOUN,0,1.2089066784657745,0.1875,2.415037499278844,0.45281953111478324
described,176,4.208846804672203e-05,14.536215475606486,0.0006118070405653299,50,1.9411063109464315,97.05531554732157,9,1,describ,VB,VERB,1,VB,1,VERB,0,0.9719632890842798,0.2604166666666667,1.9411063109464315,0.5054964351422999
description,286,6.83937605759233e-05,13.835775757465393,0.0009462807345382519,58,1.726981505593584,100.16492732442786,11,1,descript,NN,NOUN,2,NN|NNP,1,NOUN,0,0.8649222514491658,0.3020833333333333,1.7269815055935842,0.5216923298147286
designate,225,5.380628017336622e-05,14.181865903026745,0.0007630734501593665,77,1.3181759600262548,101.49954892202162,9,1,design,NN,NOUN,2,NN|NNP,1,NOUN,0,0.6601001330898411,0.4010416666666667,1.3181759600262548,0.5286434839688626
designating,48,1.1478673103651461e-05,16.410684593522628,0.0001883728838561756,43,2.158697746019058,92.8240030788195,11,1,design,VB,VERB,1,VB,1,VERB,0,1.0802604860878993,0.22395833333333334,2.158697746019058,0.48345834936885157
designation,189,4.519727534562763e-05,14.43340467002271,0.0006523505650458841,79,1.2811817525440532,101.21335845098021,11,1,design,NN,NOUN,2,NN|NNP,1,NOUN,0,0.6414997491950408,0.4114583333333333,1.2811817525440532,0.5271529085988552
designed,117,2.7979265690150437e-05,15.125282374660378,0.00042319429419917224,62,1.630766190334281,101.10750380072542,8,1,design,VB,VERB,1,VB,1,VERB,0,0.8163075106111242,0.3229166666666667,1.630766190334281,0.526601582295445
desirable,118,2.8218404713143176e-05,15.113004044881942,0.0004264648645698485,41,2.2274104961030723,91.32383034022597,9,1,desir,NN,NOUN,1,NN,1,NOUN,0,1.114884485333546,0.21354166666666666,2.2274104961030727,0.475644949688677
desire,74,1.769628770146267e-05,15.786193728614833,0.00027935702593259384,52,1.8845227825800641,97.99518469416333,6,1,desir,NN,NOUN,2,NN|NNP,1,NOUN,0,0.9433000331463894,0.2708333333333333,1.8845227825800641,0.5103915869487673
desires,39,9.326421896716812e-06,16.710244875381534,0.00015584679370525824,31,2.6307661903342807,81.5537519003627,7,1,desir,NN,NOUN,1,NN,1,NOUN,0,1.3165149978774264,0.16145833333333334,2.6307661903342807,0.42475912448105574
detailed,190,4.5436414368620366e-05,14.425791485912836,0.0006554562395492513,47,2.030373649043519,95.42756150504539,8,1,detail,VB,VERB,2,NNP|VB,2,NOUN|VERB,0,1.0168273538000665,0.24479166666666666,2.030373649043519,0.4970185495054447
details,162,3.874052172482368e-05,14.655797091359158,0.0005677732256124072,32,2.584962500721156,82.718800023077,7,1,detail,NN,NOUN,2,NN|NNP,1,NOUN,0,1.2941964037282099,0.16666666666666666,2.584962500721156,0.430827083453526
determines,523,0.00012506970902520238,12.96497995799684,0.0016215262708642454,104,0.8845227825800641,91.99036938832667,10,1,determin,NN,NOUN,2,NN|NNP,1,NOUN,0,0.4438197969953126,0.5416666666666666,0.8845227825800641,0.479116507230868
determining,229,5.476283626533718e-05,14.156443306146839,0.0007752469868740478,93,1.0458036896131246,97.2597431340206,11,1,determin,VB,VERB,2,NNP|VB,2,NOUN|VERB,0,0.5237476410261572,0.484375,1.0458036896131246,0.5065611621563573
detrimental,52,1.2435229195622417e-05,16.29520737610269,0.00020263463851203395,36,2.415037499278844,86.94134997403839,11,1,detriment,NN,NOUN,2,NN|NNP,1,NOUN,0,1.2086358797155434,0.1875,2.415037499278844,0.45281953111478324
develop,369,8.824229948432062e-05,13.468170088183387,0.0011884622984272473,111,0.7905466343710503,87.75067641518659,7,1,develop,NN,NOUN,2,NN|NNP,1,NOUN,0,0.39632802732459266,0.578125,0.7905466343710503,0.45703477299576345
developed,55,1.3152646264600634e-05,16.214287380719124,0.00021326078635117658,38,2.3370349872775704,88.80732951654768,9,1,develop,VB,VERB,1,VB,1,VERB,0,1.1696051045756064,0.19791666666666666,2.337034987277571,0.46253817456535257
developing,103,2.4631319368252095e-05,15.309146567060564,0.0003770844783486489,47,2.030373649043519,95.42756150504539,10,1,develop,VB,VERB,2,NNP|VB,2,NOUN|VERB,0,1.0164364308944434,0.24479166666666666,2.030373649043519,0.4970185495054447
devolution,65,1.554403649452802e-05,15.973279281215328,0.00024828923608449934,35,2.4556794837761897,85.94878193216664,10,1,devolut,NN,NOUN,2,NN|NNP,1,NOUN,0,1.2289092280447649,0.18229166666666666,2.4556794837761897,0.44764990589670123
did,119,2.8457543736135915e-05,15.10082933093584,0.0004297325111370307,85,1.1755715645834544,99.92358298959363,3,1,did,NN,NOUN,1,NN,1,NOUN,0,0.5885032259211602,0.4427083333333333,1.1755715645834544,0.5204353280708001
died,52,1.2435229195622417e-05,16.29520737610269,0.00020263463851203395,31,2.6307661903342807,81.5537519003627,4,1,di,VB,VERB,1,VB,1,VERB,0,1.3165833916497425,0.16145833333333334,2.6307661903342807,0.42475912448105574
dies,195,4.663210948358406e-05,14.388316780494172,0.0006709575633924939,70,1.4556794837761897,101.89756386433328,4,1,di,NN,NOUN,1,NN,1,NOUN,0,0.728908141446417,0.3645833333333333,1.4556794837761897,0.5307164784600692
differences,69,1.6500592586498976e-05,15.887122637465614,0.0002621469380125652,46,2.0614005446641435,94.8244250545506,11,1,differ,NN,NOUN,2,NN|NNP,1,NOUN,0,1.0317365758685335,0.23958333333333334,2.0614005446641435,0.49387721382578437
diplomatic,308,7.365481908176354e-05,13.72886055354888,0.0010111967402704027,106,0.857042046157957,90.84645689274345,10,1,diplomat,NN,NOUN,2,NN|NNP,1,NOUN,0,0.42954344924769033,0.5520833333333334,0.8570420461579569,0.4731586296497054
directed,194,4.639297046059132e-05,14.395734252056656,0.0006678608739141872,87,1.142019004872428,99.35565342390123,8,1,direct,VB,VERB,1,VB,1,VERB,0,0.571881565213677,0.453125,1.142019004872428,0.5174773615828189
directing,70,1.6739731609491715e-05,15.866364077298815,0.0002655986762724628,40,2.263034405833794,90.52137623335176,9,1,direct,VB,VERB,2,NNP|VB,2,NOUN|VERB,0,1.132701793119373,0.20833333333333334,2.263034405833794,0.47146550121537373
direction,721,0.00017241923557776467,12.50179164500296,0.0021555493587838955,108,0.8300749985576875,89.64809984423025,9,1,direct,NN,NOUN,2,NN|NNP,1,NOUN,0,0.4163546687604723,0.5625,0.8300749985576875,0.46691718668869925
directions,394,9.422077505913908e-05,13.373595274787407,0.0012600705121177094,61,1.6542251631582698,100.90773495265447,10,1,direct,NN,NOUN,2,NN|NNP,1,NOUN,0,0.8288441116484954,0.3177083333333333,1.65422516315827,0.5255611195450753
directive,125,2.989237787409235e-05,15.029862809581696,0.00044927833849978333,33,2.5405683813627027,83.83875658496919,9,1,direct,NNP,NOUN,2,NN|NNP,1,NOUN,0,1.271587196244883,0.171875,2.5405683813627027,0.4366601905467145
directives,118,2.8218404713143176e-05,15.113004044881942,0.0004264648645698485,43,2.158697746019058,92.8240030788195,10,1,direct,NN,NOUN,2,NN|NNP,1,NOUN,0,1.0805590224778592,0.22395833333333334,2.158697746019058,0.48345834936885157
director,944,0.0002257472377051454,12.113004044881942,0.0027344772034433515,67,1.5188733102633836,101.7645117876467,8,1,director,NNP,NOUN,2,NN|NNP,1,NOUN,0,0.762411267956488,0.3489583333333333,1.5188733102633838,0.5300234988939933
directors,271,6.480667523103221e-05,13.913498052889912,0.0009016875496412355,53,1.857042046157957,98.42322844637172,9,1,director,NN,NOUN,2,NN|NNP,1,NOUN,0,0.9301076481201423,0.2760416666666667,1.8570420461579569,0.5126209814915194
directs,124,2.965323885109961e-05,15.041450783856908,0.00044602773276076834,65,1.5625946876927017,101.5686547000256,7,1,direct,NN,NOUN,2,NN|NNP,1,NOUN,0,0.7822331215470771,0.3385416666666667,1.5625946876927015,0.5290034098959667
disabilities,155,3.706654856387451e-05,14.719522688969546,0.0005456019025877423,61,1.6542251631582698,100.90773495265447,12,1,disabl,NN,NOUN,2,NN|NNP,1,NOUN,0,0.8280801147370772,0.3177083333333333,1.65422516315827,0.5255611195450753
disabled,172,4.113191195475107e-05,14.569382339541685,0.0005992665516251337,68,1.4974996594708168,101.82997684401553,8,1,disabl,VB,VERB,2,NNP|VB,2,NOUN|VERB,0,0.7498560417762633,0.3541666666666667,1.4974996594708165,0.5303644627292475
disadvantage,117,2.7979265690150437e-05,15.125282374660378,0.00042319429419917224,39,2.299560281858908,89.68285099249741,12,1,disadvantag,NN,NOUN,1,NN,1,NOUN,0,1.1509352422643742,0.203125,2.299560281858908,0.46709818225259064
disagreement,60,1.4348341379564327e-05,16.088756498635263,0.00023084697061510282,34,2.497499659470817,84.91498842200778,12,1,disagr,NN,NOUN,2,NN|NNP,1,NOUN,0,1.2499774825735857,0.17708333333333334,2.4974996594708165,0.44226556469795714
disaster,98,2.34356242532884e-05,15.380937250128575,0.00036046186605742024,52,1.8845227825800641,97.99518469416333,8,1,disast,NN,NOUN,2,NN|NNP,1,NOUN,0,0.9433317895867623,0.2708333333333333,1.8845227825800641,0.5103915869487673
disasters,64,1.530489747153528e-05,15.995647094243783,0.00024481173876826233,47,2.030373649043519,95.42756150504539,9,1,disast,NN,NOUN,1,NN,1,NOUN,0,1.0162267835756202,0.24479166666666666,2.030373649043519,0.4970185495054447
discharge,924,0.00022096445724529063,12.143898052827724,0.00268336984208522,113,0.7647835383059685,86.42053982857443,9,1,discharg,NN,NOUN,2,NN|NNP,1,NOUN,0,0.38402003159407055,0.5885416666666666,0.7647835383059687,0.4501069782738253
discharged,112,2.6783570575186742e-05,15.188292172186179,0.00040679669531030484,53,1.857042046157957,98.42322844637172,10,1,discharg,VB,VERB,2,NNP|VB,2,NOUN|VERB,0,0.9295973784128103,0.2760416666666667,1.8570420461579569,0.5126209814915194
discharging,140,3.347946321898343e-05,14.866364077298815,0.0004977178893259423,47,2.030373649043519,95.42756150504539,11,1,discharg,VB,VERB,2,NNP|VB,2,NOUN|VERB,0,1.0164391147106355,0.24479166666666666,2.030373649043519,0.4970185495054447
discipline,312,7.46113751737345e-05,13.710244875381534,0.0010229402241208625,107,0.8434955143200092,90.25402003224099,10,1,disciplin,NN,NOUN,2,NN|NNP,1,NOUN,0,0.42260686371549605,0.5572916666666666,0.8434955143200094,0.4700730210012552
disciplined,283,6.767634350694508e-05,13.8509888514119,0.0009373842794190184,33,2.5405683813627027,83.83875658496919,11,1,disciplin,VB,VERB,2,NNP|VB,2,NOUN|VERB,0,1.2723970855688134,0.171875,2.5405683813627027,0.4366601905467145
disclose,83,1.984853890839732e-05,15.620607662896857,0.0003100462389698176,42,2.192645077942396,92.09109327358063,8,1,disclos,NN,NOUN,1,NN,1,NOUN,0,1.0973559859312718,0.21875,2.192645077942396,0.4796411107998991
disclosure,115,2.750098764416496e-05,15.150157043299407,0.00041664428165493573,58,1.726981505593584,100.16492732442786,10,1,disclosur,NN,NOUN,2,NN|NNP,1,NOUN,0,0.8644538912141161,0.3020833333333333,1.7269815055935842,0.5216923298147286
discontinue,64,1.530489747153528e-05,15.995647094243783,0.00024481173876826233,36,2.415037499278844,86.94134997403839,11,1,discontinu,NN,NOUN,1,NN,1,NOUN,0,1.208577701824741,0.1875,2.415037499278844,0.45281953111478324
discretion,283,6.767634350694508e-05,13.8509888514119,0.0009373842794190184,59,1.702319451359315,100.43684763019958,10,1,discret,NN,NOUN,2,NN|NNP,1,NOUN,0,0.8525313551483431,0.3072916666666667,1.7023194513593147,0.5231085814072894
discriminated,54,1.2913507241607895e-05,16.240759592080313,0.00020972516660154199,43,2.158697746019058,92.8240030788195,13,1,discrimin,VB,VERB,1,VB,1,VERB,0,1.0803400361180104,0.22395833333333334,2.158697746019058,0.48345834936885157
discriminatory,114,2.726184862117222e-05,15.162757080079041,0.00041336478819672213,50,1.9411063109464315,97.05531554732157,14,1,discriminatori,NN,NOUN,1,NN,1,NOUN,0,0.9715678565988709,0.2604166666666667,1.9411063109464315,0.5054964351422999
discuss,100,2.3913902299273878e-05,15.351790904469057,0.0003671212278083544,50,1.9411063109464315,97.05531554732157,7,1,discuss,NN,NOUN,2,NN|NNP,1,NOUN,0,0.9718517157139904,0.2604166666666667,1.9411063109464315,0.5054964351422999
discussed,90,2.152251206934649e-05,15.503793997914109,0.0003336805934407681,45,2.0931094043914813,94.18992319761666,9,1,discuss,VB,VERB,1,VB,1,VERB,0,1.047726339398907,0.234375,2.0931094043914813,0.49057251665425344
discussion,210,5.0219194828475145e-05,14.28140157657766,0.0007172004881978455,81,1.2451124978365313,100.85411232475904,10,1,discuss,NN,NOUN,2,NN|NNP,1,NOUN,0,0.6236332265005394,0.421875,1.2451124978365313,0.5252818350247866
disease,80,1.91311218394191e-05,15.67371899935642,0.0002998558278535057,54,1.8300749985576876,98.82404992211514,7,1,diseas,NN,NOUN,1,NN,1,NOUN,0,0.9159923054503388,0.28125,1.8300749985576876,0.5147085933443496
diseases,59,1.4109202356571588e-05,16.11300404488194,0.00022734163464149579,39,2.299560281858908,89.68285099249741,8,1,diseas,NN,NOUN,1,NN,1,NOUN,0,1.1508266758398582,0.203125,2.299560281858908,0.46709818225259064
dismiss,223,5.3328002127380745e-05,14.194747194323478,0.0007569775085765143,85,1.1755715645834544,99.92358298959363,7,1,dismiss,NN,NOUN,2,NN|NNP,1,NOUN,0,0.5888980104158607,0.4427083333333333,1.1755715645834544,0.5204353280708001
dismissal,323,7.724190442665462e-05,13.660256739549858,0.0010551442455198749,100,0.9411063109464314,94.11063109464314,9,1,dismiss,NN,NOUN,2,NN|NNP,1,NOUN,0,0.4716580593419144,0.5208333333333334,0.9411063109464314,0.4901595369512664
dismissed,237,5.667594844927909e-05,14.106903845345524,0.0007995221551177399,86,1.1586977460190582,99.648006157639,9,1,dismiss,VB,VERB,2,NNP|VB,2,NOUN|VERB,0,0.5805031928257385,0.4479166666666667,1.1586977460190582,0.5190000320710365
disposal,160,3.82622436788382e-05,14.67371899935642,0.0005614494120281733,78,1.2995602818589078,101.36570198499481,8,1,dispos,NN,NOUN,2,NN|NNP,1,NOUN,0,0.6506998129984708,0.40625,1.2995602818589078,0.5279463645051813
dispose,140,3.347946321898343e-05,14.866364077298815,0.0004977178893259423,80,1.2630344058337937,101.04275246670349,7,1,dispos,NN,NOUN,1,NN,1,NOUN,0,0.6323034490858553,0.4166666666666667,1.2630344058337937,0.5262643357640807
disposed,55,1.3152646264600634e-05,16.214287380719124,0.00021326078635117658,39,2.299560281858908,89.68285099249741,8,1,dispos,VB,VERB,1,VB,1,VERB,0,1.150883896927898,0.203125,2.299560281858908,0.46709818225259064
disposition,77,1.8413704770440885e-05,15.72886055354888,0.0002896265946084825,38,2.3370349872775704,88.80732951654768,11,1,disposit,NN,NOUN,2,NN|NNP,1,NOUN,0,1.16965965679136,0.19791666666666666,2.337034987277571,0.46253817456535257
dispute,207,4.950177775949693e-05,14.302160136744456,0.0007079823525698603,84,1.1926450779423958,100.18218654716125,7,1,disput,NN,NOUN,2,NN|NNP,1,NOUN,0,0.5972582816391515,0.4375,1.1926450779423958,0.5217822215997981
disqualification,178,4.2566746092707505e-05,14.519913663277384,0.000618065478192763,59,1.702319451359315,100.43684763019958,16,1,disqualif,NN,NOUN,2,NN|NNP,1,NOUN,0,0.8522186909909276,0.3072916666666667,1.7023194513593147,0.5231085814072894
disqualifications,104,2.4870458391244834e-05,15.29520737610269,0.00038039881863282304,42,2.192645077942396,92.09109327358063,17,1,disqualif,NN,NOUN,2,NN|NNP,1,NOUN,0,1.0973944275302003,0.21875,2.192645077942396,0.4796411107998991
disqualified,463,0.00011072136764563805,13.140778710983547,0.001454964990808783,66,1.5405683813627027,101.67751316993838,12,1,disqualifi,VB,VERB,1,VB,1,VERB,0,0.7719830071069432,0.34375,1.5405683813627027,0.529570381093429
disseminate,85,2.0326816954382796e-05,15.586256158106082,0.00031681897592994397,56,1.777607578663552,99.5460244051589,11,1,dissemin,NN,NOUN,1,NN,1,NOUN,0,0.8897785801960079,0.2916666666666667,1.777607578663552,0.5184688771102026
dissemination,146,3.4914297356939864e-05,14.805822535363765,0.0005169348906137718,51,1.9125371587496605,97.53939509623268,13,1,dissemin,NN,NOUN,2,NN|NNP,1,NOUN,0,0.9574331530708245,0.265625,1.9125371587496605,0.5080176827928785
distinction,87,2.0805095000368274e-05,15.552703598395054,0.0003235754758771786,53,1.857042046157957,98.42322844637172,11,1,distinct,NN,NOUN,1,NN,1,NOUN,0,0.9296064196376029,0.2760416666666667,1.8570420461579569,0.5126209814915194
distinguished,43,1.0282977988687768e-05,16.569382339541683,0.00017038259388365895,31,2.6307661903342807,81.5537519003627,13,1,distinguish,VB,VERB,2,NNP|VB,2,NOUN|VERB,0,1.3165201413722085,0.16145833333333334,2.6307661903342807,0.42475912448105574
distributed,104,2.4870458391244834e-05,15.29520737610269,0.00038039881863282304,41,2.2274104961030723,91.32383034022597,11,1,distribut,VB,VERB,1,VB,1,VERB,0,1.1149141193842165,0.21354166666666666,2.2274104961030727,0.475644949688677
distribution,360,8.609004827738597e-05,13.503793997914109,0.0011625422772083005,101,0.9267510179693613,93.6018528149055,12,1,distribut,NN,NOUN,2,NN|NNP,1,NOUN,0,0.4643952971629663,0.5260416666666666,0.9267510179693615,0.48750965007763286
district,1532,0.0003663609832248758,11.414446512318825,0.0041818078472208794,88,1.1255308820838588,99.04671762337958,8,1,district,NNP,NOUN,2,NN|NNP,1,NOUN,0,0.5660402968326058,0.4583333333333333,1.1255308820838592,0.5158683209551022
districts,394,9.422077505913908e-05,13.373595274787407,0.0012600705121177094,85,1.1755715645834544,99.92358298959363,9,1,district,NN,NOUN,2,NN|NNP,1,NOUN,0,0.5893698397188313,0.4427083333333333,1.1755715645834544,0.5204353280708001
diverse,51,1.2196090172629678e-05,16.323221752272286,0.00019907948439854301,32,2.584962500721156,82.718800023077,7,1,divers,NN,NOUN,2,NN|NNP,1,NOUN,0,1.2935796209417816,0.16666666666666666,2.584962500721156,0.430827083453526
diversity,157,3.7544826609859986e-05,14.701026345352156,0.0005519474851232303,55,1.8036027871964966,99.19815329580732,9,1,divers,NN,NOUN,2,NN|NNP,1,NOUN,0,0.9030436458308883,0.2864583333333333,1.8036027871964966,0.5166570484156631
divided,384,9.182938482921169e-05,13.410684593522626,0.0012314949163617695,114,0.7520724865564145,85.73626346743124,7,1,divid,VB,VERB,1,VB,1,VERB,0,0.3769747735514659,0.59375,0.7520724865564145,0.44654303889287106
division,787,0.00018820241109528542,12.375427268736296,0.0023290852503105135,119,0.6901447374132127,82.12722375217231,8,1,divis,NNP,NOUN,2,NN|NNP,1,NOUN,0,0.34644254208920056,0.6197916666666666,0.6901447374132127,0.4277459570425641
divisions,163,3.897966074781642e-05,14.646918940012705,0.0005709319312824622,48,2.0,96.0,9,1,divis,NN,NOUN,2,NN|NNP,1,NOUN,0,1.0013568253941265,0.25,2.0,0.5
divorce,60,1.4348341379564327e-05,16.088756498635263,0.00023084697061510282,45,2.0931094043914813,94.18992319761666,7,1,divorc,NN,NOUN,2,NN|NNP,1,NOUN,0,1.047505541888588,0.234375,2.0931094043914813,0.49057251665425344
document,220,5.2610585058402535e-05,14.214287380719123,0.0007478219752879012,54,1.8300749985576876,98.82404992211514,8,1,document,NN,NOUN,2,NN|NNP,1,NOUN,0,0.916235926833155,0.28125,1.8300749985576876,0.5147085933443496
doing,128,3.060979494307056e-05,14.995647094243783,0.0004590136825934541,63,1.6076825772212395,101.28400236493809,5,1,do,VB,VERB,2,NNP|VB,2,NOUN|VERB,0,0.8047942438992611,0.328125,1.6076825772212395,0.5275208456507192
domain,245,5.8589060633221e-05,14.059009155241212,0.0008237041398394366,53,1.857042046157957,98.42322844637172,6,1,domain,NN,NOUN,2,NN|NNP,1,NOUN,0,0.930359617764508,0.2760416666666667,1.8570420461579569,0.5126209814915194
domestic,242,5.7871643564242786e-05,14.076783856969188,0.0008146466179014076,79,1.2811817525440532,101.21335845098021,8,1,domest,NN,NOUN,2,NN|NNP,1,NOUN,0,0.6417531777400768,0.4114583333333333,1.2811817525440532,0.5271529085988552
domicile,149,3.563171442591808e-05,14.77647857378162,0.0005265112647616839,66,1.5405683813627027,101.67751316993838,8,1,domicil,NN,NOUN,2,NN|NNP,1,NOUN,0,0.7713704829209287,0.34375,1.5405683813627027,0.529570381093429
domiciled,62,1.4826619425549805e-05,16.041450783856906,0.00023784048580593393,31,2.6307661903342807,81.5537519003627,9,1,domicil,VB,VERB,1,VB,1,VERB,0,1.3165210518751187,0.16145833333333334,2.6307661903342807,0.42475912448105574
doubt,107,2.558787546022305e-05,15.254180107842636,0.0003903220608472892,42,2.192645077942396,92.09109327358063,5,1,doubt,NN,NOUN,1,NN,1,NOUN,0,1.0974926612045504,0.21875,2.192645077942396,0.4796411107998991
drafting,99,2.367476327628114e-05,15.366290474164172,0.0003637932894104106,41,2.2274104961030723,91.32383034022597,8,1,draft,VB,VERB,2,NNP|VB,2,NOUN|VERB,0,1.1149413590609452,0.21354166666666666,2.2274104961030727,0.475644949688677
drafts,62,1.4826619425549805e-05,16.041450783856906,0.00023784048580593393,42,2.192645077942396,92.09109327358063,6,1,draft,NN,NOUN,2,NN|NNP,1,NOUN,0,1.0974253192915286,0.21875,2.192645077942396,0.4796411107998991
draw,138,3.300118517299795e-05,14.887122637465614,0.0004912926908521324,54,1.8300749985576876,98.82404992211514,4,1,draw,NN,NOUN,2,NN|NNP,1,NOUN,0,0.9162225498771552,0.28125,1.8300749985576876,0.5147085933443496
drawing,86,2.0565955977375535e-05,15.569382339541685,0.0003201992317899424,35,2.4556794837761897,85.94878193216664,7,1,draw,VB,VERB,2,NNP|VB,2,NOUN|VERB,0,1.2291114469673179,0.18229166666666666,2.4556794837761897,0.44764990589670123
drawn,116,2.7740126667157698e-05,15.13766609911621,0.00041992077503462264,52,1.8845227825800641,97.99518469416333,5,1,drawn,NN,NOUN,1,NN,1,NOUN,0,0.943376568898167,0.2708333333333333,1.8845227825800641,0.5103915869487673
drugs,66,1.578317551752076e-05,15.95125297488533,0.0002517614254269903,48,2.0,96.0,5,1,drug,NN,NOUN,2,NN|NNP,1,NOUN,0,1.0008703667298666,0.25,2.0,0.5
dual,40,9.56556091970955e-06,16.67371899935642,0.00015949347484646242,32,2.584962500721156,82.718800023077,4,1,dual,NN,NOUN,2,NN|NNP,1,NOUN,0,1.2936193209505393,0.16666666666666666,2.584962500721156,0.430827083453526
duly,440,0.00010522117011680507,13.214287380719123,0.0013904227804589972,112,0.777607578663552,87.09204881031782,4,1,duli,RB,ADV,2,NNP|RB,2,ADV|NOUN,0,0.3897423946619581,0.5833333333333334,0.777607578663552,0.45360442088707204
earlier,304,7.26982629897926e-05,13.747719580800197,0.000999435333594934,87,1.142019004872428,99.35565342390123,7,1,earlier,NN,NOUN,1,NN,1,NOUN,0,0.5721163055816433,0.453125,1.142019004872428,0.5174773615828189
early,73,1.7457148678469932e-05,15.805822535363765,0.00027592459398535584,36,2.415037499278844,86.94134997403839,5,1,earli,RB,ADV,2,NNP|RB,2,ADV|NOUN,0,1.2088122296243045,0.1875,2.415037499278844,0.45281953111478324
ecological,112,2.6783570575186742e-05,15.188292172186179,0.00040679669531030484,44,2.1255308820838588,93.52335881168979,10,1,ecolog,NN,NOUN,2,NN|NNP,1,NOUN,0,1.0639492799427532,0.22916666666666666,2.125530882083859,0.4871008271442177
economy,456,0.00010904739448468888,13.162757080079041,0.0014353643638175108,109,0.8167781759442299,89.02882117792106,7,1,economi,NN,NOUN,2,NN|NNP,1,NOUN,0,0.4097426399297866,0.5677083333333334,0.8167781759442297,0.4636917769683388
educate,59,1.4109202356571588e-05,16.11300404488194,0.00022734163464149579,43,2.158697746019058,92.8240030788195,7,1,educ,NN,NOUN,1,NN,1,NOUN,0,1.080389445769483,0.22395833333333334,2.158697746019058,0.48345834936885157
effected,124,2.965323885109961e-05,15.041450783856908,0.00044602773276076834,48,2.0,96.0,8,1,effect,VB,VERB,1,VB,1,VERB,0,1.0011109087957157,0.25,2.0,0.5
effecting,51,1.2196090172629678e-05,16.323221752272286,0.00019907948439854301,36,2.415037499278844,86.94134997403839,9,1,effect,VB,VERB,1,VB,1,VERB,0,1.2085344516864576,0.1875,2.415037499278844,0.45281953111478324
effectively,147,3.51534363799326e-05,14.795974749407417,0.0005201293570323829,70,1.4556794837761897,101.89756386433328,11,1,effect,RB,ADV,2,NNP|RB,2,ADV|NOUN,0,0.7286864283614788,0.3645833333333333,1.4556794837761897,0.5307164784600692
effectiveness,108,2.582701448321579e-05,15.240759592080314,0.00039362331871986827,48,2.0,96.0,13,1,effect,NN,NOUN,2,NN|NNP,1,NOUN,0,1.0010448777524257,0.25,2.0,0.5
effects,174,4.161019000073655e-05,14.552703598395054,0.0006055407617536207,57,1.7520724865564143,99.86813173371561,7,1,effect,NN,NOUN,2,NN|NNP,1,NOUN,0,0.8773030220885875,0.296875,1.7520724865564143,0.5201465194464355
efficiency,175,4.184932902372929e-05,14.544435982411454,0.0006086748868925042,67,1.5188733102633836,101.7645117876467,10,1,effici,NN,NOUN,1,NN,1,NOUN,0,0.7604371402530182,0.3489583333333333,1.5188733102633838,0.5300234988939933
efficient,197,4.711038752956954e-05,14.373595274787407,0.0006771456435884243,70,1.4556794837761897,101.89756386433328,9,1,effici,NN,NOUN,2,NN|NNP,1,NOUN,0,0.728842932838587,0.3645833333333333,1.4556794837761897,0.5307164784600692
effort,44,1.0522117011680507e-05,16.536215475606486,0.00017399599416469347,33,2.5405683813627027,83.83875658496919,6,1,effort,NN,NOUN,1,NN,1,NOUN,0,1.2713809952463289,0.171875,2.5405683813627027,0.4366601905467145
efforts,62,1.4826619425549805e-05,16.041450783856906,0.00023784048580593393,39,2.299560281858908,89.68285099249741,7,1,effort,NN,NOUN,1,NN,1,NOUN,0,1.151054470968728,0.203125,2.299560281858908,0.46709818225259064
eighteen,323,7.724190442665462e-05,13.660256739549858,0.0010551442455198749,113,0.7647835383059685,86.42053982857443,8,1,eighteen,NN,NOUN,2,NN|NNP,1,NOUN,0,0.3831916309903424,0.5885416666666666,0.7647835383059687,0.4501069782738253
elapsed,104,2.4870458391244834e-05,15.29520737610269,0.00038039881863282304,49,1.970252656605948,96.54238017369146,7,1,elaps,VB,VERB,1,VB,1,VERB,0,0.9862420573338341,0.2552083333333333,1.9702526566059482,0.5028248967379764
elderly,111,2.6544431552194007e-05,15.201231227893677,0.00040350804183789774,46,2.0614005446641435,94.8244250545506,7,1,elderli,RB,ADV,2,NNP|RB,2,ADV|NOUN,0,1.0318670584778522,0.23958333333333334,2.0614005446641435,0.49387721382578437
electing,114,2.726184862117222e-05,15.162757080079041,0.00041336478819672213,62,1.630766190334281,101.10750380072542,8,1,elect,VB,VERB,2,NNP|VB,2,NOUN|VERB,0,0.8163935122552305,0.3229166666666667,1.630766190334281,0.526601582295445
elective,155,3.706654856387451e-05,14.719522688969546,0.0005456019025877423,55,1.8036027871964966,99.19815329580732,8,1,elect,NN,NOUN,2,NN|NNP,1,NOUN,0,0.9030338088831283,0.2864583333333333,1.8036027871964966,0.5166570484156631
electorate,96,2.2957346207302922e-05,15.410684593522626,0.0003537884215050482,38,2.3370349872775704,88.80732951654768,10,1,elector,NN,NOUN,2,NN|NNP,1,NOUN,0,1.169853822638117,0.19791666666666666,2.337034987277571,0.46253817456535257
electors,299,7.15025678748289e-05,13.771645420045678,0.0009847080113948926,75,1.3561438102252754,101.71078576689565,8,1,elector,NN,NOUN,2,NN|NNP,1,NOUN,0,0.6797326247952887,0.390625,1.3561438102252754,0.5297436758692482
elects,118,2.8218404713143176e-05,15.113004044881942,0.0004264648645698485,47,2.030373649043519,95.42756150504539,6,1,elect,NN,NOUN,1,NN,1,NOUN,0,1.0166381839649585,0.24479166666666666,2.030373649043519,0.4970185495054447
elements,82,1.960939988540458e-05,15.638095089625699,0.0003066536600584521,32,2.584962500721156,82.718800023077,8,1,element,NN,NOUN,1,NN,1,NOUN,0,1.2937251456668595,0.16666666666666666,2.584962500721156,0.430827083453526
eligibility,135,3.2283768104019735e-05,14.918831497192953,0.00048163609643832284,68,1.4974996594708168,101.82997684401553,11,1,elig,NN,NOUN,2,NN|NNP,1,NOUN,0,0.7498519084930596,0.3541666666666667,1.4974996594708165,0.5303644627292475
eliminate,90,2.152251206934649e-05,15.503793997914109,0.0003336805934407681,51,1.9125371587496605,97.53939509623268,9,1,elimin,NN,NOUN,2,NN|NNP,1,NOUN,0,0.9572875633850438,0.265625,1.9125371587496605,0.5080176827928785
elimination,74,1.769628770146267e-05,15.786193728614833,0.00027935702593259384,49,1.970252656605948,96.54238017369146,11,1,elimin,NN,NOUN,2,NN|NNP,1,NOUN,0,0.986145705390344,0.2552083333333333,1.9702526566059482,0.5028248967379764
emblem,103,2.4631319368252095e-05,15.309146567060564,0.0003770844783486489,65,1.5625946876927017,101.5686547000256,6,1,emblem,NN,NOUN,2,NN|NNP,1,NOUN,0,0.7823667303901103,0.3385416666666667,1.5625946876927015,0.5290034098959667
emolument,84,2.0087677931390057e-05,15.603329671465023,0.0003134346610976916,41,2.2274104961030723,91.32383034022597,9,1,emolu,NN,NOUN,2,NN|NNP,1,NOUN,0,1.1148560944689716,0.21354166666666666,2.2274104961030727,0.475644949688677
emoluments,137,3.276204615000521e-05,14.897615011283255,0.00048807635052467243,53,1.857042046157957,98.42322844637172,10,1,emolu,NN,NOUN,2,NN|NNP,1,NOUN,0,0.9295736185412719,0.2760416666666667,1.8570420461579569,0.5126209814915194
employed,186,4.4479858276649417e-05,14.456488283135752,0.000643022550011921,77,1.3181759600262548,101.49954892202162,8,1,emploi,VB,VERB,2,NNP|VB,2,NOUN|VERB,0,0.660047584248474,0.4010416666666667,1.3181759600262548,0.5286434839688626
employee,174,4.161019000073655e-05,14.552703598395054,0.0006055407617536207,52,1.8845227825800641,97.99518469416333,8,1,employe,NN,NOUN,2,NN|NNP,1,NOUN,0,0.943556814199365,0.2708333333333333,1.8845227825800641,0.5103915869487673
employees,541,0.00012937421143907168,12.916162310416967,0.0016710183137292533,101,0.9267510179693613,93.6018528149055,9,1,employe,NN,NOUN,2,NN|NNP,1,NOUN,0,0.46478025415999213,0.5260416666666666,0.9267510179693615,0.48750965007763286
employer,69,1.6500592586498976e-05,15.887122637465614,0.0002621469380125652,32,2.584962500721156,82.718800023077,8,1,employ,NN,NOUN,2,NN|NNP,1,NOUN,0,1.293623138368156,0.16666666666666666,2.584962500721156,0.430827083453526
employers,171,4.089277293175833e-05,14.577794579357885,0.0005961264435794995,63,1.6076825772212395,101.28400236493809,9,1,employ,NN,NOUN,2,NN|NNP,1,NOUN,0,0.8049436731524398,0.328125,1.6076825772212395,0.5275208456507192
empower,54,1.2913507241607895e-05,16.240759592080313,0.00020972516660154199,35,2.4556794837761897,85.94878193216664,7,1,empow,NN,NOUN,1,NN,1,NOUN,0,1.228929417141306,0.18229166666666666,2.4556794837761897,0.44764990589670123
empowered,189,4.519727534562763e-05,14.43340467002271,0.0006523505650458841,81,1.2451124978365313,100.85411232475904,9,1,empow,VB,VERB,1,VB,1,VERB,0,0.6234551326118885,0.421875,1.2451124978365313,0.5252818350247866
enable,281,6.71980654609596e-05,13.861220774022856,0.0009314472209416009,83,1.2099230693742313,100.4236147580612,6,1,enabl,NN,NOUN,1,NN,1,NOUN,0,0.6060233880618028,0.4322916666666667,1.2099230693742313,0.5230396601982354
enabling,156,3.730568758686725e-05,14.710244875381534,0.0005487757996472984,76,1.3370349872775706,101.61465903309536,8,1,enabl,VB,VERB,2,NNP|VB,2,NOUN|VERB,0,0.6694221000791506,0.3958333333333333,1.3370349872775709,0.5292430157973718
enact,388,9.278594092118264e-05,13.395734252056656,0.0012429358069071916,82,1.2274104961030725,100.64766068045195,5,1,enact,NN,NOUN,2,NN|NNP,1,NOUN,0,0.6152837044120051,0.4270833333333333,1.2274104961030727,0.5242065660440206
enacted,844,0.00020183333540587154,12.274547905536597,0.002477412944373606,111,0.7905466343710503,87.75067641518659,7,1,enact,VB,VERB,2,NNP|VB,2,NOUN|VERB,0,0.3968823604287888,0.578125,0.7905466343710503,0.45703477299576345
enacting,46,1.1000395057665985e-05,16.47208513818677,0.00018119944394356306,31,2.6307661903342807,81.5537519003627,8,1,enact,VB,VERB,2,NNP|VB,2,NOUN|VERB,0,1.3166750610457814,0.16145833333333334,2.6307661903342807,0.42475912448105574
enactment,376,8.991627264526978e-05,13.441058242566145,0.001208569857579528,96,1.0,96.0,9,1,enact,NN,NOUN,2,NN|NNP,1,NOUN,0,0.5011332207596388,0.5,1.0,0.5
encourage,268,6.408925816205399e-05,13.92955790378601,0.0008927350325790213,84,1.1926450779423958,100.18218654716125,9,1,encourag,NN,NOUN,2,NN|NNP,1,NOUN,0,0.5975333984844976,0.4375,1.1926450779423958,0.5217822215997981
encouraged,39,9.326421896716812e-06,16.710244875381534,0.00015584679370525824,31,2.6307661903342807,81.5537519003627,10,1,encourag,VB,VERB,1,VB,1,VERB,0,1.3164859528072392,0.16145833333333334,2.6307661903342807,0.42475912448105574
encouragement,42,1.0043838965695029e-05,16.603329671465023,0.00016676116951454083,31,2.6307661903342807,81.5537519003627,13,1,encourag,NN,NOUN,2,NN|NNP,1,NOUN,0,1.316537178005153,0.16145833333333334,2.6307661903342807,0.42475912448105574
endanger,62,1.4826619425549805e-05,16.041450783856906,0.00023784048580593393,45,2.0931094043914813,94.18992319761666,8,1,endang,NN,NOUN,1,NN,1,NOUN,0,1.047527559618179,0.234375,2.0931094043914813,0.49057251665425344
endeavour,113,2.702270959817948e-05,15.175468131828595,0.0004100822683428314,32,2.584962500721156,82.718800023077,9,1,endeavour,NN,NOUN,1,NN,1,NOUN,0,1.2940018873482537,0.16666666666666666,2.584962500721156,0.430827083453526
ending,95,2.2718207184310183e-05,15.425791485912836,0.0003504463269589358,48,2.0,96.0,6,1,end,VB,VERB,1,VB,1,VERB,0,1.0010478259008109,0.25,2.0,0.5
ends,136,3.2522907127012474e-05,14.908184252993443,0.0004848574918924956,72,1.4150374992788437,101.88269994807675,4,1,end,NN,NOUN,2,NN|NNP,1,NOUN,0,0.7085065916675526,0.375,1.4150374992788437,0.5306390622295664
enemy,96,2.2957346207302922e-05,15.410684593522626,0.0003537884215050482,50,1.9411063109464315,97.05531554732157,5,1,enemi,NN,NOUN,2,NN|NNP,1,NOUN,0,0.9715585358345963,0.2604166666666667,1.9411063109464315,0.5054964351422999
energy,150,3.587085344891082e-05,14.766828403747901,0.0005296987375760547,47,2.030373649043519,95.42756150504539,6,1,energi,NN,NOUN,2,NN|NNP,1,NOUN,0,1.0164496956056353,0.24479166666666666,2.030373649043519,0.4970185495054447
enforce,148,3.539257540292534e-05,14.786193728614833,0.0005233214764622623,66,1.5405683813627027,101.67751316993838,7,1,enforc,NN,NOUN,2,NN|NNP,1,NOUN,0,0.771413826898704,0.34375,1.5405683813627027,0.529570381093429
enforceable,79,1.8891982816426363e-05,15.69186634606668,0.00029645046936755087,44,2.1255308820838588,93.52335881168979,11,1,enforc,NN,NOUN,2,NN|NNP,1,NOUN,0,1.0639434640127903,0.22916666666666666,2.125530882083859,0.4871008271442177
enforced,91,2.176165109233923e-05,15.487852454045086,0.0003370412412745591,52,1.8845227825800641,97.99518469416333,8,1,enforc,VB,VERB,2,NNP|VB,2,NOUN|VERB,0,0.9433079775379123,0.2708333333333333,1.8845227825800641,0.5103915869487673
enforcement,447,0.00010689514327775423,13.191516073060464,0.001410109000680596,116,0.726981505593584,84.32985464885574,11,1,enforc,NN,NOUN,2,NN|NNP,1,NOUN,0,0.3644719959390837,0.6041666666666666,0.7269815055935842,0.43921799296279046
enforcing,104,2.4870458391244834e-05,15.29520737610269,0.00038039881863282304,50,1.9411063109464315,97.05531554732157,9,1,enforc,VB,VERB,2,NNP|VB,2,NOUN|VERB,0,0.9715440536109202,0.2604166666666667,1.9411063109464315,0.5054964351422999
engage,282,6.743720448395234e-05,13.856095741844989,0.0009344163618920218,116,0.726981505593584,84.32985464885574,6,1,engag,NN,NOUN,2,NN|NNP,1,NOUN,0,0.3642818046635665,0.6041666666666666,0.7269815055935842,0.43921799296279046
engaged,151,3.610999247190356e-05,14.757242354918704,0.0005328839103421707,68,1.4974996594708168,101.82997684401553,7,1,engag,VB,VERB,2,NNP|VB,2,NOUN|VERB,0,0.7496998139054628,0.3541666666666667,1.4974996594708165,0.5303644627292475
english,210,5.0219194828475145e-05,14.28140157657766,0.0007172004881978455,54,1.8300749985576876,98.82404992211514,7,1,english,NNP,NOUN,1,NNP,1,NOUN,0,0.9164792789156769,0.28125,1.8300749985576876,0.5147085933443496
enhance,74,1.769628770146267e-05,15.786193728614833,0.00027935702593259384,36,2.415037499278844,86.94134997403839,7,1,enhanc,NN,NOUN,1,NN,1,NOUN,0,1.2087285982969147,0.1875,2.415037499278844,0.45281953111478324
enjoyed,44,1.0522117011680507e-05,16.536215475606486,0.00017399599416469347,31,2.6307661903342807,81.5537519003627,7,1,enjoi,VB,VERB,1,VB,1,VERB,0,1.3165266609931314,0.16145833333333334,2.6307661903342807,0.42475912448105574
enjoying,64,1.530489747153528e-05,15.995647094243783,0.00024481173876826233,40,2.263034405833794,90.52137623335176,8,1,enjoi,VB,VERB,1,VB,1,VERB,0,1.1327175558353737,0.20833333333333334,2.263034405833794,0.47146550121537373
enjoyment,269,6.432839718504673e-05,13.92418473168716,0.000895720485897935,89,1.1092290697547584,98.7213872081735,9,1,enjoy,NN,NOUN,2,NN|NNP,1,NOUN,0,0.555632853427184,0.4635416666666667,1.1092290697547584,0.514173891709237
enjoys,99,2.367476327628114e-05,15.366290474164172,0.0003637932894104106,58,1.726981505593584,100.16492732442786,6,1,enjoi,NN,NOUN,2,NN|NNP,1,NOUN,0,0.8645383134412711,0.3020833333333333,1.7269815055935842,0.5216923298147286
enrichment,46,1.1000395057665985e-05,16.47208513818677,0.00018119944394356306,31,2.6307661903342807,81.5537519003627,10,1,enrich,NN,NOUN,2,NN|NNP,1,NOUN,0,1.3165292302324392,0.16145833333333334,2.6307661903342807,0.42475912448105574
enshrined,99,2.367476327628114e-05,15.366290474164172,0.0003637932894104106,32,2.584962500721156,82.718800023077,9,1,enshrin,VB,VERB,1,VB,1,VERB,0,1.2939006198577492,0.16666666666666666,2.584962500721156,0.430827083453526
ensuing,61,1.4587480402557066e-05,16.064909756680898,0.0002343465562444304,34,2.497499659470817,84.91498842200778,7,1,ensu,VB,VERB,2,NNP|VB,2,NOUN|VERB,0,1.2498825428456806,0.17708333333333334,2.4974996594708165,0.44226556469795714
ensured,71,1.6978870632484454e-05,15.845899974739101,0.0002690454857263839,39,2.299560281858908,89.68285099249741,7,1,ensur,VB,VERB,1,VB,1,VERB,0,1.151018556517653,0.203125,2.299560281858908,0.46709818225259064
ensures,131,3.132721201204878e-05,14.962224092706332,0.0004687247663239955,46,2.0614005446641435,94.8244250545506,7,1,ensur,NN,NOUN,1,NN,1,NOUN,0,1.0322056474086565,0.23958333333333334,2.0614005446641435,0.49387721382578437
ensuring,323,7.724190442665462e-05,13.660256739549858,0.0010551442455198749,101,0.9267510179693613,93.6018528149055,8,1,ensur,VB,VERB,2,NNP|VB,2,NOUN|VERB,0,0.46432056539154215,0.5260416666666666,0.9267510179693615,0.48750965007763286
entered,215,5.141488994343884e-05,14.247454244654323,0.0007325312919630825,93,1.0458036896131246,97.2597431340206,7,1,enter,VB,VERB,1,VB,1,VERB,0,0.5238353370508809,0.484375,1.0458036896131246,0.5065611621563573
entering,213,5.093661189745336e-05,14.260937474017945,0.000726403837407901,83,1.2099230693742313,100.4236147580612,8,1,enter,VB,VERB,2,NNP|VB,2,NOUN|VERB,0,0.6059090718650585,0.4322916666666667,1.2099230693742313,0.5230396601982354
enterprise,224,5.3567141150373484e-05,14.188292172186179,0.0007600262494702363,75,1.3561438102252754,101.71078576689565,10,1,enterpris,NN,NOUN,2,NN|NNP,1,NOUN,0,0.6791608280920638,0.390625,1.3561438102252754,0.5297436758692482
enterprises,522,0.00012483057000220964,12.967741097673898,0.0016187705128637123,99,0.9556058806415466,94.60498218351312,11,1,enterpris,NN,NOUN,2,NN|NNP,1,NOUN,0,0.47930667039819613,0.515625,0.9556058806415466,0.49273428220579746
enters,175,4.184932902372929e-05,14.544435982411454,0.0006086748868925042,63,1.6076825772212395,101.28400236493809,6,1,enter,NN,NOUN,1,NN,1,NOUN,0,0.8050247223156811,0.328125,1.6076825772212395,0.5275208456507192
entire,225,5.380628017336622e-05,14.181865903026745,0.0007630734501593665,84,1.1926450779423958,100.18218654716125,6,1,entir,NN,NOUN,1,NN,1,NOUN,0,0.5974964709906679,0.4375,1.1926450779423958,0.5217822215997981
entities,888,0.00021235545241755205,12.201231227893677,0.002590997977450526,80,1.2630344058337937,101.04275246670349,8,1,entiti,NN,NOUN,2,NN|NNP,1,NOUN,0,0.6342853192317087,0.4166666666666667,1.2630344058337937,0.5262643357640807
entity,278,6.648064839198138e-05,13.876706021520276,0.0009225324138555803,56,1.777607578663552,99.5460244051589,6,1,entiti,NN,NOUN,2,NN|NNP,1,NOUN,0,0.8908570108276815,0.2916666666666667,1.777607578663552,0.5184688771102026
entrusted,264,6.313270207008304e-05,13.95125297488533,0.0008807802975677952,88,1.1255308820838588,99.04671762337958,9,1,entrust,VB,VERB,1,VB,1,VERB,0,0.5638829216835871,0.4583333333333333,1.1255308820838592,0.5158683209551022
enumerated,100,2.3913902299273878e-05,15.351790904469057,0.0003671212278083544,38,2.3370349872775704,88.80732951654768,10,1,enumer,VB,VERB,1,VB,1,VERB,0,1.169777338998476,0.19791666666666666,2.337034987277571,0.46253817456535257
environmental,259,6.193700695511934e-05,13.97883880655723,0.0008658074363862273,78,1.2995602818589078,101.36570198499481,13,1,environment,NN,NOUN,2,NN|NNP,1,NOUN,0,0.6508635366436939,0.40625,1.2995602818589078,0.5279463645051813
envoys,82,1.960939988540458e-05,15.638095089625699,0.0003066536600584521,46,2.0614005446641435,94.8244250545506,6,1,envoi,NN,NOUN,2,NN|NNP,1,NOUN,0,1.031910781819037,0.23958333333333334,2.0614005446641435,0.49387721382578437
equally,288,6.887203862190877e-05,13.82572209280147,0.0009522056659512002,115,0.7394724497767808,85.0393317243298,7,1,equal,RB,ADV,2,NNP|RB,2,ADV|NOUN,0,0.37053598573787855,0.5989583333333334,0.7394724497767808,0.4429131860642177
equipment,62,1.4826619425549805e-05,16.041450783856906,0.00023784048580593393,33,2.5405683813627027,83.83875658496919,9,1,equip,NN,NOUN,2,NN|NNP,1,NOUN,0,1.2714493508946794,0.171875,2.5405683813627027,0.4366601905467145
equitable,267,6.385011913906125e-05,13.934951162556228,0.0008897482919262153,87,1.142019004872428,99.35565342390123,9,1,equit,NN,NOUN,2,NN|NNP,1,NOUN,0,0.5720098485982416,0.453125,1.142019004872428,0.5174773615828189
equity,122,2.9174960805114132e-05,15.064909756680896,0.00043951815168374663,44,2.1255308820838588,93.52335881168979,6,1,equiti,NN,NOUN,2,NN|NNP,1,NOUN,0,1.0639518718300593,0.22916666666666666,2.125530882083859,0.4871008271442177
equivalent,208,4.974091678248967e-05,14.29520737610269,0.0007110567204831564,80,1.2630344058337937,101.04275246670349,10,1,equival,NN,NOUN,1,NN,1,NOUN,0,0.632430385147539,0.4166666666666667,1.2630344058337937,0.5262643357640807
escape,36,8.609004827738597e-06,16.82572209280147,0.0001448527227271158,35,2.4556794837761897,85.94878193216664,6,1,escap,NN,NOUN,1,NN,1,NOUN,0,1.2288485104304476,0.18229166666666666,2.4556794837761897,0.44764990589670123
especially,211,5.0458333851467884e-05,14.274547905536597,0.0007202699037963373,68,1.4974996594708168,101.82997684401553,10,1,especi,RB,ADV,2,NNP|RB,2,ADV|NOUN,0,0.7499561834217822,0.3541666666666667,1.4974996594708165,0.5303644627292475
essential,232,5.5480253334315396e-05,14.13766609911621,0.0007843612967349298,94,1.0303736490435187,96.85512301009075,9,1,essenti,NN,NOUN,2,NN|NNP,1,NOUN,0,0.5160004207470558,0.4895833333333333,1.030373649043519,0.5044537656775561
establishes,395,9.445991408213182e-05,13.369938251179317,0.0012629232184898059,81,1.2451124978365313,100.85411232475904,11,1,establish,NN,NOUN,2,NN|NNP,1,NOUN,0,0.6243119634301387,0.421875,1.2451124978365313,0.5252818350247866
establishing,261,6.241528500110482e-05,13.967741097673898,0.000871800541432961,103,0.8984619735379379,92.5415832744076,12,1,establish,VB,VERB,2,NNP|VB,2,NOUN|VERB,0,0.4501038503196435,0.5364583333333334,0.8984619735379377,0.4819874128875395
establishments,177,4.2327607069714766e-05,14.528041544160786,0.0006149372339737299,63,1.6076825772212395,101.28400236493809,14,1,establish,NN,NOUN,2,NN|NNP,1,NOUN,0,0.8050416749157033,0.328125,1.6076825772212395,0.5275208456507192
estate,97,2.319648523029566e-05,15.395734252056656,0.0003571269221873892,42,2.192645077942396,92.09109327358063,6,1,estat,NN,NOUN,2,NN|NNP,1,NOUN,0,1.097628062992879,0.21875,2.192645077942396,0.4796411107998991
estimate,130,3.108807298905604e-05,14.973279281215328,0.00046549039917994267,48,2.0,96.0,8,1,estim,NN,NOUN,2,NN|NNP,1,NOUN,0,1.0010864091986382,0.25,2.0,0.5
estimates,284,6.791548252993782e-05,13.845899974739101,0.0009403509778456599,67,1.5188733102633836,101.7645117876467,9,1,estim,NN,NOUN,2,NN|NNP,1,NOUN,0,0.7607425728201392,0.3489583333333333,1.5188733102633838,0.5300234988939933
ethics,121,2.8935821782121393e-05,15.076783856969188,0.0004362591307328252,40,2.263034405833794,90.52137623335176,6,1,ethic,NN,NOUN,2,NN|NNP,1,NOUN,0,1.132752003858985,0.20833333333333334,2.263034405833794,0.47146550121537373
ethnic,311,7.437223615074176e-05,13.71487632411318,0.0010200060207551623,88,1.1255308820838588,99.04671762337958,6,1,ethnic,NN,NOUN,2,NN|NNP,1,NOUN,0,0.5640471514706773,0.4583333333333333,1.1255308820838592,0.5158683209551022
european,379,9.063368971424799e-05,13.42959305607269,0.0012171735700327116,33,2.5405683813627027,83.83875658496919,8,1,european,NNP,NOUN,1,NNP,1,NOUN,0,1.273588543814484,0.171875,2.5405683813627027,0.4366601905467145
evaluation,122,2.9174960805114132e-05,15.064909756680896,0.00043951815168374663,45,2.0931094043914813,94.18992319761666,10,1,evalu,NN,NOUN,2,NN|NNP,1,NOUN,0,1.0476798717138227,0.234375,2.0931094043914813,0.49057251665425344
events,82,1.960939988540458e-05,15.638095089625699,0.0003066536600584521,42,2.192645077942396,92.09109327358063,6,1,event,NN,NOUN,2,NN|NNP,1,NOUN,0,1.0974215254082684,0.21875,2.192645077942396,0.4796411107998991
evidence,438,0.00010474289207081959,13.220860034642609,0.001384791115691983,114,0.7520724865564145,85.73626346743124,8,1,evid,NN,NOUN,2,NN|NNP,1,NOUN,0,0.3769599815295918,0.59375,0.7520724865564145,0.44654303889287106
ex,109,2.606615350620853e-05,15.227462769466856,0.0003969213820589983,47,2.030373649043519,95.42756150504539,2,1,ex,NN,NOUN,2,NN|NNP,1,NOUN,0,1.0163560909208698,0.24479166666666666,2.030373649043519,0.4970185495054447
examination,335,8.011157270256749e-05,13.607629808898647,0.0010901286247452086,99,0.9556058806415466,94.60498218351312,11,1,examin,NN,NOUN,2,NN|NNP,1,NOUN,0,0.47879751603621007,0.515625,0.9556058806415466,0.49273428220579746
examine,245,5.8589060633221e-05,14.059009155241212,0.0008237041398394366,106,0.857042046157957,90.84645689274345,7,1,examin,NN,NOUN,2,NN|NNP,1,NOUN,0,0.42930539998569905,0.5520833333333334,0.8570420461579569,0.4731586296497054
examined,87,2.0805095000368274e-05,15.552703598395054,0.0003235754758771786,52,1.8845227825800641,97.99518469416333,8,1,examin,VB,VERB,1,VB,1,VERB,0,0.9432936019570554,0.2708333333333333,1.8845227825800641,0.5103915869487673
examining,42,1.0043838965695029e-05,16.603329671465023,0.00016676116951454083,34,2.497499659470817,84.91498842200778,9,1,examin,VB,VERB,1,VB,1,VERB,0,1.2497955871403488,0.17708333333333334,2.4974996594708165,0.44226556469795714
exceeding,492,0.00011765639931242748,13.053132588904543,0.0015357845801582132,101,0.9267510179693613,93.6018528149055,9,1,exceed,VB,VERB,1,VB,1,VERB,0,0.4646104163709535,0.5260416666666666,0.9267510179693615,0.48750965007763286
exceeds,101,2.4153041322266617e-05,15.337435611491987,0.0003704457161019695,49,1.970252656605948,96.54238017369146,7,1,exce,NN,NOUN,1,NN,1,NOUN,0,0.9861738471215569,0.2552083333333333,1.9702526566059482,0.5028248967379764
exception,544,0.0001300916285080499,12.908184252993443,0.0016792467105538826,117,0.7145977811377516,83.60794039311693,9,1,except,NN,NOUN,2,NN|NNP,1,NOUN,0,0.3584272279994278,0.609375,0.7145977811377516,0.4354580228808174
exceptional,188,4.495813632263489e-05,14.441058242566145,0.000649243065112399,86,1.1586977460190582,99.648006157639,11,1,except,NN,NOUN,2,NN|NNP,1,NOUN,0,0.5803229971576674,0.4479166666666667,1.1586977460190582,0.5190000320710365
exceptionally,83,1.984853890839732e-05,15.620607662896857,0.0003100462389698176,43,2.158697746019058,92.8240030788195,13,1,exception,RB,ADV,2,NNP|RB,2,ADV|NOUN,0,1.0805545862422934,0.22395833333333334,2.158697746019058,0.48345834936885157
exceptions,270,6.456753620803947e-05,13.918831497192953,0.0008987046566686062,81,1.2451124978365313,100.85411232475904,10,1,except,NN,NOUN,2,NN|NNP,1,NOUN,0,0.6236594282917097,0.421875,1.2451124978365313,0.5252818350247866
excess,145,3.4675158333947125e-05,14.815738004228848,0.0005137380611309131,63,1.6076825772212395,101.28400236493809,6,1,excess,NN,NOUN,2,NN|NNP,1,NOUN,0,0.8047849700900157,0.328125,1.6076825772212395,0.5275208456507192
exchange,173,4.137105097774381e-05,14.561018866607057,0.0006024046538182899,76,1.3370349872775706,101.61465903309536,8,1,exchang,NN,NOUN,2,NN|NNP,1,NOUN,0,0.6694465443965463,0.3958333333333333,1.3370349872775709,0.5292430157973718
exclude,76,1.817456574744815e-05,15.747719580800197,0.0002862079648936298,46,2.0614005446641435,94.8244250545506,7,1,exclud,NN,NOUN,1,NN,1,NOUN,0,1.0316812904066464,0.23958333333333334,2.0614005446641435,0.49387721382578437
excluded,123,2.941409982810687e-05,15.053132588904543,0.00044277434469576705,59,1.702319451359315,100.43684763019958,8,1,exclud,VB,VERB,2,NNP|VB,2,NOUN|VERB,0,0.8522325328458789,0.3072916666666667,1.7023194513593147,0.5231085814072894
excluding,151,3.610999247190356e-05,14.757242354918704,0.0005328839103421707,64,1.584962500721156,101.43760004615399,9,1,exclud,VB,VERB,2,NNP|VB,2,NOUN|VERB,0,0.7934261068140688,0.3333333333333333,1.584962500721156,0.5283208335737186
exclusion,149,3.563171442591808e-05,14.77647857378162,0.0005265112647616839,69,1.4764380439429872,101.87422503206612,9,1,exclus,NN,NOUN,2,NN|NNP,1,NOUN,0,0.7391250870015655,0.359375,1.4764380439429872,0.530594922042011
exclusive,493,0.00011789553833542022,13.05020325786587,0.0015385607384727517,107,0.8434955143200092,90.25402003224099,9,1,exclus,NN,NOUN,2,NN|NNP,1,NOUN,0,0.4228921703419763,0.5572916666666666,0.8434955143200094,0.4700730210012552
exclusively,286,6.83937605759233e-05,13.835775757465393,0.0009462807345382519,85,1.1755715645834544,99.92358298959363,11,1,exclus,RB,ADV,1,RB,1,ADV,0,0.5888786906640379,0.4427083333333333,1.1755715645834544,0.5204353280708001
excuse,47,1.1239534080658722e-05,16.441058242566147,0.0001847898344394172,43,2.158697746019058,92.8240030788195,6,1,excus,NN,NOUN,1,NN,1,NOUN,0,1.080273732100238,0.22395833333333334,2.158697746019058,0.48345834936885157
execute,173,4.137105097774381e-05,14.561018866607057,0.0006024046538182899,81,1.2451124978365313,100.85411232475904,7,1,execut,NN,NOUN,2,NN|NNP,1,NOUN,0,0.6235361565716396,0.421875,1.2451124978365313,0.5252818350247866
executed,167,3.9936216839787376e-05,14.61194280176973,0.0005835457161820463,85,1.1755715645834544,99.92358298959363,8,1,execut,VB,VERB,1,VB,1,VERB,0,0.5885946836841197,0.4427083333333333,1.1755715645834544,0.5204353280708001
executing,58,1.3870063333578849e-05,16.13766609911621,0.00022383045085089015,43,2.158697746019058,92.8240030788195,9,1,execut,VB,VERB,2,NNP|VB,2,NOUN|VERB,0,1.080405550160365,0.22395833333333334,2.158697746019058,0.48345834936885157
exempt,126,3.0131516897085088e-05,15.018367170743867,0.0004525261841718968,58,1.726981505593584,100.16492732442786,6,1,exempt,NN,NOUN,1,NN,1,NOUN,0,0.8645787772897152,0.3020833333333333,1.7269815055935842,0.5216923298147286
exempted,54,1.2913507241607895e-05,16.240759592080313,0.00020972516660154199,34,2.497499659470817,84.91498842200778,8,1,exempt,VB,VERB,1,VB,1,VERB,0,1.2499619144681924,0.17708333333333334,2.4974996594708165,0.44226556469795714
exemption,65,1.554403649452802e-05,15.973279281215328,0.00024828923608449934,46,2.0614005446641435,94.8244250545506,9,1,exempt,NN,NOUN,2,NN|NNP,1,NOUN,0,1.0316755840995069,0.23958333333333334,2.0614005446641435,0.49387721382578437
exercisable,147,3.51534363799326e-05,14.795974749407417,0.0005201293570323829,42,2.192645077942396,92.09109327358063,11,1,exercis,NN,NOUN,1,NN,1,NOUN,0,1.0975231700704435,0.21875,2.192645077942396,0.4796411107998991
exercises,289,6.911117764490151e-05,13.820721411743104,0.0009551663326676716,105,0.8707169830550335,91.42528322077852,9,1,exercis,NN,NOUN,2,NN|NNP,1,NOUN,0,0.43632280139797647,0.546875,0.8707169830550335,0.4761733501082215
exhausted,42,1.0043838965695029e-05,16.603329671465023,0.00016676116951454083,35,2.4556794837761897,85.94878193216664,9,1,exhaust,VB,VERB,1,VB,1,VERB,0,1.2289243264009857,0.18229166666666666,2.4556794837761897,0.44764990589670123
exist,257,6.145872890913386e-05,13.990022545049904,0.000859809003028893,98,0.970252656605948,95.0847603473829,5,1,exist,NN,NOUN,1,NN,1,NOUN,0,0.48598321618856427,0.5104166666666666,0.9702526566059481,0.49523312680928594
existed,49,1.17178121266442e-05,16.380937250128575,0.0001919487451553543,32,2.584962500721156,82.718800023077,7,1,exist,VB,VERB,1,VB,1,VERB,0,1.293588362972244,0.16666666666666666,2.584962500721156,0.430827083453526
exists,228,5.452369724234444e-05,14.162757080079041,0.0007722058791510998,90,1.0931094043914815,98.37984639523334,6,1,exist,NN,NOUN,1,NN,1,NOUN,0,0.5474326031534102,0.46875,1.0931094043914815,0.512395033308507
expedient,171,4.089277293175833e-05,14.577794579357885,0.0005961264435794995,48,2.0,96.0,9,1,expedi,NN,NOUN,1,NN,1,NOUN,0,1.0012755835899814,0.25,2.0,0.5
expelled,73,1.7457148678469932e-05,15.805822535363765,0.00027592459398535584,50,1.9411063109464315,97.05531554732157,8,1,expel,VB,VERB,1,VB,1,VERB,0,0.9716279790441131,0.2604166666666667,1.9411063109464315,0.5054964351422999
expended,74,1.769628770146267e-05,15.786193728614833,0.00027935702593259384,45,2.0931094043914813,94.18992319761666,8,1,expend,VB,VERB,1,VB,1,VERB,0,1.0476066008333336,0.234375,2.0931094043914813,0.49057251665425344
expenditures,373,8.919885557629157e-05,13.452615273988545,0.0011999578869479183,91,1.07716786052246,98.02227530754385,12,1,expenditur,NN,NOUN,2,NN|NNP,1,NOUN,0,0.5399268929444788,0.4739583333333333,1.07716786052246,0.5105326838934575
expense,156,3.730568758686725e-05,14.710244875381534,0.0005487757996472984,65,1.5625946876927017,101.5686547000256,7,1,expens,NN,NOUN,1,NN,1,NOUN,0,0.7823374851397679,0.3385416666666667,1.5625946876927015,0.5290034098959667
expenses,303,7.245912396679986e-05,13.752473110770831,0.0009964921539834253,106,0.857042046157957,90.84645689274345,8,1,expens,NN,NOUN,2,NN|NNP,1,NOUN,0,0.429336702489175,0.5520833333333334,0.8570420461579569,0.4731586296497054
experience,216,5.165402896643158e-05,14.240759592080314,0.0007355926084733049,89,1.1092290697547584,98.7213872081735,10,1,experi,NN,NOUN,1,NN,1,NOUN,0,0.5555015312947772,0.4635416666666667,1.1092290697547584,0.514173891709237
experts,61,1.4587480402557066e-05,16.064909756680898,0.0002343465562444304,37,2.3755091350922064,87.89383799841164,7,1,expert,NN,NOUN,2,NN|NNP,1,NOUN,0,1.18892403437434,0.19270833333333334,2.3755091350922064,0.4577804062417273
expire,94,2.2479068161317444e-05,15.441058242566145,0.0003471006007175169,55,1.8036027871964966,99.19815329580732,6,1,expir,NN,NOUN,1,NN,1,NOUN,0,0.9029092521592917,0.2864583333333333,1.8036027871964966,0.5166570484156631
expired,102,2.4392180345259356e-05,15.323221752272287,0.0003737667884518267,58,1.726981505593584,100.16492732442786,7,1,expir,VB,VERB,1,VB,1,VERB,0,0.8644434027466591,0.3020833333333333,1.7269815055935842,0.5216923298147286
expires,109,2.606615350620853e-05,15.227462769466856,0.0003969213820589983,61,1.6542251631582698,100.90773495265447,7,1,expir,NN,NOUN,2,NN|NNP,1,NOUN,0,0.8281799815722376,0.3177083333333333,1.65422516315827,0.5255611195450753
expiry,348,8.32203800014731e-05,13.552703598395054,0.0011278611435057682,73,1.395137941841139,101.84506975440314,6,1,expiri,NN,NOUN,2,NN|NNP,1,NOUN,0,0.6991082297539576,0.3802083333333333,1.3951379418411392,0.5304430716375165
explanations,50,1.1956951149636939e-05,16.35179090446906,0.00019551756505381416,36,2.415037499278844,86.94134997403839,12,1,explan,NN,NOUN,1,NN,1,NOUN,0,1.2087030980806763,0.1875,2.415037499278844,0.45281953111478324
exploitation,329,7.867673856461106e-05,13.633703320508541,0.0010726553118151202,103,0.8984619735379379,92.5415832744076,12,1,exploit,NN,NOUN,2,NN|NNP,1,NOUN,0,0.45017099538446215,0.5364583333333334,0.8984619735379377,0.4819874128875395
expressions,90,2.152251206934649e-05,15.503793997914109,0.0003336805934407681,46,2.0614005446641435,94.8244250545506,11,1,express,NN,NOUN,1,NN,1,NOUN,0,1.031676941145983,0.23958333333333334,2.0614005446641435,0.49387721382578437
expressly,306,7.317654103577807e-05,13.738259251551131,0.0010053182918812892,104,0.8845227825800641,91.99036938832667,9,1,expressli,RB,ADV,2,NNP|RB,2,ADV|NOUN,0,0.443156406366728,0.5416666666666666,0.8845227825800641,0.479116507230868
expropriated,54,1.2913507241607895e-05,16.240759592080313,0.00020972516660154199,33,2.5405683813627027,83.83875658496919,12,1,expropri,VB,VERB,1,VB,1,VERB,0,1.2714605308654756,0.171875,2.5405683813627027,0.4366601905467145
expropriation,146,3.4914297356939864e-05,14.805822535363765,0.0005169348906137718,64,1.584962500721156,101.43760004615399,13,1,expropri,NN,NOUN,2,NN|NNP,1,NOUN,0,0.7936167855026578,0.3333333333333333,1.584962500721156,0.5283208335737186
expulsion,112,2.6783570575186742e-05,15.188292172186179,0.00040679669531030484,61,1.6542251631582698,100.90773495265447,9,1,expuls,NN,NOUN,2,NN|NNP,1,NOUN,0,0.8280224071476971,0.3177083333333333,1.65422516315827,0.5255611195450753
extend,392,9.37424970131536e-05,13.380937250128575,0.0012543624702033736,115,0.7394724497767808,85.0393317243298,6,1,extend,NN,NOUN,2,NN|NNP,1,NOUN,0,0.37058112530701814,0.5989583333333334,0.7394724497767808,0.4429131860642177
extending,41,9.80469994270229e-06,16.6380950896257,0.00016313152997192836,31,2.6307661903342807,81.5537519003627,9,1,extend,VB,VERB,2,NNP|VB,2,NOUN|VERB,0,1.316505065236345,0.16145833333333334,2.6307661903342807,0.42475912448105574
extends,96,2.2957346207302922e-05,15.410684593522626,0.0003537884215050482,45,2.0931094043914813,94.18992319761666,7,1,extend,NN,NOUN,1,NN,1,NOUN,0,1.0476250070950508,0.234375,2.0931094043914813,0.49057251665425344
extension,202,4.8306082644533234e-05,14.337435611491987,0.0006925853495594058,93,1.0458036896131246,97.2597431340206,9,1,extens,NN,NOUN,2,NN|NNP,1,NOUN,0,0.5236802438500419,0.484375,1.0458036896131246,0.5065611621563573
external,221,5.2849724081395274e-05,14.20774453485235,0.0007508753784858984,97,0.9850496585340286,95.54981687780078,8,1,extern,NN,NOUN,2,NN|NNP,1,NOUN,0,0.4933943054780494,0.5052083333333334,0.9850496585340284,0.4976552962385456
extradited,64,1.530489747153528e-05,15.995647094243783,0.00024481173876826233,44,2.1255308820838588,93.52335881168979,10,1,extradit,VB,VERB,1,VB,1,VERB,0,1.0639336262168542,0.22916666666666666,2.125530882083859,0.4871008271442177
extradition,209,4.9980055805482406e-05,14.288287962162899,0.0007141294297137042,98,0.970252656605948,95.0847603473829,11,1,extradit,NN,NOUN,2,NN|NNP,1,NOUN,0,0.4859256696726,0.5104166666666666,0.9702526566059481,0.49523312680928594
f,1405,0.000335990327304798,11.539292679135494,0.003877090724128594,116,0.726981505593584,84.32985464885574,1,1,f,NN,NOUN,2,NN|NNP,1,NOUN,0,0.365594629307326,0.6041666666666666,0.7269815055935842,0.43921799296279046
facilitate,137,3.276204615000521e-05,14.897615011283255,0.00048807635052467243,63,1.6076825772212395,101.28400236493809,10,1,facilit,NN,NOUN,2,NN|NNP,1,NOUN,0,0.8048120864993331,0.328125,1.6076825772212395,0.5275208456507192
facilities,377,9.015541166826251e-05,13.437226380975119,0.0012114386760564491,97,0.9850496585340286,95.54981687780078,10,1,facil,NN,NOUN,2,NN|NNP,1,NOUN,0,0.49354782282620313,0.5052083333333334,0.9850496585340284,0.4976552962385456
fact,198,4.734952655256228e-05,14.366290474164172,0.0006802370522682589,90,1.0931094043914815,98.37984639523334,4,1,fact,NN,NOUN,2,NN|NNP,1,NOUN,0,0.547359026912446,0.46875,1.0931094043914815,0.512395033308507
factors,70,1.6739731609491715e-05,15.866364077298815,0.0002655986762724628,42,2.192645077942396,92.09109327358063,7,1,factor,NN,NOUN,1,NN,1,NOUN,0,1.0973444812909205,0.21875,2.192645077942396,0.4796411107998991
facts,259,6.193700695511934e-05,13.97883880655723,0.0008658074363862273,79,1.2811817525440532,101.21335845098021,5,1,fact,NN,NOUN,1,NN,1,NOUN,0,0.6416373079441368,0.4114583333333333,1.2811817525440532,0.5271529085988552
fail,79,1.8891982816426363e-05,15.69186634606668,0.00029645046936755087,42,2.192645077942396,92.09109327358063,4,1,fail,NN,NOUN,1,NN,1,NOUN,0,1.0974868649409992,0.21875,2.192645077942396,0.4796411107998991
failed,72,1.7218009655477193e-05,15.82572209280147,0.0002724874357987545,55,1.8036027871964966,99.19815329580732,6,1,fail,VB,VERB,1,VB,1,VERB,0,0.9026812653883929,0.2864583333333333,1.8036027871964966,0.5166570484156631
failing,57,1.363092431058611e-05,16.16275708007904,0.00022031331840894716,36,2.415037499278844,86.94134997403839,7,1,fail,VB,VERB,2,NNP|VB,2,NOUN|VERB,0,1.2086327776371495,0.1875,2.415037499278844,0.45281953111478324
fails,228,5.452369724234444e-05,14.162757080079041,0.0007722058791510998,88,1.1255308820838588,99.04671762337958,5,1,fail,NN,NOUN,1,NN,1,NOUN,0,0.5637307178259526,0.4583333333333333,1.1255308820838592,0.5158683209551022
failure,240,5.739336551825731e-05,14.088756498635265,0.0008086011514238968,91,1.07716786052246,98.02227530754385,7,1,failur,NN,NOUN,2,NN|NNP,1,NOUN,0,0.5394465583003978,0.4739583333333333,1.07716786052246,0.5105326838934575
fairly,57,1.363092431058611e-05,16.16275708007904,0.00022031331840894716,36,2.415037499278844,86.94134997403839,6,1,fairli,RB,ADV,2,NNP|RB,2,ADV|NOUN,0,1.2086316508990897,0.1875,2.415037499278844,0.45281953111478324
faith,242,5.7871643564242786e-05,14.076783856969188,0.0008146466179014076,92,1.0614005446641432,97.64885010910118,5,1,faith,NN,NOUN,2,NN|NNP,1,NOUN,0,0.5315831940158978,0.4791666666666667,1.0614005446641432,0.508587760984902
faithful,135,3.2283768104019735e-05,14.918831497192953,0.00048163609643832284,61,1.6542251631582698,100.90773495265447,8,1,faith,NN,NOUN,2,NN|NNP,1,NOUN,0,0.8282117344560751,0.3177083333333333,1.65422516315827,0.5255611195450753
faithfully,204,4.878436069051871e-05,14.323221752272287,0.0006987492162131347,92,1.0614005446641432,97.64885010910118,10,1,faithfulli,RB,ADV,1,RB,1,ADV,0,0.5316195364548867,0.4791666666666667,1.0614005446641432,0.508587760984902
fall,160,3.82622436788382e-05,14.67371899935642,0.0005614494120281733,63,1.6076825772212395,101.28400236493809,4,1,fall,NN,NOUN,1,NN,1,NOUN,0,0.8049518916113366,0.328125,1.6076825772212395,0.5275208456507192
falling,144,3.4436019310954386e-05,14.82572209280147,0.0005105388522865545,65,1.5625946876927017,101.5686547000256,7,1,fall,VB,VERB,1,VB,1,VERB,0,0.7823187990465968,0.3385416666666667,1.5625946876927015,0.5290034098959667
falls,149,3.563171442591808e-05,14.77647857378162,0.0005265112647616839,60,1.6780719051126378,100.68431430675827,5,1,fall,NN,NOUN,1,NN,1,NOUN,0,0.8401061775944022,0.3125,1.6780719051126378,0.5243974703476993
families,143,3.419688028796165e-05,14.835775757465393,0.0005073372475570876,73,1.395137941841139,101.84506975440314,8,1,famili,NN,NOUN,2,NN|NNP,1,NOUN,0,0.6985417838968712,0.3802083333333333,1.3951379418411392,0.5304430716375165
far,705,0.00016859301120988085,12.534167646957627,0.002113173066610053,84,1.1926450779423958,100.18218654716125,3,1,far,NN,NOUN,2,NN|NNP,1,NOUN,0,0.5981261193709643,0.4375,1.1926450779423958,0.5217822215997981
farmers,79,1.8891982816426363e-05,15.69186634606668,0.00029645046936755087,32,2.584962500721156,82.718800023077,7,1,farmer,NN,NOUN,2,NN|NNP,1,NOUN,0,1.2938776235413603,0.16666666666666666,2.584962500721156,0.430827083453526
father,239,5.715422649526457e-05,14.094780286263035,0.0008055762648820675,65,1.5625946876927017,101.5686547000256,6,1,father,NN,NOUN,2,NN|NNP,1,NOUN,0,0.7824961932906779,0.3385416666666667,1.5625946876927015,0.5290034098959667
fauna,43,1.0282977988687768e-05,16.569382339541683,0.00017038259388365895,33,2.5405683813627027,83.83875658496919,5,1,fauna,NN,NOUN,2,NN|NNP,1,NOUN,0,1.2713954731903787,0.171875,2.5405683813627027,0.4366601905467145
favor,150,3.587085344891082e-05,14.766828403747901,0.0005296987375760547,57,1.7520724865564143,99.86813173371561,5,1,favor,NN,NOUN,2,NN|NNP,1,NOUN,0,0.8772988822499603,0.296875,1.7520724865564143,0.5201465194464355
favorable,170,4.065363390876559e-05,14.586256158106082,0.0005929843179511223,49,1.970252656605948,96.54238017369146,9,1,favor,NN,NOUN,1,NN,1,NOUN,0,0.986471005519315,0.2552083333333333,1.9702526566059482,0.5028248967379764
favour,255,6.098045086314839e-05,14.001293657384924,0.0008538051998946726,66,1.5405683813627027,101.67751316993838,6,1,favour,NN,NOUN,1,NN,1,NOUN,0,0.7715206151652906,0.34375,1.5405683813627027,0.529570381093429
favourable,99,2.367476327628114e-05,15.366290474164172,0.0003637932894104106,46,2.0614005446641435,94.8244250545506,10,1,favour,NN,NOUN,1,NN,1,NOUN,0,1.0318123335479652,0.23958333333333334,2.0614005446641435,0.49387721382578437
fear,121,2.8935821782121393e-05,15.076783856969188,0.0004362591307328252,48,2.0,96.0,4,1,fear,NN,NOUN,1,NN,1,NOUN,0,1.0011156634937786,0.25,2.0,0.5
features,50,1.1956951149636939e-05,16.35179090446906,0.00019551756505381416,35,2.4556794837761897,85.94878193216664,8,1,featur,NN,NOUN,1,NN,1,NOUN,0,1.2289057579727167,0.18229166666666666,2.4556794837761897,0.44764990589670123
february,158,3.7783965632852725e-05,14.69186634606668,0.000555116973102249,54,1.8300749985576876,98.82404992211514,8,1,februari,NNP,NOUN,1,NNP,1,NOUN,0,0.916379209759503,0.28125,1.8300749985576876,0.5147085933443496
federation,1818,0.0004347547438007991,11.167510610049675,0.004855128214164852,32,2.584962500721156,82.718800023077,10,1,feder,NNP,NOUN,2,NN|NNP,1,NOUN,0,1.3022559430560954,0.16666666666666666,2.584962500721156,0.430827083453526
fee,99,2.367476327628114e-05,15.366290474164172,0.0003637932894104106,51,1.9125371587496605,97.53939509623268,3,1,fee,NN,NOUN,2,NN|NNP,1,NOUN,0,0.9572491948207759,0.265625,1.9125371587496605,0.5080176827928785
fees,251,6.002389477117744e-05,14.02410354029301,0.0008417813151626446,71,1.435215381216474,101.90029206636966,4,1,fee,NN,NOUN,2,NN|NNP,1,NOUN,0,0.7187504447255072,0.3697916666666667,1.435215381216474,0.5307306878456753
fewer,90,2.152251206934649e-05,15.503793997914109,0.0003336805934407681,36,2.415037499278844,86.94134997403839,5,1,fewer,NN,NOUN,1,NN,1,NOUN,0,1.2087928320440269,0.1875,2.415037499278844,0.45281953111478324
field,149,3.563171442591808e-05,14.77647857378162,0.0005265112647616839,55,1.8036027871964966,99.19815329580732,5,1,field,NN,NOUN,2,NN|NNP,1,NOUN,0,0.9030103948963112,0.2864583333333333,1.8036027871964966,0.5166570484156631
fields,122,2.9174960805114132e-05,15.064909756680896,0.00043951815168374663,55,1.8036027871964966,99.19815329580732,6,1,field,NN,NOUN,1,NN,1,NOUN,0,0.9031245591068561,0.2864583333333333,1.8036027871964966,0.5166570484156631
fifth,209,4.9980055805482406e-05,14.288287962162899,0.0007141294297137042,73,1.395137941841139,101.84506975440314,5,1,fifth,NN,NOUN,2,NN|NNP,1,NOUN,0,0.6987262848366068,0.3802083333333333,1.3951379418411392,0.5304430716375165
file,80,1.91311218394191e-05,15.67371899935642,0.0002998558278535057,37,2.3755091350922064,87.89383799841164,4,1,file,NN,NOUN,2,NN|NNP,1,NOUN,0,1.1889510892896347,0.19270833333333334,2.3755091350922064,0.4577804062417273
filed,135,3.2283768104019735e-05,14.918831497192953,0.00048163609643832284,46,2.0614005446641435,94.8244250545506,5,1,file,VB,VERB,1,VB,1,VERB,0,1.0319855821090602,0.23958333333333334,2.0614005446641435,0.49387721382578437
filled,250,5.97847557481847e-05,14.029862809581696,0.000838771921251382,76,1.3370349872775706,101.61465903309536,6,1,fill,VB,VERB,1,VB,1,VERB,0,0.6696273626678771,0.3958333333333333,1.3370349872775709,0.5292430157973718
filling,73,1.7457148678469932e-05,15.805822535363765,0.00027592459398535584,37,2.3755091350922064,87.89383799841164,7,1,fill,VB,VERB,2,NNP|VB,2,NOUN|VERB,0,1.1888200209876376,0.19270833333333334,2.3755091350922064,0.4577804062417273
finally,73,1.7457148678469932e-05,15.805822535363765,0.00027592459398535584,45,2.0931094043914813,94.18992319761666,7,1,final,RB,ADV,2,NNP|RB,2,ADV|NOUN,0,1.0476734414966413,0.234375,2.0931094043914813,0.49057251665425344
financed,66,1.578317551752076e-05,15.95125297488533,0.0002517614254269903,35,2.4556794837761897,85.94878193216664,8,1,financ,VB,VERB,1,VB,1,VERB,0,1.2290417212011968,0.18229166666666666,2.4556794837761897,0.44764990589670123
finances,182,4.352330218467846e-05,14.487852454045086,0.0006305591803644397,83,1.2099230693742313,100.4236147580612,8,1,financ,NN,NOUN,2,NN|NNP,1,NOUN,0,0.6059844381470839,0.4322916666666667,1.2099230693742313,0.5230396601982354
financing,197,4.711038752956954e-05,14.373595274787407,0.0006771456435884243,57,1.7520724865564143,99.86813173371561,9,1,financ,VB,VERB,2,NNP|VB,2,NOUN|VERB,0,0.8772717734520046,0.296875,1.7520724865564143,0.5201465194464355
findings,104,2.4870458391244834e-05,15.29520737610269,0.00038039881863282304,40,2.263034405833794,90.52137623335176,8,1,find,NN,NOUN,2,NN|NNP,1,NOUN,0,1.1327703384319219,0.20833333333333334,2.263034405833794,0.47146550121537373
finds,105,2.5109597414237573e-05,15.28140157657766,0.00038370984151316035,58,1.726981505593584,100.16492732442786,5,1,find,NN,NOUN,1,NN,1,NOUN,0,0.864484295475299,0.3020833333333333,1.7269815055935842,0.5216923298147286
fine,164,3.921879977080916e-05,14.638095089625699,0.000574088520346095,56,1.777607578663552,99.5460244051589,4,1,fine,NN,NOUN,2,NN|NNP,1,NOUN,0,0.8899152364587172,0.2916666666666667,1.777607578663552,0.5184688771102026
fines,62,1.4826619425549805e-05,16.041450783856906,0.00023784048580593393,34,2.497499659470817,84.91498842200778,5,1,fine,NN,NOUN,2,NN|NNP,1,NOUN,0,1.250016439345451,0.17708333333333334,2.4974996594708165,0.44226556469795714
firm,76,1.817456574744815e-05,15.747719580800197,0.0002862079648936298,37,2.3755091350922064,87.89383799841164,4,1,firm,NN,NOUN,2,NN|NNP,1,NOUN,0,1.1889328271460673,0.19270833333333334,2.3755091350922064,0.4577804062417273
fiscal,553,0.00013224387971498455,12.884511424009075,0.0017038977789430004,97,0.9850496585340286,95.54981687780078,6,1,fiscal,NN,NOUN,2,NN|NNP,1,NOUN,0,0.49402109897279084,0.5052083333333334,0.9850496585340284,0.4976552962385456
fit,272,6.504581425402495e-05,13.908184252993443,0.0009046691695309663,67,1.5188733102633836,101.7645117876467,3,1,fit,NN,NOUN,1,NN,1,NOUN,0,0.7606882517946495,0.3489583333333333,1.5188733102633838,0.5300234988939933
fix,84,2.0087677931390057e-05,15.603329671465023,0.0003134346610976916,37,2.3755091350922064,87.89383799841164,3,1,fix,NN,NOUN,1,NN,1,NOUN,0,1.189016071041417,0.19270833333333334,2.3755091350922064,0.4577804062417273
fixed,369,8.824229948432062e-05,13.468170088183387,0.0011884622984272473,88,1.1255308820838588,99.04671762337958,5,1,fix,VB,VERB,2,NNP|VB,2,NOUN|VERB,0,0.5640554996646975,0.4583333333333333,1.1255308820838592,0.5158683209551022
flagrante,134,3.2044629081026996e-05,14.92955790378601,0.00047841214537053766,63,1.6076825772212395,101.28400236493809,9,1,flagrant,NN,NOUN,1,NN,1,NOUN,0,0.805009706478314,0.328125,1.6076825772212395,0.5275208456507192
flora,38,9.087282873724075e-06,16.747719580800197,0.00015219126532053896,33,2.5405683813627027,83.83875658496919,5,1,flora,NN,NOUN,2,NN|NNP,1,NOUN,0,1.2713716504347004,0.171875,2.5405683813627027,0.4366601905467145
follow,168,4.0175355862780115e-05,14.603329671465023,0.0005866939663326031,79,1.2811817525440532,101.21335845098021,6,1,follow,NN,NOUN,2,NN|NNP,1,NOUN,0,0.6416087135343368,0.4114583333333333,1.2811817525440532,0.5271529085988552
followed,219,5.2371446035409796e-05,14.220860034642609,0.0007447670038814013,91,1.07716786052246,98.02227530754385,8,1,follow,VB,VERB,1,VB,1,VERB,0,0.5395134817981633,0.4739583333333333,1.07716786052246,0.5105326838934575
follows,348,8.32203800014731e-05,13.552703598395054,0.0011278611435057682,114,0.7520724865564145,85.73626346743124,7,1,follow,NN,NOUN,2,NN|NNP,1,NOUN,0,0.37693792140912824,0.59375,0.7520724865564145,0.44654303889287106
food,171,4.089277293175833e-05,14.577794579357885,0.0005961264435794995,53,1.857042046157957,98.42322844637172,4,1,food,NN,NOUN,2,NN|NNP,1,NOUN,0,0.9296273206181285,0.2760416666666667,1.8570420461579569,0.5126209814915194
forbidden,168,4.0175355862780115e-05,14.603329671465023,0.0005866939663326031,48,2.0,96.0,9,1,forbidden,NN,NOUN,1,NN,1,NOUN,0,1.0014891363370448,0.25,2.0,0.5
forced,316,7.556793126570545e-05,13.69186634606668,0.0010346660149387924,120,0.6780719051126377,81.36862861351652,6,1,forc,VB,VERB,2,NNP|VB,2,NOUN|VERB,0,0.33979374336718476,0.625,0.6780719051126377,0.4237949406953986
foregoing,263,6.28935630470903e-05,13.95672810495148,0.000877788358999863,59,1.702319451359315,100.43684763019958,9,1,forego,VB,VERB,1,VB,1,VERB,0,0.8526251972848926,0.3072916666666667,1.7023194513593147,0.5231085814072894
foreigners,206,4.926263873650419e-05,14.309146567060564,0.0007049063179607937,62,1.630766190334281,101.10750380072542,10,1,foreign,NN,NOUN,2,NN|NNP,1,NOUN,0,0.8167336114828028,0.3229166666666667,1.630766190334281,0.526601582295445
forestry,90,2.152251206934649e-05,15.503793997914109,0.0003336805934407681,32,2.584962500721156,82.718800023077,8,1,forestri,NN,NOUN,2,NN|NNP,1,NOUN,0,1.2937117624977164,0.16666666666666666,2.584962500721156,0.430827083453526
forests,109,2.606615350620853e-05,15.227462769466856,0.0003969213820589983,45,2.0931094043914813,94.18992319761666,7,1,forest,NN,NOUN,2,NN|NNP,1,NOUN,0,1.0477299538785656,0.234375,2.0931094043914813,0.49057251665425344
forfeiture,145,3.4675158333947125e-05,14.815738004228848,0.0005137380611309131,59,1.702319451359315,100.43684763019958,10,1,forfeitur,NN,NOUN,2,NN|NNP,1,NOUN,0,0.8522624849683754,0.3072916666666667,1.7023194513593147,0.5231085814072894
formal,102,2.4392180345259356e-05,15.323221752272287,0.0003737667884518267,48,2.0,96.0,6,1,formal,NN,NOUN,2,NN|NNP,1,NOUN,0,1.0011005184731026,0.25,2.0,0.5
formation,407,9.732958235804468e-05,13.326762109977535,0.0012970881903491278,106,0.857042046157957,90.84645689274345,9,1,format,NN,NOUN,2,NN|NNP,1,NOUN,0,0.4297122215413092,0.5520833333333334,0.8570420461579569,0.4731586296497054
formed,338,8.082898977154571e-05,13.594767657961599,0.0010988513359719186,111,0.7905466343710503,87.75067641518659,6,1,form,VB,VERB,1,VB,1,VERB,0,0.39617402433097265,0.578125,0.7905466343710503,0.45703477299576345
forming,112,2.6783570575186742e-05,15.188292172186179,0.00040679669531030484,55,1.8036027871964966,99.19815329580732,7,1,form,VB,VERB,2,NNP|VB,2,NOUN|VERB,0,0.902840510623216,0.2864583333333333,1.8036027871964966,0.5166570484156631
formulate,116,2.7740126667157698e-05,15.13766609911621,0.00041992077503462264,53,1.857042046157957,98.42322844637172,9,1,formul,NN,NOUN,2,NN|NNP,1,NOUN,0,0.9296501236445863,0.2760416666666667,1.8570420461579569,0.5126209814915194
formulated,54,1.2913507241607895e-05,16.240759592080313,0.00020972516660154199,34,2.497499659470817,84.91498842200778,10,1,formul,VB,VERB,1,VB,1,VERB,0,1.2498460500808066,0.17708333333333334,2.4974996594708165,0.44226556469795714
formulation,77,1.8413704770440885e-05,15.72886055354888,0.0002896265946084825,36,2.415037499278844,86.94134997403839,11,1,formul,NN,NOUN,2,NN|NNP,1,NOUN,0,1.2087540031168007,0.1875,2.415037499278844,0.45281953111478324
forth,310,7.413309712774902e-05,13.719522688969546,0.0010170707080477358,60,1.6780719051126378,100.68431430675827,5,1,forth,NN,NOUN,1,NN,1,NOUN,0,0.8407453607133841,0.3125,1.6780719051126378,0.5243974703476993
forthwith,224,5.3567141150373484e-05,14.188292172186179,0.0007600262494702363,60,1.6780719051126378,100.68431430675827,9,1,forthwith,NN,NOUN,1,NN,1,NOUN,0,0.8403237170051759,0.3125,1.6780719051126378,0.5243974703476993
forty-eight,122,2.9174960805114132e-05,15.064909756680896,0.00043951815168374663,71,1.435215381216474,101.90029206636966,11,1,forty-eight,NN,NOUN,2,NN|NNP,1,NOUN,0,0.7185142276925012,0.3697916666666667,1.435215381216474,0.5307306878456753
forty-five,87,2.0805095000368274e-05,15.552703598395054,0.0003235754758771786,43,2.158697746019058,92.8240030788195,10,1,forty-f,NN,NOUN,1,NN,1,NOUN,0,1.0805187631909376,0.22395833333333334,2.158697746019058,0.48345834936885157
forward,145,3.4675158333947125e-05,14.815738004228848,0.0005137380611309131,49,1.970252656605948,96.54238017369146,7,1,forward,NN,NOUN,2,NN|NNP,1,NOUN,0,0.9864217289233386,0.2552083333333333,1.9702526566059482,0.5028248967379764
foster,149,3.563171442591808e-05,14.77647857378162,0.0005265112647616839,47,2.030373649043519,95.42756150504539,6,1,foster,NN,NOUN,2,NN|NNP,1,NOUN,0,1.01655947494847,0.24479166666666666,2.030373649043519,0.4970185495054447
foundation,96,2.2957346207302922e-05,15.410684593522626,0.0003537884215050482,58,1.726981505593584,100.16492732442786,10,1,foundat,NN,NOUN,2,NN|NNP,1,NOUN,0,0.8645885729297399,0.3020833333333333,1.7269815055935842,0.5216923298147286
foundations,108,2.582701448321579e-05,15.240759592080314,0.00039362331871986827,47,2.030373649043519,95.42756150504539,11,1,foundat,NN,NOUN,2,NN|NNP,1,NOUN,0,1.0163784843661976,0.24479166666666666,2.030373649043519,0.4970185495054447
founded,161,3.850138270183094e-05,14.664730216129165,0.000564612390270293,96,1.0,96.0,7,1,found,VB,VERB,2,NNP|VB,2,NOUN|VERB,0,0.5007871971448112,0.5,1.0,0.5
fourteen,214,5.11757509204461e-05,14.254180107842636,0.0007294683707741323,63,1.6076825772212395,101.28400236493809,8,1,fourteen,NN,NOUN,2,NN|NNP,1,NOUN,0,0.80499031637871,0.328125,1.6076825772212395,0.5275208456507192
fourth,253,6.0502172817162915e-05,14.012653519549472,0.0008477959848668084,84,1.1926450779423958,100.18218654716125,6,1,fourth,NN,NOUN,2,NN|NNP,1,NOUN,0,0.5974310410462272,0.4375,1.1926450779423958,0.5217822215997981
framework,395,9.445991408213182e-05,13.369938251179317,0.0012629232184898059,94,1.0303736490435187,96.85512301009075,9,1,framework,NN,NOUN,2,NN|NNP,1,NOUN,0,0.5165032867636513,0.4895833333333333,1.030373649043519,0.5044537656775561
french,127,3.0370655920077827e-05,15.006962407471617,0.00045577129168286324,33,2.5405683813627027,83.83875658496919,6,1,french,NNP,NOUN,1,NNP,1,NOUN,0,1.27217016481412,0.171875,2.5405683813627027,0.4366601905467145
friendship,46,1.1000395057665985e-05,16.47208513818677,0.00018119944394356306,31,2.6307661903342807,81.5537519003627,10,1,friendship,NN,NOUN,2,NN|NNP,1,NOUN,0,1.3166303407736182,0.16145833333333334,2.6307661903342807,0.42475912448105574
fulfil,79,1.8891982816426363e-05,15.69186634606668,0.00029645046936755087,34,2.497499659470817,84.91498842200778,6,1,fulfil,NN,NOUN,2,NN|NNP,1,NOUN,0,1.2501731998423269,0.17708333333333334,2.4974996594708165,0.44226556469795714
fulfill,229,5.476283626533718e-05,14.156443306146839,0.0007752469868740478,79,1.2811817525440532,101.21335845098021,7,1,fulfil,NN,NOUN,2,NN|NNP,1,NOUN,0,0.6418112589732192,0.4114583333333333,1.2811817525440532,0.5271529085988552
fulfilled,51,1.2196090172629678e-05,16.323221752272286,0.00019907948439854301,35,2.4556794837761897,85.94878193216664,9,1,fulfil,VB,VERB,1,VB,1,VERB,0,1.2289178929497664,0.18229166666666666,2.4556794837761897,0.44764990589670123
fulfilling,75,1.793542672445541e-05,15.766828403747901,0.0002827847955124827,44,2.1255308820838588,93.52335881168979,10,1,fulfil,VB,VERB,2,NNP|VB,2,NOUN|VERB,0,1.0638923600185592,0.22916666666666666,2.125530882083859,0.4871008271442177
fulfillment,182,4.352330218467846e-05,14.487852454045086,0.0006305591803644397,65,1.5625946876927017,101.5686547000256,11,1,fulfil,NN,NOUN,2,NN|NNP,1,NOUN,0,0.7824697071975512,0.3385416666666667,1.5625946876927015,0.5290034098959667
fulfilment,102,2.4392180345259356e-05,15.323221752272287,0.0003737667884518267,46,2.0614005446641435,94.8244250545506,10,1,fulfil,NN,NOUN,1,NN,1,NOUN,0,1.0318033308815706,0.23958333333333334,2.0614005446641435,0.49387721382578437
fully,186,4.4479858276649417e-05,14.456488283135752,0.000643022550011921,89,1.1092290697547584,98.7213872081735,5,1,fulli,RB,ADV,2,NNP|RB,2,ADV|NOUN,0,0.5555433781642997,0.4635416666666667,1.1092290697547584,0.514173891709237
functional,105,2.5109597414237573e-05,15.28140157657766,0.00038370984151316035,40,2.263034405833794,90.52137623335176,10,1,function,NN,NOUN,2,NN|NNP,1,NOUN,0,1.132823783296707,0.20833333333333334,2.263034405833794,0.47146550121537373
functionaries,231,5.524111431132266e-05,14.143898052827724,0.0007813246891439503,34,2.497499659470817,84.91498842200778,13,1,functionari,NN,NOUN,2,NN|NNP,1,NOUN,0,1.250739019017872,0.17708333333333334,2.4974996594708165,0.44226556469795714
functioning,939,0.0002245515425901817,12.120665746590008,0.002721714190616763,116,0.726981505593584,84.32985464885574,11,1,function,VB,VERB,2,NNP|VB,2,NOUN|VERB,0,0.3654289058116173,0.6041666666666666,0.7269815055935842,0.43921799296279046
fund,1936,0.0004629731485139423,11.076783856969188,0.0051282534976694345,90,1.0931094043914815,98.37984639523334,4,1,fund,NNP,NOUN,2,NN|NNP,1,NOUN,0,0.5504198296725247,0.46875,1.0931094043914815,0.512395033308507
furnish,90,2.152251206934649e-05,15.503793997914109,0.0003336805934407681,56,1.777607578663552,99.5460244051589,7,1,furnish,NN,NOUN,1,NN,1,NOUN,0,0.8897269149097103,0.2916666666666667,1.777607578663552,0.5184688771102026
furnished,51,1.2196090172629678e-05,16.323221752272286,0.00019907948439854301,36,2.415037499278844,86.94134997403839,9,1,furnish,VB,VERB,1,VB,1,VERB,0,1.2085271486913185,0.1875,2.415037499278844,0.45281953111478324
future,226,5.404541919635896e-05,14.175468131828595,0.0007661191174893039,105,0.8707169830550335,91.42528322077852,6,1,futur,NN,NOUN,2,NN|NNP,1,NOUN,0,0.4362078347881133,0.546875,0.8707169830550335,0.4761733501082215
g,978,0.00023387796448689853,12.06195643929155,0.002821025819751146,110,0.8036027871964965,88.39630659161462,1,1,g,NN,NOUN,2,NN|NNP,1,NOUN,0,0.40353193527012493,0.5729166666666666,0.8036027871964967,0.46039743016465956
gazette,681,0.0001628536746580551,12.58413610623171,0.0020493728072969435,106,0.857042046157957,90.84645689274345,7,1,gazett,NNP,NOUN,2,NN|NNP,1,NOUN,0,0.4300123549434754,0.5520833333333334,0.8570420461579569,0.4731586296497054
gender,251,6.002389477117744e-05,14.02410354029301,0.0008417813151626446,67,1.5188733102633836,101.7645117876467,6,1,gender,NN,NOUN,2,NN|NNP,1,NOUN,0,0.7608011617881489,0.3489583333333333,1.5188733102633838,0.5300234988939933
generality,114,2.726184862117222e-05,15.162757080079041,0.00041336478819672213,43,2.158697746019058,92.8240030788195,10,1,gener,NN,NOUN,2,NN|NNP,1,NOUN,0,1.0804734446984137,0.22395833333333334,2.158697746019058,0.48345834936885157
generally,333,7.963329465658201e-05,13.616268727172521,0.0010843083396741323,90,1.0931094043914815,98.37984639523334,9,1,gener,RB,ADV,2,NNP|RB,2,ADV|NOUN,0,0.5476744048572292,0.46875,1.0931094043914815,0.512395033308507
generation,67,1.6022314540513498e-05,15.92955790378601,0.00025522838722578234,31,2.6307661903342807,81.5537519003627,10,1,gener,NN,NOUN,2,NN|NNP,1,NOUN,0,1.3166365183478759,0.16145833333333334,2.6307661903342807,0.42475912448105574
generations,117,2.7979265690150437e-05,15.125282374660378,0.00042319429419917224,68,1.4974996594708168,101.82997684401553,11,1,gener,NN,NOUN,2,NN|NNP,1,NOUN,0,0.7497582350787125,0.3541666666666667,1.4974996594708165,0.5303644627292475
geographical,95,2.2718207184310183e-05,15.425791485912836,0.0003504463269589358,56,1.777607578663552,99.5460244051589,12,1,geograph,NN,NOUN,2,NN|NNP,1,NOUN,0,0.8897676507662875,0.2916666666666667,1.777607578663552,0.5184688771102026
gives,108,2.582701448321579e-05,15.240759592080314,0.00039362331871986827,70,1.4556794837761897,101.89756386433328,5,1,give,NN,NOUN,2,NN|NNP,1,NOUN,0,0.7287576471686301,0.3645833333333333,1.4556794837761897,0.5307164784600692
giving,361,8.63291873003787e-05,13.499792067356612,0.0011654260778989956,96,1.0,96.0,6,1,give,VB,VERB,2,NNP|VB,2,NOUN|VERB,0,0.5009385225292108,0.5,1.0,0.5
goal,59,1.4109202356571588e-05,16.11300404488194,0.00022734163464149579,32,2.584962500721156,82.718800023077,4,1,goal,NN,NOUN,2,NN|NNP,1,NOUN,0,1.2937224955142537,0.16666666666666666,2.584962500721156,0.430827083453526
goals,136,3.2522907127012474e-05,14.908184252993443,0.0004848574918924956,49,1.970252656605948,96.54238017369146,5,1,goal,NN,NOUN,2,NN|NNP,1,NOUN,0,0.986440679399514,0.2552083333333333,1.9702526566059482,0.5028248967379764
god,415,9.92426945419866e-05,13.298679568009495,0.0013197967941797246,106,0.857042046157957,90.84645689274345,3,1,god,NNP,NOUN,2,NN|NNP,1,NOUN,0,0.4297468411728323,0.5520833333333334,0.8570420461579569,0.4731586296497054
goods,383,9.159024580621895e-05,13.414446512318825,0.0012286324534176577,73,1.395137941841139,101.84506975440314,5,1,good,NN,NOUN,2,NN|NNP,1,NOUN,0,0.6990110071079377,0.3802083333333333,1.3951379418411392,0.5304430716375165
govern,137,3.276204615000521e-05,14.897615011283255,0.00048807635052467243,56,1.777607578663552,99.5460244051589,6,1,govern,NN,NOUN,2,NN|NNP,1,NOUN,0,0.8901730964832827,0.2916666666666667,1.777607578663552,0.5184688771102026
governance,221,5.2849724081395274e-05,14.20774453485235,0.0007508753784858984,61,1.6542251631582698,100.90773495265447,10,1,govern,NN,NOUN,2,NN|NNP,1,NOUN,0,0.8284929063785249,0.3177083333333333,1.65422516315827,0.5255611195450753
governed,311,7.437223615074176e-05,13.71487632411318,0.0010200060207551623,87,1.142019004872428,99.35565342390123,8,1,govern,VB,VERB,1,VB,1,VERB,0,0.572153707836395,0.453125,1.142019004872428,0.5174773615828189
governing,421,0.00010067752867994303,13.277970671177387,0.0013367932730589038,95,1.0151068923902085,96.4351547770698,9,1,govern,VB,VERB,2,NNP|VB,2,NOUN|VERB,0,0.5089703397376293,0.4947916666666667,1.0151068923902085,0.5022664311305719
governmental,259,6.193700695511934e-05,13.97883880655723,0.0008658074363862273,77,1.3181759600262548,101.49954892202162,12,1,government,NN,NOUN,2,NN|NNP,1,NOUN,0,0.6604789794680866,0.4010416666666667,1.3181759600262548,0.5286434839688626
governments,653,0.00015615778201425842,12.644707912697351,0.0019745695418649616,83,1.2099230693742313,100.4236147580612,11,1,govern,NN,NOUN,2,NN|NNP,1,NOUN,0,0.6070991498748615,0.4322916666666667,1.2099230693742313,0.5230396601982354
governor,1192,0.00028505371540734465,11.77647857378162,0.003356928971871438,68,1.4974996594708168,101.82997684401553,8,1,governor,NNP,NOUN,2,NN|NNP,1,NOUN,0,0.7517592007937298,0.3541666666666667,1.4974996594708165,0.5303644627292475
governors,212,5.069747287446062e-05,14.267726639680584,0.0007233376842954257,45,2.0931094043914813,94.18992319761666,9,1,governor,NNP,NOUN,2,NN|NNP,1,NOUN,0,1.0483435643141186,0.234375,2.0931094043914813,0.49057251665425344
grand,328,7.843759954161832e-05,13.638095089625699,0.0010697394411505717,31,2.6307661903342807,81.5537519003627,5,1,grand,NNP,NOUN,2,NN|NNP,1,NOUN,0,1.3187194781265916,0.16145833333333334,2.6307661903342807,0.42475912448105574
granting,209,4.9980055805482406e-05,14.288287962162899,0.0007141294297137042,104,0.8845227825800641,91.99036938832667,8,1,grant,VB,VERB,2,NNP|VB,2,NOUN|VERB,0,0.44299616530563357,0.5416666666666666,0.8845227825800641,0.479116507230868
grants,220,5.2610585058402535e-05,14.214287380719123,0.0007478219752879012,81,1.2451124978365313,100.85411232475904,6,1,grant,NN,NOUN,2,NN|NNP,1,NOUN,0,0.6235828999092992,0.421875,1.2451124978365313,0.5252818350247866
gratuities,68,1.6261453563506237e-05,15.908184252993443,0.00025869019950975405,31,2.6307661903342807,81.5537519003627,10,1,gratuiti,NN,NOUN,2,NN|NNP,1,NOUN,0,1.3165270899766843,0.16145833333333334,2.6307661903342807,0.42475912448105574
gratuity,106,2.534873643723031e-05,15.267726639680584,0.0003870175785849431,33,2.5405683813627027,83.83875658496919,8,1,gratuiti,NN,NOUN,1,NN,1,NOUN,0,1.2715229524055909,0.171875,2.5405683813627027,0.4366601905467145
grave,148,3.539257540292534e-05,14.786193728614833,0.0005233214764622623,72,1.4150374992788437,101.88269994807675,5,1,grave,NN,NOUN,2,NN|NNP,1,NOUN,0,0.7085210095108966,0.375,1.4150374992788437,0.5306390622295664
great,260,6.217614597811208e-05,13.973279281215328,0.0008688046523817733,55,1.8036027871964966,99.19815329580732,5,1,great,NNP,NOUN,2,NN|NNP,1,NOUN,0,0.90427821319114,0.2864583333333333,1.8036027871964966,0.5166570484156631
greater,182,4.352330218467846e-05,14.487852454045086,0.0006305591803644397,72,1.4150374992788437,101.88269994807675,7,1,greater,NN,NOUN,2,NN|NNP,1,NOUN,0,0.7085030564913547,0.375,1.4150374992788437,0.5306390622295664
greatest,111,2.6544431552194007e-05,15.201231227893677,0.00040350804183789774,69,1.4764380439429872,101.87422503206612,8,1,greatest,NN,NOUN,1,NN,1,NOUN,0,0.7391261282790221,0.359375,1.4764380439429872,0.530594922042011
green,78,1.8652843793433624e-05,15.710244875381534,0.00029304074361708284,54,1.8300749985576876,98.82404992211514,5,1,green,NN,NOUN,2,NN|NNP,1,NOUN,0,0.9161206671301413,0.28125,1.8300749985576876,0.5147085933443496
gross,128,3.060979494307056e-05,14.995647094243783,0.0004590136825934541,44,2.1255308820838588,93.52335881168979,5,1,gross,NN,NOUN,2,NN|NNP,1,NOUN,0,1.0640253954272196,0.22916666666666666,2.125530882083859,0.4871008271442177
ground,387,9.25468018981899e-05,13.399457338099372,0.0012400769238123297,87,1.142019004872428,99.35565342390123,6,1,ground,NN,NOUN,2,NN|NNP,1,NOUN,0,0.5721380516763025,0.453125,1.142019004872428,0.5174773615828189
groups,477,0.0001140693139675364,13.097801638238272,0.001494057247356714,113,0.7647835383059685,86.42053982857443,6,1,group,NN,NOUN,2,NN|NNP,1,NOUN,0,0.3834384514409361,0.5885416666666666,0.7647835383059687,0.4501069782738253
growth,82,1.960939988540458e-05,15.638095089625699,0.0003066536600584521,45,2.0931094043914813,94.18992319761666,6,1,growth,NN,NOUN,2,NN|NNP,1,NOUN,0,1.0476773327812396,0.234375,2.0931094043914813,0.49057251665425344
guaranteeing,141,3.371860224197617e-05,14.856095741844989,0.0005009267831879871,54,1.8300749985576876,98.82404992211514,12,1,guarante,VB,VERB,2,NNP|VB,2,NOUN|VERB,0,0.9162074952609202,0.28125,1.8300749985576876,0.5147085933443496
guarantor,74,1.769628770146267e-05,15.786193728614833,0.00027935702593259384,45,2.0931094043914813,94.18992319761666,9,1,guarantor,NN,NOUN,2,NN|NNP,1,NOUN,0,1.0478009692643417,0.234375,2.0931094043914813,0.49057251665425344
guardian,156,3.730568758686725e-05,14.710244875381534,0.0005487757996472984,60,1.6780719051126378,100.68431430675827,8,1,guardian,NN,NOUN,2,NN|NNP,1,NOUN,0,0.8402122579478633,0.3125,1.6780719051126378,0.5243974703476993
guidance,58,1.3870063333578849e-05,16.13766609911621,0.00022383045085089015,36,2.415037499278844,86.94134997403839,8,1,guidanc,NN,NOUN,2,NN|NNP,1,NOUN,0,1.2088060520627957,0.1875,2.415037499278844,0.45281953111478324
guide,71,1.6978870632484454e-05,15.845899974739101,0.0002690454857263839,35,2.4556794837761897,85.94878193216664,5,1,guid,NN,NOUN,2,NN|NNP,1,NOUN,0,1.2290861171268643,0.18229166666666666,2.4556794837761897,0.44764990589670123
guided,91,2.176165109233923e-05,15.487852454045086,0.0003370412412745591,52,1.8845227825800641,97.99518469416333,6,1,guid,VB,VERB,2,NNP|VB,2,NOUN|VERB,0,0.9434137251282313,0.2708333333333333,1.8845227825800641,0.5103915869487673
guidelines,87,2.0805095000368274e-05,15.552703598395054,0.0003235754758771786,39,2.299560281858908,89.68285099249741,10,1,guidelin,NN,NOUN,2,NN|NNP,1,NOUN,0,1.1509909008717134,0.203125,2.299560281858908,0.46709818225259064
guilt,61,1.4587480402557066e-05,16.064909756680898,0.0002343465562444304,42,2.192645077942396,92.09109327358063,5,1,guilt,NN,NOUN,1,NN,1,NOUN,0,1.0974721100056535,0.21875,2.192645077942396,0.4796411107998991
h,690,0.00016500592586498976,12.56519454257825,0.0020733315591718406,108,0.8300749985576875,89.64809984423025,1,1,h,NN,NOUN,2,NN|NNP,1,NOUN,0,0.4164858540891853,0.5625,0.8300749985576875,0.46691718668869925
habeas,149,3.563171442591808e-05,14.77647857378162,0.0005265112647616839,47,2.030373649043519,95.42756150504539,6,1,habea,NN,NOUN,2,NN|NNP,1,NOUN,0,1.0164616900769465,0.24479166666666666,2.030373649043519,0.4970185495054447
hand,347,8.298124097848036e-05,13.556855241665522,0.0011249646717190213,71,1.435215381216474,101.90029206636966,4,1,hand,NN,NOUN,2,NN|NNP,1,NOUN,0,0.719095285793154,0.3697916666666667,1.435215381216474,0.5307306878456753
handicapped,76,1.817456574744815e-05,15.747719580800197,0.0002862079648936298,40,2.263034405833794,90.52137623335176,11,1,handicap,VB,VERB,2,NNP|VB,2,NOUN|VERB,0,1.132655564828627,0.20833333333333334,2.263034405833794,0.47146550121537373
harm,69,1.6500592586498976e-05,15.887122637465614,0.0002621469380125652,40,2.263034405833794,90.52137623335176,4,1,harm,NN,NOUN,1,NN,1,NOUN,0,1.1326661947136756,0.20833333333333334,2.263034405833794,0.47146550121537373
harmful,74,1.769628770146267e-05,15.786193728614833,0.00027935702593259384,48,2.0,96.0,7,1,harm,NN,NOUN,2,NN|NNP,1,NOUN,0,1.0010526685786256,0.25,2.0,0.5
harmonious,71,1.6978870632484454e-05,15.845899974739101,0.0002690454857263839,45,2.0931094043914813,94.18992319761666,10,1,harmoni,NN,NOUN,1,NN,1,NOUN,0,1.0476062993622979,0.234375,2.0931094043914813,0.49057251665425344
harmony,111,2.6544431552194007e-05,15.201231227893677,0.00040350804183789774,61,1.6542251631582698,100.90773495265447,7,1,harmoni,NN,NOUN,2,NN|NNP,1,NOUN,0,0.8281463191592889,0.3177083333333333,1.65422516315827,0.5255611195450753
hatred,50,1.1956951149636939e-05,16.35179090446906,0.00019551756505381416,36,2.415037499278844,86.94134997403839,6,1,hatr,VB,VERB,1,VB,1,VERB,0,1.2086521410137683,0.1875,2.415037499278844,0.45281953111478324
headed,67,1.6022314540513498e-05,15.92955790378601,0.00025522838722578234,41,2.2274104961030723,91.32383034022597,6,1,head,VB,VERB,1,VB,1,VERB,0,1.1148790912064652,0.21354166666666666,2.2274104961030727,0.475644949688677
heads,327,7.819846051862558e-05,13.6425002687457,0.0010668225186408495,104,0.8845227825800641,91.99036938832667,5,1,head,NN,NOUN,2,NN|NNP,1,NOUN,0,0.4433934123105525,0.5416666666666666,0.8845227825800641,0.479116507230868
healthy,150,3.587085344891082e-05,14.766828403747901,0.0005296987375760547,78,1.2995602818589078,101.36570198499481,7,1,healthi,NN,NOUN,2,NN|NNP,1,NOUN,0,0.6506828551744602,0.40625,1.2995602818589078,0.5279463645051813
hear,307,7.341568005877081e-05,13.733552248873602,0.0010082580779737168,92,1.0614005446641432,97.64885010910118,4,1,hear,NN,NOUN,2,NN|NNP,1,NOUN,0,0.5316956188407443,0.4791666666666667,1.0614005446641432,0.508587760984902
heard,263,6.28935630470903e-05,13.95672810495148,0.000877788358999863,105,0.8707169830550335,91.42528322077852,5,1,heard,NN,NOUN,1,NN,1,NOUN,0,0.43618173518621584,0.546875,0.8707169830550335,0.4761733501082215
hearings,64,1.530489747153528e-05,15.995647094243783,0.00024481173876826233,48,2.0,96.0,8,1,hear,NN,NOUN,2,NN|NNP,1,NOUN,0,1.0010193380062273,0.25,2.0,0.5
help,219,5.2371446035409796e-05,14.220860034642609,0.0007447670038814013,75,1.3561438102252754,101.71078576689565,4,1,help,NN,NOUN,2,NN|NNP,1,NOUN,0,0.67917189806998,0.390625,1.3561438102252754,0.5297436758692482
hereinafter,129,3.08489339660633e-05,14.984419838820529,0.00046225337812754336,44,2.1255308820838588,93.52335881168979,11,1,hereinaft,NN,NOUN,1,NN,1,NOUN,0,1.0640003105849851,0.22916666666666666,2.125530882083859,0.4871008271442177
heritage,228,5.452369724234444e-05,14.162757080079041,0.0007722058791510998,96,1.0,96.0,8,1,heritag,NN,NOUN,2,NN|NNP,1,NOUN,0,0.5009662467876264,0.5,1.0,0.5
higher,476,0.00011383017494454366,13.10082933093584,0.0014912696946590355,119,0.6901447374132127,82.12722375217231,6,1,higher,NN,NOUN,2,NN|NNP,1,NOUN,0,0.3461551377793573,0.6197916666666666,0.6901447374132127,0.4277459570425641
hindered,78,1.8652843793433624e-05,15.710244875381534,0.00029304074361708284,31,2.6307661903342807,81.5537519003627,8,1,hinder,VB,VERB,1,VB,1,VERB,0,1.316673446723292,0.16145833333333334,2.6307661903342807,0.42475912448105574
historic,82,1.960939988540458e-05,15.638095089625699,0.0003066536600584521,40,2.263034405833794,90.52137623335176,8,1,histor,NN,NOUN,2,NN|NNP,1,NOUN,0,1.1327131570154176,0.20833333333333334,2.263034405833794,0.47146550121537373
historical,173,4.137105097774381e-05,14.561018866607057,0.0006024046538182899,74,1.3755091350922064,101.78767599682327,10,1,histor,NN,NOUN,2,NN|NNP,1,NOUN,0,0.6888775446901269,0.3854166666666667,1.3755091350922062,0.5301441458167878
history,94,2.2479068161317444e-05,15.441058242566145,0.0003471006007175169,56,1.777607578663552,99.5460244051589,7,1,histori,NN,NOUN,2,NN|NNP,1,NOUN,0,0.8898840760354672,0.2916666666666667,1.777607578663552,0.5184688771102026
holder,655,0.0001566360600602439,12.64029599781897,0.0019799261630936327,71,1.435215381216474,101.90029206636966,6,1,holder,NN,NOUN,1,NN,1,NOUN,0,0.7196435931723121,0.3697916666666667,1.435215381216474,0.5307306878456753
holders,212,5.069747287446062e-05,14.267726639680584,0.0007233376842954257,71,1.435215381216474,101.90029206636966,7,1,holder,NN,NOUN,2,NN|NNP,1,NOUN,0,0.7186881067647234,0.3697916666666667,1.435215381216474,0.5307306878456753
holds,457,0.00010928653350768162,13.159596739185712,0.0014381667099845972,89,1.1092290697547584,98.7213872081735,5,1,hold,NN,NOUN,2,NN|NNP,1,NOUN,0,0.5559145669915769,0.4635416666666667,1.1092290697547584,0.514173891709237
holiday,45,1.0761256034673246e-05,16.50379399791411,0.0001776015527550573,31,2.6307661903342807,81.5537519003627,7,1,holidai,NN,NOUN,2,NN|NNP,1,NOUN,0,1.3165875501822717,0.16145833333333334,2.6307661903342807,0.42475912448105574
holidays,90,2.152251206934649e-05,15.503793997914109,0.0003336805934407681,61,1.6542251631582698,100.90773495265447,8,1,holidai,NN,NOUN,2,NN|NNP,1,NOUN,0,0.8280506537169253,0.3177083333333333,1.65422516315827,0.5255611195450753
home,266,6.361098011606851e-05,13.940364658742594,0.0008867602591180194,114,0.7520724865564145,85.73626346743124,4,1,home,NN,NOUN,2,NN|NNP,1,NOUN,0,0.3768652554945589,0.59375,0.7520724865564145,0.44654303889287106
homeland,110,2.6305292529201268e-05,15.214287380719123,0.0004002162801731519,40,2.263034405833794,90.52137623335176,8,1,homeland,NN,NOUN,2,NN|NNP,1,NOUN,0,1.1332659625321877,0.20833333333333334,2.263034405833794,0.47146550121537373
honor,179,4.2805885115700244e-05,14.511831316979526,0.0006211917841730466,71,1.435215381216474,101.90029206636966,5,1,honor,NN,NOUN,2,NN|NNP,1,NOUN,0,0.7189323287212637,0.3697916666666667,1.435215381216474,0.5307306878456753
honorary,65,1.554403649452802e-05,15.973279281215328,0.00024828923608449934,45,2.0931094043914813,94.18992319761666,8,1,honorari,NN,NOUN,2,NN|NNP,1,NOUN,0,1.0476736134275784,0.234375,2.0931094043914813,0.49057251665425344
honors,47,1.1239534080658722e-05,16.441058242566147,0.0001847898344394172,34,2.497499659470817,84.91498842200778,6,1,honor,NN,NOUN,2,NN|NNP,1,NOUN,0,1.2499270033424679,0.17708333333333334,2.4974996594708165,0.44226556469795714
honour,128,3.060979494307056e-05,14.995647094243783,0.0004590136825934541,56,1.777607578663552,99.5460244051589,6,1,honour,NN,NOUN,2,NN|NNP,1,NOUN,0,0.8901713660816578,0.2916666666666667,1.777607578663552,0.5184688771102026
house,6366,0.001522359020371775,9.35947565260786,0.014248482185697584,91,1.07716786052246,98.02227530754385,5,1,hous,NNP,NOUN,2,NN|NNP,1,NOUN,0,0.5536094074405128,0.4739583333333333,1.07716786052246,0.5105326838934575
houses,751,0.00017959340626754684,12.44297799672951,0.002234676802544789,64,1.584962500721156,101.43760004615399,6,1,hous,NNP,NOUN,2,NN|NNP,1,NOUN,0,0.7961237883689828,0.3333333333333333,1.584962500721156,0.5283208335737186
housing,269,6.432839718504673e-05,13.92418473168716,0.000895720485897935,81,1.2451124978365313,100.85411232475904,7,1,hous,VB,VERB,2,NNP|VB,2,NOUN|VERB,0,0.6236729622850116,0.421875,1.2451124978365313,0.5252818350247866
humanity,100,2.3913902299273878e-05,15.351790904469057,0.0003671212278083544,54,1.8300749985576876,98.82404992211514,8,1,human,NN,NOUN,2,NN|NNP,1,NOUN,0,0.9161285208296644,0.28125,1.8300749985576876,0.5147085933443496
hygiene,63,1.5065758448542544e-05,16.018367170743865,0.00024132885053449092,55,1.8036027871964966,99.19815329580732,7,1,hygien,NN,NOUN,1,NN,1,NOUN,0,0.9026364167032915,0.2864583333333333,1.8036027871964966,0.5166570484156631
ideals,46,1.1000395057665985e-05,16.47208513818677,0.00018119944394356306,34,2.497499659470817,84.91498842200778,6,1,ideal,NN,NOUN,1,NN,1,NOUN,0,1.2499281958712802,0.17708333333333334,2.4974996594708165,0.44226556469795714
ideas,133,3.180549005803426e-05,14.940364658742594,0.00047518561961704396,83,1.2099230693742313,100.4236147580612,5,1,idea,NN,NOUN,2,NN|NNP,1,NOUN,0,0.6057339892746141,0.4322916666666667,1.2099230693742313,0.5230396601982354
identical,64,1.530489747153528e-05,15.995647094243783,0.00024481173876826233,37,2.3755091350922064,87.89383799841164,9,1,ident,NN,NOUN,1,NN,1,NOUN,0,1.188958880104741,0.19270833333333334,2.3755091350922064,0.4577804062417273
identification,45,1.0761256034673246e-05,16.50379399791411,0.0001776015527550573,33,2.5405683813627027,83.83875658496919,14,1,identif,NN,NOUN,2,NN|NNP,1,NOUN,0,1.2713552774697103,0.171875,2.5405683813627027,0.4366601905467145
identity,254,6.0741311840155654e-05,14.006962407471617,0.0008508012715255709,84,1.1926450779423958,100.18218654716125,8,1,ident,NN,NOUN,2,NN|NNP,1,NOUN,0,0.5973855197047228,0.4375,1.1926450779423958,0.5217822215997981
ideological,70,1.6739731609491715e-05,15.866364077298815,0.0002655986762724628,32,2.584962500721156,82.718800023077,11,1,ideolog,NN,NOUN,2,NN|NNP,1,NOUN,0,1.2938280784976668,0.16666666666666666,2.584962500721156,0.430827083453526
ii,2067,0.000494300360525991,10.982324420818335,0.005428566920623898,97,0.9850496585340286,95.54981687780078,2,1,ii,NNP,NOUN,2,NN|NNP,1,NOUN,0,0.4959992747547279,0.5052083333333334,0.9850496585340284,0.4976552962385456
iii,1166,0.00027883610080953344,11.808295021043286,0.0032925789408763373,88,1.1255308820838588,99.04671762337958,3,1,iii,NNP,NOUN,2,NN|NNP,1,NOUN,0,0.565151973541221,0.4583333333333333,1.1255308820838592,0.5158683209551022
illegal,178,4.2566746092707505e-05,14.519913663277384,0.000618065478192763,80,1.2630344058337937,101.04275246670349,7,1,illeg,NN,NOUN,2,NN|NNP,1,NOUN,0,0.6324833713130462,0.4166666666666667,1.2630344058337937,0.5262643357640807
illegally,45,1.0761256034673246e-05,16.50379399791411,0.0001776015527550573,32,2.584962500721156,82.718800023077,9,1,illeg,RB,ADV,1,RB,1,ADV,0,1.2935965060300372,0.16666666666666666,2.584962500721156,0.430827083453526
illiteracy,42,1.0043838965695029e-05,16.603329671465023,0.00016676116951454083,37,2.3755091350922064,87.89383799841164,10,1,illiteraci,NN,NOUN,2,NN|NNP,1,NOUN,0,1.1888136115675496,0.19270833333333334,2.3755091350922064,0.4577804062417273
illness,288,6.887203862190877e-05,13.82572209280147,0.0009522056659512002,93,1.0458036896131246,97.2597431340206,7,1,ill,NN,NOUN,2,NN|NNP,1,NOUN,0,0.5239315687097981,0.484375,1.0458036896131246,0.5065611621563573
immediate,180,4.304502413869298e-05,14.503793997914109,0.0006243161627428432,76,1.3370349872775706,101.61465903309536,9,1,immedi,NN,NOUN,2,NN|NNP,1,NOUN,0,0.6695254087415274,0.3958333333333333,1.3370349872775709,0.5292430157973718
immigration,70,1.6739731609491715e-05,15.866364077298815,0.0002655986762724628,50,1.9411063109464315,97.05531554732157,11,1,immigr,NN,NOUN,2,NN|NNP,1,NOUN,0,0.9715274372343367,0.2604166666666667,1.9411063109464315,0.5054964351422999
imminent,88,2.1044234023361013e-05,15.536215475606486,0.0003269477543060259,50,1.9411063109464315,97.05531554732157,8,1,immin,NN,NOUN,2,NN|NNP,1,NOUN,0,0.9715390434613203,0.2604166666666667,1.9411063109464315,0.5054964351422999
immovable,72,1.7218009655477193e-05,15.82572209280147,0.0002724874357987545,37,2.3755091350922064,87.89383799841164,9,1,immov,NN,NOUN,2,NN|NNP,1,NOUN,0,1.188924077547862,0.19270833333333334,2.3755091350922064,0.4577804062417273
immunities,209,4.9980055805482406e-05,14.288287962162899,0.0007141294297137042,82,1.2274104961030725,100.64766068045195,10,1,immun,NN,NOUN,2,NN|NNP,1,NOUN,0,0.6146390128464656,0.4270833333333333,1.2274104961030727,0.5242065660440206
immunity,371,8.87205775303061e-05,13.46037171762298,0.001194211952560109,118,0.7023194513593151,82.87369526039917,8,1,immun,NN,NOUN,2,NN|NNP,1,NOUN,0,0.3520979191426385,0.6145833333333334,0.7023194513593148,0.4316338294812456
impartial,262,6.265442402409756e-05,13.962224092706332,0.0008747951086238933,100,0.9411063109464314,94.11063109464314,9,1,imparti,NN,NOUN,2,NN|NNP,1,NOUN,0,0.47140235619077314,0.5208333333333334,0.9411063109464314,0.4901595369512664
impartiality,131,3.132721201204878e-05,14.962224092706332,0.0004687247663239955,62,1.630766190334281,101.10750380072542,12,1,imparti,NN,NOUN,2,NN|NNP,1,NOUN,0,0.8164026513643644,0.3229166666666667,1.630766190334281,0.526601582295445
impeached,68,1.6261453563506237e-05,15.908184252993443,0.00025869019950975405,40,2.263034405833794,90.52137623335176,9,1,impeach,VB,VERB,1,VB,1,VERB,0,1.1327460393988018,0.20833333333333334,2.263034405833794,0.47146550121537373
impeachment,267,6.385011913906125e-05,13.934951162556228,0.0008897482919262153,64,1.584962500721156,101.43760004615399,11,1,impeach,NN,NOUN,2,NN|NNP,1,NOUN,0,0.7944194332657277,0.3333333333333333,1.584962500721156,0.5283208335737186
impede,44,1.0522117011680507e-05,16.536215475606486,0.00017399599416469347,32,2.584962500721156,82.718800023077,6,1,imped,NN,NOUN,1,NN,1,NOUN,0,1.2935918267103126,0.16666666666666666,2.584962500721156,0.430827083453526
impediment,99,2.367476327628114e-05,15.366290474164172,0.0003637932894104106,32,2.584962500721156,82.718800023077,10,1,impedi,NN,NOUN,1,NN,1,NOUN,0,1.293863420016825,0.16666666666666666,2.584962500721156,0.430827083453526
imperative,50,1.1956951149636939e-05,16.35179090446906,0.00019551756505381416,41,2.2274104961030723,91.32383034022597,10,1,imper,NN,NOUN,1,NN,1,NOUN,0,1.114796143678212,0.21354166666666666,2.2274104961030727,0.475644949688677
implement,276,6.60023703459959e-05,13.887122637465614,0.0009165830113582689,91,1.07716786052246,98.02227530754385,9,1,implement,NN,NOUN,2,NN|NNP,1,NOUN,0,0.5397962973625465,0.4739583333333333,1.07716786052246,0.5105326838934575
implemented,138,3.300118517299795e-05,14.887122637465614,0.0004912926908521324,69,1.4764380439429872,101.87422503206612,11,1,implement,VB,VERB,1,VB,1,VERB,0,0.7392060263493301,0.359375,1.4764380439429872,0.530594922042011
implementing,145,3.4675158333947125e-05,14.815738004228848,0.0005137380611309131,63,1.6076825772212395,101.28400236493809,12,1,implement,VB,VERB,2,NNP|VB,2,NOUN|VERB,0,0.8049547791697313,0.328125,1.6076825772212395,0.5275208456507192
import,43,1.0282977988687768e-05,16.569382339541683,0.00017038259388365895,32,2.584962500721156,82.718800023077,6,1,import,NN,NOUN,2,NN|NNP,1,NOUN,0,1.2935821573654795,0.16666666666666666,2.584962500721156,0.430827083453526
importance,217,5.189316798942432e-05,14.234095861799304,0.0007386523277339207,90,1.0931094043914815,98.37984639523334,10,1,import,NN,NOUN,2,NN|NNP,1,NOUN,0,0.5474169491616138,0.46875,1.0931094043914815,0.512395033308507
important,152,3.63491314948963e-05,14.747719580800197,0.0005360667982923633,66,1.5405683813627027,101.67751316993838,9,1,import,NN,NOUN,2,NN|NNP,1,NOUN,0,0.7716118452883568,0.34375,1.5405683813627027,0.529570381093429
impose,279,6.671978741497412e-05,13.871525782414595,0.0009255052513240344,102,0.9125371587496606,93.07879019246538,6,1,impos,NN,NOUN,2,NN|NNP,1,NOUN,0,0.45708098338429876,0.53125,0.9125371587496606,0.4847853655857572
imposes,156,3.730568758686725e-05,14.710244875381534,0.0005487757996472984,54,1.8300749985576876,98.82404992211514,7,1,impos,NN,NOUN,1,NN,1,NOUN,0,0.9161382980504432,0.28125,1.8300749985576876,0.5147085933443496
imposing,123,2.941409982810687e-05,15.053132588904543,0.00044277434469576705,55,1.8036027871964966,99.19815329580732,8,1,impos,VB,VERB,1,VB,1,VERB,0,0.9028034224086591,0.2864583333333333,1.8036027871964966,0.5166570484156631
imposition,424,0.00010139494574892125,13.267726639680584,0.00134528042284193,82,1.2274104961030725,100.64766068045195,10,1,imposit,NN,NOUN,2,NN|NNP,1,NOUN,0,0.6150339531853838,0.4270833333333333,1.2274104961030727,0.5242065660440206
impossible,49,1.17178121266442e-05,16.380937250128575,0.0001919487451553543,34,2.497499659470817,84.91498842200778,10,1,imposs,NN,NOUN,1,NN,1,NOUN,0,1.2499472747142206,0.17708333333333334,2.4974996594708165,0.44226556469795714
impracticable,61,1.4587480402557066e-05,16.064909756680898,0.0002343465562444304,33,2.5405683813627027,83.83875658496919,13,1,impractic,NN,NOUN,1,NN,1,NOUN,0,1.271388889327423,0.171875,2.5405683813627027,0.4366601905467145
imprisoned,101,2.4153041322266617e-05,15.337435611491987,0.0003704457161019695,51,1.9125371587496605,97.53939509623268,10,1,imprison,VB,VERB,2,NNP|VB,2,NOUN|VERB,0,0.9573643409664391,0.265625,1.9125371587496605,0.5080176827928785
imprisonment,576,0.00013774407724381754,12.82572209280147,0.001766667254658583,107,0.8434955143200092,90.25402003224099,12,1,imprison,NN,NOUN,2,NN|NNP,1,NOUN,0,0.42294175340023116,0.5572916666666666,0.8434955143200094,0.4700730210012552
improper,45,1.0761256034673246e-05,16.50379399791411,0.0001776015527550573,31,2.6307661903342807,81.5537519003627,8,1,improp,NN,NOUN,2,NN|NNP,1,NOUN,0,1.3164892273068425,0.16145833333333334,2.6307661903342807,0.42475912448105574
improve,119,2.8457543736135915e-05,15.10082933093584,0.0004297325111370307,64,1.584962500721156,101.43760004615399,7,1,improv,NN,NOUN,2,NN|NNP,1,NOUN,0,0.7935512221926726,0.3333333333333333,1.584962500721156,0.5283208335737186
improvement,172,4.113191195475107e-05,14.569382339541685,0.0005992665516251337,82,1.2274104961030725,100.64766068045195,11,1,improv,NN,NOUN,2,NN|NNP,1,NOUN,0,0.6145320502199578,0.4270833333333333,1.2274104961030727,0.5242065660440206
improving,64,1.530489747153528e-05,15.995647094243783,0.00024481173876826233,40,2.263034405833794,90.52137623335176,9,1,improv,VB,VERB,2,NNP|VB,2,NOUN|VERB,0,1.1326662760154798,0.20833333333333334,2.263034405833794,0.47146550121537373
inability,428,0.0001023515018408922,13.254180107842636,0.0013565852397073724,81,1.2451124978365313,100.85411232475904,9,1,inabl,NN,NOUN,2,NN|NNP,1,NOUN,0,0.6239793744203151,0.421875,1.2451124978365313,0.5252818350247866
inalienable,134,3.2044629081026996e-05,14.92955790378601,0.00047841214537053766,82,1.2274104961030725,100.64766068045195,11,1,inalien,NN,NOUN,1,NN,1,NOUN,0,0.6145578427833357,0.4270833333333333,1.2274104961030727,0.5242065660440206
incapable,122,2.9174960805114132e-05,15.064909756680896,0.00043951815168374663,59,1.702319451359315,100.43684763019958,9,1,incap,NN,NOUN,1,NN,1,NOUN,0,0.8522453315843482,0.3072916666666667,1.7023194513593147,0.5231085814072894
incapacitated,100,2.3913902299273878e-05,15.351790904469057,0.0003671212278083544,51,1.9125371587496605,97.53939509623268,13,1,incapacit,VB,VERB,1,VB,1,VERB,0,0.9574001005834997,0.265625,1.9125371587496605,0.5080176827928785
incapacity,354,8.465521413942953e-05,13.528041544160786,0.0011452192538080302,97,0.9850496585340286,95.54981687780078,10,1,incapac,NN,NOUN,2,NN|NNP,1,NOUN,0,0.4937154733485635,0.5052083333333334,0.9850496585340284,0.4976552962385456
incident,35,8.369865804745858e-06,16.866364077298815,0.00014116920394097727,31,2.6307661903342807,81.5537519003627,8,1,incid,NN,NOUN,1,NN,1,NOUN,0,1.3164525831016172,0.16145833333333334,2.6307661903342807,0.42475912448105574
incidental,145,3.4675158333947125e-05,14.815738004228848,0.0005137380611309131,43,2.158697746019058,92.8240030788195,10,1,incident,NN,NOUN,1,NN,1,NOUN,0,1.0804995217959241,0.22395833333333334,2.158697746019058,0.48345834936885157
incitement,51,1.2196090172629678e-05,16.323221752272286,0.00019907948439854301,35,2.4556794837761897,85.94878193216664,10,1,incit,NN,NOUN,2,NN|NNP,1,NOUN,0,1.2289763298746383,0.18229166666666666,2.4556794837761897,0.44764990589670123
included,384,9.182938482921169e-05,13.410684593522626,0.0012314949163617695,112,0.777607578663552,87.09204881031782,8,1,includ,VB,VERB,1,VB,1,VERB,0,0.3896347900119868,0.5833333333333334,0.777607578663552,0.45360442088707204
includes,908,0.0002171382328774068,12.169098606952868,0.002642376567224659,116,0.726981505593584,84.32985464885574,8,1,includ,NN,NOUN,1,NN,1,NOUN,0,0.36486821957545285,0.6041666666666666,0.7269815055935842,0.43921799296279046
inclusion,70,1.6739731609491715e-05,15.866364077298815,0.0002655986762724628,34,2.497499659470817,84.91498842200778,9,1,inclus,NN,NOUN,2,NN|NNP,1,NOUN,0,1.2498539851173123,0.17708333333333334,2.4974996594708165,0.44226556469795714
inclusive,169,4.0414494885772854e-05,14.594767657961599,0.0005898401628717321,40,2.263034405833794,90.52137623335176,9,1,inclus,NN,NOUN,1,NN,1,NOUN,0,1.132902679015644,0.20833333333333334,2.263034405833794,0.47146550121537373
income,338,8.082898977154571e-05,13.594767657961599,0.0010988513359719186,100,0.9411063109464314,94.11063109464314,6,1,incom,NN,NOUN,2,NN|NNP,1,NOUN,0,0.4715427474464431,0.5208333333333334,0.9411063109464314,0.4901595369512664
incompatibilities,157,3.7544826609859986e-05,14.701026345352156,0.0005519474851232303,51,1.9125371587496605,97.53939509623268,17,1,incompat,NN,NOUN,2,NN|NNP,1,NOUN,0,0.9576145756302096,0.265625,1.9125371587496605,0.5080176827928785
incompatibility,91,2.176165109233923e-05,15.487852454045086,0.0003370412412745591,40,2.263034405833794,90.52137623335176,15,1,incompat,NN,NOUN,2,NN|NNP,1,NOUN,0,1.1329203565457426,0.20833333333333334,2.263034405833794,0.47146550121537373
incompatible,275,6.576323132300317e-05,13.89235928583176,0.0009136064373364252,90,1.0931094043914815,98.37984639523334,12,1,incompat,NN,NOUN,2,NN|NNP,1,NOUN,0,0.5477966233100273,0.46875,1.0931094043914815,0.512395033308507
inconsistency,109,2.606615350620853e-05,15.227462769466856,0.0003969213820589983,55,1.8036027871964966,99.19815329580732,13,1,inconsist,NN,NOUN,2,NN|NNP,1,NOUN,0,0.902767970410466,0.2864583333333333,1.8036027871964966,0.5166570484156631
inconsistent,710,0.00016978870632484454,12.523971879851738,0.002126428983528758,75,1.3561438102252754,101.71078576689565,12,1,inconsist,NN,NOUN,1,NN,1,NOUN,0,0.6803462994335883,0.390625,1.3561438102252754,0.5297436758692482
incorporated,72,1.7218009655477193e-05,15.82572209280147,0.0002724874357987545,48,2.0,96.0,12,1,incorpor,VB,VERB,1,VB,1,VERB,0,1.0009494440800215,0.25,2.0,0.5
increase,271,6.480667523103221e-05,13.913498052889912,0.0009016875496412355,120,0.6780719051126377,81.36862861351652,8,1,increas,NN,NOUN,2,NN|NNP,1,NOUN,0,0.33969182768476996,0.625,0.6780719051126377,0.4237949406953986
increased,97,2.319648523029566e-05,15.395734252056656,0.0003571269221873892,59,1.702319451359315,100.43684763019958,9,1,increas,VB,VERB,1,VB,1,VERB,0,0.8521196128750909,0.3072916666666667,1.7023194513593147,0.5231085814072894
increasing,75,1.793542672445541e-05,15.766828403747901,0.0002827847955124827,41,2.2274104961030723,91.32383034022597,10,1,increas,VB,VERB,2,NNP|VB,2,NOUN|VERB,0,1.114799163462674,0.21354166666666666,2.2274104961030727,0.475644949688677
incumbent,190,4.5436414368620366e-05,14.425791485912836,0.0006554562395492513,60,1.6780719051126378,100.68431430675827,9,1,incumb,NN,NOUN,2,NN|NNP,1,NOUN,0,0.8404265444430643,0.3125,1.6780719051126378,0.5243974703476993
incurred,149,3.563171442591808e-05,14.77647857378162,0.0005265112647616839,76,1.3370349872775706,101.61465903309536,8,1,incur,VB,VERB,1,VB,1,VERB,0,0.6693819204958981,0.3958333333333333,1.3370349872775709,0.5292430157973718
indefinite,48,1.1478673103651461e-05,16.410684593522628,0.0001883728838561756,43,2.158697746019058,92.8240030788195,10,1,indefinit,NN,NOUN,1,NN,1,NOUN,0,1.0802818829881178,0.22395833333333334,2.158697746019058,0.48345834936885157
independently,138,3.300118517299795e-05,14.887122637465614,0.0004912926908521324,67,1.5188733102633836,101.7645117876467,13,1,independ,RB,ADV,2,NNP|RB,2,ADV|NOUN,0,0.7606068525118356,0.3489583333333333,1.5188733102633838,0.5300234988939933
indicate,80,1.91311218394191e-05,15.67371899935642,0.0002998558278535057,38,2.3370349872775704,88.80732951654768,8,1,indic,NN,NOUN,1,NN,1,NOUN,0,1.1696440197200875,0.19791666666666666,2.337034987277571,0.46253817456535257
indicated,172,4.113191195475107e-05,14.569382339541685,0.0005992665516251337,51,1.9125371587496605,97.53939509623268,9,1,indic,VB,VERB,1,VB,1,VERB,0,0.9575643771716161,0.265625,1.9125371587496605,0.5080176827928785
indictment,59,1.4109202356571588e-05,16.11300404488194,0.00022734163464149579,32,2.584962500721156,82.718800023077,10,1,indict,NN,NOUN,2,NN|NNP,1,NOUN,0,1.293786430485379,0.16666666666666666,2.584962500721156,0.430827083453526
indigenous,325,7.77201824726401e-05,13.651351186327966,0.0010609855051995016,42,2.192645077942396,92.09109327358063,10,1,indigen,NN,NOUN,2,NN|NNP,1,NOUN,0,1.0981353943408647,0.21875,2.192645077942396,0.4796411107998991
indirect,156,3.730568758686725e-05,14.710244875381534,0.0005487757996472984,67,1.5188733102633836,101.7645117876467,8,1,indirect,NN,NOUN,2,NN|NNP,1,NOUN,0,0.7604388034784216,0.3489583333333333,1.5188733102633838,0.5300234988939933
indirectly,231,5.524111431132266e-05,14.143898052827724,0.0007813246891439503,82,1.2274104961030725,100.64766068045195,10,1,indirectli,RB,ADV,1,RB,1,ADV,0,0.6146556474362251,0.4270833333333333,1.2274104961030727,0.5242065660440206
indispensable,62,1.4826619425549805e-05,16.041450783856906,0.00023784048580593393,35,2.4556794837761897,85.94878193216664,13,1,indispens,NN,NOUN,1,NN,1,NOUN,0,1.2289445078169567,0.18229166666666666,2.4556794837761897,0.44764990589670123
individually,205,4.902349971351145e-05,14.316166994738337,0.0007018286085651369,95,1.0151068923902085,96.4351547770698,12,1,individu,RB,ADV,1,RB,1,ADV,0,0.5083700784638799,0.4947916666666667,1.0151068923902085,0.5022664311305719
individuals,488,0.00011669984322045653,13.064909756680896,0.0015246729202940733,117,0.7145977811377516,83.60794039311693,11,1,individu,NN,NOUN,2,NN|NNP,1,NOUN,0,0.35835552574067214,0.609375,0.7145977811377516,0.4354580228808174
indivisible,114,2.726184862117222e-05,15.162757080079041,0.00041336478819672213,71,1.435215381216474,101.90029206636966,11,1,indivis,NN,NOUN,2,NN|NNP,1,NOUN,0,0.7185225100951302,0.3697916666666667,1.435215381216474,0.5307306878456753
industrial,209,4.9980055805482406e-05,14.288287962162899,0.0007141294297137042,74,1.3755091350922064,101.78767599682327,10,1,industri,NN,NOUN,2,NN|NNP,1,NOUN,0,0.6887219287441043,0.3854166666666667,1.3755091350922062,0.5301441458167878
industry,135,3.2283768104019735e-05,14.918831497192953,0.00048163609643832284,64,1.584962500721156,101.43760004615399,8,1,industri,NN,NOUN,2,NN|NNP,1,NOUN,0,0.7934724526991214,0.3333333333333333,1.584962500721156,0.5283208335737186
infectious,46,1.1000395057665985e-05,16.47208513818677,0.00018119944394356306,34,2.497499659470817,84.91498842200778,10,1,infecti,NN,NOUN,1,NN,1,NOUN,0,1.2498205989349547,0.17708333333333334,2.4974996594708165,0.44226556469795714
inferior,90,2.152251206934649e-05,15.503793997914109,0.0003336805934407681,41,2.2274104961030723,91.32383034022597,8,1,inferior,NN,NOUN,2,NN|NNP,1,NOUN,0,1.1150662224225205,0.21354166666666666,2.2274104961030727,0.475644949688677
infirmity,274,6.552409230001043e-05,13.897615011283255,0.0009106286087493345,48,2.0,96.0,9,1,infirm,NN,NOUN,1,NN,1,NOUN,0,1.0016079507572186,0.25,2.0,0.5
influence,99,2.367476327628114e-05,15.366290474164172,0.0003637932894104106,52,1.8845227825800641,97.99518469416333,9,1,influenc,NN,NOUN,2,NN|NNP,1,NOUN,0,0.9432824564238493,0.2708333333333333,1.8845227825800641,0.5103915869487673
inform,295,7.054601178285795e-05,13.791075949994578,0.0009729054064666064,110,0.8036027871964965,88.39630659161462,6,1,inform,NN,NOUN,2,NN|NNP,1,NOUN,0,0.4025925717638374,0.5729166666666666,0.8036027871964967,0.46039743016465956
infrastructure,67,1.6022314540513498e-05,15.92955790378601,0.00025522838722578234,31,2.6307661903342807,81.5537519003627,14,1,infrastructur,NN,NOUN,1,NN,1,NOUN,0,1.3165471516784677,0.16145833333333334,2.6307661903342807,0.42475912448105574
infringe,88,2.1044234023361013e-05,15.536215475606486,0.0003269477543060259,55,1.8036027871964966,99.19815329580732,8,1,infring,NN,NOUN,2,NN|NNP,1,NOUN,0,0.9028218663576181,0.2864583333333333,1.8036027871964966,0.5166570484156631
infringed,72,1.7218009655477193e-05,15.82572209280147,0.0002724874357987545,45,2.0931094043914813,94.18992319761666,9,1,infring,VB,VERB,1,VB,1,VERB,0,1.0476245508532684,0.234375,2.0931094043914813,0.49057251665425344
infringement,104,2.4870458391244834e-05,15.29520737610269,0.00038039881863282304,57,1.7520724865564143,99.86813173371561,12,1,infring,NN,NOUN,2,NN|NNP,1,NOUN,0,0.8770139708650736,0.296875,1.7520724865564143,0.5201465194464355
infringes,44,1.0522117011680507e-05,16.536215475606486,0.00017399599416469347,34,2.497499659470817,84.91498842200778,9,1,infring,NN,NOUN,1,NN,1,NOUN,0,1.2498571608552298,0.17708333333333334,2.4974996594708165,0.44226556469795714
inhabitants,291,6.958945569088699e-05,13.810771751335498,0.0009610840888465153,78,1.2995602818589078,101.36570198499481,11,1,inhabit,NN,NOUN,2,NN|NNP,1,NOUN,0,0.6508988749689829,0.40625,1.2995602818589078,0.5279463645051813
inherent,118,2.8218404713143176e-05,15.113004044881942,0.0004264648645698485,54,1.8300749985576876,98.82404992211514,8,1,inher,NN,NOUN,2,NN|NNP,1,NOUN,0,0.9161027334553754,0.28125,1.8300749985576876,0.5147085933443496
inheritance,133,3.180549005803426e-05,14.940364658742594,0.00047518561961704396,85,1.1755715645834544,99.92358298959363,11,1,inherit,NN,NOUN,2,NN|NNP,1,NOUN,0,0.5887014810132914,0.4427083333333333,1.1755715645834544,0.5204353280708001
inhuman,178,4.2566746092707505e-05,14.519913663277384,0.000618065478192763,110,0.8036027871964965,88.39630659161462,7,1,inhuman,NN,NOUN,2,NN|NNP,1,NOUN,0,0.40247303914353544,0.5729166666666666,0.8036027871964967,0.46039743016465956
initial,78,1.8652843793433624e-05,15.710244875381534,0.00029304074361708284,41,2.2274104961030723,91.32383034022597,7,1,initi,NN,NOUN,2,NN|NNP,1,NOUN,0,1.1147558745179742,0.21354166666666666,2.2274104961030727,0.475644949688677
initiate,188,4.495813632263489e-05,14.441058242566145,0.000649243065112399,82,1.2274104961030725,100.64766068045195,8,1,initi,NN,NOUN,2,NN|NNP,1,NOUN,0,0.6146649279496669,0.4270833333333333,1.2274104961030727,0.5242065660440206
initiated,176,4.208846804672203e-05,14.536215475606486,0.0006118070405653299,81,1.2451124978365313,100.85411232475904,9,1,initi,VB,VERB,2,NNP|VB,2,NOUN|VERB,0,0.6235269892018818,0.421875,1.2451124978365313,0.5252818350247866
initiation,47,1.1239534080658722e-05,16.441058242566147,0.0001847898344394172,33,2.5405683813627027,83.83875658496919,10,1,initi,NN,NOUN,2,NN|NNP,1,NOUN,0,1.2713803394242562,0.171875,2.5405683813627027,0.4366601905467145
initiative,663,0.0001585491722441858,12.622782034131195,0.002001331642930281,117,0.7145977811377516,83.60794039311693,10,1,initi,NN,NOUN,2,NN|NNP,1,NOUN,0,0.3587830350195873,0.609375,0.7145977811377516,0.4354580228808174
initiatives,106,2.534873643723031e-05,15.267726639680584,0.0003870175785849431,38,2.3370349872775704,88.80732951654768,11,1,initi,NN,NOUN,2,NN|NNP,1,NOUN,0,1.1697750264755251,0.19791666666666666,2.337034987277571,0.46253817456535257
injurious,46,1.1000395057665985e-05,16.47208513818677,0.00018119944394356306,34,2.497499659470817,84.91498842200778,9,1,injuri,NN,NOUN,1,NN,1,NOUN,0,1.2497818435087493,0.17708333333333334,2.4974996594708165,0.44226556469795714
injustice,78,1.8652843793433624e-05,15.710244875381534,0.00029304074361708284,37,2.3755091350922064,87.89383799841164,9,1,injustic,NN,NOUN,1,NN,1,NOUN,0,1.188911775787517,0.19270833333333334,2.3755091350922064,0.4577804062417273
inquire,110,2.6305292529201268e-05,15.214287380719123,0.0004002162801731519,33,2.5405683813627027,83.83875658496919,7,1,inquir,NN,NOUN,1,NN,1,NOUN,0,1.2715354158216112,0.171875,2.5405683813627027,0.4366601905467145
inquiries,70,1.6739731609491715e-05,15.866364077298815,0.0002655986762724628,36,2.415037499278844,86.94134997403839,9,1,inquiri,NN,NOUN,2,NN|NNP,1,NOUN,0,1.2086548488413582,0.1875,2.415037499278844,0.45281953111478324
inquiry,380,9.087282873724073e-05,13.425791485912836,0.0012200396503612618,94,1.0303736490435187,96.85512301009075,7,1,inquiri,NN,NOUN,2,NN|NNP,1,NOUN,0,0.5162282661160377,0.4895833333333333,1.030373649043519,0.5044537656775561
insofar,146,3.4914297356939864e-05,14.805822535363765,0.0005169348906137718,38,2.3370349872775704,88.80732951654768,7,1,insofar,NN,NOUN,2,NN|NNP,1,NOUN,0,1.1701001283159544,0.19791666666666666,2.337034987277571,0.46253817456535257
inspect,81,1.937026086241184e-05,15.655797091359158,0.00030325687366861544,52,1.8845227825800641,97.99518469416333,7,1,inspect,NN,NOUN,2,NN|NNP,1,NOUN,0,0.943216874425506,0.2708333333333333,1.8845227825800641,0.5103915869487673
inspection,105,2.5109597414237573e-05,15.28140157657766,0.00038370984151316035,48,2.0,96.0,10,1,inspect,NN,NOUN,2,NN|NNP,1,NOUN,0,1.0011375159946458,0.25,2.0,0.5
installation,127,3.0370655920077827e-05,15.006962407471617,0.00045577129168286324,37,2.3755091350922064,87.89383799841164,12,1,instal,NN,NOUN,2,NN|NNP,1,NOUN,0,1.1891293201630972,0.19270833333333334,2.3755091350922064,0.4577804062417273
instance,456,0.00010904739448468888,13.162757080079041,0.0014353643638175108,113,0.7647835383059685,86.42053982857443,8,1,instanc,NN,NOUN,2,NN|NNP,1,NOUN,0,0.3833846222875228,0.5885416666666666,0.7647835383059687,0.4501069782738253
instances,151,3.610999247190356e-05,14.757242354918704,0.0005328839103421707,54,1.8300749985576876,98.82404992211514,9,1,instanc,NN,NOUN,2,NN|NNP,1,NOUN,0,0.9163449421618419,0.28125,1.8300749985576876,0.5147085933443496
instead,63,1.5065758448542544e-05,16.018367170743865,0.00024132885053449092,36,2.415037499278844,86.94134997403839,7,1,instead,NN,NOUN,2,NN|NNP,1,NOUN,0,1.2085914940652103,0.1875,2.415037499278844,0.45281953111478324
institute,211,5.0458333851467884e-05,14.274547905536597,0.0007202699037963373,78,1.2995602818589078,101.36570198499481,9,1,institut,NN,NOUN,2,NN|NNP,1,NOUN,0,0.6507133907338183,0.40625,1.2995602818589078,0.5279463645051813
instituted,388,9.278594092118264e-05,13.395734252056656,0.0012429358069071916,95,1.0151068923902085,96.4351547770698,10,1,institut,VB,VERB,1,VB,1,VERB,0,0.5086580928668093,0.4947916666666667,1.0151068923902085,0.5022664311305719
institutional,168,4.0175355862780115e-05,14.603329671465023,0.0005866939663326031,36,2.415037499278844,86.94134997403839,13,1,institut,NNP,NOUN,2,NN|NNP,1,NOUN,0,1.2094791109024265,0.1875,2.415037499278844,0.45281953111478324
instruction,266,6.361098011606851e-05,13.940364658742594,0.0008867602591180194,94,1.0303736490435187,96.85512301009075,11,1,instruct,NN,NOUN,2,NN|NNP,1,NOUN,0,0.5161277116255577,0.4895833333333333,1.030373649043519,0.5044537656775561
instructions,263,6.28935630470903e-05,13.95672810495148,0.000877788358999863,96,1.0,96.0,12,1,instruct,NN,NOUN,2,NN|NNP,1,NOUN,0,0.5008782301434799,0.5,1.0,0.5
instrument,652,0.00015591864299126568,12.646918940012705,0.001971890439147317,81,1.2451124978365313,100.85411232475904,10,1,instrument,NN,NOUN,2,NN|NNP,1,NOUN,0,0.6243870175878071,0.421875,1.2451124978365313,0.5252818350247866
instruments,239,5.715422649526457e-05,14.094780286263035,0.0008055762648820675,84,1.1926450779423958,100.18218654716125,11,1,instrument,NN,NOUN,2,NN|NNP,1,NOUN,0,0.5973120098561026,0.4375,1.1926450779423958,0.5217822215997981
insufficient,84,2.0087677931390057e-05,15.603329671465023,0.0003134346610976916,62,1.630766190334281,101.10750380072542,12,1,insuffici,NN,NOUN,1,NN,1,NOUN,0,0.8161637689022253,0.3229166666666667,1.630766190334281,0.526601582295445
insurance,224,5.3567141150373484e-05,14.188292172186179,0.0007600262494702363,85,1.1755715645834544,99.92358298959363,9,1,insur,NN,NOUN,2,NN|NNP,1,NOUN,0,0.588806540538534,0.4427083333333333,1.1755715645834544,0.5204353280708001
insurrection,55,1.3152646264600634e-05,16.214287380719124,0.00021326078635117658,46,2.0614005446641435,94.8244250545506,12,1,insurrect,NN,NOUN,1,NN,1,NOUN,0,1.0316721746851922,0.23958333333333334,2.0614005446641435,0.49387721382578437
integral,180,4.304502413869298e-05,14.503793997914109,0.0006243161627428432,71,1.435215381216474,101.90029206636966,8,1,integr,NN,NOUN,2,NN|NNP,1,NOUN,0,0.7186285809860103,0.3697916666666667,1.435215381216474,0.5307306878456753
integrated,131,3.132721201204878e-05,14.962224092706332,0.0004687247663239955,40,2.263034405833794,90.52137623335176,10,1,integr,VB,VERB,2,NNP|VB,2,NOUN|VERB,0,1.1327946219389389,0.20833333333333334,2.263034405833794,0.47146550121537373
integration,223,5.3328002127380745e-05,14.194747194323478,0.0007569775085765143,68,1.4974996594708168,101.82997684401553,11,1,integr,NN,NOUN,2,NN|NNP,1,NOUN,0,0.7498465395016128,0.3541666666666667,1.4974996594708165,0.5303644627292475
intellectual,182,4.352330218467846e-05,14.487852454045086,0.0006305591803644397,83,1.2099230693742313,100.4236147580612,12,1,intellectu,NN,NOUN,2,NN|NNP,1,NOUN,0,0.6059098622585734,0.4322916666666667,1.2099230693742313,0.5230396601982354
intended,141,3.371860224197617e-05,14.856095741844989,0.0005009267831879871,63,1.6076825772212395,101.28400236493809,8,1,intend,VB,VERB,1,VB,1,VERB,0,0.8047932460900545,0.328125,1.6076825772212395,0.5275208456507192
intention,119,2.8457543736135915e-05,15.10082933093584,0.0004297325111370307,47,2.030373649043519,95.42756150504539,9,1,intent,NN,NOUN,1,NN,1,NOUN,0,1.0162311983573062,0.24479166666666666,2.030373649043519,0.4970185495054447
intentionally,38,9.087282873724075e-06,16.747719580800197,0.00015219126532053896,35,2.4556794837761897,85.94878193216664,13,1,intention,RB,ADV,1,RB,1,ADV,0,1.2288234679153185,0.18229166666666666,2.4556794837761897,0.44764990589670123
interested,143,3.419688028796165e-05,14.835775757465393,0.0005073372475570876,67,1.5188733102633836,101.7645117876467,10,1,interest,VB,VERB,2,NNP|VB,2,NOUN|VERB,0,0.7603895396824999,0.3489583333333333,1.5188733102633838,0.5300234988939933
interfere,79,1.8891982816426363e-05,15.69186634606668,0.00029645046936755087,55,1.8036027871964966,99.19815329580732,9,1,interfer,NN,NOUN,1,NN,1,NOUN,0,0.9027856138668756,0.2864583333333333,1.8036027871964966,0.5166570484156631
interference,231,5.524111431132266e-05,14.143898052827724,0.0007813246891439503,94,1.0303736490435187,96.85512301009075,12,1,interfer,NN,NOUN,2,NN|NNP,1,NOUN,0,0.5161488844215628,0.4895833333333333,1.030373649043519,0.5044537656775561
interim,353,8.441607511643679e-05,13.532122720972602,0.0011423286880984642,70,1.4556794837761897,101.89756386433328,7,1,interim,NN,NOUN,2,NN|NNP,1,NOUN,0,0.7298037519078707,0.3645833333333333,1.4556794837761897,0.5307164784600692
interior,89,2.1283373046353752e-05,15.519913663277384,0.0003303161121427352,34,2.497499659470817,84.91498842200778,8,1,interior,NNP,NOUN,2,NN|NNP,1,NOUN,0,1.250536772498875,0.17708333333333334,2.4974996594708165,0.44226556469795714
interpellation,112,2.6783570575186742e-05,15.188292172186179,0.00040679669531030484,41,2.2274104961030723,91.32383034022597,14,1,interpel,NN,NOUN,2,NN|NNP,1,NOUN,0,1.1150999423918595,0.21354166666666666,2.2274104961030727,0.475644949688677
interpret,50,1.1956951149636939e-05,16.35179090446906,0.00019551756505381416,40,2.263034405833794,90.52137623335176,9,1,interpret,NN,NOUN,1,NN,1,NOUN,0,1.1325859108027168,0.20833333333333334,2.263034405833794,0.47146550121537373
interpretation,532,0.00012722196023213703,12.940364658742594,0.0016462985580039018,113,0.7647835383059685,86.42053982857443,14,1,interpret,NN,NOUN,2,NN|NNP,1,NOUN,0,0.3834518419293471,0.5885416666666666,0.7647835383059687,0.4501069782738253
interpreted,64,1.530489747153528e-05,15.995647094243783,0.00024481173876826233,47,2.030373649043519,95.42756150504539,11,1,interpret,VB,VERB,1,VB,1,VERB,0,1.016152058946951,0.24479166666666666,2.030373649043519,0.4970185495054447
interpreter,72,1.7218009655477193e-05,15.82572209280147,0.0002724874357987545,60,1.6780719051126378,100.68431430675827,11,1,interpret,NN,NOUN,2,NN|NNP,1,NOUN,0,0.8398942416026661,0.3125,1.6780719051126378,0.5243974703476993
interpreting,77,1.8413704770440885e-05,15.72886055354888,0.0002896265946084825,45,2.0931094043914813,94.18992319761666,12,1,interpret,VB,VERB,2,NNP|VB,2,NOUN|VERB,0,1.0475472580758676,0.234375,2.0931094043914813,0.49057251665425344
interval,82,1.960939988540458e-05,15.638095089625699,0.0003066536600584521,56,1.777607578663552,99.5460244051589,8,1,interv,NN,NOUN,1,NN,1,NOUN,0,0.8897338177126876,0.2916666666666667,1.777607578663552,0.5184688771102026
intervals,73,1.7457148678469932e-05,15.805822535363765,0.00027592459398535584,42,2.192645077942396,92.09109327358063,9,1,interv,NN,NOUN,1,NN,1,NOUN,0,1.0973957749894714,0.21875,2.192645077942396,0.4796411107998991
intervene,183,4.37624412076712e-05,14.47994725595974,0.0006336778404791181,82,1.2274104961030725,100.64766068045195,9,1,interven,NN,NOUN,2,NN|NNP,1,NOUN,0,0.6145797976125081,0.4270833333333333,1.2274104961030727,0.5242065660440206
intervention,173,4.137105097774381e-05,14.561018866607057,0.0006024046538182899,69,1.4764380439429872,101.87422503206612,12,1,intervent,NN,NOUN,2,NN|NNP,1,NOUN,0,0.7391611454147667,0.359375,1.4764380439429872,0.530594922042011
introduce,139,3.324032419599069e-05,14.876706021520276,0.0004945065311237808,66,1.5405683813627027,101.67751316993838,9,1,introduc,NN,NOUN,2,NN|NNP,1,NOUN,0,0.7713647206529365,0.34375,1.5405683813627027,0.529570381093429
introduced,413,9.876441649600112e-05,13.305649122824336,0.0013141246717162747,106,0.857042046157957,90.84645689274345,10,1,introduc,VB,VERB,1,VB,1,VERB,0,0.4296658633822465,0.5520833333333334,0.8570420461579569,0.4731586296497054
introduction,137,3.276204615000521e-05,14.897615011283255,0.00048807635052467243,73,1.395137941841139,101.84506975440314,12,1,introduct,NN,NOUN,2,NN|NNP,1,NOUN,0,0.6984125673557272,0.3802083333333333,1.3951379418411392,0.5304430716375165
invalid,152,3.63491314948963e-05,14.747719580800197,0.0005360667982923633,64,1.584962500721156,101.43760004615399,7,1,invalid,NN,NOUN,2,NN|NNP,1,NOUN,0,0.7934936095514872,0.3333333333333333,1.584962500721156,0.5283208335737186
invalidate,77,1.8413704770440885e-05,15.72886055354888,0.0002896265946084825,47,2.030373649043519,95.42756150504539,10,1,invalid,NN,NOUN,1,NN,1,NOUN,0,1.0161591450802743,0.24479166666666666,2.030373649043519,0.4970185495054447
invasion,49,1.17178121266442e-05,16.380937250128575,0.0001919487451553543,33,2.5405683813627027,83.83875658496919,8,1,invas,NN,NOUN,2,NN|NNP,1,NOUN,0,1.2715466656789582,0.171875,2.5405683813627027,0.4366601905467145
invested,84,2.0087677931390057e-05,15.603329671465023,0.0003134346610976916,55,1.8036027871964966,99.19815329580732,8,1,invest,VB,VERB,1,VB,1,VERB,0,0.9027429892772015,0.2864583333333333,1.8036027871964966,0.5166570484156631
investigate,263,6.28935630470903e-05,13.95672810495148,0.000877788358999863,77,1.3181759600262548,101.49954892202162,11,1,investig,NN,NOUN,2,NN|NNP,1,NOUN,0,0.6601809770447059,0.4010416666666667,1.3181759600262548,0.5286434839688626
investigated,215,5.141488994343884e-05,14.247454244654323,0.0007325312919630825,70,1.4556794837761897,101.89756386433328,12,1,investig,VB,VERB,1,VB,1,VERB,0,0.7288981077547629,0.3645833333333333,1.4556794837761897,0.5307164784600692
investigating,75,1.793542672445541e-05,15.766828403747901,0.0002827847955124827,31,2.6307661903342807,81.5537519003627,13,1,investig,VB,VERB,1,VB,1,VERB,0,1.3167435974350592,0.16145833333333334,2.6307661903342807,0.42475912448105574
investigations,135,3.2283768104019735e-05,14.918831497192953,0.00048163609643832284,63,1.6076825772212395,101.28400236493809,14,1,investig,NN,NOUN,2,NN|NNP,1,NOUN,0,0.8048033218876461,0.328125,1.6076825772212395,0.5275208456507192
investment,273,6.528495327701769e-05,13.90288995332393,0.0009076495210182713,85,1.1755715645834544,99.92358298959363,10,1,invest,NN,NOUN,2,NN|NNP,1,NOUN,0,0.5888258860747796,0.4427083333333333,1.1755715645834544,0.5204353280708001
investments,91,2.176165109233923e-05,15.487852454045086,0.0003370412412745591,42,2.192645077942396,92.09109327358063,11,1,invest,NN,NOUN,2,NN|NNP,1,NOUN,0,1.09744318845575,0.21875,2.192645077942396,0.4796411107998991
inviolability,167,3.9936216839787376e-05,14.61194280176973,0.0005835457161820463,79,1.2811817525440532,101.21335845098021,13,1,inviol,NN,NOUN,2,NN|NNP,1,NOUN,0,0.6417021697294939,0.4114583333333333,1.2811817525440532,0.5271529085988552
involve,136,3.2522907127012474e-05,14.908184252993443,0.0004848574918924956,82,1.2274104961030725,100.64766068045195,7,1,involv,NN,NOUN,1,NN,1,NOUN,0,0.6144465114151553,0.4270833333333333,1.2274104961030727,0.5242065660440206
involved,182,4.352330218467846e-05,14.487852454045086,0.0006305591803644397,89,1.1092290697547584,98.7213872081735,8,1,involv,VB,VERB,1,VB,1,VERB,0,0.5554064580454438,0.4635416666666667,1.1092290697547584,0.514173891709237
involves,109,2.606615350620853e-05,15.227462769466856,0.0003969213820589983,58,1.726981505593584,100.16492732442786,8,1,involv,NN,NOUN,1,NN,1,NOUN,0,0.8644392607175563,0.3020833333333333,1.7269815055935842,0.5216923298147286
involving,261,6.241528500110482e-05,13.967741097673898,0.000871800541432961,98,0.970252656605948,95.0847603473829,9,1,involv,VB,VERB,1,VB,1,VERB,0,0.4859843289421744,0.5104166666666666,0.9702526566059481,0.49523312680928594
irrespective,71,1.6978870632484454e-05,15.845899974739101,0.0002690454857263839,47,2.030373649043519,95.42756150504539,12,1,irrespect,NN,NOUN,2,NN|NNP,1,NOUN,0,1.0162456211890618,0.24479166666666666,2.030373649043519,0.4970185495054447
island,346,8.274210195548762e-05,13.561018866607057,0.0011220672056810922,38,2.3370349872775704,88.80732951654768,6,1,island,NNP,NOUN,2,NN|NNP,1,NOUN,0,1.1713249602322822,0.19791666666666666,2.337034987277571,0.46253817456535257
islands,452,0.00010809083839271792,13.175468131828595,0.0014241473965858897,57,1.7520724865564143,99.86813173371561,7,1,island,NNP,NOUN,2,NN|NNP,1,NOUN,0,0.8788651337810215,0.296875,1.7520724865564143,0.5201465194464355
issuance,109,2.606615350620853e-05,15.227462769466856,0.0003969213820589983,50,1.9411063109464315,97.05531554732157,8,1,issuanc,NN,NOUN,2,NN|NNP,1,NOUN,0,0.9717274787454594,0.2604166666666667,1.9411063109464315,0.5054964351422999
issues,553,0.00013224387971498455,12.884511424009075,0.0017038977789430004,115,0.7394724497767808,85.0393317243298,6,1,issu,NN,NOUN,2,NN|NNP,1,NOUN,0,0.3712573391079154,0.5989583333333334,0.7394724497767808,0.4429131860642177
issuing,129,3.08489339660633e-05,14.984419838820529,0.00046225337812754336,61,1.6542251631582698,100.90773495265447,7,1,issu,VB,VERB,2,NNP|VB,2,NOUN|VERB,0,0.8281091181129113,0.3177083333333333,1.65422516315827,0.5255611195450753
item,213,5.093661189745336e-05,14.260937474017945,0.000726403837407901,46,2.0614005446641435,94.8244250545506,4,1,item,NN,NOUN,2,NN|NNP,1,NOUN,0,1.0323982574866826,0.23958333333333334,2.0614005446641435,0.49387721382578437
items,99,2.367476327628114e-05,15.366290474164172,0.0003637932894104106,54,1.8300749985576876,98.82404992211514,5,1,item,NN,NOUN,2,NN|NNP,1,NOUN,0,0.9161089074164669,0.28125,1.8300749985576876,0.5147085933443496
iv,617,0.00014754877718651982,12.726520415094365,0.001877782525086454,80,1.2630344058337937,101.04275246670349,2,1,iv,NNP,NOUN,2,NN|NNP,1,NOUN,0,0.6331586079690522,0.4166666666666667,1.2630344058337937,0.5262643357640807
ix,108,2.582701448321579e-05,15.240759592080314,0.00039362331871986827,41,2.2274104961030723,91.32383034022597,2,1,ix,NNP,NOUN,2,NN|NNP,1,NOUN,0,1.1147960912891925,0.21354166666666666,2.2274104961030727,0.475644949688677
j,338,8.082898977154571e-05,13.594767657961599,0.0010988513359719186,95,1.0151068923902085,96.4351547770698,1,1,j,NN,NOUN,2,NN|NNP,1,NOUN,0,0.5086140464255741,0.4947916666666667,1.0151068923902085,0.5022664311305719
january,251,6.002389477117744e-05,14.02410354029301,0.0008417813151626446,91,1.07716786052246,98.02227530754385,7,1,januari,NNP,NOUN,1,NNP,1,NOUN,0,0.5395525197090069,0.4739583333333333,1.07716786052246,0.5105326838934575
job,84,2.0087677931390057e-05,15.603329671465023,0.0003134346610976916,42,2.192645077942396,92.09109327358063,3,1,job,NN,NOUN,2,NN|NNP,1,NOUN,0,1.0974856693317052,0.21875,2.192645077942396,0.4796411107998991
join,165,3.94579387938019e-05,14.629324879997966,0.0005772430057096031,73,1.395137941841139,101.84506975440314,4,1,join,NN,NOUN,2,NN|NNP,1,NOUN,0,0.6985905802279379,0.3802083333333333,1.3951379418411392,0.5304430716375165
joint,743,0.00017768029408360493,12.458428693705185,0.0022136172741171593,113,0.7647835383059685,86.42053982857443,5,1,joint,NN,NOUN,2,NN|NNP,1,NOUN,0,0.38407099656820365,0.5885416666666666,0.7647835383059687,0.4501069782738253
jointly,250,5.97847557481847e-05,14.029862809581696,0.000838771921251382,97,0.9850496585340286,95.54981687780078,7,1,jointli,RB,ADV,2,NNP|RB,2,ADV|NOUN,0,0.49346660243482515,0.5052083333333334,0.9850496585340284,0.4976552962385456
journal,104,2.4870458391244834e-05,15.29520737610269,0.00038039881863282304,40,2.263034405833794,90.52137623335176,7,1,journal,NNP,NOUN,2,NN|NNP,1,NOUN,0,1.1330670483658725,0.20833333333333334,2.263034405833794,0.47146550121537373
judged,103,2.4631319368252095e-05,15.309146567060564,0.0003770844783486489,44,2.1255308820838588,93.52335881168979,6,1,judg,VB,VERB,1,VB,1,VERB,0,1.064031939084361,0.22916666666666666,2.125530882083859,0.4871008271442177
judgement,166,3.969707781679464e-05,14.620607662896857,0.0005803954001228405,42,2.192645077942396,92.09109327358063,9,1,judgement,NN,NOUN,2,NN|NNP,1,NOUN,0,1.097793361777348,0.21875,2.192645077942396,0.4796411107998991
judgment,829,0.00019824625006098045,12.300418802748032,0.002438511901824372,119,0.6901447374132127,82.12722375217231,8,1,judgment,NN,NOUN,2,NN|NNP,1,NOUN,0,0.3464791535896566,0.6197916666666666,0.6901447374132127,0.4277459570425641
judgments,210,5.0219194828475145e-05,14.28140157657766,0.0007172004881978455,92,1.0614005446641432,97.64885010910118,9,1,judgment,NN,NOUN,2,NN|NNP,1,NOUN,0,0.5315837925988067,0.4791666666666667,1.0614005446641432,0.508587760984902
judicature,166,3.969707781679464e-05,14.620607662896857,0.0005803954001228405,33,2.5405683813627027,83.83875658496919,10,1,judicatur,NNP,NOUN,2,NN|NNP,1,NOUN,0,1.2717780910306937,0.171875,2.5405683813627027,0.4366601905467145
july,218,5.213230701241706e-05,14.227462769466856,0.0007417104571055795,74,1.3755091350922064,101.78767599682327,4,1,juli,NNP,NOUN,1,NNP,1,NOUN,0,0.6889289997093785,0.3854166666666667,1.3755091350922062,0.5301441458167878
june,264,6.313270207008304e-05,13.95125297488533,0.0008807802975677952,73,1.395137941841139,101.84506975440314,4,1,june,NNP,NOUN,1,NNP,1,NOUN,0,0.6989526629627189,0.3802083333333333,1.3951379418411392,0.5304430716375165
juridical,291,6.958945569088699e-05,13.810771751335498,0.0009610840888465153,45,2.0931094043914813,94.18992319761666,9,1,jurid,NN,NOUN,2,NN|NNP,1,NOUN,0,1.048525853583182,0.234375,2.0931094043914813,0.49057251665425344
jurisdictional,169,4.0414494885772854e-05,14.594767657961599,0.0005898401628717321,56,1.777607578663552,99.5460244051589,14,1,jurisdict,NN,NOUN,2,NN|NNP,1,NOUN,0,0.8900644649510546,0.2916666666666667,1.777607578663552,0.5184688771102026
jurisdictions,191,4.5675553391613105e-05,14.418218266208035,0.0006585600982301164,53,1.857042046157957,98.42322844637172,13,1,jurisdict,NN,NOUN,2,NN|NNP,1,NOUN,0,0.9300237166617343,0.2760416666666667,1.8570420461579569,0.5126209814915194
jury,109,2.606615350620853e-05,15.227462769466856,0.0003969213820589983,33,2.5405683813627027,83.83875658496919,4,1,juri,NN,NOUN,2,NN|NNP,1,NOUN,0,1.2718806642126885,0.171875,2.5405683813627027,0.4366601905467145
justices,453,0.00010832997741571066,13.172279854197548,0.001426952779118641,59,1.702319451359315,100.43684763019958,8,1,justic,NNP,NOUN,2,NN|NNP,1,NOUN,0,0.853541269698145,0.3072916666666667,1.7023194513593147,0.5231085814072894
justifiable,303,7.245912396679986e-05,13.752473110770831,0.0009964921539834253,55,1.8036027871964966,99.19815329580732,11,1,justifi,NN,NOUN,2,NN|NNP,1,NOUN,0,0.9033595590684134,0.2864583333333333,1.8036027871964966,0.5166570484156631
justification,51,1.2196090172629678e-05,16.323221752272286,0.00019907948439854301,35,2.4556794837761897,85.94878193216664,13,1,justif,NN,NOUN,2,NN|NNP,1,NOUN,0,1.2289119910284543,0.18229166666666666,2.4556794837761897,0.44764990589670123
justified,84,2.0087677931390057e-05,15.603329671465023,0.0003134346610976916,54,1.8300749985576876,98.82404992211514,9,1,justifi,VB,VERB,1,VB,1,VERB,0,0.9160288480014976,0.28125,1.8300749985576876,0.5147085933443496
justify,40,9.56556091970955e-06,16.67371899935642,0.00015949347484646242,31,2.6307661903342807,81.5537519003627,7,1,justifi,NN,NOUN,1,NN,1,NOUN,0,1.3165180550608266,0.16145833333333334,2.6307661903342807,0.42475912448105574
k,251,6.002389477117744e-05,14.02410354029301,0.0008417813151626446,81,1.2451124978365313,100.85411232475904,1,1,k,NN,NOUN,2,NN|NNP,1,NOUN,0,0.6236478615895554,0.421875,1.2451124978365313,0.5252818350247866
keeping,114,2.726184862117222e-05,15.162757080079041,0.00041336478819672213,61,1.6542251631582698,100.90773495265447,7,1,keep,VB,VERB,2,NNP|VB,2,NOUN|VERB,0,0.8280787365520799,0.3177083333333333,1.65422516315827,0.5255611195450753
kept,135,3.2283768104019735e-05,14.918831497192953,0.00048163609643832284,67,1.5188733102633836,101.7645117876467,4,1,kept,NN,NOUN,1,NN,1,NOUN,0,0.7603907838055878,0.3489583333333333,1.5188733102633838,0.5300234988939933
kind,221,5.2849724081395274e-05,14.20774453485235,0.0007508753784858984,78,1.2995602818589078,101.36570198499481,4,1,kind,NN,NOUN,2,NN|NNP,1,NOUN,0,0.6507948699247386,0.40625,1.2995602818589078,0.5279463645051813
kinds,52,1.2435229195622417e-05,16.29520737610269,0.00020263463851203395,41,2.2274104961030723,91.32383034022597,5,1,kind,NN,NOUN,1,NN,1,NOUN,0,1.114780807291252,0.21354166666666666,2.2274104961030727,0.475644949688677
kingdom,414,9.900355551899386e-05,13.302160136744456,0.0013169611496207268,47,2.030373649043519,95.42756150504539,7,1,kingdom,NNP,NOUN,2,NN|NNP,1,NOUN,0,1.0184311609790717,0.24479166666666666,2.030373649043519,0.4970185495054447
know,49,1.17178121266442e-05,16.380937250128575,0.0001919487451553543,40,2.263034405833794,90.52137623335176,4,1,know,NN,NOUN,2,NN|NNP,1,NOUN,0,1.1325883441224376,0.20833333333333334,2.263034405833794,0.47146550121537373
knowledge,305,7.293740201278533e-05,13.742981661793534,0.0010023773783205717,96,1.0,96.0,9,1,knowledg,NN,NOUN,2,NN|NNP,1,NOUN,0,0.5008898638028547,0.5,1.0,0.5
known,394,9.422077505913908e-05,13.373595274787407,0.0012600705121177094,104,0.8845227825800641,91.99036938832667,5,1,known,NN,NOUN,2,NN|NNP,1,NOUN,0,0.44322079638087003,0.5416666666666666,0.8845227825800641,0.479116507230868
l,465,0.00011119964569162353,13.134560188248388,0.0014605584392485247,82,1.2274104961030725,100.64766068045195,1,1,l,NNP,NOUN,2,NN|NNP,1,NOUN,0,0.6153285910012233,0.4270833333333333,1.2274104961030727,0.5242065660440206
labor,499,0.00011933037247337666,13.032751088906522,0.0015552030417920206,70,1.4556794837761897,101.89756386433328,5,1,labor,NN,NOUN,2,NN|NNP,1,NOUN,0,0.7299063380497972,0.3645833333333333,1.4556794837761897,0.5307164784600692
labour,565,0.00013511354799089742,12.853540036941233,0.0017366873986341806,88,1.1255308820838588,99.04671762337958,6,1,labour,NN,NOUN,2,NN|NNP,1,NOUN,0,0.5644585343190233,0.4583333333333333,1.1255308820838592,0.5158683209551022
lack,77,1.8413704770440885e-05,15.72886055354888,0.0002896265946084825,43,2.158697746019058,92.8240030788195,4,1,lack,NN,NOUN,2,NN|NNP,1,NOUN,0,1.08041462794741,0.22395833333333334,2.158697746019058,0.48345834936885157
laid,1072,0.00025635703264821597,11.92955790378601,0.003058226065019653,98,0.970252656605948,95.0847603473829,4,1,laid,NN,NOUN,1,NN,1,NOUN,0,0.48798080257040133,0.5104166666666666,0.9702526566059481,0.49523312680928594
lands,394,9.422077505913908e-05,13.373595274787407,0.0012600705121177094,66,1.5405683813627027,101.67751316993838,5,1,land,NN,NOUN,2,NN|NNP,1,NOUN,0,0.7718274927946647,0.34375,1.5405683813627027,0.529570381093429
languages,343,8.20246848865094e-05,13.57358232807097,0.001113368813241114,104,0.8845227825800641,91.99036938832667,9,1,languag,NN,NOUN,2,NN|NNP,1,NOUN,0,0.4433259813343935,0.5416666666666666,0.8845227825800641,0.479116507230868
lapse,148,3.539257540292534e-05,14.786193728614833,0.0005233214764622623,55,1.8036027871964966,99.19815329580732,5,1,laps,NN,NOUN,2,NN|NNP,1,NOUN,0,0.9029218265077733,0.2864583333333333,1.8036027871964966,0.5166570484156631
lapsed,80,1.91311218394191e-05,15.67371899935642,0.0002998558278535057,33,2.5405683813627027,83.83875658496919,6,1,laps,VB,VERB,2,NNP|VB,2,NOUN|VERB,0,1.2717040331811658,0.171875,2.5405683813627027,0.4366601905467145
large,60,1.4348341379564327e-05,16.088756498635263,0.00023084697061510282,41,2.2274104961030723,91.32383034022597,5,1,larg,NN,NOUN,2,NN|NNP,1,NOUN,0,1.1148304816447414,0.21354166666666666,2.2274104961030727,0.475644949688677
largest,78,1.8652843793433624e-05,15.710244875381534,0.00029304074361708284,44,2.1255308820838588,93.52335881168979,7,1,largest,NN,NOUN,1,NN,1,NOUN,0,1.0638481558106923,0.22916666666666666,2.125530882083859,0.4871008271442177
latest,160,3.82622436788382e-05,14.67371899935642,0.0005614494120281733,64,1.584962500721156,101.43760004615399,6,1,latest,NN,NOUN,1,NN,1,NOUN,0,0.793685934108688,0.3333333333333333,1.584962500721156,0.5283208335737186
lawful,566,0.00013535268701389015,12.8509888514119,0.0017394158718241467,107,0.8434955143200092,90.25402003224099,6,1,law,NN,NOUN,2,NN|NNP,1,NOUN,0,0.42322376324902705,0.5572916666666666,0.8434955143200094,0.4700730210012552
lawfully,281,6.71980654609596e-05,13.861220774022856,0.0009314472209416009,73,1.395137941841139,101.84506975440314,8,1,lawfulli,RB,ADV,1,RB,1,ADV,0,0.6988506018723063,0.3802083333333333,1.3951379418411392,0.5304430716375165
lawyer,158,3.7783965632852725e-05,14.69186634606668,0.000555116973102249,49,1.970252656605948,96.54238017369146,6,1,lawyer,NN,NOUN,2,NN|NNP,1,NOUN,0,0.9863926004251141,0.2552083333333333,1.9702526566059482,0.5028248967379764
lawyers,99,2.367476327628114e-05,15.366290474164172,0.0003637932894104106,46,2.0614005446641435,94.8244250545506,7,1,lawyer,NN,NOUN,2,NN|NNP,1,NOUN,0,1.0318538819400949,0.23958333333333334,2.0614005446641435,0.49387721382578437
lay,229,5.476283626533718e-05,14.156443306146839,0.0007752469868740478,76,1.3370349872775706,101.61465903309536,3,1,lai,NN,NOUN,2,NN|NNP,1,NOUN,0,0.6696939173100543,0.3958333333333333,1.3370349872775709,0.5292430157973718
lead,82,1.960939988540458e-05,15.638095089625699,0.0003066536600584521,53,1.857042046157957,98.42322844637172,4,1,lead,NN,NOUN,1,NN,1,NOUN,0,0.9295540123921323,0.2760416666666667,1.8570420461579569,0.5126209814915194
leader,753,0.0001800716843135323,12.439141039571854,0.002239937078409287,56,1.777607578663552,99.5460244051589,6,1,leader,NNP,NOUN,2,NN|NNP,1,NOUN,0,0.8917826917423827,0.2916666666666667,1.777607578663552,0.5184688771102026
leaders,156,3.730568758686725e-05,14.710244875381534,0.0005487757996472984,45,2.0931094043914813,94.18992319761666,7,1,leader,NN,NOUN,2,NN|NNP,1,NOUN,0,1.047927892251641,0.234375,2.0931094043914813,0.49057251665425344
leadership,177,4.2327607069714766e-05,14.528041544160786,0.0006149372339737299,47,2.030373649043519,95.42756150504539,10,1,leadership,NN,NOUN,2,NN|NNP,1,NOUN,0,1.0166899392068447,0.24479166666666666,2.030373649043519,0.4970185495054447
leading,125,2.989237787409235e-05,15.029862809581696,0.00044927833849978333,42,2.192645077942396,92.09109327358063,7,1,lead,VB,VERB,2,NNP|VB,2,NOUN|VERB,0,1.0975327187800608,0.21875,2.192645077942396,0.4796411107998991
learning,61,1.4587480402557066e-05,16.064909756680898,0.0002343465562444304,37,2.3755091350922064,87.89383799841164,8,1,learn,VB,VERB,2,NNP|VB,2,NOUN|VERB,0,1.1888613161676365,0.19270833333333334,2.3755091350922064,0.4577804062417273
lease,96,2.2957346207302922e-05,15.410684593522626,0.0003537884215050482,53,1.857042046157957,98.42322844637172,5,1,leas,NN,NOUN,2,NN|NNP,1,NOUN,0,0.9296077946463129,0.2760416666666667,1.8570420461579569,0.5126209814915194
left,89,2.1283373046353752e-05,15.519913663277384,0.0003303161121427352,51,1.9125371587496605,97.53939509623268,4,1,left,NN,NOUN,1,NN,1,NOUN,0,0.9573031280523936,0.265625,1.9125371587496605,0.5080176827928785
legality,275,6.576323132300317e-05,13.89235928583176,0.0009136064373364252,94,1.0303736490435187,96.85512301009075,8,1,legal,NN,NOUN,2,NN|NNP,1,NOUN,0,0.5162846803973823,0.4895833333333333,1.030373649043519,0.5044537656775561
legally,325,7.77201824726401e-05,13.651351186327966,0.0010609855051995016,111,0.7905466343710503,87.75067641518659,7,1,legal,RB,ADV,2,NNP|RB,2,ADV|NOUN,0,0.3962378072210421,0.578125,0.7905466343710503,0.45703477299576345
legislate,170,4.065363390876559e-05,14.586256158106082,0.0005929843179511223,44,2.1255308820838588,93.52335881168979,9,1,legisl,NN,NOUN,2,NN|NNP,1,NOUN,0,1.064329308492266,0.22916666666666666,2.125530882083859,0.4871008271442177
legislature,1400,0.0003347946321898343,11.544435982411454,0.003865015198570531,111,0.7905466343710503,87.75067641518659,11,1,legislatur,NNP,NOUN,2,NN|NNP,1,NOUN,0,0.3975971049347107,0.578125,0.7905466343710503,0.45703477299576345
legitimacy,51,1.2196090172629678e-05,16.323221752272286,0.00019907948439854301,31,2.6307661903342807,81.5537519003627,10,1,legitimaci,NN,NOUN,2,NN|NNP,1,NOUN,0,1.3167224165106022,0.16145833333333334,2.6307661903342807,0.42475912448105574
legitimate,212,5.069747287446062e-05,14.267726639680584,0.0007233376842954257,88,1.1255308820838588,99.04671762337958,10,1,legitim,NN,NOUN,2,NN|NNP,1,NOUN,0,0.56385959349505,0.4583333333333333,1.1255308820838592,0.5158683209551022
leisure,60,1.4348341379564327e-05,16.088756498635263,0.00023084697061510282,40,2.263034405833794,90.52137623335176,7,1,leisur,NN,NOUN,2,NN|NNP,1,NOUN,0,1.1325563707165343,0.20833333333333334,2.263034405833794,0.47146550121537373
length,92,2.200079011533197e-05,15.47208513818677,0.0003403980977717942,58,1.726981505593584,100.16492732442786,6,1,length,NN,NOUN,2,NN|NNP,1,NOUN,0,0.8645150722357585,0.3020833333333333,1.7269815055935842,0.5216923298147286
letter,69,1.6500592586498976e-05,15.887122637465614,0.0002621469380125652,31,2.6307661903342807,81.5537519003627,6,1,letter,NN,NOUN,2,NN|NNP,1,NOUN,0,1.3166766199611968,0.16145833333333334,2.6307661903342807,0.42475912448105574
letters,116,2.7740126667157698e-05,15.13766609911621,0.00041992077503462264,70,1.4556794837761897,101.89756386433328,7,1,letter,NN,NOUN,2,NN|NNP,1,NOUN,0,0.7288307327563858,0.3645833333333333,1.4556794837761897,0.5307164784600692
level,743,0.00017768029408360493,12.458428693705185,0.0022136172741171593,117,0.7145977811377516,83.60794039311693,5,1,level,NN,NOUN,2,NN|NNP,1,NOUN,0,0.3586750666582443,0.609375,0.7145977811377516,0.4354580228808174
levels,487,0.00011646070419746379,13.06786913216144,0.0015218932414918214,93,1.0458036896131246,97.2597431340206,6,1,level,NN,NOUN,2,NN|NNP,1,NOUN,0,0.5244169459742376,0.484375,1.0458036896131246,0.5065611621563573
levied,116,2.7740126667157698e-05,15.13766609911621,0.00041992077503462264,54,1.8300749985576876,98.82404992211514,6,1,levi,VB,VERB,1,VB,1,VERB,0,0.9160989862195971,0.28125,1.8300749985576876,0.5147085933443496
levy,94,2.2479068161317444e-05,15.441058242566145,0.0003471006007175169,38,2.3370349872775704,88.80732951654768,4,1,levi,NN,NOUN,2,NN|NNP,1,NOUN,0,1.1699501394613891,0.19791666666666666,2.337034987277571,0.46253817456535257
liabilities,197,4.711038752956954e-05,14.373595274787407,0.0006771456435884243,62,1.630766190334281,101.10750380072542,11,1,liabil,NN,NOUN,2,NN|NNP,1,NOUN,0,0.8165066324828265,0.3229166666666667,1.630766190334281,0.526601582295445
liability,368,8.800316046132788e-05,13.47208513818677,0.0011855860701645209,97,0.9850496585340286,95.54981687780078,9,1,liabil,NN,NOUN,2,NN|NNP,1,NOUN,0,0.4935759458487206,0.5052083333333334,0.9850496585340284,0.4976552962385456
liable,398,9.517733115111003e-05,13.359022473700133,0.0012714761058344787,111,0.7905466343710503,87.75067641518659,6,1,liabl,NN,NOUN,1,NN,1,NOUN,0,0.39620129560356165,0.578125,0.7905466343710503,0.45703477299576345
liberation,106,2.534873643723031e-05,15.267726639680584,0.0003870175785849431,33,2.5405683813627027,83.83875658496919,10,1,liber,NN,NOUN,2,NN|NNP,1,NOUN,0,1.2719359912167199,0.171875,2.5405683813627027,0.4366601905467145
liberties,245,5.8589060633221e-05,14.059009155241212,0.0008237041398394366,51,1.9125371587496605,97.53939509623268,9,1,liberti,NN,NOUN,2,NN|NNP,1,NOUN,0,0.9581815357978388,0.265625,1.9125371587496605,0.5080176827928785
lie,224,5.3567141150373484e-05,14.188292172186179,0.0007600262494702363,59,1.702319451359315,100.43684763019958,3,1,lie,NN,NOUN,1,NN,1,NOUN,0,0.8523712717143671,0.3072916666666667,1.7023194513593147,0.5231085814072894
lies,61,1.4587480402557066e-05,16.064909756680898,0.0002343465562444304,34,2.497499659470817,84.91498842200778,4,1,li,NN,NOUN,1,NN,1,NOUN,0,1.2499548737932573,0.17708333333333334,2.4974996594708165,0.44226556469795714
lieu,57,1.363092431058611e-05,16.16275708007904,0.00022031331840894716,41,2.2274104961030723,91.32383034022597,4,1,lieu,NN,NOUN,1,NN,1,NOUN,0,1.1147291426237278,0.21354166666666666,2.2274104961030727,0.475644949688677
like,298,7.126342885183616e-05,13.77647857378162,0.000981759100671532,69,1.4764380439429872,101.87422503206612,4,1,like,NN,NOUN,1,NN,1,NOUN,0,0.7395160025983764,0.359375,1.4764380439429872,0.530594922042011
likely,191,4.5675553391613105e-05,14.418218266208035,0.0006585600982301164,57,1.7520724865564143,99.86813173371561,6,1,like,RB,ADV,1,RB,1,ADV,0,0.8772205737176236,0.296875,1.7520724865564143,0.5201465194464355
likewise,196,4.68712485065768e-05,14.380937250128575,0.0006740524836082636,52,1.8845227825800641,97.99518469416333,8,1,likewis,NN,NOUN,2,NN|NNP,1,NOUN,0,0.943694740333703,0.2708333333333333,1.8845227825800641,0.5103915869487673
limit,307,7.341568005877081e-05,13.733552248873602,0.0010082580779737168,95,1.0151068923902085,96.4351547770698,5,1,limit,NN,NOUN,2,NN|NNP,1,NOUN,0,0.5085726025132064,0.4947916666666667,1.0151068923902085,0.5022664311305719
limitation,232,5.5480253334315396e-05,14.13766609911621,0.0007843612967349298,96,1.0,96.0,10,1,limit,NN,NOUN,2,NN|NNP,1,NOUN,0,0.5008319810883906,0.5,1.0,0.5
limitations,387,9.25468018981899e-05,13.399457338099372,0.0012400769238123297,106,0.857042046157957,90.84645689274345,11,1,limit,NN,NOUN,2,NN|NNP,1,NOUN,0,0.4295449187349709,0.5520833333333334,0.8570420461579569,0.4731586296497054
limiting,55,1.3152646264600634e-05,16.214287380719124,0.00021326078635117658,34,2.497499659470817,84.91498842200778,8,1,limit,VB,VERB,2,NNP|VB,2,NOUN|VERB,0,1.249846334084866,0.17708333333333334,2.4974996594708165,0.44226556469795714
line,255,6.098045086314839e-05,14.001293657384924,0.0008538051998946726,55,1.8036027871964966,99.19815329580732,4,1,line,NN,NOUN,2,NN|NNP,1,NOUN,0,0.9033985388409248,0.2864583333333333,1.8036027871964966,0.5166570484156631
linguistic,113,2.702270959817948e-05,15.175468131828595,0.0004100822683428314,44,2.1255308820838588,93.52335881168979,10,1,linguist,NN,NOUN,2,NN|NNP,1,NOUN,0,1.0640828072175663,0.22916666666666666,2.125530882083859,0.4871008271442177
liquidation,53,1.2674368218615156e-05,16.267726639680582,0.0002061831575110867,32,2.584962500721156,82.718800023077,11,1,liquid,NN,NOUN,2,NN|NNP,1,NOUN,0,1.2935974239508656,0.16666666666666666,2.584962500721156,0.430827083453526
list,1154,0.00027596643253362057,11.8232195855983,0.0032628117300991947,113,0.7647835383059685,86.42053982857443,4,1,list,NN,NOUN,2,NN|NNP,1,NOUN,0,0.38402628921374854,0.5885416666666666,0.7647835383059687,0.4501069782738253
listed,107,2.558787546022305e-05,15.254180107842636,0.0003903220608472892,43,2.158697746019058,92.8240030788195,6,1,list,VB,VERB,1,VB,1,VERB,0,1.0805819372289376,0.22395833333333334,2.158697746019058,0.48345834936885157
lists,173,4.137105097774381e-05,14.561018866607057,0.0006024046538182899,51,1.9125371587496605,97.53939509623268,5,1,list,NN,NOUN,2,NN|NNP,1,NOUN,0,0.9575314498611823,0.265625,1.9125371587496605,0.5080176827928785
literary,55,1.3152646264600634e-05,16.214287380719124,0.00021326078635117658,39,2.299560281858908,89.68285099249741,8,1,literari,NN,NOUN,1,NN,1,NOUN,0,1.1508848716566964,0.203125,2.299560281858908,0.46709818225259064
live,149,3.563171442591808e-05,14.77647857378162,0.0005265112647616839,74,1.3755091350922064,101.78767599682327,4,1,live,NN,NOUN,2,NN|NNP,1,NOUN,0,0.6888154410191536,0.3854166666666667,1.3755091350922062,0.5301441458167878
livelihood,53,1.2674368218615156e-05,16.267726639680582,0.0002061831575110867,40,2.263034405833794,90.52137623335176,10,1,livelihood,NN,NOUN,1,NN,1,NOUN,0,1.132605682448146,0.20833333333333334,2.263034405833794,0.47146550121537373
lives,133,3.180549005803426e-05,14.940364658742594,0.00047518561961704396,76,1.3370349872775706,101.61465903309536,5,1,live,NN,NOUN,2,NN|NNP,1,NOUN,0,0.669427086645527,0.3958333333333333,1.3370349872775709,0.5292430157973718
loan,181,4.328416316168572e-05,14.495801207160577,0.0006274386246100992,53,1.857042046157957,98.42322844637172,4,1,loan,NN,NOUN,2,NN|NNP,1,NOUN,0,0.9297310359770786,0.2760416666666667,1.8570420461579569,0.5126209814915194
loans,275,6.576323132300317e-05,13.89235928583176,0.0009136064373364252,110,0.8036027871964965,88.39630659161462,5,1,loan,NN,NOUN,2,NN|NNP,1,NOUN,0,0.402540971078011,0.5729166666666666,0.8036027871964967,0.46039743016465956
located,83,1.984853890839732e-05,15.620607662896857,0.0003100462389698176,36,2.415037499278844,86.94134997403839,7,1,locat,VB,VERB,1,VB,1,VERB,0,1.2087321846089911,0.1875,2.415037499278844,0.45281953111478324
location,56,1.3391785287593371e-05,16.188292172186177,0.00021679013294274578,34,2.497499659470817,84.91498842200778,8,1,locat,NN,NOUN,2,NN|NNP,1,NOUN,0,1.2498851831087365,0.17708333333333334,2.4974996594708165,0.44226556469795714
long,380,9.087282873724073e-05,13.425791485912836,0.0012200396503612618,119,0.6901447374132127,82.12722375217231,4,1,long,NN,NOUN,2,NN|NNP,1,NOUN,0,0.34589762929374473,0.6197916666666666,0.6901447374132127,0.4277459570425641
longer,295,7.054601178285795e-05,13.791075949994578,0.0009729054064666064,115,0.7394724497767808,85.0393317243298,6,1,longer,NN,NOUN,1,NN,1,NOUN,0,0.37050944869305574,0.5989583333333334,0.7394724497767808,0.4429131860642177
lose,87,2.0805095000368274e-05,15.552703598395054,0.0003235754758771786,52,1.8845227825800641,97.99518469416333,4,1,lose,NN,NOUN,1,NN,1,NOUN,0,0.9433068485270478,0.2708333333333333,1.8845227825800641,0.5103915869487673
loss,297,7.102428982884342e-05,13.781327973443016,0.0009788090322121641,100,0.9411063109464314,94.11063109464314,4,1,loss,NN,NOUN,2,NN|NNP,1,NOUN,0,0.4714854702695637,0.5208333333333334,0.9411063109464314,0.4901595369512664
lost,128,3.060979494307056e-05,14.995647094243783,0.0004590136825934541,76,1.3370349872775706,101.61465903309536,4,1,lost,NN,NOUN,1,NN,1,NOUN,0,0.6693808349404128,0.3958333333333333,1.3370349872775709,0.5292430157973718
love,36,8.609004827738597e-06,16.82572209280147,0.0001448527227271158,32,2.584962500721156,82.718800023077,4,1,love,NN,NOUN,1,NN,1,NOUN,0,1.2937443354284106,0.16666666666666666,2.584962500721156,0.430827083453526
lower,251,6.002389477117744e-05,14.02410354029301,0.0008417813151626446,78,1.2995602818589078,101.36570198499481,5,1,lower,NN,NOUN,2,NN|NNP,1,NOUN,0,0.6512005628632735,0.40625,1.2995602818589078,0.5279463645051813
loyal,76,1.817456574744815e-05,15.747719580800197,0.0002862079648936298,35,2.4556794837761897,85.94878193216664,5,1,loyal,NN,NOUN,1,NN,1,NOUN,0,1.229225288074556,0.18229166666666666,2.4556794837761897,0.44764990589670123
loyalty,108,2.582701448321579e-05,15.240759592080314,0.00039362331871986827,55,1.8036027871964966,99.19815329580732,7,1,loyalti,NN,NOUN,2,NN|NNP,1,NOUN,0,0.9028991007016695,0.2864583333333333,1.8036027871964966,0.5166570484156631
m,188,4.495813632263489e-05,14.441058242566145,0.000649243065112399,71,1.435215381216474,101.90029206636966,1,1,m,NN,NOUN,2,NN|NNP,1,NOUN,0,0.7187080042345256,0.3697916666666667,1.435215381216474,0.5307306878456753
magistrate,232,5.5480253334315396e-05,14.13766609911621,0.0007843612967349298,70,1.4556794837761897,101.89756386433328,10,1,magistr,NN,NOUN,2,NN|NNP,1,NOUN,0,0.7290014683444613,0.3645833333333333,1.4556794837761897,0.5307164784600692
magistrates,618,0.00014778791620951255,12.724184066339408,0.0018804806486305832,81,1.2451124978365313,100.85411232475904,11,1,magistr,NN,NOUN,2,NN|NNP,1,NOUN,0,0.6246705530786366,0.421875,1.2451124978365313,0.5252818350247866
main,129,3.08489339660633e-05,14.984419838820529,0.00046225337812754336,50,1.9411063109464315,97.05531554732157,4,1,main,NN,NOUN,2,NN|NNP,1,NOUN,0,0.9717887019028008,0.2604166666666667,1.9411063109464315,0.5054964351422999
mainly,55,1.3152646264600634e-05,16.214287380719124,0.00021326078635117658,38,2.3370349872775704,88.80732951654768,6,1,mainli,RB,ADV,1,RB,1,ADV,0,1.1695165578888382,0.19791666666666666,2.337034987277571,0.46253817456535257
maintained,146,3.4914297356939864e-05,14.805822535363765,0.0005169348906137718,65,1.5625946876927017,101.5686547000256,10,1,maintain,VB,VERB,1,VB,1,VERB,0,0.7822677910059005,0.3385416666666667,1.5625946876927015,0.5290034098959667
maintaining,170,4.065363390876559e-05,14.586256158106082,0.0005929843179511223,83,1.2099230693742313,100.4236147580612,11,1,maintain,VB,VERB,2,NNP|VB,2,NOUN|VERB,0,0.6058469584975205,0.4322916666666667,1.2099230693742313,0.5230396601982354
maintains,47,1.1239534080658722e-05,16.441058242566147,0.0001847898344394172,33,2.5405683813627027,83.83875658496919,9,1,maintain,NN,NOUN,1,NN,1,NOUN,0,1.2714371260819428,0.171875,2.5405683813627027,0.4366601905467145
maintenance,404,9.661216528906647e-05,13.337435611491987,0.0012885585338297451,120,0.6780719051126377,81.36862861351652,11,1,mainten,NN,NOUN,2,NN|NNP,1,NOUN,0,0.3397851635515636,0.625,0.6780719051126377,0.4237949406953986
majesty,499,0.00011933037247337666,13.032751088906522,0.0015552030417920206,31,2.6307661903342807,81.5537519003627,7,1,majesti,NNP,NOUN,2,NN|NNP,1,NOUN,0,1.3203380254093064,0.16145833333333334,2.6307661903342807,0.42475912448105574
major,166,3.969707781679464e-05,14.620607662896857,0.0005803954001228405,62,1.630766190334281,101.10750380072542,5,1,major,NN,NOUN,2,NN|NNP,1,NOUN,0,0.816616765402833,0.3229166666666667,1.630766190334281,0.526601582295445
makes,572,0.0001367875211518466,12.835775757465393,0.0017557739479246571,110,0.8036027871964965,88.39630659161462,5,1,make,NN,NOUN,2,NN|NNP,1,NOUN,0,0.40303406268977576,0.5729166666666666,0.8036027871964967,0.46039743016465956
making,903,0.0002159425377624431,12.177064916762925,0.0026295463006237993,120,0.6780719051126377,81.36862861351652,6,1,make,VB,VERB,2,NNP|VB,2,NOUN|VERB,0,0.3402895287325611,0.625,0.6780719051126377,0.4237949406953986
male,93,2.2239929138324708e-05,15.456488283135752,0.00034375120414428524,34,2.497499659470817,84.91498842200778,4,1,male,NN,NOUN,2,NN|NNP,1,NOUN,0,1.2503772973818046,0.17708333333333334,2.4974996594708165,0.44226556469795714
man,327,7.819846051862558e-05,13.6425002687457,0.0010668225186408495,100,0.9411063109464314,94.11063109464314,3,1,man,NN,NOUN,2,NN|NNP,1,NOUN,0,0.471736147085553,0.5208333333333334,0.9411063109464314,0.4901595369512664
manage,204,4.878436069051871e-05,14.323221752272287,0.0006987492162131347,102,0.9125371587496606,93.07879019246538,6,1,manag,NN,NOUN,2,NN|NNP,1,NOUN,0,0.45708428098634396,0.53125,0.9125371587496606,0.4847853655857572
managed,89,2.1283373046353752e-05,15.519913663277384,0.0003303161121427352,53,1.857042046157957,98.42322844637172,7,1,manag,VB,VERB,2,NNP|VB,2,NOUN|VERB,0,0.929476807195753,0.2760416666666667,1.8570420461579569,0.5126209814915194
managing,72,1.7218009655477193e-05,15.82572209280147,0.0002724874357987545,42,2.192645077942396,92.09109327358063,8,1,manag,VB,VERB,2,NNP|VB,2,NOUN|VERB,0,1.0974673025006412,0.21875,2.192645077942396,0.4796411107998991
mandate,906,0.00021665995483142133,12.172279854197548,0.0026372456034058603,107,0.8434955143200092,90.25402003224099,7,1,mandat,NN,NOUN,2,NN|NNP,1,NOUN,0,0.42422054473765797,0.5572916666666666,0.8434955143200094,0.4700730210012552
mandates,115,2.750098764416496e-05,15.150157043299407,0.00041664428165493573,50,1.9411063109464315,97.05531554732157,8,1,mandat,NN,NOUN,2,NN|NNP,1,NOUN,0,0.971768937947573,0.2604166666666667,1.9411063109464315,0.5054964351422999
mandatory,143,3.419688028796165e-05,14.835775757465393,0.0005073372475570876,49,1.970252656605948,96.54238017369146,9,1,mandatori,NN,NOUN,2,NN|NNP,1,NOUN,0,0.986497920300152,0.2552083333333333,1.9702526566059482,0.5028248967379764
manifest,84,2.0087677931390057e-05,15.603329671465023,0.0003134346610976916,68,1.4974996594708168,101.82997684401553,8,1,manifest,NN,NOUN,2,NN|NNP,1,NOUN,0,0.7495447818648947,0.3541666666666667,1.4974996594708165,0.5303644627292475
march,191,4.5675553391613105e-05,14.418218266208035,0.0006585600982301164,78,1.2995602818589078,101.36570198499481,5,1,march,NNP,NOUN,2,NN|NNP,1,NOUN,0,0.6508165043010123,0.40625,1.2995602818589078,0.5279463645051813
maritime,93,2.2239929138324708e-05,15.456488283135752,0.00034375120414428524,48,2.0,96.0,8,1,maritim,NN,NOUN,2,NN|NNP,1,NOUN,0,1.0010807530243584,0.25,2.0,0.5
market,140,3.347946321898343e-05,14.866364077298815,0.0004977178893259423,63,1.6076825772212395,101.28400236493809,6,1,market,NN,NOUN,2,NN|NNP,1,NOUN,0,0.8049263907991785,0.328125,1.6076825772212395,0.5275208456507192
markets,53,1.2674368218615156e-05,16.267726639680582,0.0002061831575110867,31,2.6307661903342807,81.5537519003627,7,1,market,NN,NOUN,2,NN|NNP,1,NOUN,0,1.3164869009630185,0.16145833333333334,2.6307661903342807,0.42475912448105574
married,120,2.8696682759128654e-05,15.088756498635265,0.000432997258471077,46,2.0614005446641435,94.8244250545506,7,1,marri,VB,VERB,2,NNP|VB,2,NOUN|VERB,0,1.031840998908849,0.23958333333333334,2.0614005446641435,0.49387721382578437
marry,42,1.0043838965695029e-05,16.603329671465023,0.00016676116951454083,34,2.497499659470817,84.91498842200778,5,1,marri,NN,NOUN,1,NN,1,NOUN,0,1.2498870467604992,0.17708333333333334,2.4974996594708165,0.44226556469795714
martial,284,6.791548252993782e-05,13.845899974739101,0.0009403509778456599,65,1.5625946876927017,101.5686547000256,7,1,martial,NN,NOUN,2,NN|NNP,1,NOUN,0,0.783003572483996,0.3385416666666667,1.5625946876927015,0.5290034098959667
mass,147,3.51534363799326e-05,14.795974749407417,0.0005201293570323829,55,1.8036027871964966,99.19815329580732,4,1,mass,NN,NOUN,2,NN|NNP,1,NOUN,0,0.9031927216388497,0.2864583333333333,1.8036027871964966,0.5166570484156631
material,284,6.791548252993782e-05,13.845899974739101,0.0009403509778456599,114,0.7520724865564145,85.73626346743124,8,1,materi,NN,NOUN,2,NN|NNP,1,NOUN,0,0.3767975573204232,0.59375,0.7520724865564145,0.44654303889287106
materials,75,1.793542672445541e-05,15.766828403747901,0.0002827847955124827,48,2.0,96.0,9,1,materi,NN,NOUN,2,NN|NNP,1,NOUN,0,1.000995616657013,0.25,2.0,0.5
maternity,84,2.0087677931390057e-05,15.603329671465023,0.0003134346610976916,49,1.970252656605948,96.54238017369146,9,1,matern,NN,NOUN,2,NN|NNP,1,NOUN,0,0.9861876729612354,0.2552083333333333,1.9702526566059482,0.5028248967379764
maximum,357,8.537263120840775e-05,13.515866830214684,0.0011538851143578692,116,0.726981505593584,84.32985464885574,7,1,maximum,NN,NOUN,2,NN|NNP,1,NOUN,0,0.3642785624269867,0.6041666666666666,0.7269815055935842,0.43921799296279046
mayor,149,3.563171442591808e-05,14.77647857378162,0.0005265112647616839,32,2.584962500721156,82.718800023077,5,1,mayor,NN,NOUN,2,NN|NNP,1,NOUN,0,1.2940639660424498,0.16666666666666666,2.584962500721156,0.430827083453526
mean,81,1.937026086241184e-05,15.655797091359158,0.00030325687366861544,41,2.2274104961030723,91.32383034022597,4,1,mean,NN,NOUN,1,NN,1,NOUN,0,1.1147848470558073,0.21354166666666666,2.2274104961030727,0.475644949688677
meaning,190,4.5436414368620366e-05,14.425791485912836,0.0006554562395492513,62,1.630766190334281,101.10750380072542,7,1,mean,VB,VERB,2,NNP|VB,2,NOUN|VERB,0,0.8164738503453831,0.3229166666666667,1.630766190334281,0.526601582295445
measure,219,5.2371446035409796e-05,14.220860034642609,0.0007447670038814013,75,1.3561438102252754,101.71078576689565,7,1,measur,NN,NOUN,1,NN,1,NOUN,0,0.6793111079081017,0.390625,1.3561438102252754,0.5297436758692482
mechanisms,148,3.539257540292534e-05,14.786193728614833,0.0005233214764622623,41,2.2274104961030723,91.32383034022597,10,1,mechan,NN,NOUN,2,NN|NNP,1,NOUN,0,1.1150168747179532,0.21354166666666666,2.2274104961030727,0.475644949688677
media,384,9.182938482921169e-05,13.410684593522626,0.0012314949163617695,96,1.0,96.0,5,1,media,NN,NOUN,2,NN|NNP,1,NOUN,0,0.5011252306909818,0.5,1.0,0.5
medium,60,1.4348341379564327e-05,16.088756498635263,0.00023084697061510282,36,2.415037499278844,86.94134997403839,6,1,medium,NN,NOUN,2,NN|NNP,1,NOUN,0,1.2086095396153769,0.1875,2.415037499278844,0.45281953111478324
meets,376,8.991627264526978e-05,13.441058242566145,0.001208569857579528,99,0.9556058806415466,94.60498218351312,5,1,meet,NN,NOUN,1,NN,1,NOUN,0,0.4789734394029821,0.515625,0.9556058806415466,0.49273428220579746
men,289,6.911117764490151e-05,13.820721411743104,0.0009551663326676716,108,0.8300749985576875,89.64809984423025,3,1,men,NN,NOUN,2,NN|NNP,1,NOUN,0,0.41593814320750594,0.5625,0.8300749985576875,0.46691718668869925
mental,304,7.26982629897926e-05,13.747719580800197,0.000999435333594934,108,0.8300749985576875,89.64809984423025,6,1,mental,NN,NOUN,2,NN|NNP,1,NOUN,0,0.41588410663591674,0.5625,0.8300749985576875,0.46691718668869925
mentally,46,1.1000395057665985e-05,16.47208513818677,0.00018119944394356306,35,2.4556794837761897,85.94878193216664,8,1,mental,RB,ADV,1,RB,1,ADV,0,1.2290155253408521,0.18229166666666666,2.4556794837761897,0.44764990589670123
mercy,129,3.08489339660633e-05,14.984419838820529,0.00046225337812754336,37,2.3755091350922064,87.89383799841164,5,1,merci,NNP,NOUN,2,NN|NNP,1,NOUN,0,1.1890782471065908,0.19270833333333334,2.3755091350922064,0.4577804062417273
merely,57,1.363092431058611e-05,16.16275708007904,0.00022031331840894716,40,2.263034405833794,90.52137623335176,6,1,mere,RB,ADV,1,RB,1,ADV,0,1.1325092073015939,0.20833333333333334,2.263034405833794,0.47146550121537373
merit,130,3.108807298905604e-05,14.973279281215328,0.00046549039917994267,59,1.702319451359315,100.43684763019958,5,1,merit,NN,NOUN,2,NN|NNP,1,NOUN,0,0.852132512292818,0.3072916666666667,1.7023194513593147,0.5231085814072894
message,171,4.089277293175833e-05,14.577794579357885,0.0005961264435794995,67,1.5188733102633836,101.7645117876467,7,1,messag,NN,NOUN,2,NN|NNP,1,NOUN,0,0.7605522017340552,0.3489583333333333,1.5188733102633838,0.5300234988939933
messages,107,2.558787546022305e-05,15.254180107842636,0.0003903220608472892,71,1.435215381216474,101.90029206636966,8,1,messag,NN,NOUN,2,NN|NNP,1,NOUN,0,0.7185144257586383,0.3697916666666667,1.435215381216474,0.5307306878456753
met,97,2.319648523029566e-05,15.395734252056656,0.0003571269221873892,53,1.857042046157957,98.42322844637172,3,1,met,NN,NOUN,1,NN,1,NOUN,0,0.9295235838128658,0.2760416666666667,1.8570420461579569,0.5126209814915194
method,99,2.367476327628114e-05,15.366290474164172,0.0003637932894104106,54,1.8300749985576876,98.82404992211514,6,1,method,NN,NOUN,2,NN|NNP,1,NOUN,0,0.9162651395647253,0.28125,1.8300749985576876,0.5147085933443496
methods,97,2.319648523029566e-05,15.395734252056656,0.0003571269221873892,60,1.6780719051126378,100.68431430675827,7,1,method,NN,NOUN,2,NN|NNP,1,NOUN,0,0.8400580147625573,0.3125,1.6780719051126378,0.5243974703476993
mind,436,0.00010426461402483411,13.227462769466856,0.001379156300186325,68,1.4974996594708168,101.82997684401553,4,1,mind,NN,NOUN,1,NN,1,NOUN,0,0.7503641156477868,0.3541666666666667,1.4974996594708165,0.5303644627292475
mineral,139,3.324032419599069e-05,14.876706021520276,0.0004945065311237808,66,1.5405683813627027,101.67751316993838,7,1,miner,NN,NOUN,2,NN|NNP,1,NOUN,0,0.7711780773204119,0.34375,1.5405683813627027,0.529570381093429
minerals,95,2.2718207184310183e-05,15.425791485912836,0.0003504463269589358,38,2.3370349872775704,88.80732951654768,8,1,miner,NN,NOUN,2,NN|NNP,1,NOUN,0,1.1696389235081528,0.19791666666666666,2.337034987277571,0.46253817456535257
minimum,394,9.422077505913908e-05,13.373595274787407,0.0012600705121177094,112,0.777607578663552,87.09204881031782,7,1,minimum,NN,NOUN,2,NN|NNP,1,NOUN,0,0.38971081836593274,0.5833333333333334,0.777607578663552,0.45360442088707204
mining,92,2.200079011533197e-05,15.47208513818677,0.0003403980977717942,31,2.6307661903342807,81.5537519003627,6,1,mine,VB,VERB,2,NNP|VB,2,NOUN|VERB,0,1.3166513196127168,0.16145833333333334,2.6307661903342807,0.42475912448105574
ministerial,147,3.51534363799326e-05,14.795974749407417,0.0005201293570323829,74,1.3755091350922064,101.78767599682327,11,1,ministeri,NN,NOUN,2,NN|NNP,1,NOUN,0,0.6889527092658082,0.3854166666666667,1.3755091350922062,0.5301441458167878
ministries,323,7.724190442665462e-05,13.660256739549858,0.0010551442455198749,107,0.8434955143200092,90.25402003224099,10,1,ministri,NNP,NOUN,2,NN|NNP,1,NOUN,0,0.4228340949033585,0.5572916666666666,0.8434955143200094,0.4700730210012552
ministry,554,0.0001324830187379773,12.881904928194594,0.0017066336519828463,93,1.0458036896131246,97.2597431340206,8,1,ministri,NNP,NOUN,2,NN|NNP,1,NOUN,0,0.524385951822754,0.484375,1.0458036896131246,0.5065611621563573
minor,96,2.2957346207302922e-05,15.410684593522626,0.0003537884215050482,62,1.630766190334281,101.10750380072542,5,1,minor,NN,NOUN,2,NN|NNP,1,NOUN,0,0.8162562836758327,0.3229166666666667,1.630766190334281,0.526601582295445
minorities,123,2.941409982810687e-05,15.053132588904543,0.00044277434469576705,45,2.0931094043914813,94.18992319761666,10,1,minor,NN,NOUN,2,NN|NNP,1,NOUN,0,1.0479321396658832,0.234375,2.0931094043914813,0.49057251665425344
minority,213,5.093661189745336e-05,14.260937474017945,0.000726403837407901,56,1.777607578663552,99.5460244051589,8,1,minor,NN,NOUN,2,NN|NNP,1,NOUN,0,0.8903914305955615,0.2916666666666667,1.777607578663552,0.5184688771102026
minors,94,2.2479068161317444e-05,15.441058242566145,0.0003471006007175169,48,2.0,96.0,6,1,minor,NN,NOUN,2,NN|NNP,1,NOUN,0,1.0010862189977414,0.25,2.0,0.5
minutes,96,2.2957346207302922e-05,15.410684593522626,0.0003537884215050482,46,2.0614005446641435,94.8244250545506,7,1,minut,NN,NOUN,2,NN|NNP,1,NOUN,0,1.0319054487487156,0.23958333333333334,2.0614005446641435,0.49387721382578437
misbehaviour,347,8.298124097848036e-05,13.556855241665522,0.0011249646717190213,38,2.3370349872775704,88.80732951654768,12,1,misbehaviour,NN,NOUN,1,NN,1,NOUN,0,1.1706744965077247,0.19791666666666666,2.337034987277571,0.46253817456535257
miscellaneous,73,1.7457148678469932e-05,15.805822535363765,0.00027592459398535584,53,1.857042046157957,98.42322844637172,13,1,miscellan,NNP,NOUN,2,NN|NNP,1,NOUN,0,0.9294163823491979,0.2760416666666667,1.8570420461579569,0.5126209814915194
misconduct,186,4.4479858276649417e-05,14.456488283135752,0.000643022550011921,43,2.158697746019058,92.8240030788195,10,1,misconduct,NN,NOUN,2,NN|NNP,1,NOUN,0,1.0807419605657158,0.22395833333333334,2.158697746019058,0.48345834936885157
mission,167,3.9936216839787376e-05,14.61194280176973,0.0005835457161820463,59,1.702319451359315,100.43684763019958,7,1,mission,NN,NOUN,2,NN|NNP,1,NOUN,0,0.8524101436590749,0.3072916666666667,1.7023194513593147,0.5231085814072894
missions,122,2.9174960805114132e-05,15.064909756680896,0.00043951815168374663,55,1.8036027871964966,99.19815329580732,8,1,mission,NN,NOUN,2,NN|NNP,1,NOUN,0,0.9029831169352289,0.2864583333333333,1.8036027871964966,0.5166570484156631
mixed,75,1.793542672445541e-05,15.766828403747901,0.0002827847955124827,31,2.6307661903342807,81.5537519003627,5,1,mix,VB,VERB,2,NNP|VB,2,NOUN|VERB,0,1.3166847461377862,0.16145833333333334,2.6307661903342807,0.42475912448105574
mobilization,82,1.960939988540458e-05,15.638095089625699,0.0003066536600584521,44,2.1255308820838588,93.52335881168979,12,1,mobil,NN,NOUN,2,NN|NNP,1,NOUN,0,1.0640100216154253,0.22916666666666666,2.125530882083859,0.4871008271442177
modalities,187,4.4718997299642156e-05,14.448752634356145,0.0006461337300389699,38,2.3370349872775704,88.80732951654768,10,1,modal,NN,NOUN,2,NN|NNP,1,NOUN,0,1.1704658524264873,0.19791666666666666,2.337034987277571,0.46253817456535257
mode,99,2.367476327628114e-05,15.366290474164172,0.0003637932894104106,52,1.8845227825800641,97.99518469416333,4,1,mode,NN,NOUN,2,NN|NNP,1,NOUN,0,0.9433678846325534,0.2708333333333333,1.8845227825800641,0.5103915869487673
modification,170,4.065363390876559e-05,14.586256158106082,0.0005929843179511223,68,1.4974996594708168,101.82997684401553,12,1,modif,NN,NOUN,2,NN|NNP,1,NOUN,0,0.7497589292400016,0.3541666666666667,1.4974996594708165,0.5303644627292475
modifications,234,5.5958531380300874e-05,14.125282374660378,0.0007904300570180436,55,1.8036027871964966,99.19815329580732,13,1,modif,NN,NOUN,2,NN|NNP,1,NOUN,0,0.9029846858710683,0.2864583333333333,1.8036027871964966,0.5166570484156631
modified,143,3.419688028796165e-05,14.835775757465393,0.0005073372475570876,68,1.4974996594708168,101.82997684401553,8,1,modifi,VB,VERB,1,VB,1,VERB,0,0.7498243875493181,0.3541666666666667,1.4974996594708165,0.5303644627292475
modify,110,2.6305292529201268e-05,15.214287380719123,0.0004002162801731519,58,1.726981505593584,100.16492732442786,6,1,modifi,NN,NOUN,2,NN|NNP,1,NOUN,0,0.8645100116021087,0.3020833333333333,1.7269815055935842,0.5216923298147286
modifying,46,1.1000395057665985e-05,16.47208513818677,0.00018119944394356306,34,2.497499659470817,84.91498842200778,9,1,modifi,VB,VERB,1,VB,1,VERB,0,1.2498267291434932,0.17708333333333334,2.4974996594708165,0.44226556469795714
moment,175,4.184932902372929e-05,14.544435982411454,0.0006086748868925042,73,1.395137941841139,101.84506975440314,6,1,moment,NN,NOUN,1,NN,1,NOUN,0,0.6986796694467103,0.3802083333333333,1.3951379418411392,0.5304430716375165
monetary,237,5.667594844927909e-05,14.106903845345524,0.0007995221551177399,83,1.2099230693742313,100.4236147580612,8,1,monetari,NN,NOUN,2,NN|NNP,1,NOUN,0,0.6060263803426116,0.4322916666666667,1.2099230693742313,0.5230396601982354
money,700,0.00016739731609491715,12.544435982411454,0.0020999049153801828,99,0.9556058806415466,94.60498218351312,5,1,monei,NN,NOUN,2,NN|NNP,1,NOUN,0,0.4794792628856617,0.515625,0.9556058806415466,0.49273428220579746
moneys,536,0.00012817851632410799,12.92955790378601,0.0016572915488339347,42,2.192645077942396,92.09109327358063,6,1,monei,NN,NOUN,2,NN|NNP,1,NOUN,0,1.0990093105948064,0.21875,2.192645077942396,0.4796411107998991
monies,94,2.2479068161317444e-05,15.441058242566145,0.0003471006007175169,33,2.5405683813627027,83.83875658496919,6,1,moni,NN,NOUN,2,NN|NNP,1,NOUN,0,1.271625160720455,0.171875,2.5405683813627027,0.4366601905467145
monitor,126,3.0131516897085088e-05,15.018367170743867,0.0004525261841718968,46,2.0614005446641435,94.8244250545506,7,1,monitor,NN,NOUN,2,NN|NNP,1,NOUN,0,1.0318888125283068,0.23958333333333334,2.0614005446641435,0.49387721382578437
monitoring,173,4.137105097774381e-05,14.561018866607057,0.0006024046538182899,39,2.299560281858908,89.68285099249741,10,1,monitor,VB,VERB,2,NNP|VB,2,NOUN|VERB,0,1.1512310490078919,0.203125,2.299560281858908,0.46709818225259064
monopoly,51,1.2196090172629678e-05,16.323221752272286,0.00019907948439854301,32,2.584962500721156,82.718800023077,8,1,monopoli,RB,ADV,1,RB,1,ADV,0,1.2936455490007739,0.16666666666666666,2.584962500721156,0.430827083453526
monuments,74,1.769628770146267e-05,15.786193728614833,0.00027935702593259384,47,2.030373649043519,95.42756150504539,9,1,monument,NN,NOUN,2,NN|NNP,1,NOUN,0,1.0161939008739944,0.24479166666666666,2.030373649043519,0.4970185495054447
morality,338,8.082898977154571e-05,13.594767657961599,0.0010988513359719186,100,0.9411063109464314,94.11063109464314,8,1,moral,NN,NOUN,2,NN|NNP,1,NOUN,0,0.47154278985023906,0.5208333333333334,0.9411063109464314,0.4901595369512664
morals,157,3.7544826609859986e-05,14.701026345352156,0.0005519474851232303,69,1.4764380439429872,101.87422503206612,6,1,moral,NN,NOUN,2,NN|NNP,1,NOUN,0,0.7395299040422142,0.359375,1.4764380439429872,0.530594922042011
mortgage,31,7.4133097127749025e-06,17.041450783856906,0.0001263335526157419,31,2.6307661903342807,81.5537519003627,8,1,mortgag,NN,NOUN,2,NN|NNP,1,NOUN,0,1.3164261364477805,0.16145833333333334,2.6307661903342807,0.42475912448105574
mother,207,4.950177775949693e-05,14.302160136744456,0.0007079823525698603,91,1.07716786052246,98.02227530754385,6,1,mother,NN,NOUN,2,NN|NNP,1,NOUN,0,0.5394003620089377,0.4739583333333333,1.07716786052246,0.5105326838934575
motherhood,43,1.0282977988687768e-05,16.569382339541683,0.00017038259388365895,32,2.584962500721156,82.718800023077,10,1,motherhood,NN,NOUN,2,NN|NNP,1,NOUN,0,1.2936735261950285,0.16666666666666666,2.584962500721156,0.430827083453526
mothers,73,1.7457148678469932e-05,15.805822535363765,0.00027592459398535584,42,2.192645077942396,92.09109327358063,7,1,mother,NN,NOUN,2,NN|NNP,1,NOUN,0,1.0974627037959508,0.21875,2.192645077942396,0.4796411107998991
motions,133,3.180549005803426e-05,14.940364658742594,0.00047518561961704396,35,2.4556794837761897,85.94878193216664,7,1,motion,NN,NOUN,2,NN|NNP,1,NOUN,0,1.229283569778262,0.18229166666666666,2.4556794837761897,0.44764990589670123
motto,55,1.3152646264600634e-05,16.214287380719124,0.00021326078635117658,40,2.263034405833794,90.52137623335176,5,1,motto,NN,NOUN,2,NN|NNP,1,NOUN,0,1.1326723972052184,0.20833333333333334,2.263034405833794,0.47146550121537373
municipal,846,0.00020231161345185702,12.271133241123833,0.002482592764894478,80,1.2630344058337937,101.04275246670349,9,1,municip,NN,NOUN,2,NN|NNP,1,NOUN,0,0.6340132335669283,0.4166666666666667,1.2630344058337937,0.5262643357640807
municipalities,757,0.00018102824040550325,12.431497604258052,0.002250452136904064,69,1.4764380439429872,101.87422503206612,14,1,municip,NN,NOUN,2,NN|NNP,1,NOUN,0,0.741090422623046,0.359375,1.4764380439429872,0.530594922042011
municipality,394,9.422077505913908e-05,13.373595274787407,0.0012600705121177094,55,1.8036027871964966,99.19815329580732,12,1,municip,NN,NOUN,2,NN|NNP,1,NOUN,0,0.9038124255969867,0.2864583333333333,1.8036027871964966,0.5166570484156631
mutiny,41,9.80469994270229e-06,16.6380950896257,0.00016313152997192836,31,2.6307661903342807,81.5537519003627,6,1,mutini,NN,NOUN,1,NN,1,NOUN,0,1.3164649442145493,0.16145833333333334,2.6307661903342807,0.42475912448105574
mutual,161,3.850138270183094e-05,14.664730216129165,0.000564612390270293,93,1.0458036896131246,97.2597431340206,6,1,mutual,NN,NOUN,2,NN|NNP,1,NOUN,0,0.5238128711061684,0.484375,1.0458036896131246,0.5065611621563573
n,332,7.939415563358927e-05,13.620607662896857,0.0010813966446120917,68,1.4974996594708168,101.82997684401553,1,1,n,NN,NOUN,2,NN|NNP,1,NOUN,0,0.750172606977834,0.3541666666666667,1.4974996594708165,0.5303644627292475
named,79,1.8891982816426363e-05,15.69186634606668,0.00029645046936755087,44,2.1255308820838588,93.52335881168979,5,1,name,VB,VERB,1,VB,1,VERB,0,1.0638569684904973,0.22916666666666666,2.125530882083859,0.4871008271442177
names,253,6.0502172817162915e-05,14.012653519549472,0.0008477959848668084,86,1.1586977460190582,99.648006157639,5,1,name,NN,NOUN,2,NN|NNP,1,NOUN,0,0.5803349928730149,0.4479166666666667,1.1586977460190582,0.5190000320710365
nationals,135,3.2283768104019735e-05,14.918831497192953,0.00048163609643832284,56,1.777607578663552,99.5460244051589,9,1,nation,NN,NOUN,2,NN|NNP,1,NOUN,0,0.8900727524125035,0.2916666666666667,1.777607578663552,0.5184688771102026
nations,329,7.867673856461106e-05,13.633703320508541,0.0010726553118151202,115,0.7394724497767808,85.0393317243298,7,1,nation,NN,NOUN,2,NN|NNP,1,NOUN,0,0.37069458948756334,0.5989583333333334,0.7394724497767808,0.4429131860642177
native,258,6.16978679321266e-05,13.984419838820529,0.0008628088883229602,41,2.2274104961030723,91.32383034022597,6,1,nativ,NN,NOUN,2,NN|NNP,1,NOUN,0,1.1154530416571908,0.21354166666666666,2.2274104961030727,0.475644949688677
naturalization,154,3.682740954088177e-05,14.72886055354888,0.0005424257796760832,47,2.030373649043519,95.42756150504539,14,1,natur,NN,NOUN,2,NN|NNP,1,NOUN,0,1.0165691183769627,0.24479166666666666,2.030373649043519,0.4970185495054447
naval,100,2.3913902299273878e-05,15.351790904469057,0.0003671212278083544,44,2.1255308820838588,93.52335881168979,5,1,naval,NN,NOUN,2,NN|NNP,1,NOUN,0,1.0638695045087205,0.22916666666666666,2.125530882083859,0.4871008271442177
nearly,66,1.578317551752076e-05,15.95125297488533,0.0002517614254269903,31,2.6307661903342807,81.5537519003627,6,1,nearli,RB,ADV,1,RB,1,ADV,0,1.3165115835697117,0.16145833333333334,2.6307661903342807,0.42475912448105574
necessity,220,5.2610585058402535e-05,14.214287380719123,0.0007478219752879012,100,0.9411063109464314,94.11063109464314,9,1,necess,NN,NOUN,2,NN|NNP,1,NOUN,0,0.47137089632655843,0.5208333333333334,0.9411063109464314,0.4901595369512664
needed,116,2.7740126667157698e-05,15.13766609911621,0.00041992077503462264,47,2.030373649043519,95.42756150504539,6,1,need,VB,VERB,1,VB,1,VERB,0,1.0163777569972219,0.24479166666666666,2.030373649043519,0.4970185495054447
needs,345,8.250296293249488e-05,13.56519454257825,0.0011191687425184153,116,0.726981505593584,84.32985464885574,5,1,need,NN,NOUN,2,NN|NNP,1,NOUN,0,0.3643411523563486,0.6041666666666666,0.7269815055935842,0.43921799296279046
negotiate,45,1.0761256034673246e-05,16.50379399791411,0.0001776015527550573,36,2.415037499278844,86.94134997403839,9,1,negoti,NN,NOUN,2,NN|NNP,1,NOUN,0,1.2086884042469925,0.1875,2.415037499278844,0.45281953111478324
negotiation,46,1.1000395057665985e-05,16.47208513818677,0.00018119944394356306,31,2.6307661903342807,81.5537519003627,11,1,negoti,NN,NOUN,1,NN,1,NOUN,0,1.3165101710516607,0.16145833333333334,2.6307661903342807,0.42475912448105574
negotiations,58,1.3870063333578849e-05,16.13766609911621,0.00022383045085089015,42,2.192645077942396,92.09109327358063,12,1,negoti,NN,NOUN,2,NN|NNP,1,NOUN,0,1.097379594886245,0.21875,2.192645077942396,0.4796411107998991
newly,145,3.4675158333947125e-05,14.815738004228848,0.0005137380611309131,61,1.6542251631582698,100.90773495265447,5,1,newli,RB,ADV,1,RB,1,ADV,0,0.8283506335589501,0.3177083333333333,1.65422516315827,0.5255611195450753
ninety,253,6.0502172817162915e-05,14.012653519549472,0.0008477959848668084,84,1.1926450779423958,100.18218654716125,6,1,nineti,NN,NOUN,2,NN|NNP,1,NOUN,0,0.5973597732015155,0.4375,1.1926450779423958,0.5217822215997981
nominate,167,3.9936216839787376e-05,14.61194280176973,0.0005835457161820463,66,1.5405683813627027,101.67751316993838,8,1,nomin,NN,NOUN,2,NN|NNP,1,NOUN,0,0.7714253132043162,0.34375,1.5405683813627027,0.529570381093429
nominated,729,0.00017433234776170658,12.485872089916846,0.0021766913952875697,96,1.0,96.0,9,1,nomin,VB,VERB,2,NNP|VB,2,NOUN|VERB,0,0.5016549979061542,0.5,1.0,0.5
nomination,400,9.565560919709551e-05,13.351790904469057,0.0012771736928392265,103,0.8984619735379379,92.5415832744076,10,1,nomin,NN,NOUN,2,NN|NNP,1,NOUN,0,0.4502681594943225,0.5364583333333334,0.8984619735379377,0.4819874128875395
nominations,136,3.2522907127012474e-05,14.908184252993443,0.0004848574918924956,51,1.9125371587496605,97.53939509623268,11,1,nomin,NN,NOUN,2,NN|NNP,1,NOUN,0,0.9573888801971776,0.265625,1.9125371587496605,0.5080176827928785
normal,157,3.7544826609859986e-05,14.701026345352156,0.0005519474851232303,82,1.2274104961030725,100.64766068045195,6,1,normal,NN,NOUN,2,NN|NNP,1,NOUN,0,0.6145569552270382,0.4270833333333333,1.2274104961030727,0.5242065660440206
normally,50,1.1956951149636939e-05,16.35179090446906,0.00019551756505381416,37,2.3755091350922064,87.89383799841164,8,1,normal,RB,ADV,1,RB,1,ADV,0,1.1888882974973851,0.19270833333333334,2.3755091350922064,0.4577804062417273
norms,299,7.15025678748289e-05,13.771645420045678,0.0009847080113948926,64,1.584962500721156,101.43760004615399,5,1,norm,NN,NOUN,2,NN|NNP,1,NOUN,0,0.7939672660911717,0.3333333333333333,1.584962500721156,0.5283208335737186
north,180,4.304502413869298e-05,14.503793997914109,0.0006243161627428432,31,2.6307661903342807,81.5537519003627,5,1,north,NNP,NOUN,2,NN|NNP,1,NOUN,0,1.3173365619483006,0.16145833333333334,2.6307661903342807,0.42475912448105574
notice,610,0.00014587480402557067,12.742981661793534,0.0018588799526155727,89,1.1092290697547584,98.7213872081735,6,1,notic,NN,NOUN,2,NN|NNP,1,NOUN,0,0.5561522749454327,0.4635416666666667,1.1092290697547584,0.514173891709237
notification,230,5.500197528832992e-05,14.150157043299407,0.0007782865880215415,74,1.3755091350922064,101.78767599682327,12,1,notif,NN,NOUN,2,NN|NNP,1,NOUN,0,0.6887634966828861,0.3854166666666667,1.3755091350922062,0.5301441458167878
notified,191,4.5675553391613105e-05,14.418218266208035,0.0006585600982301164,83,1.2099230693742313,100.4236147580612,8,1,notifi,VB,VERB,1,VB,1,VERB,0,0.6059339315939651,0.4322916666666667,1.2099230693742313,0.5230396601982354
notify,141,3.371860224197617e-05,14.856095741844989,0.0005009267831879871,57,1.7520724865564143,99.86813173371561,6,1,notifi,NN,NOUN,1,NN,1,NOUN,0,0.8771397640465843,0.296875,1.7520724865564143,0.5201465194464355
notwithstanding,1177,0.00028146663006245356,11.794748489205338,0.003319828109690842,93,1.0458036896131246,97.2597431340206,15,1,notwithstand,NNP,NOUN,2,NNP|VB,2,NOUN|VERB,0,0.5252701915148269,0.484375,1.0458036896131246,0.5065611621563573
november,186,4.4479858276649417e-05,14.456488283135752,0.000643022550011921,66,1.5405683813627027,101.67751316993838,8,1,novemb,NNP,NOUN,1,NNP,1,NOUN,0,0.7714529936375975,0.34375,1.5405683813627027,0.529570381093429
null,149,3.563171442591808e-05,14.77647857378162,0.0005265112647616839,68,1.4974996594708168,101.82997684401553,4,1,null,NN,NOUN,1,NN,1,NOUN,0,0.7498971277672785,0.3541666666666667,1.4974996594708165,0.5303644627292475
numbers,93,2.2239929138324708e-05,15.456488283135752,0.00034375120414428524,51,1.9125371587496605,97.53939509623268,7,1,number,NN,NOUN,2,NN|NNP,1,NOUN,0,0.9573391502327911,0.265625,1.9125371587496605,0.5080176827928785
o,182,4.352330218467846e-05,14.487852454045086,0.0006305591803644397,54,1.8300749985576876,98.82404992211514,1,1,o,NN,NOUN,2,NN|NNP,1,NOUN,0,0.9164125536969481,0.28125,1.8300749985576876,0.5147085933443496
oaths,178,4.2566746092707505e-05,14.519913663277384,0.000618065478192763,47,2.030373649043519,95.42756150504539,5,1,oath,NNP,NOUN,2,NN|NNP,1,NOUN,0,1.0164367934440859,0.24479166666666666,2.030373649043519,0.4970185495054447
obedience,89,2.1283373046353752e-05,15.519913663277384,0.0003303161121427352,48,2.0,96.0,9,1,obedi,NN,NOUN,2,NN|NNP,1,NOUN,0,1.001083192566601,0.25,2.0,0.5
obey,107,2.558787546022305e-05,15.254180107842636,0.0003903220608472892,49,1.970252656605948,96.54238017369146,4,1,obei,NN,NOUN,1,NN,1,NOUN,0,0.9862272691728755,0.2552083333333333,1.9702526566059482,0.5028248967379764
object,213,5.093661189745336e-05,14.260937474017945,0.000726403837407901,75,1.3561438102252754,101.71078576689565,6,1,object,NN,NOUN,2,NN|NNP,1,NOUN,0,0.6792230308500065,0.390625,1.3561438102252754,0.5297436758692482
objection,132,3.156635103504152e-05,14.95125297488533,0.0004719564998189391,63,1.6076825772212395,101.28400236493809,9,1,object,NN,NOUN,2,NN|NNP,1,NOUN,0,0.8047931467382409,0.328125,1.6076825772212395,0.5275208456507192
objections,144,3.4436019310954386e-05,14.82572209280147,0.0005105388522865545,65,1.5625946876927017,101.5686547000256,10,1,object,NN,NOUN,2,NN|NNP,1,NOUN,0,0.7823512848730493,0.3385416666666667,1.5625946876927015,0.5290034098959667
objective,201,4.8066943621540495e-05,14.344595403064854,0.0006895008585129273,80,1.2630344058337937,101.04275246670349,9,1,object,NN,NOUN,2,NN|NNP,1,NOUN,0,0.6324830689366919,0.4166666666666667,1.2630344058337937,0.5262643357640807
objectives,360,8.609004827738597e-05,13.503793997914109,0.0011625422772083005,95,1.0151068923902085,96.4351547770698,10,1,object,NN,NOUN,2,NN|NNP,1,NOUN,0,0.5087157355795296,0.4947916666666667,1.0151068923902085,0.5022664311305719
objects,141,3.371860224197617e-05,14.856095741844989,0.0005009267831879871,58,1.726981505593584,100.16492732442786,7,1,object,NN,NOUN,2,NN|NNP,1,NOUN,0,0.8645716338625843,0.3020833333333333,1.7269815055935842,0.5216923298147286
obligated,140,3.347946321898343e-05,14.866364077298815,0.0004977178893259423,32,2.584962500721156,82.718800023077,9,1,oblig,VB,VERB,1,VB,1,VERB,0,1.2940994826613597,0.16666666666666666,2.584962500721156,0.430827083453526
obligatory,165,3.94579387938019e-05,14.629324879997966,0.0005772430057096031,61,1.6542251631582698,100.90773495265447,10,1,obligatori,NN,NOUN,2,NN|NNP,1,NOUN,0,0.8283447387368548,0.3177083333333333,1.65422516315827,0.5255611195450753
obliged,346,8.274210195548762e-05,13.561018866607057,0.0011220672056810922,94,1.0303736490435187,96.85512301009075,7,1,oblig,VB,VERB,2,NNP|VB,2,NOUN|VERB,0,0.5164868686580816,0.4895833333333333,1.030373649043519,0.5044537656775561
observance,234,5.5958531380300874e-05,14.125282374660378,0.0007904300570180436,93,1.0458036896131246,97.2597431340206,10,1,observ,NN,NOUN,2,NN|NNP,1,NOUN,0,0.5238130723084305,0.484375,1.0458036896131246,0.5065611621563573
observations,92,2.200079011533197e-05,15.47208513818677,0.0003403980977717942,37,2.3755091350922064,87.89383799841164,12,1,observ,NN,NOUN,1,NN,1,NOUN,0,1.1889394631366565,0.19270833333333334,2.3755091350922064,0.4577804062417273
observe,242,5.7871643564242786e-05,14.076783856969188,0.0008146466179014076,105,0.8707169830550335,91.42528322077852,7,1,observ,NN,NOUN,2,NN|NNP,1,NOUN,0,0.4361703660778839,0.546875,0.8707169830550335,0.4761733501082215
observed,119,2.8457543736135915e-05,15.10082933093584,0.0004297325111370307,69,1.4764380439429872,101.87422503206612,8,1,observ,VB,VERB,2,NNP|VB,2,NOUN|VERB,0,0.7390853973846809,0.359375,1.4764380439429872,0.530594922042011
obtaining,144,3.4436019310954386e-05,14.82572209280147,0.0005105388522865545,79,1.2811817525440532,101.21335845098021,9,1,obtain,VB,VERB,2,NNP|VB,2,NOUN|VERB,0,0.6414215272146205,0.4114583333333333,1.2811817525440532,0.5271529085988552
obtains,71,1.6978870632484454e-05,15.845899974739101,0.0002690454857263839,49,1.970252656605948,96.54238017369146,7,1,obtain,NN,NOUN,1,NN,1,NOUN,0,0.986129866516669,0.2552083333333333,1.9702526566059482,0.5028248967379764
occasion,221,5.2849724081395274e-05,14.20774453485235,0.0007508753784858984,71,1.435215381216474,101.90029206636966,8,1,occas,NN,NOUN,1,NN,1,NOUN,0,0.7186875931483993,0.3697916666666667,1.435215381216474,0.5307306878456753
occupation,207,4.950177775949693e-05,14.302160136744456,0.0007079823525698603,103,0.8984619735379379,92.5415832744076,10,1,occup,NN,NOUN,2,NN|NNP,1,NOUN,0,0.44995488282016716,0.5364583333333334,0.8984619735379377,0.4819874128875395
occupied,62,1.4826619425549805e-05,16.041450783856906,0.00023784048580593393,33,2.5405683813627027,83.83875658496919,8,1,occupi,VB,VERB,1,VB,1,VERB,0,1.271471618808505,0.171875,2.5405683813627027,0.4366601905467145
occupy,73,1.7457148678469932e-05,15.805822535363765,0.00027592459398535584,35,2.4556794837761897,85.94878193216664,6,1,occupi,NN,NOUN,1,NN,1,NOUN,0,1.2290233560415633,0.18229166666666666,2.4556794837761897,0.44764990589670123
occur,99,2.367476327628114e-05,15.366290474164172,0.0003637932894104106,60,1.6780719051126378,100.68431430675827,5,1,occur,NN,NOUN,1,NN,1,NOUN,0,0.839947534523975,0.3125,1.6780719051126378,0.5243974703476993
occurred,105,2.5109597414237573e-05,15.28140157657766,0.00038370984151316035,57,1.7520724865564143,99.86813173371561,8,1,occur,VB,VERB,1,VB,1,VERB,0,0.8769682727794238,0.296875,1.7520724865564143,0.5201465194464355
occurrence,127,3.0370655920077827e-05,15.006962407471617,0.00045577129168286324,54,1.8300749985576876,98.82404992211514,10,1,occurr,NN,NOUN,1,NN,1,NOUN,0,0.9160299503697235,0.28125,1.8300749985576876,0.5147085933443496
occurring,60,1.4348341379564327e-05,16.088756498635263,0.00023084697061510282,39,2.299560281858908,89.68285099249741,9,1,occur,VB,VERB,1,VB,1,VERB,0,1.1508340409059372,0.203125,2.299560281858908,0.46709818225259064
occurs,160,3.82622436788382e-05,14.67371899935642,0.0005614494120281733,76,1.3370349872775706,101.61465903309536,6,1,occur,NN,NOUN,1,NN,1,NOUN,0,0.6693717175627453,0.3958333333333333,1.3370349872775709,0.5292430157973718
october,211,5.0458333851467884e-05,14.274547905536597,0.0007202699037963373,97,0.9850496585340286,95.54981687780078,7,1,octob,NNP,NOUN,1,NNP,1,NOUN,0,0.4934243903096962,0.5052083333333334,0.9850496585340284,0.4976552962385456
offence,1978,0.0004730169874796373,11.045820383484672,0.005224860682037092,100,0.9411063109464314,94.11063109464314,7,1,offenc,NN,NOUN,2,NN|NNP,1,NOUN,0,0.4743207127634454,0.5208333333333334,0.9411063109464314,0.4901595369512664
offences,339,8.106812879453845e-05,13.590505631107439,0.0011017568608855178,80,1.2630344058337937,101.04275246670349,8,1,offenc,NN,NOUN,2,NN|NNP,1,NOUN,0,0.6327666207992636,0.4166666666666667,1.2630344058337937,0.5262643357640807
offender,70,1.6739731609491715e-05,15.866364077298815,0.0002655986762724628,35,2.4556794837761897,85.94878193216664,8,1,offend,NN,NOUN,1,NN,1,NOUN,0,1.2290402547279227,0.18229166666666666,2.4556794837761897,0.44764990589670123
offenders,52,1.2435229195622417e-05,16.29520737610269,0.00020263463851203395,39,2.299560281858908,89.68285099249741,9,1,offend,NN,NOUN,2,NN|NNP,1,NOUN,0,1.1507911503438293,0.203125,2.299560281858908,0.46709818225259064
offense,204,4.878436069051871e-05,14.323221752272287,0.0006987492162131347,60,1.6780719051126378,100.68431430675827,7,1,offens,NN,NOUN,2,NN|NNP,1,NOUN,0,0.840634923483675,0.3125,1.6780719051126378,0.5243974703476993
offenses,164,3.921879977080916e-05,14.638095089625699,0.000574088520346095,40,2.263034405833794,90.52137623335176,8,1,offens,NN,NOUN,1,NN,1,NOUN,0,1.133161278053955,0.20833333333333334,2.263034405833794,0.47146550121537373
offer,65,1.554403649452802e-05,15.973279281215328,0.00024828923608449934,35,2.4556794837761897,85.94878193216664,5,1,offer,NN,NOUN,2,NN|NNP,1,NOUN,0,1.2289729177498676,0.18229166666666666,2.4556794837761897,0.44764990589670123
officer,1734,0.00041466706586940907,11.235758911021948,0.004659099180449538,87,1.142019004872428,99.35565342390123,7,1,offic,NN,NOUN,2,NN|NNP,1,NOUN,0,0.5747592945637526,0.453125,1.142019004872428,0.5174773615828189
officially,70,1.6739731609491715e-05,15.866364077298815,0.0002655986762724628,39,2.299560281858908,89.68285099249741,10,1,offici,RB,ADV,2,NNP|RB,2,ADV|NOUN,0,1.150934567966905,0.203125,2.299560281858908,0.46709818225259064
officials,652,0.00015591864299126568,12.646918940012705,0.001971890439147317,104,0.8845227825800641,91.99036938832667,9,1,offici,NN,NOUN,2,NN|NNP,1,NOUN,0,0.4442107687959233,0.5416666666666666,0.8845227825800641,0.479116507230868
officio,92,2.200079011533197e-05,15.47208513818677,0.0003403980977717942,39,2.299560281858908,89.68285099249741,7,1,officio,NN,NOUN,1,NN,1,NOUN,0,1.1509545308484526,0.203125,2.299560281858908,0.46709818225259064
old,227,5.42845582193517e-05,14.169098606952868,0.0007691632582448681,105,0.8707169830550335,91.42528322077852,3,1,old,NN,NOUN,2,NN|NNP,1,NOUN,0,0.4362535316116152,0.546875,0.8707169830550335,0.4761733501082215
ombudsman,711,0.00017002784534783728,12.521941344624366,0.0021290787063984813,48,2.0,96.0,9,1,ombudsman,NNP,NOUN,2,NN|NNP,1,NOUN,0,1.0035340473991443,0.25,2.0,0.5
omission,239,5.715422649526457e-05,14.094780286263035,0.0008055762648820675,85,1.1755715645834544,99.92358298959363,8,1,omiss,NN,NOUN,2,NN|NNP,1,NOUN,0,0.5886663952853014,0.4427083333333333,1.1755715645834544,0.5204353280708001
omissions,84,2.0087677931390057e-05,15.603329671465023,0.0003134346610976916,34,2.497499659470817,84.91498842200778,9,1,omiss,NN,NOUN,1,NN,1,NOUN,0,1.2499178330330174,0.17708333333333334,2.4974996594708165,0.44226556469795714
omitted,189,4.519727534562763e-05,14.43340467002271,0.0006523505650458841,42,2.192645077942396,92.09109327358063,7,1,omit,VB,VERB,2,NNP|VB,2,NOUN|VERB,0,1.0976293295522577,0.21875,2.192645077942396,0.4796411107998991
one's,95,2.2718207184310183e-05,15.425791485912836,0.0003504463269589358,36,2.415037499278844,86.94134997403839,5,1,one',NN,NOUN,2,NN|NNP,1,NOUN,0,1.2089416921589475,0.1875,2.415037499278844,0.45281953111478324
one-fifth,80,1.91311218394191e-05,15.67371899935642,0.0002998558278535057,31,2.6307661903342807,81.5537519003627,9,1,one-fifth,NN,NOUN,2,NN|NNP,1,NOUN,0,1.3168578570111107,0.16145833333333334,2.6307661903342807,0.42475912448105574
one-fourth,66,1.578317551752076e-05,15.95125297488533,0.0002517614254269903,33,2.5405683813627027,83.83875658496919,10,1,one-fourth,NN,NOUN,1,NN,1,NOUN,0,1.2715491344836591,0.171875,2.5405683813627027,0.4366601905467145
one-half,102,2.4392180345259356e-05,15.323221752272287,0.0003737667884518267,38,2.3370349872775704,88.80732951654768,8,1,one-half,NN,NOUN,1,NN,1,NOUN,0,1.1698795003301847,0.19791666666666666,2.337034987277571,0.46253817456535257
one-third,241,5.763250454125005e-05,14.082757758013821,0.0008116246004420559,95,1.0151068923902085,96.4351547770698,9,1,one-third,NN,NOUN,2,NN|NNP,1,NOUN,0,0.5086068737849435,0.4947916666666667,1.0151068923902085,0.5022664311305719
ones,60,1.4348341379564327e-05,16.088756498635263,0.00023084697061510282,32,2.584962500721156,82.718800023077,4,1,on,NN,NOUN,1,NN,1,NOUN,0,1.2937779406713692,0.16666666666666666,2.584962500721156,0.430827083453526
opened,60,1.4348341379564327e-05,16.088756498635263,0.00023084697061510282,42,2.192645077942396,92.09109327358063,6,1,open,VB,VERB,1,VB,1,VERB,0,1.0975154067456219,0.21875,2.192645077942396,0.4796411107998991
opening,151,3.610999247190356e-05,14.757242354918704,0.0005328839103421707,68,1.4974996594708168,101.82997684401553,7,1,open,VB,VERB,2,NNP|VB,2,NOUN|VERB,0,0.7499023322687061,0.3541666666666667,1.4974996594708165,0.5303644627292475
operate,211,5.0458333851467884e-05,14.274547905536597,0.0007202699037963373,77,1.3181759600262548,101.49954892202162,7,1,oper,NN,NOUN,1,NN,1,NOUN,0,0.6601020351356923,0.4010416666666667,1.3181759600262548,0.5286434839688626
operating,74,1.769628770146267e-05,15.786193728614833,0.00027935702593259384,44,2.1255308820838588,93.52335881168979,9,1,oper,VB,VERB,1,VB,1,VERB,0,1.063840821620578,0.22916666666666666,2.125530882083859,0.4871008271442177
operational,53,1.2674368218615156e-05,16.267726639680582,0.0002061831575110867,33,2.5405683813627027,83.83875658496919,11,1,oper,NN,NOUN,1,NN,1,NOUN,0,1.2714648411287304,0.171875,2.5405683813627027,0.4366601905467145
operations,236,5.643680942628635e-05,14.113004044881942,0.0007964929197134106,91,1.07716786052246,98.02227530754385,10,1,oper,NN,NOUN,2,NN|NNP,1,NOUN,0,0.5396303158972445,0.4739583333333333,1.07716786052246,0.5105326838934575
opportunities,215,5.141488994343884e-05,14.247454244654323,0.0007325312919630825,86,1.1586977460190582,99.648006157639,13,1,opportun,NN,NOUN,2,NN|NNP,1,NOUN,0,0.5803322883378973,0.4479166666666667,1.1586977460190582,0.5190000320710365
opportunity,309,7.389395810475628e-05,13.724184066339408,0.001014134282420048,108,0.8300749985576875,89.64809984423025,11,1,opportun,NN,NOUN,2,NN|NNP,1,NOUN,0,0.41587890308288594,0.5625,0.8300749985576875,0.46691718668869925
opposition,642,0.0001535272527613383,12.66921760712148,0.001945070173856937,60,1.6780719051126378,100.68431430675827,10,1,opposit,NNP,NOUN,2,NN|NNP,1,NOUN,0,0.8415695059445686,0.3125,1.6780719051126378,0.5243974703476993
oppression,43,1.0282977988687768e-05,16.569382339541683,0.00017038259388365895,31,2.6307661903342807,81.5537519003627,10,1,oppress,NN,NOUN,2,NN|NNP,1,NOUN,0,1.3165731159383716,0.16145833333333334,2.6307661903342807,0.42475912448105574
option,114,2.726184862117222e-05,15.162757080079041,0.00041336478819672213,50,1.9411063109464315,97.05531554732157,6,1,option,NN,NOUN,2,NN|NNP,1,NOUN,0,0.9715717548069732,0.2604166666666667,1.9411063109464315,0.5054964351422999
oral,115,2.750098764416496e-05,15.150157043299407,0.00041664428165493573,68,1.4974996594708168,101.82997684401553,4,1,oral,NN,NOUN,2,NN|NNP,1,NOUN,0,0.7496974491857813,0.3541666666666667,1.4974996594708165,0.5303644627292475
ordered,189,4.519727534562763e-05,14.43340467002271,0.0006523505650458841,83,1.2099230693742313,100.4236147580612,7,1,order,VB,VERB,1,VB,1,VERB,0,0.6058630788576338,0.4322916666666667,1.2099230693742313,0.5230396601982354
orderly,60,1.4348341379564327e-05,16.088756498635263,0.00023084697061510282,42,2.192645077942396,92.09109327358063,7,1,orderli,RB,ADV,1,RB,1,ADV,0,1.097397047811041,0.21875,2.192645077942396,0.4796411107998991
ordinance,401,9.589474822008825e-05,13.348188667788863,0.001280021191491848,62,1.630766190334281,101.10750380072542,9,1,ordin,NN,NOUN,2,NN|NNP,1,NOUN,0,0.8173274597487578,0.3229166666666667,1.630766190334281,0.526601582295445
ordinances,268,6.408925816205399e-05,13.92955790378601,0.0008927350325790213,70,1.4556794837761897,101.89756386433328,10,1,ordin,NN,NOUN,2,NN|NNP,1,NOUN,0,0.7294201310375857,0.3645833333333333,1.4556794837761897,0.5307164784600692
ordinarily,93,2.2239929138324708e-05,15.456488283135752,0.00034375120414428524,35,2.4556794837761897,85.94878193216664,10,1,ordinarili,RB,ADV,2,NNP|RB,2,ADV|NOUN,0,1.228997999290935,0.18229166666666666,2.4556794837761897,0.44764990589670123
ordinary,578,0.00013822235528980302,12.820721411743104,0.0017721103100455404,110,0.8036027871964965,88.39630659161462,8,1,ordinari,NN,NOUN,2,NN|NNP,1,NOUN,0,0.40326620825236364,0.5729166666666666,0.8036027871964967,0.46039743016465956
organ,641,0.00015328811373834555,12.671466547625041,0.001942385205383988,84,1.1926450779423958,100.18218654716125,5,1,organ,NN,NOUN,2,NN|NNP,1,NOUN,0,0.5985553867132246,0.4375,1.1926450779423958,0.5217822215997981
organic,1074,0.00025683531069420145,11.92686881625837,0.003063241058032701,54,1.8300749985576876,98.82404992211514,7,1,organ,NN,NOUN,2,NN|NNP,1,NOUN,0,0.9199367903754155,0.28125,1.8300749985576876,0.5147085933443496
organisation,514,0.00012291745781826773,12.990022545049904,0.0015967005482395184,65,1.5625946876927017,101.5686547000256,12,1,organis,NN,NOUN,2,NN|NNP,1,NOUN,0,0.7835742822887704,0.3385416666666667,1.5625946876927015,0.5290034098959667
organisations,237,5.667594844927909e-05,14.106903845345524,0.0007995221551177399,46,2.0614005446641435,94.8244250545506,13,1,organis,NN,NOUN,2,NN|NNP,1,NOUN,0,1.0327448342634107,0.23958333333333334,2.0614005446641435,0.49387721382578437
organizations,843,0.0002015941963828788,12.2762582733017,0.0024748224211949233,116,0.726981505593584,84.32985464885574,13,1,organ,NN,NOUN,2,NN|NNP,1,NOUN,0,0.3654862145269908,0.6041666666666666,0.7269815055935842,0.43921799296279046
organize,254,6.0741311840155654e-05,14.006962407471617,0.0008508012715255709,88,1.1255308820838588,99.04671762337958,8,1,organ,NN,NOUN,2,NN|NNP,1,NOUN,0,0.5639046932326007,0.4583333333333333,1.1255308820838592,0.5158683209551022
organized,299,7.15025678748289e-05,13.771645420045678,0.0009847080113948926,71,1.435215381216474,101.90029206636966,9,1,organ,VB,VERB,2,NNP|VB,2,NOUN|VERB,0,0.71906088440132,0.3697916666666667,1.435215381216474,0.5307306878456753
organizing,59,1.4109202356571588e-05,16.11300404488194,0.00022734163464149579,38,2.3370349872775704,88.80732951654768,10,1,organ,VB,VERB,2,NNP|VB,2,NOUN|VERB,0,1.1696939563927595,0.19791666666666666,2.337034987277571,0.46253817456535257
organs,1226,0.0002931844421890978,11.735903830553001,0.0034407844181455773,108,0.8300749985576875,89.64809984423025,6,1,organ,NN,NOUN,2,NN|NNP,1,NOUN,0,0.41808850092254707,0.5625,0.8300749985576875,0.46691718668869925
original,353,8.441607511643679e-05,13.532122720972602,0.0011423286880984642,93,1.0458036896131246,97.2597431340206,8,1,origin,NN,NOUN,2,NN|NNP,1,NOUN,0,0.5239976491654718,0.484375,1.0458036896131246,0.5065611621563573
ought,375,8.967713362227705e-05,13.44490030886054,0.0012057001215358806,42,2.192645077942396,92.09109327358063,5,1,ought,NN,NOUN,1,NN,1,NOUN,0,1.0984177767993202,0.21875,2.192645077942396,0.4796411107998991
overall,150,3.587085344891082e-05,14.766828403747901,0.0005296987375760547,46,2.0614005446641435,94.8244250545506,7,1,overal,NN,NOUN,1,NN,1,NOUN,0,1.032109850818023,0.23958333333333334,2.0614005446641435,0.49387721382578437
oversee,98,2.34356242532884e-05,15.380937250128575,0.00036046186605742024,39,2.299560281858908,89.68285099249741,7,1,overse,NN,NOUN,2,NN|NNP,1,NOUN,0,1.1510866595302858,0.203125,2.299560281858908,0.46709818225259064
oversight,150,3.587085344891082e-05,14.766828403747901,0.0005296987375760547,38,2.3370349872775704,88.80732951654768,9,1,oversight,NN,NOUN,2,NN|NNP,1,NOUN,0,1.1700191361727144,0.19791666666666666,2.337034987277571,0.46253817456535257
owing,100,2.3913902299273878e-05,15.351790904469057,0.0003671212278083544,48,2.0,96.0,5,1,ow,VB,VERB,1,VB,1,VERB,0,1.0011142861547258,0.25,2.0,0.5
owned,184,4.400158023066394e-05,14.47208513818677,0.0006367946153129244,74,1.3755091350922064,101.78767599682327,5,1,own,VB,VERB,2,NNP|VB,2,NOUN|VERB,0,0.6888316360176064,0.3854166666666667,1.3755091350922062,0.5301441458167878
owner,142,3.395774126496891e-05,14.845899974739101,0.0005041332301877989,63,1.6076825772212395,101.28400236493809,5,1,owner,NN,NOUN,2,NN|NNP,1,NOUN,0,0.8048723031622962,0.328125,1.6076825772212395,0.5275208456507192
owners,83,1.984853890839732e-05,15.620607662896857,0.0003100462389698176,40,2.263034405833794,90.52137623335176,6,1,owner,NN,NOUN,2,NN|NNP,1,NOUN,0,1.1327084531163225,0.20833333333333334,2.263034405833794,0.47146550121537373
ownership,405,9.68513043120592e-05,13.333868996471795,0.0012914026038344214,115,0.7394724497767808,85.0393317243298,9,1,ownership,NN,NOUN,2,NN|NNP,1,NOUN,0,0.37079980543741536,0.5989583333333334,0.7394724497767808,0.4429131860642177
p,200,4.7827804598547756e-05,14.351790904469057,0.000686414651018161,54,1.8300749985576876,98.82404992211514,1,1,p,NNP,NOUN,2,NN|NNP,1,NOUN,0,0.9163867618679117,0.28125,1.8300749985576876,0.5147085933443496
paper,110,2.6305292529201268e-05,15.214287380719123,0.0004002162801731519,39,2.299560281858908,89.68285099249741,5,1,paper,NN,NOUN,2,NN|NNP,1,NOUN,0,1.1509562897687555,0.203125,2.299560281858908,0.46709818225259064
papers,84,2.0087677931390057e-05,15.603329671465023,0.0003134346610976916,46,2.0614005446641435,94.8244250545506,6,1,paper,NN,NOUN,2,NN|NNP,1,NOUN,0,1.0317978727248092,0.23958333333333334,2.0614005446641435,0.49387721382578437
paragraphs,479,0.00011454759201352188,13.091765248507603,0.0014996301844228527,107,0.8434955143200092,90.25402003224099,10,1,paragraph,NN,NOUN,2,NN|NNP,1,NOUN,0,0.42285393964027534,0.5572916666666666,0.8434955143200094,0.4700730210012552
pardoned,31,7.4133097127749025e-06,17.041450783856906,0.0001263335526157419,31,2.6307661903342807,81.5537519003627,8,1,pardon,VB,VERB,1,VB,1,VERB,0,1.3164237127755898,0.16145833333333334,2.6307661903342807,0.42475912448105574
pardons,96,2.2957346207302922e-05,15.410684593522626,0.0003537884215050482,62,1.630766190334281,101.10750380072542,7,1,pardon,NN,NOUN,2,NN|NNP,1,NOUN,0,0.816320213242106,0.3229166666666667,1.630766190334281,0.526601582295445
parent,147,3.51534363799326e-05,14.795974749407417,0.0005201293570323829,52,1.8845227825800641,97.99518469416333,6,1,parent,NN,NOUN,1,NN,1,NOUN,0,0.9434084821210225,0.2708333333333333,1.8845227825800641,0.5103915869487673
parliament,12550,0.0030011947385588716,8.380247350518285,0.0251507542561974,120,0.6780719051126377,81.36862861351652,10,1,parliament,NNP,NOUN,2,NN|NNP,1,NOUN,0,0.3567959603631843,0.625,0.6780719051126377,0.4237949406953986
partial,136,3.2522907127012474e-05,14.908184252993443,0.0004848574918924956,70,1.4556794837761897,101.89756386433328,7,1,partial,NN,NOUN,2,NN|NNP,1,NOUN,0,0.7288477807852908,0.3645833333333333,1.4556794837761897,0.5307164784600692
partially,75,1.793542672445541e-05,15.766828403747901,0.0002827847955124827,38,2.3370349872775704,88.80732951654768,9,1,partial,RB,ADV,2,NNP|RB,2,ADV|NOUN,0,1.169630480686247,0.19791666666666666,2.337034987277571,0.46253817456535257
participating,97,2.319648523029566e-05,15.395734252056656,0.0003571269221873892,48,2.0,96.0,13,1,particip,VB,VERB,2,NNP|VB,2,NOUN|VERB,0,1.0010448807476526,0.25,2.0,0.5
particularly,178,4.2566746092707505e-05,14.519913663277384,0.000618065478192763,75,1.3561438102252754,101.71078576689565,12,1,particularli,RB,ADV,1,RB,1,ADV,0,0.6791506079154431,0.390625,1.3561438102252754,0.5297436758692482
particulars,119,2.8457543736135915e-05,15.10082933093584,0.0004297325111370307,45,2.0931094043914813,94.18992319761666,11,1,particular,NN,NOUN,2,NN|NNP,1,NOUN,0,1.0477259912380157,0.234375,2.0931094043914813,0.49057251665425344
partly,60,1.4348341379564327e-05,16.088756498635263,0.00023084697061510282,33,2.5405683813627027,83.83875658496919,6,1,partli,RB,ADV,1,RB,1,ADV,0,1.2713827360281453,0.171875,2.5405683813627027,0.4366601905467145
parts,181,4.328416316168572e-05,14.495801207160577,0.0006274386246100992,79,1.2811817525440532,101.21335845098021,5,1,part,NN,NOUN,2,NN|NNP,1,NOUN,0,0.64157518169558,0.4114583333333333,1.2811817525440532,0.5271529085988552
pass,374,8.943799459928431e-05,13.448752634356145,0.0012028294654786555,113,0.7647835383059685,86.42053982857443,4,1,pass,NN,NOUN,2,NN|NNP,1,NOUN,0,0.38342789058926025,0.5885416666666666,0.7647835383059687,0.4501069782738253
passage,118,2.8218404713143176e-05,15.113004044881942,0.0004264648645698485,62,1.630766190334281,101.10750380072542,7,1,passag,NN,NOUN,2,NN|NNP,1,NOUN,0,0.816410354253729,0.3229166666666667,1.630766190334281,0.526601582295445
passes,120,2.8696682759128654e-05,15.088756498635265,0.000432997258471077,53,1.857042046157957,98.42322844637172,6,1,pass,NN,NOUN,2,NN|NNP,1,NOUN,0,0.9297466455804586,0.2760416666666667,1.8570420461579569,0.5126209814915194
passing,223,5.3328002127380745e-05,14.194747194323478,0.0007569775085765143,73,1.395137941841139,101.84506975440314,7,1,pass,VB,VERB,2,NNP|VB,2,NOUN|VERB,0,0.6987156866973816,0.3802083333333333,1.3951379418411392,0.5304430716375165
past,98,2.34356242532884e-05,15.380937250128575,0.00036046186605742024,51,1.9125371587496605,97.53939509623268,4,1,past,NN,NOUN,2,NN|NNP,1,NOUN,0,0.9573178286537352,0.265625,1.9125371587496605,0.5080176827928785
patrimony,182,4.352330218467846e-05,14.487852454045086,0.0006305591803644397,40,2.263034405833794,90.52137623335176,9,1,patrimoni,NN,NOUN,2,NN|NNP,1,NOUN,0,1.1330292398865862,0.20833333333333334,2.263034405833794,0.47146550121537373
payable,364,8.704660436935692e-05,13.487852454045086,0.0011740717563595224,59,1.702319451359315,100.43684763019958,7,1,payabl,NN,NOUN,1,NN,1,NOUN,0,0.8526494831733927,0.3072916666666667,1.7023194513593147,0.5231085814072894
payments,140,3.347946321898343e-05,14.866364077298815,0.0004977178893259423,59,1.702319451359315,100.43684763019958,8,1,payment,NN,NOUN,2,NN|NNP,1,NOUN,0,0.8522129483843894,0.3072916666666667,1.7023194513593147,0.5231085814072894
peacefully,51,1.2196090172629678e-05,16.323221752272286,0.00019907948439854301,46,2.0614005446641435,94.8244250545506,10,1,peacefulli,RB,ADV,1,RB,1,ADV,0,1.031649902642171,0.23958333333333334,2.0614005446641435,0.49387721382578437
penal,270,6.456753620803947e-05,13.918831497192953,0.0008987046566686062,73,1.395137941841139,101.84506975440314,5,1,penal,NN,NOUN,2,NN|NNP,1,NOUN,0,0.6989035023798834,0.3802083333333333,1.3951379418411392,0.5304430716375165
penalties,272,6.504581425402495e-05,13.908184252993443,0.0009046691695309663,108,0.8300749985576875,89.64809984423025,9,1,penalti,NN,NOUN,2,NN|NNP,1,NOUN,0,0.4158637249210872,0.5625,0.8300749985576875,0.46691718668869925
pending,444,0.00010617772620877603,13.201231227893677,0.001401676714934039,106,0.857042046157957,90.84645689274345,7,1,pend,VB,VERB,2,NNP|VB,2,NOUN|VERB,0,0.42946354614569066,0.5520833333333334,0.8570420461579569,0.4731586296497054
pension,405,9.68513043120592e-05,13.333868996471795,0.0012914026038344214,86,1.1586977460190582,99.648006157639,7,1,pension,NN,NOUN,2,NN|NNP,1,NOUN,0,0.5805603910023686,0.4479166666666667,1.1586977460190582,0.5190000320710365
pensions,422,0.00010091666770293577,13.274547905536597,0.0013396231398897388,89,1.1092290697547584,98.7213872081735,8,1,pension,NN,NOUN,2,NN|NNP,1,NOUN,0,0.5558103731351456,0.4635416666666667,1.1092290697547584,0.514173891709237
people's,783,0.00018724585500331446,12.382778596952742,0.0023186239657031586,45,2.0931094043914813,94.18992319761666,8,1,people',NNP,NOUN,2,NN|NNP,1,NOUN,0,1.052564250469847,0.234375,2.0931094043914813,0.49057251665425344
peoples,460,0.00011000395057665984,13.150157043299407,0.0014465692254664233,85,1.1755715645834544,99.92358298959363,7,1,peopl,NN,NOUN,2,NN|NNP,1,NOUN,0,0.5897231064066707,0.4427083333333333,1.1755715645834544,0.5204353280708001
percent,453,0.00010832997741571066,13.172279854197548,0.001426952779118641,59,1.702319451359315,100.43684763019958,7,1,percent,NN,NOUN,1,NN,1,NOUN,0,0.8530723691367125,0.3072916666666667,1.7023194513593147,0.5231085814072894
percentage,114,2.726184862117222e-05,15.162757080079041,0.00041336478819672213,41,2.2274104961030723,91.32383034022597,10,1,percentag,NN,NOUN,1,NN,1,NOUN,0,1.1148604913939937,0.21354166666666666,2.2274104961030727,0.475644949688677
performed,428,0.0001023515018408922,13.254180107842636,0.0013565852397073724,102,0.9125371587496606,93.07879019246538,9,1,perform,VB,VERB,1,VB,1,VERB,0,0.45727078715920694,0.53125,0.9125371587496606,0.4847853655857572
performing,461,0.00011024308959965258,13.147024153814444,0.0014493685617577624,112,0.777607578663552,87.09204881031782,10,1,perform,VB,VERB,2,NNP|VB,2,NOUN|VERB,0,0.3898381598912246,0.5833333333333334,0.777607578663552,0.45360442088707204
performs,62,1.4826619425549805e-05,16.041450783856906,0.00023784048580593393,37,2.3755091350922064,87.89383799841164,8,1,perform,NN,NOUN,2,NN|NNP,1,NOUN,0,1.1890089377252806,0.19270833333333334,2.3755091350922064,0.4577804062417273
periodic,86,2.0565955977375535e-05,15.569382339541685,0.0003201992317899424,42,2.192645077942396,92.09109327358063,8,1,period,NN,NOUN,1,NN,1,NOUN,0,1.097462573540915,0.21875,2.192645077942396,0.4796411107998991
periods,357,8.537263120840775e-05,13.515866830214684,0.0011538851143578692,113,0.7647835383059685,86.42053982857443,7,1,period,NN,NOUN,2,NN|NNP,1,NOUN,0,0.3831872831436161,0.5885416666666666,0.7647835383059687,0.4501069782738253
permanently,163,3.897966074781642e-05,14.646918940012705,0.0005709319312824622,70,1.4556794837761897,101.89756386433328,11,1,perman,RB,ADV,1,RB,1,ADV,0,0.7288624054674586,0.3645833333333333,1.4556794837761897,0.5307164784600692
permission,238,5.691508747227183e-05,14.10082933093584,0.0008025499348017895,88,1.1255308820838588,99.04671762337958,10,1,permiss,NN,NOUN,2,NN|NNP,1,NOUN,0,0.5638732665109191,0.4583333333333333,1.1255308820838592,0.5158683209551022
permit,252,6.0263033794170176e-05,14.018367170743867,0.0008447893345496234,95,1.0151068923902085,96.4351547770698,6,1,permit,NN,NOUN,1,NN,1,NOUN,0,0.508366533336869,0.4947916666666667,1.0151068923902085,0.5022664311305719
permits,74,1.769628770146267e-05,15.786193728614833,0.00027935702593259384,38,2.3370349872775704,88.80732951654768,7,1,permit,NN,NOUN,2,NN|NNP,1,NOUN,0,1.1696142047109992,0.19791666666666666,2.337034987277571,0.46253817456535257
persecuted,52,1.2435229195622417e-05,16.29520737610269,0.00020263463851203395,36,2.415037499278844,86.94134997403839,10,1,persecut,VB,VERB,1,VB,1,VERB,0,1.2086930861476357,0.1875,2.415037499278844,0.45281953111478324
person's,170,4.065363390876559e-05,14.586256158106082,0.0005929843179511223,51,1.9125371587496605,97.53939509623268,8,1,person',NN,NOUN,2,NN|NNP,1,NOUN,0,0.9575027144206406,0.265625,1.9125371587496605,0.5080176827928785
personality,195,4.663210948358406e-05,14.388316780494172,0.0006709575633924939,66,1.5405683813627027,101.67751316993838,11,1,person,NN,NOUN,2,NN|NNP,1,NOUN,0,0.7715112169354952,0.34375,1.5405683813627027,0.529570381093429
personally,106,2.534873643723031e-05,15.267726639680584,0.0003870175785849431,59,1.702319451359315,100.43684763019958,10,1,person,RB,ADV,1,RB,1,ADV,0,0.852123059422241,0.3072916666666667,1.7023194513593147,0.5231085814072894
personnel,451,0.00010785169936972519,13.178663470988402,0.0014213412507678201,87,1.142019004872428,99.35565342390123,9,1,personnel,NN,NOUN,2,NN|NNP,1,NOUN,0,0.572281933822945,0.453125,1.142019004872428,0.5174773615828189
pertaining,363,8.680746534636418e-05,13.491821356248032,0.0011711908148418371,80,1.2630344058337937,101.04275246670349,10,1,pertain,VB,VERB,2,NNP|VB,2,NOUN|VERB,0,0.6329990575619935,0.4166666666666667,1.2630344058337937,0.5262643357640807
pertinent,123,2.941409982810687e-05,15.053132588904543,0.00044277434469576705,31,2.6307661903342807,81.5537519003627,9,1,pertin,NN,NOUN,1,NN,1,NOUN,0,1.3169335416498371,0.16145833333333334,2.6307661903342807,0.42475912448105574
petitions,161,3.850138270183094e-05,14.664730216129165,0.000564612390270293,84,1.1926450779423958,100.18218654716125,9,1,petit,NN,NOUN,2,NN|NNP,1,NOUN,0,0.5972953515391689,0.4375,1.1926450779423958,0.5217822215997981
placed,207,4.950177775949693e-05,14.302160136744456,0.0007079823525698603,100,0.9411063109464314,94.11063109464314,6,1,place,VB,VERB,2,NNP|VB,2,NOUN|VERB,0,0.47135294493799124,0.5208333333333334,0.9411063109464314,0.4901595369512664
places,282,6.743720448395234e-05,13.856095741844989,0.0009344163618920218,111,0.7905466343710503,87.75067641518659,6,1,place,NN,NOUN,2,NN|NNP,1,NOUN,0,0.39600194759890917,0.578125,0.7905466343710503,0.45703477299576345
plan,406,9.709044333505194e-05,13.330311177058606,0.0012942458219748181,89,1.1092290697547584,98.7213872081735,4,1,plan,NN,NOUN,2,NN|NNP,1,NOUN,0,0.5560315034049833,0.4635416666666667,1.1092290697547584,0.514173891709237
planning,450,0.00010761256034673245,13.181865903026745,0.0014185343399720004,92,1.0614005446641432,97.64885010910118,8,1,plan,VB,VERB,2,NNP|VB,2,NOUN|VERB,0,0.5318170503170174,0.4791666666666667,1.0614005446641432,0.508587760984902
plans,323,7.724190442665462e-05,13.660256739549858,0.0010551442455198749,78,1.2995602818589078,101.36570198499481,5,1,plan,NN,NOUN,2,NN|NNP,1,NOUN,0,0.6511112232344388,0.40625,1.2995602818589078,0.5279463645051813
plants,57,1.363092431058611e-05,16.16275708007904,0.00022031331840894716,48,2.0,96.0,6,1,plant,NN,NOUN,1,NN,1,NOUN,0,1.0008950391133842,0.25,2.0,0.5
pledge,70,1.6739731609491715e-05,15.866364077298815,0.0002655986762724628,46,2.0614005446641435,94.8244250545506,6,1,pledg,NN,NOUN,2,NN|NNP,1,NOUN,0,1.0319234748255606,0.23958333333333334,2.0614005446641435,0.49387721382578437
plenary,260,6.217614597811208e-05,13.973279281215328,0.0008688046523817733,52,1.8845227825800641,97.99518469416333,7,1,plenari,NN,NOUN,2,NN|NNP,1,NOUN,0,0.9441459047770787,0.2708333333333333,1.8845227825800641,0.5103915869487673
pluralism,93,2.2239929138324708e-05,15.456488283135752,0.00034375120414428524,46,2.0614005446641435,94.8244250545506,9,1,plural,NN,NOUN,2,NN|NNP,1,NOUN,0,1.0319356144624536,0.23958333333333334,2.0614005446641435,0.49387721382578437
point,227,5.42845582193517e-05,14.169098606952868,0.0007691632582448681,46,2.0614005446641435,94.8244250545506,5,1,point,NN,NOUN,2,NN|NNP,1,NOUN,0,1.032267467430348,0.23958333333333334,2.0614005446641435,0.49387721382578437
points,71,1.6978870632484454e-05,15.845899974739101,0.0002690454857263839,38,2.3370349872775704,88.80732951654768,6,1,point,NN,NOUN,2,NN|NNP,1,NOUN,0,1.1696448701971045,0.19791666666666666,2.337034987277571,0.46253817456535257
policies,629,0.00015041844546243268,12.698730887364494,0.0019101233594231457,98,0.970252656605948,95.0847603473829,8,1,polici,NN,NOUN,2,NN|NNP,1,NOUN,0,0.48675494450426,0.5104166666666666,0.9702526566059481,0.49523312680928594
politics,54,1.2913507241607895e-05,16.240759592080313,0.00020972516660154199,31,2.6307661903342807,81.5537519003627,8,1,polit,NN,NOUN,2,NN|NNP,1,NOUN,0,1.31660987512457,0.16145833333333334,2.6307661903342807,0.42475912448105574
polling,83,1.984853890839732e-05,15.620607662896857,0.0003100462389698176,33,2.5405683813627027,83.83875658496919,7,1,poll,VB,VERB,2,NNP|VB,2,NOUN|VERB,0,1.2714760557279028,0.171875,2.5405683813627027,0.4366601905467145
pollution,43,1.0282977988687768e-05,16.569382339541683,0.00017038259388365895,32,2.584962500721156,82.718800023077,9,1,pollut,NN,NOUN,2,NN|NNP,1,NOUN,0,1.2935999785244303,0.16666666666666666,2.584962500721156,0.430827083453526
popular,382,9.135110678322621e-05,13.418218266208035,0.0012257690896770065,67,1.5188733102633836,101.7645117876467,7,1,popular,NN,NOUN,2,NN|NNP,1,NOUN,0,0.7616675864003776,0.3489583333333333,1.5188733102633838,0.5300234988939933
portion,66,1.578317551752076e-05,15.95125297488533,0.0002517614254269903,34,2.497499659470817,84.91498842200778,7,1,portion,NN,NOUN,1,NN,1,NOUN,0,1.2498822874434155,0.17708333333333334,2.4974996594708165,0.44226556469795714
positions,414,9.900355551899386e-05,13.302160136744456,0.0013169611496207268,89,1.1092290697547584,98.7213872081735,9,1,posit,NN,NOUN,2,NN|NNP,1,NOUN,0,0.5559208160707868,0.4635416666666667,1.1092290697547584,0.514173891709237
possess,284,6.791548252993782e-05,13.845899974739101,0.0009403509778456599,82,1.2274104961030725,100.64766068045195,7,1,possess,NN,NOUN,2,NN|NNP,1,NOUN,0,0.6148951865327775,0.4270833333333333,1.2274104961030727,0.5242065660440206
possesses,89,2.1283373046353752e-05,15.519913663277384,0.0003303161121427352,50,1.9411063109464315,97.05531554732157,9,1,possess,NN,NOUN,2,NN|NNP,1,NOUN,0,0.9715107424609282,0.2604166666666667,1.9411063109464315,0.5054964351422999
possession,379,9.063368971424799e-05,13.42959305607269,0.0012171735700327116,97,0.9850496585340286,95.54981687780078,10,1,possess,NN,NOUN,2,NN|NNP,1,NOUN,0,0.4935458189249072,0.5052083333333334,0.9850496585340284,0.4976552962385456
possibility,75,1.793542672445541e-05,15.766828403747901,0.0002827847955124827,37,2.3755091350922064,87.89383799841164,11,1,possibl,NN,NOUN,1,NN,1,NOUN,0,1.1889457855260253,0.19270833333333334,2.3755091350922064,0.4577804062417273
post,329,7.867673856461106e-05,13.633703320508541,0.0010726553118151202,101,0.9267510179693613,93.6018528149055,4,1,post,NN,NOUN,2,NN|NNP,1,NOUN,0,0.46451003891395565,0.5260416666666666,0.9267510179693615,0.48750965007763286
postal,59,1.4109202356571588e-05,16.11300404488194,0.00022734163464149579,44,2.1255308820838588,93.52335881168979,6,1,postal,NN,NOUN,2,NN|NNP,1,NOUN,0,1.063854329502089,0.22916666666666666,2.125530882083859,0.4871008271442177
postponed,49,1.17178121266442e-05,16.380937250128575,0.0001919487451553543,34,2.497499659470817,84.91498842200778,9,1,postpon,VB,VERB,1,VB,1,VERB,0,1.2499173263423882,0.17708333333333334,2.4974996594708165,0.44226556469795714
posts,280,6.695892643796686e-05,13.866364077298815,0.0009284768522139176,90,1.0931094043914815,98.37984639523334,5,1,post,NN,NOUN,2,NN|NNP,1,NOUN,0,0.5475941262555623,0.46875,1.0931094043914815,0.512395033308507
potential,80,1.91311218394191e-05,15.67371899935642,0.0002998558278535057,37,2.3755091350922064,87.89383799841164,9,1,potenti,NN,NOUN,1,NN,1,NOUN,0,1.1889359777336421,0.19270833333333334,2.3755091350922064,0.4577804062417273
practicable,421,0.00010067752867994303,13.277970671177387,0.0013367932730589038,54,1.8300749985576876,98.82404992211514,11,1,practic,NN,NOUN,1,NN,1,NOUN,0,0.9169832144830252,0.28125,1.8300749985576876,0.5147085933443496
practices,223,5.3328002127380745e-05,14.194747194323478,0.0007569775085765143,76,1.3370349872775706,101.61465903309536,9,1,practic,NN,NOUN,2,NN|NNP,1,NOUN,0,0.669518631791789,0.3958333333333333,1.3370349872775709,0.5292430157973718
practise,179,4.2805885115700244e-05,14.511831316979526,0.0006211917841730466,46,2.0614005446641435,94.8244250545506,8,1,practis,NN,NOUN,1,NN,1,NOUN,0,1.032054875860778,0.23958333333333334,2.0614005446641435,0.49387721382578437
practitioner,205,4.902349971351145e-05,14.316166994738337,0.0007018286085651369,34,2.497499659470817,84.91498842200778,12,1,practition,NN,NOUN,1,NN,1,NOUN,0,1.250315438879502,0.17708333333333334,2.4974996594708165,0.44226556469795714
precedence,120,2.8696682759128654e-05,15.088756498635265,0.000432997258471077,51,1.9125371587496605,97.53939509623268,10,1,preced,NN,NOUN,2,NN|NNP,1,NOUN,0,0.9573802983795386,0.265625,1.9125371587496605,0.5080176827928785
preclude,84,2.0087677931390057e-05,15.603329671465023,0.0003134346610976916,41,2.2274104961030723,91.32383034022597,8,1,preclud,NN,NOUN,2,NN|NNP,1,NOUN,0,1.1148429761980954,0.21354166666666666,2.2274104961030727,0.475644949688677
preference,82,1.960939988540458e-05,15.638095089625699,0.0003066536600584521,38,2.3370349872775704,88.80732951654768,10,1,prefer,NN,NOUN,2,NN|NNP,1,NOUN,0,1.1696845551301627,0.19791666666666666,2.337034987277571,0.46253817456535257
preliminary,124,2.965323885109961e-05,15.041450783856908,0.00044602773276076834,63,1.6076825772212395,101.28400236493809,11,1,preliminari,NN,NOUN,2,NN|NNP,1,NOUN,0,0.8048044325404792,0.328125,1.6076825772212395,0.5275208456507192
premises,206,4.926263873650419e-05,14.309146567060564,0.0007049063179607937,64,1.584962500721156,101.43760004615399,8,1,premis,NN,NOUN,2,NN|NNP,1,NOUN,0,0.7937293180886225,0.3333333333333333,1.584962500721156,0.5283208335737186
preparation,208,4.974091678248967e-05,14.29520737610269,0.0007110567204831564,91,1.07716786052246,98.02227530754385,11,1,prepar,NN,NOUN,2,NN|NNP,1,NOUN,0,0.5393835294254904,0.4739583333333333,1.07716786052246,0.5105326838934575
prepare,246,5.882819965621374e-05,14.053132588904543,0.0008267204897353203,89,1.1092290697547584,98.7213872081735,7,1,prepar,NN,NOUN,2,NN|NNP,1,NOUN,0,0.5556349734138121,0.4635416666666667,1.1092290697547584,0.514173891709237
prepared,172,4.113191195475107e-05,14.569382339541685,0.0005992665516251337,74,1.3755091350922064,101.78767599682327,8,1,prepar,VB,VERB,1,VB,1,VERB,0,0.6886869940358719,0.3854166666666667,1.3755091350922062,0.5301441458167878
preparing,49,1.17178121266442e-05,16.380937250128575,0.0001919487451553543,33,2.5405683813627027,83.83875658496919,9,1,prepar,VB,VERB,2,NNP|VB,2,NOUN|VERB,0,1.2714371340612525,0.171875,2.5405683813627027,0.4366601905467145
prerogative,177,4.2327607069714766e-05,14.528041544160786,0.0006149372339737299,56,1.777607578663552,99.5460244051589,11,1,prerog,NN,NOUN,2,NN|NNP,1,NOUN,0,0.8901100861122108,0.2916666666666667,1.777607578663552,0.5184688771102026
prerogatives,94,2.2479068161317444e-05,15.441058242566145,0.0003471006007175169,40,2.263034405833794,90.52137623335176,12,1,prerog,NN,NOUN,2,NN|NNP,1,NOUN,0,1.1328946390557895,0.20833333333333334,2.263034405833794,0.47146550121537373
prescribe,422,0.00010091666770293577,13.274547905536597,0.0013396231398897388,88,1.1255308820838588,99.04671762337958,9,1,prescrib,NN,NOUN,2,NN|NNP,1,NOUN,0,0.5641486238247752,0.4583333333333333,1.1255308820838592,0.5158683209551022
prescribes,56,1.3391785287593371e-05,16.188292172186177,0.00021679013294274578,34,2.497499659470817,84.91498842200778,10,1,prescrib,NN,NOUN,1,NN,1,NOUN,0,1.2499318735058116,0.17708333333333334,2.4974996594708165,0.44226556469795714
prescribing,86,2.0565955977375535e-05,15.569382339541685,0.0003201992317899424,35,2.4556794837761897,85.94878193216664,11,1,prescrib,VB,VERB,2,NNP|VB,2,NOUN|VERB,0,1.228981511401481,0.18229166666666666,2.4556794837761897,0.44764990589670123
prescription,39,9.326421896716812e-06,16.710244875381534,0.00015584679370525824,31,2.6307661903342807,81.5537519003627,12,1,prescript,NN,NOUN,1,NN,1,NOUN,0,1.316438881837229,0.16145833333333334,2.6307661903342807,0.42475912448105574
presentation,199,4.7588665575555017e-05,14.359022473700133,0.0006833267184927944,84,1.1926450779423958,100.18218654716125,12,1,present,NN,NOUN,2,NN|NNP,1,NOUN,0,0.5972487741075342,0.4375,1.1926450779423958,0.5217822215997981
presents,73,1.7457148678469932e-05,15.805822535363765,0.00027592459398535584,31,2.6307661903342807,81.5537519003627,8,1,present,NN,NOUN,2,NN|NNP,1,NOUN,0,1.3168381678549455,0.16145833333333334,2.6307661903342807,0.42475912448105574
preservation,269,6.432839718504673e-05,13.92418473168716,0.000895720485897935,102,0.9125371587496606,93.07879019246538,12,1,preserv,NN,NOUN,2,NN|NNP,1,NOUN,0,0.45715382996562987,0.53125,0.9125371587496606,0.4847853655857572
preserving,70,1.6739731609491715e-05,15.866364077298815,0.0002655986762724628,41,2.2274104961030723,91.32383034022597,10,1,preserv,VB,VERB,2,NNP|VB,2,NOUN|VERB,0,1.1148624485570344,0.21354166666666666,2.2274104961030727,0.475644949688677
preside,361,8.63291873003787e-05,13.499792067356612,0.0011654260778989956,112,0.777607578663552,87.09204881031782,7,1,presid,NN,NOUN,2,NN|NNP,1,NOUN,0,0.389717200061318,0.5833333333333334,0.777607578663552,0.45360442088707204
presided,176,4.208846804672203e-05,14.536215475606486,0.0006118070405653299,91,1.07716786052246,98.02227530754385,8,1,presid,VB,VERB,2,NNP|VB,2,NOUN|VERB,0,0.5394408788351621,0.4739583333333333,1.07716786052246,0.5105326838934575
presidency,384,9.182938482921169e-05,13.410684593522626,0.0012314949163617695,80,1.2630344058337937,101.04275246670349,10,1,presid,NNP,NOUN,2,NN|NNP,1,NOUN,0,0.6336019202662907,0.4166666666666667,1.2630344058337937,0.5262643357640807
president's,131,3.132721201204878e-05,14.962224092706332,0.0004687247663239955,39,2.299560281858908,89.68285099249741,11,1,president',NNP,NOUN,2,NN|NNP,1,NOUN,0,1.1511877775186241,0.203125,2.299560281858908,0.46709818225259064
presidential,699,0.0001671581770719244,12.546498448868347,0.00209724980934856,107,0.8434955143200092,90.25402003224099,12,1,presidenti,NN,NOUN,2,NN|NNP,1,NOUN,0,0.42351406369636857,0.5572916666666666,0.8434955143200094,0.4700730210012552
presidents,376,8.991627264526978e-05,13.441058242566145,0.001208569857579528,97,0.9850496585340286,95.54981687780078,10,1,presid,NNP,NOUN,2,NN|NNP,1,NOUN,0,0.4938936064530293,0.5052083333333334,0.9850496585340284,0.4976552962385456
presides,104,2.4870458391244834e-05,15.29520737610269,0.00038039881863282304,46,2.0614005446641435,94.8244250545506,8,1,presid,NN,NOUN,1,NN,1,NOUN,0,1.0320763861963125,0.23958333333333334,2.0614005446641435,0.49387721382578437
presiding,508,0.00012148262368031131,13.006962407471617,0.0015801199193708304,87,1.142019004872428,99.35565342390123,9,1,presid,VB,VERB,2,NNP|VB,2,NOUN|VERB,0,0.5725411125267641,0.453125,1.142019004872428,0.5174773615828189
press,363,8.680746534636418e-05,13.491821356248032,0.0011711908148418371,120,0.6780719051126377,81.36862861351652,5,1,press,NN,NOUN,2,NN|NNP,1,NOUN,0,0.33986077678580484,0.625,0.6780719051126377,0.4237949406953986
presumed,147,3.51534363799326e-05,14.795974749407417,0.0005201293570323829,118,0.7023194513593151,82.87369526039917,8,1,presum,VB,VERB,1,VB,1,VERB,0,0.35166255874725527,0.6145833333333334,0.7023194513593148,0.4316338294812456
prevail,144,3.4436019310954386e-05,14.82572209280147,0.0005105388522865545,73,1.395137941841139,101.84506975440314,7,1,prevail,NN,NOUN,1,NN,1,NOUN,0,0.6984806414292816,0.3802083333333333,1.3951379418411392,0.5304430716375165
prevented,141,3.371860224197617e-05,14.856095741844989,0.0005009267831879871,76,1.3370349872775706,101.61465903309536,9,1,prevent,VB,VERB,1,VB,1,VERB,0,0.6694688399142779,0.3958333333333333,1.3370349872775709,0.5292430157973718
preventing,192,4.5914692414605844e-05,14.410684593522626,0.0006616621505954906,69,1.4764380439429872,101.87422503206612,10,1,prevent,VB,VERB,2,NNP|VB,2,NOUN|VERB,0,0.7392245319453612,0.359375,1.4764380439429872,0.530594922042011
prevention,198,4.734952655256228e-05,14.366290474164172,0.0006802370522682589,84,1.1926450779423958,100.18218654716125,10,1,prevent,NN,NOUN,2,NN|NNP,1,NOUN,0,0.5972028640025263,0.4375,1.1926450779423958,0.5217822215997981
preventive,133,3.180549005803426e-05,14.940364658742594,0.00047518561961704396,56,1.777607578663552,99.5460244051589,10,1,prevent,NN,NOUN,2,NN|NNP,1,NOUN,0,0.8898820837330833,0.2916666666666667,1.777607578663552,0.5184688771102026
previously,276,6.60023703459959e-05,13.887122637465614,0.0009165830113582689,102,0.9125371587496606,93.07879019246538,10,1,previous,RB,ADV,1,RB,1,ADV,0,0.4570540608194111,0.53125,0.9125371587496606,0.4847853655857572
price,55,1.3152646264600634e-05,16.214287380719124,0.00021326078635117658,34,2.497499659470817,84.91498842200778,5,1,price,NN,NOUN,2,NN|NNP,1,NOUN,0,1.249810943499406,0.17708333333333334,2.4974996594708165,0.44226556469795714
primary,270,6.456753620803947e-05,13.918831497192953,0.0008987046566686062,99,0.9556058806415466,94.60498218351312,7,1,primari,NN,NOUN,2,NN|NNP,1,NOUN,0,0.4787323468895872,0.515625,0.9556058806415466,0.49273428220579746
principal,369,8.824229948432062e-05,13.468170088183387,0.0011884622984272473,79,1.2811817525440532,101.21335845098021,9,1,princip,NN,NOUN,2,NN|NNP,1,NOUN,0,0.6418842852006664,0.4114583333333333,1.2811817525440532,0.5271529085988552
priority,283,6.767634350694508e-05,13.8509888514119,0.0009373842794190184,94,1.0303736490435187,96.85512301009075,8,1,prioriti,NN,NOUN,2,NN|NNP,1,NOUN,0,0.516196903708949,0.4895833333333333,1.030373649043519,0.5044537656775561
prison,179,4.2805885115700244e-05,14.511831316979526,0.0006211917841730466,74,1.3755091350922064,101.78767599682327,6,1,prison,NN,NOUN,2,NN|NNP,1,NOUN,0,0.6887086039130802,0.3854166666666667,1.3755091350922062,0.5301441458167878
prisoner,40,9.56556091970955e-06,16.67371899935642,0.00015949347484646242,34,2.497499659470817,84.91498842200778,8,1,prison,NN,NOUN,1,NN,1,NOUN,0,1.2497833364865683,0.17708333333333334,2.4974996594708165,0.44226556469795714
prisons,228,5.452369724234444e-05,14.162757080079041,0.0007722058791510998,37,2.3755091350922064,87.89383799841164,7,1,prison,NNP,NOUN,2,NN|NNP,1,NOUN,0,1.1894394655120635,0.19270833333333334,2.3755091350922064,0.4577804062417273
privacy,232,5.5480253334315396e-05,14.13766609911621,0.0007843612967349298,108,0.8300749985576875,89.64809984423025,7,1,privaci,NN,NOUN,2,NN|NNP,1,NOUN,0,0.4158453182145332,0.5625,0.8300749985576875,0.46691718668869925
privilege,155,3.706654856387451e-05,14.719522688969546,0.0005456019025877423,75,1.3561438102252754,101.71078576689565,9,1,privileg,NN,NOUN,2,NN|NNP,1,NOUN,0,0.678991126620724,0.390625,1.3561438102252754,0.5297436758692482
privileges,479,0.00011454759201352188,13.091765248507603,0.0014996301844228527,112,0.777607578663552,87.09204881031782,10,1,privileg,NN,NOUN,2,NN|NNP,1,NOUN,0,0.38978419336502834,0.5833333333333334,0.777607578663552,0.45360442088707204
problems,87,2.0805095000368274e-05,15.552703598395054,0.0003235754758771786,48,2.0,96.0,8,1,problem,NN,NOUN,2,NN|NNP,1,NOUN,0,1.0010552199274037,0.25,2.0,0.5
procedural,83,1.984853890839732e-05,15.620607662896857,0.0003100462389698176,39,2.299560281858908,89.68285099249741,10,1,procedur,NN,NOUN,2,NN|NNP,1,NOUN,0,1.1509265714428285,0.203125,2.299560281858908,0.46709818225259064
proceed,397,9.49381921281173e-05,13.362651897100825,0.0012686260131481092,107,0.8434955143200092,90.25402003224099,7,1,proce,VB,VERB,1,VB,1,VERB,0,0.4227347992320134,0.5572916666666666,0.8434955143200094,0.4700730210012552
proceeding,263,6.28935630470903e-05,13.95672810495148,0.000877788358999863,80,1.2630344058337937,101.04275246670349,10,1,proceed,VB,VERB,2,NNP|VB,2,NOUN|VERB,0,0.6326165991301044,0.4166666666666667,1.2630344058337937,0.5262643357640807
proceeds,192,4.5914692414605844e-05,14.410684593522626,0.0006616621505954906,61,1.6542251631582698,100.90773495265447,8,1,proce,NN,NOUN,2,NN|NNP,1,NOUN,0,0.8282059599066992,0.3177083333333333,1.65422516315827,0.5255611195450753
processes,169,4.0414494885772854e-05,14.594767657961599,0.0005898401628717321,47,2.030373649043519,95.42756150504539,9,1,process,NN,NOUN,2,NN|NNP,1,NOUN,0,1.0163569285949239,0.24479166666666666,2.030373649043519,0.4970185495054447
proclaim,132,3.156635103504152e-05,14.95125297488533,0.0004719564998189391,68,1.4974996594708168,101.82997684401553,8,1,proclaim,NN,NOUN,2,NN|NNP,1,NOUN,0,0.7499705719824842,0.3541666666666667,1.4974996594708165,0.5303644627292475
proclaimed,97,2.319648523029566e-05,15.395734252056656,0.0003571269221873892,58,1.726981505593584,100.16492732442786,10,1,proclaim,VB,VERB,1,VB,1,VERB,0,0.8645784407384162,0.3020833333333333,1.7269815055935842,0.5216923298147286
proclaims,63,1.5065758448542544e-05,16.018367170743865,0.00024132885053449092,31,2.6307661903342807,81.5537519003627,9,1,proclaim,NN,NOUN,2,NN|NNP,1,NOUN,0,1.3167715362314283,0.16145833333333334,2.6307661903342807,0.42475912448105574
proclamation,981,0.00023459538155587675,12.057537768024543,0.0028286426733141125,112,0.777607578663552,87.09204881031782,12,1,proclam,NNP,NOUN,2,NN|NNP,1,NOUN,0,0.39047584518080797,0.5833333333333334,0.777607578663552,0.45360442088707204
produce,129,3.08489339660633e-05,14.984419838820529,0.00046225337812754336,67,1.5188733102633836,101.7645117876467,7,1,produc,NN,NOUN,2,NN|NNP,1,NOUN,0,0.7603308683620099,0.3489583333333333,1.5188733102633838,0.5300234988939933
produced,129,3.08489339660633e-05,14.984419838820529,0.00046225337812754336,54,1.8300749985576876,98.82404992211514,8,1,produc,VB,VERB,1,VB,1,VERB,0,0.9160391023317752,0.28125,1.8300749985576876,0.5147085933443496
production,548,0.00013104818460002085,12.897615011283255,0.001690209032898648,116,0.726981505593584,84.32985464885574,10,1,product,NN,NOUN,2,NN|NNP,1,NOUN,0,0.36455237471281543,0.6041666666666666,0.7269815055935842,0.43921799296279046
productive,158,3.7783965632852725e-05,14.69186634606668,0.000555116973102249,44,2.1255308820838588,93.52335881168979,10,1,product,NN,NOUN,1,NN,1,NOUN,0,1.0640736316633232,0.22916666666666666,2.125530882083859,0.4871008271442177
productivity,48,1.1478673103651461e-05,16.410684593522628,0.0001883728838561756,31,2.6307661903342807,81.5537519003627,12,1,product,NN,NOUN,1,NN,1,NOUN,0,1.3165002002299315,0.16145833333333334,2.6307661903342807,0.42475912448105574
products,140,3.347946321898343e-05,14.866364077298815,0.0004977178893259423,43,2.158697746019058,92.8240030788195,8,1,product,NN,NOUN,2,NN|NNP,1,NOUN,0,1.0805805820834116,0.22395833333333334,2.158697746019058,0.48345834936885157
profess,63,1.5065758448542544e-05,16.018367170743865,0.00024132885053449092,43,2.158697746019058,92.8240030788195,7,1,profess,NN,NOUN,1,NN,1,NOUN,0,1.080410175029316,0.22395833333333334,2.158697746019058,0.48345834936885157
profession,316,7.556793126570545e-05,13.69186634606668,0.0010346660149387924,111,0.7905466343710503,87.75067641518659,10,1,profess,NN,NOUN,2,NN|NNP,1,NOUN,0,0.3960716625143718,0.578125,0.7905466343710503,0.45703477299576345
professions,85,2.0326816954382796e-05,15.586256158106082,0.00031681897592994397,51,1.9125371587496605,97.53939509623268,11,1,profess,NN,NOUN,1,NN,1,NOUN,0,0.9572964218094283,0.265625,1.9125371587496605,0.5080176827928785
profit,136,3.2522907127012474e-05,14.908184252993443,0.0004848574918924956,48,2.0,96.0,6,1,profit,NN,NOUN,2,NN|NNP,1,NOUN,0,1.001163768272333,0.25,2.0,0.5
program,260,6.217614597811208e-05,13.973279281215328,0.0008688046523817733,73,1.395137941841139,101.84506975440314,7,1,program,NN,NOUN,2,NN|NNP,1,NOUN,0,0.6990419242171478,0.3802083333333333,1.3951379418411392,0.5304430716375165
programme,141,3.371860224197617e-05,14.856095741844989,0.0005009267831879871,41,2.2274104961030723,91.32383034022597,9,1,programm,NN,NOUN,2,NN|NNP,1,NOUN,0,1.1150973923584946,0.21354166666666666,2.2274104961030727,0.475644949688677
programmes,198,4.734952655256228e-05,14.366290474164172,0.0006802370522682589,40,2.263034405833794,90.52137623335176,10,1,programm,NN,NOUN,2,NN|NNP,1,NOUN,0,1.1329902868549377,0.20833333333333334,2.263034405833794,0.47146550121537373
programs,318,7.604620931169093e-05,13.682764138959428,0.0010405223456738072,56,1.777607578663552,99.5460244051589,8,1,program,NN,NOUN,2,NN|NNP,1,NOUN,0,0.8905401909632423,0.2916666666666667,1.777607578663552,0.5184688771102026
progress,198,4.734952655256228e-05,14.366290474164172,0.0006802370522682589,94,1.0303736490435187,96.85512301009075,8,1,progress,NN,NOUN,2,NN|NNP,1,NOUN,0,0.5161248706808085,0.4895833333333333,1.030373649043519,0.5044537656775561
progressive,108,2.582701448321579e-05,15.240759592080314,0.00039362331871986827,47,2.030373649043519,95.42756150504539,11,1,progress,NN,NOUN,2,NN|NNP,1,NOUN,0,1.0162852330076444,0.24479166666666666,2.030373649043519,0.4970185495054447
prohibit,74,1.769628770146267e-05,15.786193728614833,0.00027935702593259384,46,2.0614005446641435,94.8244250545506,8,1,prohibit,NN,NOUN,2,NN|NNP,1,NOUN,0,1.0317219631711192,0.23958333333333334,2.0614005446641435,0.49387721382578437
prohibiting,71,1.6978870632484454e-05,15.845899974739101,0.0002690454857263839,36,2.415037499278844,86.94134997403839,11,1,prohibit,VB,VERB,1,VB,1,VERB,0,1.2085817538143024,0.1875,2.415037499278844,0.45281953111478324
prohibition,231,5.524111431132266e-05,14.143898052827724,0.0007813246891439503,83,1.2099230693742313,100.4236147580612,11,1,prohibit,NN,NOUN,2,NN|NNP,1,NOUN,0,0.6059117808383029,0.4322916666666667,1.2099230693742313,0.5230396601982354
projects,179,4.2805885115700244e-05,14.511831316979526,0.0006211917841730466,59,1.702319451359315,100.43684763019958,8,1,project,NN,NOUN,2,NN|NNP,1,NOUN,0,0.8523735878291495,0.3072916666666667,1.7023194513593147,0.5231085814072894
promoted,97,2.319648523029566e-05,15.395734252056656,0.0003571269221873892,47,2.030373649043519,95.42756150504539,8,1,promot,VB,VERB,1,VB,1,VERB,0,1.0162063434640887,0.24479166666666666,2.030373649043519,0.4970185495054447
promotes,115,2.750098764416496e-05,15.150157043299407,0.00041664428165493573,47,2.030373649043519,95.42756150504539,8,1,promot,NN,NOUN,1,NN,1,NOUN,0,1.016606426465606,0.24479166666666666,2.030373649043519,0.4970185495054447
promoting,218,5.213230701241706e-05,14.227462769466856,0.0007417104571055795,84,1.1926450779423958,100.18218654716125,9,1,promot,VB,VERB,2,NNP|VB,2,NOUN|VERB,0,0.5973486040196523,0.4375,1.1926450779423958,0.5217822215997981
promotions,60,1.4348341379564327e-05,16.088756498635263,0.00023084697061510282,36,2.415037499278844,86.94134997403839,10,1,promot,NN,NOUN,2,NN|NNP,1,NOUN,0,1.2085817121727898,0.1875,2.415037499278844,0.45281953111478324
prompt,84,2.0087677931390057e-05,15.603329671465023,0.0003134346610976916,47,2.030373649043519,95.42756150504539,6,1,prompt,NN,NOUN,2,NN|NNP,1,NOUN,0,1.016186793462125,0.24479166666666666,2.030373649043519,0.4970185495054447
promptly,124,2.965323885109961e-05,15.041450783856908,0.00044602773276076834,52,1.8845227825800641,97.99518469416333,8,1,promptli,RB,ADV,1,RB,1,ADV,0,0.9434247333875607,0.2708333333333333,1.8845227825800641,0.5103915869487673
promulgate,223,5.3328002127380745e-05,14.194747194323478,0.0007569775085765143,79,1.2811817525440532,101.21335845098021,10,1,promulg,NN,NOUN,2,NN|NNP,1,NOUN,0,0.641813859289271,0.4114583333333333,1.2811817525440532,0.5271529085988552
promulgated,392,9.37424970131536e-05,13.380937250128575,0.0012543624702033736,107,0.8434955143200092,90.25402003224099,11,1,promulg,VB,VERB,2,NNP|VB,2,NOUN|VERB,0,0.4229316000728303,0.5572916666666666,0.8434955143200094,0.4700730210012552
promulgates,50,1.1956951149636939e-05,16.35179090446906,0.00019551756505381416,34,2.497499659470817,84.91498842200778,11,1,promulg,NN,NOUN,1,NN,1,NOUN,0,1.2500150451896948,0.17708333333333334,2.4974996594708165,0.44226556469795714
promulgation,544,0.0001300916285080499,12.908184252993443,0.0016792467105538826,105,0.8707169830550335,91.42528322077852,12,1,promulg,NN,NOUN,2,NN|NNP,1,NOUN,0,0.4368592016707149,0.546875,0.8707169830550335,0.4761733501082215
pronounce,83,1.984853890839732e-05,15.620607662896857,0.0003100462389698176,41,2.2274104961030723,91.32383034022597,9,1,pronounc,NN,NOUN,1,NN,1,NOUN,0,1.1148820637749368,0.21354166666666666,2.2274104961030727,0.475644949688677
pronounced,114,2.726184862117222e-05,15.162757080079041,0.00041336478819672213,61,1.6542251631582698,100.90773495265447,10,1,pronounc,VB,VERB,1,VB,1,VERB,0,0.8281090918257156,0.3177083333333333,1.65422516315827,0.5255611195450753
proof,67,1.6022314540513498e-05,15.92955790378601,0.00025522838722578234,37,2.3755091350922064,87.89383799841164,5,1,proof,NN,NOUN,2,NN|NNP,1,NOUN,0,1.1888448491516894,0.19270833333333334,2.3755091350922064,0.4577804062417273
propaganda,53,1.2674368218615156e-05,16.267726639680582,0.0002061831575110867,37,2.3755091350922064,87.89383799841164,10,1,propaganda,NN,NOUN,2,NN|NNP,1,NOUN,0,1.1888548902548732,0.19270833333333334,2.3755091350922064,0.4577804062417273
propagate,34,8.130726781753119e-06,16.908184252993443,0.00013747582653663015,33,2.5405683813627027,83.83875658496919,9,1,propag,NN,NOUN,1,NN,1,NOUN,0,1.271299080124335,0.171875,2.5405683813627027,0.4366601905467145
proper,367,8.776402143833514e-05,13.47601084140057,0.0011827089043879163,113,0.7647835383059685,86.42053982857443,6,1,proper,NN,NOUN,2,NN|NNP,1,NOUN,0,0.3832917616634364,0.5885416666666666,0.7647835383059687,0.4501069782738253
properly,64,1.530489747153528e-05,15.995647094243783,0.00024481173876826233,41,2.2274104961030723,91.32383034022597,8,1,properli,RB,ADV,1,RB,1,ADV,0,1.114772534369824,0.21354166666666666,2.2274104961030727,0.475644949688677
properties,111,2.6544431552194007e-05,15.201231227893677,0.00040350804183789774,50,1.9411063109464315,97.05531554732157,10,1,properti,NN,NOUN,2,NN|NNP,1,NOUN,0,0.9718063535349972,0.2604166666666667,1.9411063109464315,0.5054964351422999
proportion,187,4.4718997299642156e-05,14.448752634356145,0.0006461337300389699,69,1.4764380439429872,101.87422503206612,10,1,proport,NN,NOUN,2,NN|NNP,1,NOUN,0,0.7392512154376608,0.359375,1.4764380439429872,0.530594922042011
proportional,223,5.3328002127380745e-05,14.194747194323478,0.0007569775085765143,78,1.2995602818589078,101.36570198499481,12,1,proport,NN,NOUN,2,NN|NNP,1,NOUN,0,0.6508498049695448,0.40625,1.2995602818589078,0.5279463645051813
proposals,442,0.00010569944816279055,13.20774453485235,0.0013960513088090063,119,0.6901447374132127,82.12722375217231,9,1,propos,NN,NOUN,2,NN|NNP,1,NOUN,0,0.34613883084576713,0.6197916666666666,0.6901447374132127,0.4277459570425641
propose,324,7.748104344964736e-05,13.655797091359158,0.0010580654077751671,117,0.7145977811377516,83.60794039311693,7,1,propos,NN,NOUN,2,NN|NNP,1,NOUN,0,0.3582286983049761,0.609375,0.7145977811377516,0.4354580228808174
proposes,70,1.6739731609491715e-05,15.866364077298815,0.0002655986762724628,41,2.2274104961030723,91.32383034022597,8,1,propos,NN,NOUN,2,NN|NNP,1,NOUN,0,1.1148593278160968,0.21354166666666666,2.2274104961030727,0.475644949688677
proposing,80,1.91311218394191e-05,15.67371899935642,0.0002998558278535057,50,1.9411063109464315,97.05531554732157,9,1,propos,VB,VERB,2,NNP|VB,2,NOUN|VERB,0,0.9716732209262992,0.2604166666666667,1.9411063109464315,0.5054964351422999
prorogation,96,2.2957346207302922e-05,15.410684593522626,0.0003537884215050482,38,2.3370349872775704,88.80732951654768,11,1,prorog,NN,NOUN,2,NN|NNP,1,NOUN,0,1.1697264587403648,0.19791666666666666,2.337034987277571,0.46253817456535257
prorogue,53,1.2674368218615156e-05,16.267726639680582,0.0002061831575110867,40,2.263034405833794,90.52137623335176,8,1,prorogu,NN,NOUN,1,NN,1,NOUN,0,1.132503766179876,0.20833333333333334,2.263034405833794,0.47146550121537373
prorogued,98,2.34356242532884e-05,15.380937250128575,0.00036046186605742024,32,2.584962500721156,82.718800023077,9,1,prorogu,VB,VERB,1,VB,1,VERB,0,1.2938360860484936,0.16666666666666666,2.584962500721156,0.430827083453526
prosecute,43,1.0282977988687768e-05,16.569382339541683,0.00017038259388365895,32,2.584962500721156,82.718800023077,9,1,prosecut,NN,NOUN,1,NN,1,NOUN,0,1.293578619405999,0.16666666666666666,2.584962500721156,0.430827083453526
prosecuted,228,5.452369724234444e-05,14.162757080079041,0.0007722058791510998,92,1.0614005446641432,97.64885010910118,10,1,prosecut,VB,VERB,1,VB,1,VERB,0,0.531836521023235,0.4791666666666667,1.0614005446641432,0.508587760984902
prosecutions,584,0.00013965718942775946,12.805822535363765,0.0017884251835995682,50,1.9411063109464315,97.05531554732157,12,1,prosecut,NNP,NOUN,2,NN|NNP,1,NOUN,0,0.9731370664859177,0.2604166666666667,1.9411063109464315,0.5054964351422999
prosecutor,540,0.00012913507241607894,12.918831497192953,0.0016682742409211335,63,1.6076825772212395,101.28400236493809,10,1,prosecutor,NNP,NOUN,2,NN|NNP,1,NOUN,0,0.8067289847029704,0.328125,1.6076825772212395,0.5275208456507192
prosecutors,302,7.221998494380712e-05,13.757242354918704,0.0009935478357405343,52,1.8845227825800641,97.99518469416333,11,1,prosecutor,NN,NOUN,2,NN|NNP,1,NOUN,0,0.9444145686652189,0.2708333333333333,1.8845227825800641,0.5103915869487673
prosperity,99,2.367476327628114e-05,15.366290474164172,0.0003637932894104106,58,1.726981505593584,100.16492732442786,10,1,prosper,NN,NOUN,2,NN|NNP,1,NOUN,0,0.8646215879303649,0.3020833333333333,1.7269815055935842,0.5216923298147286
protecting,270,6.456753620803947e-05,13.918831497192953,0.0008987046566686062,100,0.9411063109464314,94.11063109464314,10,1,protect,VB,VERB,2,NNP|VB,2,NOUN|VERB,0,0.47145218259054333,0.5208333333333334,0.9411063109464314,0.4901595369512664
protective,37,8.848143850731336e-06,16.786193728614833,0.00014852665681702824,33,2.5405683813627027,83.83875658496919,10,1,protect,NN,NOUN,2,NN|NNP,1,NOUN,0,1.2713083618010186,0.171875,2.5405683813627027,0.4366601905467145
protects,124,2.965323885109961e-05,15.041450783856908,0.00044602773276076834,58,1.726981505593584,100.16492732442786,8,1,protect,NN,NOUN,1,NN,1,NOUN,0,0.8647517460031979,0.3020833333333333,1.7269815055935842,0.5216923298147286
prove,40,9.56556091970955e-06,16.67371899935642,0.00015949347484646242,31,2.6307661903342807,81.5537519003627,5,1,prove,NN,NOUN,2,NN|NNP,1,NOUN,0,1.316487722747684,0.16145833333333334,2.6307661903342807,0.42475912448105574
proved,127,3.0370655920077827e-05,15.006962407471617,0.00045577129168286324,68,1.4974996594708168,101.82997684401553,6,1,prove,VB,VERB,1,VB,1,VERB,0,0.7496601271601566,0.3541666666666667,1.4974996594708165,0.5303644627292475
proven,127,3.0370655920077827e-05,15.006962407471617,0.00045577129168286324,64,1.584962500721156,101.43760004615399,6,1,proven,NN,NOUN,1,NN,1,NOUN,0,0.7934970322366001,0.3333333333333333,1.584962500721156,0.5283208335737186
provides,484,0.00011574328712848557,13.076783856969188,0.0015135499486743297,114,0.7520724865564145,85.73626346743124,8,1,provid,NN,NOUN,2,NN|NNP,1,NOUN,0,0.3770482927041301,0.59375,0.7520724865564145,0.44654303889287106
province,1067,0.0002551613375332523,11.936302633419357,0.0030456829451449645,48,2.0,96.0,8,1,provinc,NNP,NOUN,2,NN|NNP,1,NOUN,0,1.004951333731187,0.25,2.0,0.5
provinces,638,0.00015257069666936733,12.678234480478913,0.0019343270672242622,51,1.9125371587496605,97.53939509623268,9,1,provinc,NNP,NOUN,2,NN|NNP,1,NOUN,0,0.9598925587341868,0.265625,1.9125371587496605,0.5080176827928785
provincial,1462,0.0003496212516153841,11.481919498291346,0.0040143230659397035,42,2.192645077942396,92.09109327358063,10,1,provinci,NNP,NOUN,2,NN|NNP,1,NOUN,0,1.10239768389581,0.21875,2.192645077942396,0.4796411107998991
proving,39,9.326421896716812e-06,16.710244875381534,0.00015584679370525824,35,2.4556794837761897,85.94878193216664,7,1,prove,VB,VERB,1,VB,1,VERB,0,1.22883703778751,0.18229166666666666,2.4556794837761897,0.44764990589670123
provisional,314,7.508965321971997e-05,13.701026345352156,0.0010288053170267406,67,1.5188733102633836,101.7645117876467,11,1,provision,NN,NOUN,2,NN|NNP,1,NOUN,0,0.7610469311567526,0.3489583333333333,1.5188733102633838,0.5300234988939933
proviso,100,2.3913902299273878e-05,15.351790904469057,0.0003671212278083544,34,2.497499659470817,84.91498842200778,7,1,proviso,NN,NOUN,2,NN|NNP,1,NOUN,0,1.2499887104303424,0.17708333333333334,2.4974996594708165,0.44226556469795714
publications,50,1.1956951149636939e-05,16.35179090446906,0.00019551756505381416,31,2.6307661903342807,81.5537519003627,12,1,public,NN,NOUN,2,NN|NNP,1,NOUN,0,1.3165435742009761,0.16145833333333334,2.6307661903342807,0.42475912448105574
publicity,91,2.176165109233923e-05,15.487852454045086,0.0003370412412745591,67,1.5188733102633836,101.7645117876467,9,1,public,NN,NOUN,2,NN|NNP,1,NOUN,0,0.7602234384326031,0.3489583333333333,1.5188733102633838,0.5300234988939933
publicly,116,2.7740126667157698e-05,15.13766609911621,0.00041992077503462264,61,1.6542251631582698,100.90773495265447,8,1,publicli,RB,ADV,2,NNP|RB,2,ADV|NOUN,0,0.8282512483503099,0.3177083333333333,1.65422516315827,0.5255611195450753
publish,154,3.682740954088177e-05,14.72886055354888,0.0005424257796760832,73,1.395137941841139,101.84506975440314,7,1,publish,NN,NOUN,2,NN|NNP,1,NOUN,0,0.6985298361167697,0.3802083333333333,1.3951379418411392,0.5304430716375165
punish,54,1.2913507241607895e-05,16.240759592080313,0.00020972516660154199,31,2.6307661903342807,81.5537519003627,6,1,punish,NN,NOUN,1,NN,1,NOUN,0,1.3166004301121592,0.16145833333333334,2.6307661903342807,0.42475912448105574
punishable,241,5.763250454125005e-05,14.082757758013821,0.0008116246004420559,83,1.2099230693742313,100.4236147580612,10,1,punish,NN,NOUN,1,NN,1,NOUN,0,0.6060386320025549,0.4322916666666667,1.2099230693742313,0.5230396601982354
punished,207,4.950177775949693e-05,14.302160136744456,0.0007079823525698603,116,0.726981505593584,84.32985464885574,8,1,punish,VB,VERB,1,VB,1,VERB,0,0.3641569468751562,0.6041666666666666,0.7269815055935842,0.43921799296279046
punishments,52,1.2435229195622417e-05,16.29520737610269,0.00020263463851203395,39,2.299560281858908,89.68285099249741,11,1,punish,NN,NOUN,2,NN|NNP,1,NOUN,0,1.150897516898036,0.203125,2.299560281858908,0.46709818225259064
purchase,74,1.769628770146267e-05,15.786193728614833,0.00027935702593259384,40,2.263034405833794,90.52137623335176,8,1,purchas,NN,NOUN,2,NN|NNP,1,NOUN,0,1.1326094823596484,0.20833333333333334,2.263034405833794,0.47146550121537373
pursuance,491,0.00011741726028943474,13.05606787992909,0.0015330077206141624,58,1.726981505593584,100.16492732442786,9,1,pursuanc,NN,NOUN,2,NN|NNP,1,NOUN,0,0.8655864104667664,0.3020833333333333,1.7269815055935842,0.5216923298147286
pursuant,1044,0.0002496611400044193,11.967741097673898,0.0029878798857230055,95,1.0151068923902085,96.4351547770698,8,1,pursuant,NN,NOUN,2,NN|NNP,1,NOUN,0,0.5104664966640262,0.4947916666666667,1.0151068923902085,0.5022664311305719
pursue,153,3.658827051788904e-05,14.738259251551131,0.0005392474164585336,72,1.4150374992788437,101.88269994807675,6,1,pursu,NN,NOUN,1,NN,1,NOUN,0,0.7085003695846228,0.375,1.4150374992788437,0.5306390622295664
pursued,49,1.17178121266442e-05,16.380937250128575,0.0001919487451553543,34,2.497499659470817,84.91498842200778,7,1,pursu,VB,VERB,1,VB,1,VERB,0,1.2498858389489302,0.17708333333333334,2.4974996594708165,0.44226556469795714
pursuit,57,1.363092431058611e-05,16.16275708007904,0.00022031331840894716,44,2.1255308820838588,93.52335881168979,7,1,pursuit,NN,NOUN,1,NN,1,NOUN,0,1.0637783967188847,0.22916666666666666,2.125530882083859,0.4871008271442177
q,56,1.3391785287593371e-05,16.188292172186177,0.00021679013294274578,33,2.5405683813627027,83.83875658496919,1,1,q,NN,NOUN,2,NN|NNP,1,NOUN,0,1.2714377478858554,0.171875,2.5405683813627027,0.4366601905467145
qualification,207,4.950177775949693e-05,14.302160136744456,0.0007079823525698603,67,1.5188733102633836,101.7645117876467,13,1,qualif,NN,NOUN,2,NN|NNP,1,NOUN,0,0.7606383274471799,0.3489583333333333,1.5188733102633838,0.5300234988939933
qualifications,786,0.00018796327207229268,12.377261591985176,0.0023264705881242483,106,0.857042046157957,90.84645689274345,14,1,qualif,NN,NOUN,2,NN|NNP,1,NOUN,0,0.43009842911327273,0.5520833333333334,0.8570420461579569,0.4731586296497054
qualify,62,1.4826619425549805e-05,16.041450783856906,0.00023784048580593393,32,2.584962500721156,82.718800023077,7,1,qualifi,NN,NOUN,1,NN,1,NOUN,0,1.2936390253823042,0.16666666666666666,2.584962500721156,0.430827083453526
quality,281,6.71980654609596e-05,13.861220774022856,0.0009314472209416009,87,1.142019004872428,99.35565342390123,7,1,qualiti,NN,NOUN,2,NN|NNP,1,NOUN,0,0.5719933691860869,0.453125,1.142019004872428,0.5174773615828189
quarter,62,1.4826619425549805e-05,16.041450783856906,0.00023784048580593393,38,2.3370349872775704,88.80732951654768,7,1,quarter,NN,NOUN,1,NN,1,NOUN,0,1.1697474667493877,0.19791666666666666,2.337034987277571,0.46253817456535257
questioned,80,1.91311218394191e-05,15.67371899935642,0.0002998558278535057,47,2.030373649043519,95.42756150504539,10,1,question,VB,VERB,1,VB,1,VERB,0,1.0161930432446262,0.24479166666666666,2.030373649043519,0.4970185495054447
quorum,371,8.87205775303061e-05,13.46037171762298,0.001194211952560109,103,0.8984619735379379,92.5415832744076,6,1,quorum,NN,NOUN,2,NN|NNP,1,NOUN,0,0.45033103728466456,0.5364583333333334,0.8984619735379377,0.4819874128875395
r,97,2.319648523029566e-05,15.395734252056656,0.0003571269221873892,48,2.0,96.0,1,1,r,NN,NOUN,2,NN|NNP,1,NOUN,0,1.001117581787904,0.25,2.0,0.5
racial,88,2.1044234023361013e-05,15.536215475606486,0.0003269477543060259,56,1.777607578663552,99.5460244051589,6,1,racial,NN,NOUN,2,NN|NNP,1,NOUN,0,0.889839016583935,0.2916666666666667,1.777607578663552,0.5184688771102026
radio,227,5.42845582193517e-05,14.169098606952868,0.0007691632582448681,54,1.8300749985576876,98.82404992211514,5,1,radio,NN,NOUN,2,NN|NNP,1,NOUN,0,0.9163690461046786,0.28125,1.8300749985576876,0.5147085933443496
raise,149,3.563171442591808e-05,14.77647857378162,0.0005265112647616839,88,1.1255308820838588,99.04671762337958,5,1,rais,NN,NOUN,1,NN,1,NOUN,0,0.5636228625273535,0.4583333333333333,1.1255308820838592,0.5158683209551022
raised,250,5.97847557481847e-05,14.029862809581696,0.000838771921251382,108,0.8300749985576875,89.64809984423025,6,1,rais,VB,VERB,1,VB,1,VERB,0,0.4157643905232207,0.5625,0.8300749985576875,0.46691718668869925
raising,170,4.065363390876559e-05,14.586256158106082,0.0005929843179511223,77,1.3181759600262548,101.49954892202162,7,1,rais,VB,VERB,2,NNP|VB,2,NOUN|VERB,0,0.659973868054213,0.4010416666666667,1.3181759600262548,0.5286434839688626
rank,278,6.648064839198138e-05,13.876706021520276,0.0009225324138555803,75,1.3561438102252754,101.71078576689565,4,1,rank,NN,NOUN,2,NN|NNP,1,NOUN,0,0.6793396974417588,0.390625,1.3561438102252754,0.5297436758692482
ranks,155,3.706654856387451e-05,14.719522688969546,0.0005456019025877423,74,1.3755091350922064,101.78767599682327,5,1,rank,NN,NOUN,2,NN|NNP,1,NOUN,0,0.6887918369908167,0.3854166666666667,1.3755091350922062,0.5301441458167878
rate,194,4.639297046059132e-05,14.395734252056656,0.0006678608739141872,79,1.2811817525440532,101.21335845098021,4,1,rate,NN,NOUN,2,NN|NNP,1,NOUN,0,0.6414622607800219,0.4114583333333333,1.2811817525440532,0.5271529085988552
rates,144,3.4436019310954386e-05,14.82572209280147,0.0005105388522865545,55,1.8036027871964966,99.19815329580732,5,1,rate,NN,NOUN,2,NN|NNP,1,NOUN,0,0.9028628970222226,0.2864583333333333,1.8036027871964966,0.5166570484156631
ratified,346,8.274210195548762e-05,13.561018866607057,0.0011220672056810922,107,0.8434955143200092,90.25402003224099,8,1,ratifi,VB,VERB,2,NNP|VB,2,NOUN|VERB,0,0.42289692703797926,0.5572916666666666,0.8434955143200094,0.4700730210012552
ratifies,39,9.326421896716812e-06,16.710244875381534,0.00015584679370525824,35,2.4556794837761897,85.94878193216664,8,1,ratifi,NN,NOUN,2,NN|NNP,1,NOUN,0,1.2289673094262523,0.18229166666666666,2.4556794837761897,0.44764990589670123
ratify,147,3.51534363799326e-05,14.795974749407417,0.0005201293570323829,78,1.2995602818589078,101.36570198499481,6,1,ratifi,NN,NOUN,2,NN|NNP,1,NOUN,0,0.6508364915643483,0.40625,1.2995602818589078,0.5279463645051813
rational,61,1.4587480402557066e-05,16.064909756680898,0.0002343465562444304,42,2.192645077942396,92.09109327358063,8,1,ration,NN,NOUN,1,NN,1,NOUN,0,1.097405949690292,0.21875,2.192645077942396,0.4796411107998991
re-elected,70,1.6739731609491715e-05,15.866364077298815,0.0002655986762724628,44,2.1255308820838588,93.52335881168979,10,1,re-elect,VB,VERB,1,VB,1,VERB,0,1.0638675717662365,0.22916666666666666,2.125530882083859,0.4871008271442177
re-election,52,1.2435229195622417e-05,16.29520737610269,0.00020263463851203395,36,2.415037499278844,86.94134997403839,11,1,re-elect,NN,NOUN,2,NN|NNP,1,NOUN,0,1.2086247511956711,0.1875,2.415037499278844,0.45281953111478324
reach,84,2.0087677931390057e-05,15.603329671465023,0.0003134346610976916,46,2.0614005446641435,94.8244250545506,5,1,reach,NN,NOUN,1,NN,1,NOUN,0,1.031867964282831,0.23958333333333334,2.0614005446641435,0.49387721382578437
reached,168,4.0175355862780115e-05,14.603329671465023,0.0005866939663326031,79,1.2811817525440532,101.21335845098021,7,1,reach,VB,VERB,2,NNP|VB,2,NOUN|VERB,0,0.6416009028185343,0.4114583333333333,1.2811817525440532,0.5271529085988552
reaching,49,1.17178121266442e-05,16.380937250128575,0.0001919487451553543,36,2.415037499278844,86.94134997403839,8,1,reach,VB,VERB,2,NNP|VB,2,NOUN|VERB,0,1.2086082756385255,0.1875,2.415037499278844,0.45281953111478324
read,202,4.8306082644533234e-05,14.337435611491987,0.0006925853495594058,71,1.435215381216474,101.90029206636966,4,1,read,NN,NOUN,2,NN|NNP,1,NOUN,0,0.7187372891051321,0.3697916666666667,1.435215381216474,0.5307306878456753
reading,220,5.2610585058402535e-05,14.214287380719123,0.0007478219752879012,71,1.435215381216474,101.90029206636966,7,1,read,VB,VERB,2,NNP|VB,2,NOUN|VERB,0,0.718931844494017,0.3697916666666667,1.435215381216474,0.5307306878456753
real,213,5.093661189745336e-05,14.260937474017945,0.000726403837407901,75,1.3561438102252754,101.71078576689565,4,1,real,NN,NOUN,2,NN|NNP,1,NOUN,0,0.679226949975588,0.390625,1.3561438102252754,0.5297436758692482
realization,83,1.984853890839732e-05,15.620607662896857,0.0003100462389698176,47,2.030373649043519,95.42756150504539,11,1,realiz,NN,NOUN,2,NN|NNP,1,NOUN,0,1.016289801777748,0.24479166666666666,2.030373649043519,0.4970185495054447
realize,41,9.80469994270229e-06,16.6380950896257,0.00016313152997192836,32,2.584962500721156,82.718800023077,7,1,realiz,NN,NOUN,2,NN|NNP,1,NOUN,0,1.293712761660403,0.16666666666666666,2.584962500721156,0.430827083453526
reasonable,895,0.0002140294255785012,12.189903222092164,0.002608997984481907,106,0.857042046157957,90.84645689274345,10,1,reason,NN,NOUN,1,NN,1,NOUN,0,0.4301941156880857,0.5520833333333334,0.8570420461579569,0.4731586296497054
reasonably,759,0.00018150651845148872,12.427691018828316,0.0022557069292183625,62,1.630766190334281,101.10750380072542,10,1,reason,RB,ADV,2,NNP|RB,2,ADV|NOUN,0,0.8181200547169066,0.3229166666666667,1.630766190334281,0.526601582295445
recall,188,4.495813632263489e-05,14.441058242566145,0.000649243065112399,66,1.5405683813627027,101.67751316993838,6,1,recal,NN,NOUN,2,NN|NNP,1,NOUN,0,0.7716649754789913,0.34375,1.5405683813627027,0.529570381093429
recalled,63,1.5065758448542544e-05,16.018367170743865,0.00024132885053449092,33,2.5405683813627027,83.83875658496919,8,1,recal,VB,VERB,1,VB,1,VERB,0,1.2714825292939385,0.171875,2.5405683813627027,0.4366601905467145
receipt,333,7.963329465658201e-05,13.616268727172521,0.0010843083396741323,102,0.9125371587496606,93.07879019246538,7,1,receipt,NN,NOUN,2,NN|NNP,1,NOUN,0,0.4571952192567941,0.53125,0.9125371587496606,0.4847853655857572
receipts,123,2.941409982810687e-05,15.053132588904543,0.00044277434469576705,45,2.0931094043914813,94.18992319761666,8,1,receipt,NN,NOUN,2,NN|NNP,1,NOUN,0,1.0477746756258781,0.234375,2.0931094043914813,0.49057251665425344
receives,248,5.930647770219922e-05,14.041450783856908,0.0008327489878193374,100,0.9411063109464314,94.11063109464314,8,1,receiv,NN,NOUN,1,NN,1,NOUN,0,0.47141184903967454,0.5208333333333334,0.9411063109464314,0.4901595369512664
receiving,224,5.3567141150373484e-05,14.188292172186179,0.0007600262494702363,96,1.0,96.0,9,1,receiv,VB,VERB,2,NNP|VB,2,NOUN|VERB,0,0.5008252858219595,0.5,1.0,0.5
recess,147,3.51534363799326e-05,14.795974749407417,0.0005201293570323829,48,2.0,96.0,6,1,recess,NN,NOUN,2,NN|NNP,1,NOUN,0,1.0015102270530554,0.25,2.0,0.5
reciprocal,41,9.80469994270229e-06,16.6380950896257,0.00016313152997192836,33,2.5405683813627027,83.83875658496919,10,1,reciproc,NN,NOUN,2,NN|NNP,1,NOUN,0,1.2713705185039224,0.171875,2.5405683813627027,0.4366601905467145
reciprocity,61,1.4587480402557066e-05,16.064909756680898,0.0002343465562444304,36,2.415037499278844,86.94134997403839,11,1,reciproc,NN,NOUN,1,NN,1,NOUN,0,1.2086719263561332,0.1875,2.415037499278844,0.45281953111478324
recognised,191,4.5675553391613105e-05,14.418218266208035,0.0006585600982301164,51,1.9125371587496605,97.53939509623268,10,1,recognis,VB,VERB,1,VB,1,VERB,0,0.9576612238798954,0.265625,1.9125371587496605,0.5080176827928785
recognition,189,4.519727534562763e-05,14.43340467002271,0.0006523505650458841,80,1.2630344058337937,101.04275246670349,11,1,recognit,NN,NOUN,2,NN|NNP,1,NOUN,0,0.6324243669329966,0.4166666666666667,1.2630344058337937,0.5262643357640807
recognize,118,2.8218404713143176e-05,15.113004044881942,0.0004264648645698485,58,1.726981505593584,100.16492732442786,9,1,recogn,NN,NOUN,1,NN,1,NOUN,0,0.864598505179949,0.3020833333333333,1.7269815055935842,0.5216923298147286
recognized,641,0.00015328811373834555,12.671466547625041,0.001942385205383988,109,0.8167781759442299,89.02882117792106,10,1,recogn,VB,VERB,2,NNP|VB,2,NOUN|VERB,0,0.410057344477795,0.5677083333333334,0.8167781759442297,0.4636917769683388
recognizes,157,3.7544826609859986e-05,14.701026345352156,0.0005519474851232303,48,2.0,96.0,10,1,recogn,NN,NOUN,2,NN|NNP,1,NOUN,0,1.0014098040574568,0.25,2.0,0.5
recommend,177,4.2327607069714766e-05,14.528041544160786,0.0006149372339737299,62,1.630766190334281,101.10750380072542,9,1,recommend,NN,NOUN,2,NN|NNP,1,NOUN,0,0.8164477883724809,0.3229166666666667,1.630766190334281,0.526601582295445
recommendation,786,0.00018796327207229268,12.377261591985176,0.0023264705881242483,97,0.9850496585340286,95.54981687780078,14,1,recommend,NN,NOUN,2,NN|NNP,1,NOUN,0,0.49441495634694493,0.5052083333333334,0.9850496585340284,0.4976552962385456
recommendations,460,0.00011000395057665984,13.150157043299407,0.0014465692254664233,100,0.9411063109464314,94.11063109464314,15,1,recommend,NN,NOUN,2,NN|NNP,1,NOUN,0,0.4716620460524273,0.5208333333333334,0.9411063109464314,0.4901595369512664
recommended,112,2.6783570575186742e-05,15.188292172186179,0.00040679669531030484,42,2.192645077942396,92.09109327358063,11,1,recommend,VB,VERB,1,VB,1,VERB,0,1.097553103559385,0.21875,2.192645077942396,0.4796411107998991
reconsider,64,1.530489747153528e-05,15.995647094243783,0.00024481173876826233,41,2.2274104961030723,91.32383034022597,10,1,reconsid,NN,NOUN,1,NN,1,NOUN,0,1.1148152314102513,0.21354166666666666,2.2274104961030727,0.475644949688677
reconsideration,96,2.2957346207302922e-05,15.410684593522626,0.0003537884215050482,49,1.970252656605948,96.54238017369146,15,1,reconsider,NN,NOUN,2,NN|NNP,1,NOUN,0,0.9863347813288197,0.2552083333333333,1.9702526566059482,0.5028248967379764
reconsidered,42,1.0043838965695029e-05,16.603329671465023,0.00016676116951454083,33,2.5405683813627027,83.83875658496919,12,1,reconsid,VB,VERB,1,VB,1,VERB,0,1.2713748015437376,0.171875,2.5405683813627027,0.4366601905467145
record,295,7.054601178285795e-05,13.791075949994578,0.0009729054064666064,94,1.0303736490435187,96.85512301009075,6,1,record,NN,NOUN,2,NN|NNP,1,NOUN,0,0.5161723813022482,0.4895833333333333,1.030373649043519,0.5044537656775561
recorded,55,1.3152646264600634e-05,16.214287380719124,0.00021326078635117658,34,2.497499659470817,84.91498842200778,8,1,record,VB,VERB,1,VB,1,VERB,0,1.2498874566224423,0.17708333333333334,2.4974996594708165,0.44226556469795714
records,197,4.711038752956954e-05,14.373595274787407,0.0006771456435884243,84,1.1926450779423958,100.18218654716125,7,1,record,NN,NOUN,2,NN|NNP,1,NOUN,0,0.5971551019081912,0.4375,1.1926450779423958,0.5217822215997981
recourse,216,5.165402896643158e-05,14.240759592080314,0.0007355926084733049,61,1.6542251631582698,100.90773495265447,8,1,recours,NN,NOUN,2,NN|NNP,1,NOUN,0,0.8284624828078484,0.3177083333333333,1.65422516315827,0.5255611195450753
recovery,58,1.3870063333578849e-05,16.13766609911621,0.00022383045085089015,33,2.5405683813627027,83.83875658496919,8,1,recoveri,NN,NOUN,2,NN|NNP,1,NOUN,0,1.2713784725328408,0.171875,2.5405683813627027,0.4366601905467145
recruitment,102,2.4392180345259356e-05,15.323221752272287,0.0003737667884518267,45,2.0931094043914813,94.18992319761666,11,1,recruit,NN,NOUN,2,NN|NNP,1,NOUN,0,1.0476346530818412,0.234375,2.0931094043914813,0.49057251665425344
red,134,3.2044629081026996e-05,14.92955790378601,0.00047841214537053766,79,1.2811817525440532,101.21335845098021,3,1,red,VB,VERB,2,NNP|VB,2,NOUN|VERB,0,0.6416680643388589,0.4114583333333333,1.2811817525440532,0.5271529085988552
redemption,55,1.3152646264600634e-05,16.214287380719124,0.00021326078635117658,38,2.3370349872775704,88.80732951654768,10,1,redempt,NN,NOUN,2,NN|NNP,1,NOUN,0,1.1695644906341316,0.19791666666666666,2.337034987277571,0.46253817456535257
redress,155,3.706654856387451e-05,14.719522688969546,0.0005456019025877423,63,1.6076825772212395,101.28400236493809,7,1,redress,NN,NOUN,2,NN|NNP,1,NOUN,0,0.8049203950712326,0.328125,1.6076825772212395,0.5275208456507192
reduce,129,3.08489339660633e-05,14.984419838820529,0.00046225337812754336,75,1.3561438102252754,101.71078576689565,6,1,reduc,NN,NOUN,2,NN|NNP,1,NOUN,0,0.6788604882530294,0.390625,1.3561438102252754,0.5297436758692482
reduced,217,5.189316798942432e-05,14.234095861799304,0.0007386523277339207,103,0.8984619735379379,92.5415832744076,7,1,reduc,VB,VERB,1,VB,1,VERB,0,0.45002738316415064,0.5364583333333334,0.8984619735379377,0.4819874128875395
reduction,178,4.2566746092707505e-05,14.519913663277384,0.000618065478192763,78,1.2995602818589078,101.36570198499481,9,1,reduct,NN,NOUN,2,NN|NNP,1,NOUN,0,0.6506589282573103,0.40625,1.2995602818589078,0.5279463645051813
refer,377,9.015541166826251e-05,13.437226380975119,0.0012114386760564491,118,0.7023194513593151,82.87369526039917,5,1,refer,NN,NOUN,2,NN|NNP,1,NOUN,0,0.35195936954873147,0.6145833333333334,0.7023194513593148,0.4316338294812456
reference,998,0.0002386607449467533,12.032751088906522,0.0028717453386372877,79,1.2811817525440532,101.21335845098021,9,1,refer,NN,NOUN,2,NN|NNP,1,NOUN,0,0.643237500587748,0.4114583333333333,1.2811817525440532,0.5271529085988552
references,656,0.00015687519908323664,12.638095089625699,0.001982603683217907,44,2.1255308820838588,93.52335881168979,10,1,refer,NN,NOUN,2,NN|NNP,1,NOUN,0,1.0656720251270857,0.22916666666666666,2.125530882083859,0.4871008271442177
referenda,224,5.3567141150373484e-05,14.188292172186179,0.0007600262494702363,51,1.9125371587496605,97.53939509623268,9,1,referenda,NN,NOUN,2,NN|NNP,1,NOUN,0,0.9578480202102542,0.265625,1.9125371587496605,0.5080176827928785
referendums,86,2.0565955977375535e-05,15.569382339541685,0.0003201992317899424,37,2.3755091350922064,87.89383799841164,11,1,referendum,NN,NOUN,2,NN|NNP,1,NOUN,0,1.1892812509768533,0.19270833333333334,2.3755091350922064,0.4577804062417273
referral,96,2.2957346207302922e-05,15.410684593522626,0.0003537884215050482,33,2.5405683813627027,83.83875658496919,8,1,referr,NN,NOUN,2,NN|NNP,1,NOUN,0,1.2718308291450553,0.171875,2.5405683813627027,0.4366601905467145
referring,66,1.578317551752076e-05,15.95125297488533,0.0002517614254269903,37,2.3755091350922064,87.89383799841164,9,1,refer,VB,VERB,2,NNP|VB,2,NOUN|VERB,0,1.1889241830895525,0.19270833333333334,2.3755091350922064,0.4577804062417273
refers,136,3.2522907127012474e-05,14.908184252993443,0.0004848574918924956,52,1.8845227825800641,97.99518469416333,6,1,refer,NN,NOUN,1,NN,1,NOUN,0,0.9433719109352378,0.2708333333333333,1.8845227825800641,0.5103915869487673
reflect,82,1.960939988540458e-05,15.638095089625699,0.0003066536600584521,33,2.5405683813627027,83.83875658496919,7,1,reflect,NN,NOUN,1,NN,1,NOUN,0,1.2715630082231193,0.171875,2.5405683813627027,0.4366601905467145
reform,275,6.576323132300317e-05,13.89235928583176,0.0009136064373364252,48,2.0,96.0,6,1,reform,NN,NOUN,2,NN|NNP,1,NOUN,0,1.0016922314409735,0.25,2.0,0.5
reforms,201,4.8066943621540495e-05,14.344595403064854,0.0006895008585129273,38,2.3370349872775704,88.80732951654768,7,1,reform,NNP,NOUN,2,NN|NNP,1,NOUN,0,1.1699207741745101,0.19791666666666666,2.337034987277571,0.46253817456535257
refusal,121,2.8935821782121393e-05,15.076783856969188,0.0004362591307328252,63,1.6076825772212395,101.28400236493809,7,1,refus,NN,NOUN,2,NN|NNP,1,NOUN,0,0.8047207971873283,0.328125,1.6076825772212395,0.5275208456507192
refuse,150,3.587085344891082e-05,14.766828403747901,0.0005296987375760547,68,1.4974996594708168,101.82997684401553,6,1,refus,NN,NOUN,2,NN|NNP,1,NOUN,0,0.7497086691284215,0.3541666666666667,1.4974996594708165,0.5303644627292475
refused,120,2.8696682759128654e-05,15.088756498635265,0.000432997258471077,64,1.584962500721156,101.43760004615399,7,1,refus,VB,VERB,1,VB,1,VERB,0,0.7933926275696197,0.3333333333333333,1.584962500721156,0.5283208335737186
refuses,60,1.4348341379564327e-05,16.088756498635263,0.00023084697061510282,33,2.5405683813627027,83.83875658496919,7,1,refus,NN,NOUN,1,NN,1,NOUN,0,1.2713820918626924,0.171875,2.5405683813627027,0.4366601905467145
regarded,315,7.532879224271271e-05,13.696439075856503,0.0010317362136101666,69,1.4764380439429872,101.87422503206612,8,1,regard,VB,VERB,1,VB,1,VERB,0,0.7395244347448052,0.359375,1.4764380439429872,0.530594922042011
regarding,452,0.00010809083839271792,13.175468131828595,0.0014241473965858897,108,0.8300749985576875,89.64809984423025,9,1,regard,VB,VERB,2,NNP|VB,2,NOUN|VERB,0,0.4163285342547027,0.5625,0.8300749985576875,0.46691718668869925
regardless,144,3.4436019310954386e-05,14.82572209280147,0.0005105388522865545,71,1.435215381216474,101.90029206636966,10,1,regardless,NN,NOUN,2,NN|NNP,1,NOUN,0,0.7185650838723229,0.3697916666666667,1.435215381216474,0.5307306878456753
regards,110,2.6305292529201268e-05,15.214287380719123,0.0004002162801731519,41,2.2274104961030723,91.32383034022597,7,1,regard,NN,NOUN,1,NN,1,NOUN,0,1.1148814360001797,0.21354166666666666,2.2274104961030727,0.475644949688677
regime,526,0.0001257871260941806,12.95672810495148,0.0016297895919055454,73,1.395137941841139,101.84506975440314,6,1,regim,NN,NOUN,2,NN|NNP,1,NOUN,0,0.6995971477156985,0.3802083333333333,1.3951379418411392,0.5304430716375165
regimes,57,1.363092431058611e-05,16.16275708007904,0.00022031331840894716,34,2.497499659470817,84.91498842200778,7,1,regim,NN,NOUN,2,NN|NNP,1,NOUN,0,1.2499353398803645,0.17708333333333334,2.4974996594708165,0.44226556469795714
region,1092,0.00026113981310807075,11.90288995332393,0.003108318457856944,74,1.3755091350922064,101.78767599682327,6,1,region,NNP,NOUN,2,NN|NNP,1,NOUN,0,0.6906215551518264,0.3854166666666667,1.3755091350922062,0.5301441458167878
regional,1209,0.0002891190787982212,11.756048564994659,0.003398897931418406,114,0.7520724865564145,85.73626346743124,8,1,region,NN,NOUN,2,NN|NNP,1,NOUN,0,0.37829651831601313,0.59375,0.7520724865564145,0.44654303889287106
regions,548,0.00013104818460002085,12.897615011283255,0.001690209032898648,83,1.2099230693742313,100.4236147580612,7,1,region,NN,NOUN,2,NN|NNP,1,NOUN,0,0.6071419205938755,0.4322916666666667,1.2099230693742313,0.5230396601982354
register,243,5.8110782587235525e-05,14.070834590638002,0.0008176672097175181,84,1.1926450779423958,100.18218654716125,8,1,regist,NN,NOUN,2,NN|NNP,1,NOUN,0,0.5972450063088514,0.4375,1.1926450779423958,0.5217822215997981
registered,759,0.00018150651845148872,12.427691018828316,0.0022557069292183625,104,0.8845227825800641,91.99036938832667,10,1,regist,VB,VERB,2,NNP|VB,2,NOUN|VERB,0,0.4437481353191297,0.5416666666666666,0.8845227825800641,0.479116507230868
registrar,136,3.2522907127012474e-05,14.908184252993443,0.0004848574918924956,40,2.263034405833794,90.52137623335176,9,1,registrar,NNP,NOUN,2,NN|NNP,1,NOUN,0,1.132750446287243,0.20833333333333334,2.263034405833794,0.47146550121537373
registration,658,0.00015735347712922211,12.633703320508541,0.001987957146501018,97,0.9850496585340286,95.54981687780078,12,1,registr,NN,NOUN,2,NN|NNP,1,NOUN,0,0.49391658041701175,0.5052083333333334,0.9850496585340284,0.4976552962385456
regular,453,0.00010832997741571066,13.172279854197548,0.001426952779118641,111,0.7905466343710503,87.75067641518659,7,1,regular,NN,NOUN,2,NN|NNP,1,NOUN,0,0.3965978808793154,0.578125,0.7905466343710503,0.45703477299576345
regularly,74,1.769628770146267e-05,15.786193728614833,0.00027935702593259384,47,2.030373649043519,95.42756150504539,9,1,regularli,RB,ADV,1,RB,1,ADV,0,1.0162455749383343,0.24479166666666666,2.030373649043519,0.4970185495054447
regulates,116,2.7740126667157698e-05,15.13766609911621,0.00041992077503462264,45,2.0931094043914813,94.18992319761666,9,1,regul,NN,NOUN,1,NN,1,NOUN,0,1.0480813393065784,0.234375,2.0931094043914813,0.49057251665425344
regulating,452,0.00010809083839271792,13.175468131828595,0.0014241473965858897,93,1.0458036896131246,97.2597431340206,10,1,regul,VB,VERB,2,NNP|VB,2,NOUN|VERB,0,0.5240828747367975,0.484375,1.0458036896131246,0.5065611621563573
regulatory,296,7.078515080585068e-05,13.786193728614833,0.0009758578021186739,61,1.6542251631582698,100.90773495265447,10,1,regulatori,NN,NOUN,2,NN|NNP,1,NOUN,0,0.8288013896669938,0.3177083333333333,1.65422516315827,0.5255611195450753
rehabilitation,131,3.132721201204878e-05,14.962224092706332,0.0004687247663239955,50,1.9411063109464315,97.05531554732157,14,1,rehabilit,NN,NOUN,2,NN|NNP,1,NOUN,0,0.9716559575167252,0.2604166666666667,1.9411063109464315,0.5054964351422999
reject,141,3.371860224197617e-05,14.856095741844989,0.0005009267831879871,62,1.630766190334281,101.10750380072542,6,1,reject,NN,NOUN,2,NN|NNP,1,NOUN,0,0.8164578325456398,0.3229166666666667,1.630766190334281,0.526601582295445
rejected,249,5.954561672519196e-05,14.035645162175701,0.000835761147317709,98,0.970252656605948,95.0847603473829,8,1,reject,VB,VERB,2,NNP|VB,2,NOUN|VERB,0,0.48602727778517835,0.5104166666666666,0.9702526566059481,0.49523312680928594
rejection,127,3.0370655920077827e-05,15.006962407471617,0.00045577129168286324,63,1.6076825772212395,101.28400236493809,9,1,reject,NN,NOUN,2,NN|NNP,1,NOUN,0,0.8049552845205764,0.328125,1.6076825772212395,0.5275208456507192
rejects,74,1.769628770146267e-05,15.786193728614833,0.00027935702593259384,46,2.0614005446641435,94.8244250545506,7,1,reject,NN,NOUN,2,NN|NNP,1,NOUN,0,1.0318078686954806,0.23958333333333334,2.0614005446641435,0.49387721382578437
relate,168,4.0175355862780115e-05,14.603329671465023,0.0005866939663326031,67,1.5188733102633836,101.7645117876467,6,1,relat,NN,NOUN,1,NN,1,NOUN,0,0.7603750942845572,0.3489583333333333,1.5188733102633838,0.5300234988939933
related,477,0.0001140693139675364,13.097801638238272,0.001494057247356714,117,0.7145977811377516,83.60794039311693,7,1,relat,VB,VERB,2,NNP|VB,2,NOUN|VERB,0,0.35846073490150615,0.609375,0.7145977811377516,0.4354580228808174
relates,337,8.058985074855297e-05,13.599042313061924,0.001095944790332917,67,1.5188733102633836,101.7645117876467,7,1,relat,NN,NOUN,1,NN,1,NOUN,0,0.7607959649225814,0.3489583333333333,1.5188733102633838,0.5300234988939933
relation,1770,0.00042327607069714767,11.206113449273422,0.004743279668594914,113,0.7647835383059685,86.42053982857443,8,1,relat,NN,NOUN,2,NN|NNP,1,NOUN,0,0.38489090544487414,0.5885416666666666,0.7647835383059687,0.4501069782738253
relationship,117,2.7979265690150437e-05,15.125282374660378,0.00042319429419917224,62,1.630766190334281,101.10750380072542,12,1,relationship,NN,NOUN,2,NN|NNP,1,NOUN,0,0.816506659281801,0.3229166666666667,1.630766190334281,0.526601582295445
relative,260,6.217614597811208e-05,13.973279281215328,0.0008688046523817733,61,1.6542251631582698,100.90773495265447,8,1,rel,NN,NOUN,2,NN|NNP,1,NOUN,0,0.8286918287885309,0.3177083333333333,1.65422516315827,0.5255611195450753
relatives,87,2.0805095000368274e-05,15.552703598395054,0.0003235754758771786,41,2.2274104961030723,91.32383034022597,9,1,rel,NN,NOUN,2,NN|NNP,1,NOUN,0,1.1148938888859175,0.21354166666666666,2.2274104961030727,0.475644949688677
release,201,4.8066943621540495e-05,14.344595403064854,0.0006895008585129273,74,1.3755091350922064,101.78767599682327,7,1,releas,NN,NOUN,2,NN|NNP,1,NOUN,0,0.6888883492235188,0.3854166666666667,1.3755091350922062,0.5301441458167878
released,194,4.639297046059132e-05,14.395734252056656,0.0006678608739141872,88,1.1255308820838588,99.04671762337958,8,1,releas,VB,VERB,2,NNP|VB,2,NOUN|VERB,0,0.5637097307515455,0.4583333333333333,1.1255308820838592,0.5158683209551022
relief,159,3.8023104655845464e-05,14.682764138959428,0.000558284277492749,58,1.726981505593584,100.16492732442786,6,1,relief,NN,NOUN,2,NN|NNP,1,NOUN,0,0.8646036522421174,0.3020833333333333,1.7269815055935842,0.5216923298147286
religions,86,2.0565955977375535e-05,15.569382339541685,0.0003201992317899424,47,2.030373649043519,95.42756150504539,9,1,religion,NN,NOUN,2,NN|NNP,1,NOUN,0,1.0163659045995788,0.24479166666666666,2.030373649043519,0.4970185495054447
relinquishment,51,1.2196090172629678e-05,16.323221752272286,0.00019907948439854301,36,2.415037499278844,86.94134997403839,14,1,relinquish,NN,NOUN,2,NN|NNP,1,NOUN,0,1.208559562407448,0.1875,2.415037499278844,0.45281953111478324
remainder,62,1.4826619425549805e-05,16.041450783856906,0.00023784048580593393,31,2.6307661903342807,81.5537519003627,9,1,remaind,NN,NOUN,1,NN,1,NOUN,0,1.3165846086164146,0.16145833333333334,2.6307661903342807,0.42475912448105574
remaining,240,5.739336551825731e-05,14.088756498635265,0.0008086011514238968,92,1.0614005446641432,97.64885010910118,9,1,remain,VB,VERB,2,NNP|VB,2,NOUN|VERB,0,0.5316086808292952,0.4791666666666667,1.0614005446641432,0.508587760984902
remains,142,3.395774126496891e-05,14.845899974739101,0.0005041332301877989,72,1.4150374992788437,101.88269994807675,7,1,remain,NN,NOUN,1,NN,1,NOUN,0,0.7084158128312089,0.375,1.4150374992788437,0.5306390622295664
remedies,63,1.5065758448542544e-05,16.018367170743865,0.00024132885053449092,39,2.299560281858908,89.68285099249741,8,1,remedi,NN,NOUN,2,NN|NNP,1,NOUN,0,1.1508750956345304,0.203125,2.299560281858908,0.46709818225259064
remedy,123,2.941409982810687e-05,15.053132588904543,0.00044277434469576705,53,1.857042046157957,98.42322844637172,6,1,remedi,NN,NOUN,2,NN|NNP,1,NOUN,0,0.929596813014606,0.2760416666666667,1.8570420461579569,0.5126209814915194
remission,75,1.793542672445541e-05,15.766828403747901,0.0002827847955124827,43,2.158697746019058,92.8240030788195,9,1,remiss,NN,NOUN,2,NN|NNP,1,NOUN,0,1.0803394753650843,0.22395833333333334,2.158697746019058,0.48345834936885157
remit,105,2.5109597414237573e-05,15.28140157657766,0.00038370984151316035,68,1.4974996594708168,101.82997684401553,5,1,remit,NN,NOUN,1,NN,1,NOUN,0,0.7495461501673305,0.3541666666666667,1.4974996594708165,0.5303644627292475
removal,1042,0.0002491828619584338,11.970507531965275,0.0029828453259100954,118,0.7023194513593151,82.87369526039917,7,1,remov,NN,NOUN,2,NN|NNP,1,NOUN,0,0.3527529569403402,0.6145833333333334,0.7023194513593148,0.4316338294812456
remove,611,0.0001461139430485634,12.740618524425052,0.001861582009481314,113,0.7647835383059685,86.42053982857443,6,1,remov,NN,NOUN,1,NN,1,NOUN,0,0.3836399822979624,0.5885416666666666,0.7647835383059687,0.4501069782738253
removing,258,6.16978679321266e-05,13.984419838820529,0.0008628088883229602,49,1.970252656605948,96.54238017369146,8,1,remov,VB,VERB,2,NNP|VB,2,NOUN|VERB,0,0.986630819811899,0.2552083333333333,1.9702526566059482,0.5028248967379764
render,239,5.715422649526457e-05,14.094780286263035,0.0008055762648820675,97,0.9850496585340286,95.54981687780078,6,1,render,NN,NOUN,1,NN,1,NOUN,0,0.4933223149310701,0.5052083333333334,0.9850496585340284,0.4976552962385456
rendered,181,4.328416316168572e-05,14.495801207160577,0.0006274386246100992,76,1.3370349872775706,101.61465903309536,8,1,render,VB,VERB,1,VB,1,VERB,0,0.6695402650454914,0.3958333333333333,1.3370349872775709,0.5292430157973718
rendering,84,2.0087677931390057e-05,15.603329671465023,0.0003134346610976916,48,2.0,96.0,9,1,render,VB,VERB,2,NNP|VB,2,NOUN|VERB,0,1.0010419426086075,0.25,2.0,0.5
renewable,106,2.534873643723031e-05,15.267726639680584,0.0003870175785849431,46,2.0614005446641435,94.8244250545506,9,1,renew,NN,NOUN,1,NN,1,NOUN,0,1.031975659970337,0.23958333333333334,2.0614005446641435,0.49387721382578437
renewal,97,2.319648523029566e-05,15.395734252056656,0.0003571269221873892,56,1.777607578663552,99.5460244051589,7,1,renew,NN,NOUN,2,NN|NNP,1,NOUN,0,0.8898720367033871,0.2916666666666667,1.777607578663552,0.5184688771102026
renewed,91,2.176165109233923e-05,15.487852454045086,0.0003370412412745591,58,1.726981505593584,100.16492732442786,7,1,renew,VB,VERB,1,VB,1,VERB,0,0.864459232024925,0.3020833333333333,1.7269815055935842,0.5216923298147286
renounce,69,1.6500592586498976e-05,15.887122637465614,0.0002621469380125652,43,2.158697746019058,92.8240030788195,8,1,renounc,NN,NOUN,2,NN|NNP,1,NOUN,0,1.0804173398868067,0.22395833333333334,2.158697746019058,0.48345834936885157
renunciation,107,2.558787546022305e-05,15.254180107842636,0.0003903220608472892,52,1.8845227825800641,97.99518469416333,12,1,renunci,NN,NOUN,2,NN|NNP,1,NOUN,0,0.9432948666909983,0.2708333333333333,1.8845227825800641,0.5103915869487673
repayment,86,2.0565955977375535e-05,15.569382339541685,0.0003201992317899424,44,2.1255308820838588,93.52335881168979,9,1,repay,NN,NOUN,2,NN|NNP,1,NOUN,0,1.0637543229780353,0.22916666666666666,2.125530882083859,0.4871008271442177
repeal,337,8.058985074855297e-05,13.599042313061924,0.001095944790332917,95,1.0151068923902085,96.4351547770698,6,1,repeal,NN,NOUN,2,NN|NNP,1,NOUN,0,0.5085614313700918,0.4947916666666667,1.0151068923902085,0.5022664311305719
repealed,592,0.00014157030161170137,12.786193728614833,0.0018101453026256465,91,1.07716786052246,98.02227530754385,8,1,repeal,VB,VERB,2,NNP|VB,2,NOUN|VERB,0,0.5402998905488311,0.4739583333333333,1.07716786052246,0.5105326838934575
repeated,55,1.3152646264600634e-05,16.214287380719124,0.00021326078635117658,35,2.4556794837761897,85.94878193216664,8,1,repeat,VB,VERB,2,NNP|VB,2,NOUN|VERB,0,1.2290165605104546,0.18229166666666666,2.4556794837761897,0.44764990589670123
replace,106,2.534873643723031e-05,15.267726639680584,0.0003870175785849431,56,1.777607578663552,99.5460244051589,7,1,replac,NN,NOUN,1,NN,1,NOUN,0,0.8898359606966438,0.2916666666666667,1.777607578663552,0.5184688771102026
replaced,131,3.132721201204878e-05,14.962224092706332,0.0004687247663239955,69,1.4764380439429872,101.87422503206612,8,1,replac,VB,VERB,1,VB,1,VERB,0,0.7391559885581294,0.359375,1.4764380439429872,0.530594922042011
replacement,142,3.395774126496891e-05,14.845899974739101,0.0005041332301877989,71,1.435215381216474,101.90029206636966,11,1,replac,NN,NOUN,2,NN|NNP,1,NOUN,0,0.7186175766108375,0.3697916666666667,1.435215381216474,0.5307306878456753
replacing,100,2.3913902299273878e-05,15.351790904469057,0.0003671212278083544,47,2.030373649043519,95.42756150504539,9,1,replac,VB,VERB,1,VB,1,VERB,0,1.0161831441326272,0.24479166666666666,2.030373649043519,0.4970185495054447
reply,93,2.2239929138324708e-05,15.456488283135752,0.00034375120414428524,42,2.192645077942396,92.09109327358063,5,1,repli,RB,ADV,2,NNP|RB,2,ADV|NOUN,0,1.097534033208151,0.21875,2.192645077942396,0.4796411107998991
reported,121,2.8935821782121393e-05,15.076783856969188,0.0004362591307328252,55,1.8036027871964966,99.19815329580732,8,1,report,VB,VERB,1,VB,1,VERB,0,0.9027858407977954,0.2864583333333333,1.8036027871964966,0.5166570484156631
reporting,44,1.0522117011680507e-05,16.536215475606486,0.00017399599416469347,34,2.497499659470817,84.91498842200778,9,1,report,VB,VERB,2,NNP|VB,2,NOUN|VERB,0,1.2498536923450962,0.17708333333333334,2.4974996594708165,0.44226556469795714
representations,82,1.960939988540458e-05,15.638095089625699,0.0003066536600584521,51,1.9125371587496605,97.53939509623268,15,1,represent,NN,NOUN,1,NN,1,NOUN,0,0.9571812682801505,0.265625,1.9125371587496605,0.5080176827928785
represented,326,7.795932149563284e-05,13.646918940012705,0.0010639045410692914,116,0.726981505593584,84.32985464885574,11,1,repres,VB,VERB,2,NNP|VB,2,NOUN|VERB,0,0.3642482416661699,0.6041666666666666,0.7269815055935842,0.43921799296279046
representing,217,5.189316798942432e-05,14.234095861799304,0.0007386523277339207,76,1.3370349872775706,101.61465903309536,12,1,repres,VB,VERB,2,NNP|VB,2,NOUN|VERB,0,0.6695817716923017,0.3958333333333333,1.3370349872775709,0.5292430157973718
represents,184,4.400158023066394e-05,14.47208513818677,0.0006367946153129244,89,1.1092290697547584,98.7213872081735,10,1,repres,NN,NOUN,2,NN|NNP,1,NOUN,0,0.5555149479085336,0.4635416666666667,1.1092290697547584,0.514173891709237
republican,146,3.4914297356939864e-05,14.805822535363765,0.0005169348906137718,61,1.6542251631582698,100.90773495265447,10,1,republican,NN,NOUN,2,NN|NNP,1,NOUN,0,0.8283862924838186,0.3177083333333333,1.65422516315827,0.5255611195450753
reputation,104,2.4870458391244834e-05,15.29520737610269,0.00038039881863282304,65,1.5625946876927017,101.5686547000256,10,1,reput,NN,NOUN,2,NN|NNP,1,NOUN,0,0.7822779939581519,0.3385416666666667,1.5625946876927015,0.5290034098959667
requested,223,5.3328002127380745e-05,14.194747194323478,0.0007569775085765143,89,1.1092290697547584,98.7213872081735,9,1,request,VB,VERB,2,NNP|VB,2,NOUN|VERB,0,0.5555897482363221,0.4635416666666667,1.1092290697547584,0.514173891709237
requesting,62,1.4826619425549805e-05,16.041450783856906,0.00023784048580593393,40,2.263034405833794,90.52137623335176,10,1,request,VB,VERB,2,NNP|VB,2,NOUN|VERB,0,1.1326155097191888,0.20833333333333334,2.263034405833794,0.47146550121537373
requests,204,4.878436069051871e-05,14.323221752272287,0.0006987492162131347,86,1.1586977460190582,99.648006157639,8,1,request,NN,NOUN,2,NN|NNP,1,NOUN,0,0.5802340326255533,0.4479166666666667,1.1586977460190582,0.5190000320710365
requirement,169,4.0414494885772854e-05,14.594767657961599,0.0005898401628717321,71,1.435215381216474,101.90029206636966,11,1,requir,NN,NOUN,1,NN,1,NOUN,0,0.7185927393072138,0.3697916666666667,1.435215381216474,0.5307306878456753
requiring,234,5.5958531380300874e-05,14.125282374660378,0.0007904300570180436,78,1.2995602818589078,101.36570198499481,9,1,requir,VB,VERB,2,NNP|VB,2,NOUN|VERB,0,0.6507798812062112,0.40625,1.2995602818589078,0.5279463645051813
research,337,8.058985074855297e-05,13.599042313061924,0.001095944790332917,109,0.8167781759442299,89.02882117792106,8,1,research,NN,NOUN,2,NN|NNP,1,NOUN,0,0.40925830236564537,0.5677083333333334,0.8167781759442297,0.4636917769683388
reserve,165,3.94579387938019e-05,14.629324879997966,0.0005772430057096031,62,1.630766190334281,101.10750380072542,7,1,reserv,NN,NOUN,2,NN|NNP,1,NOUN,0,0.8166012988031461,0.3229166666666667,1.630766190334281,0.526601582295445
reserved,318,7.604620931169093e-05,13.682764138959428,0.0010405223456738072,97,0.9850496585340286,95.54981687780078,8,1,reserv,VB,VERB,2,NNP|VB,2,NOUN|VERB,0,0.49349957747527107,0.5052083333333334,0.9850496585340284,0.4976552962385456
reserves,170,4.065363390876559e-05,14.586256158106082,0.0005929843179511223,43,2.158697746019058,92.8240030788195,8,1,reserv,NN,NOUN,2,NN|NNP,1,NOUN,0,1.0806731076227012,0.22395833333333334,2.158697746019058,0.48345834936885157
reside,172,4.113191195475107e-05,14.569382339541685,0.0005992665516251337,93,1.0458036896131246,97.2597431340206,6,1,resid,NN,NOUN,2,NN|NNP,1,NOUN,0,0.5237127621059551,0.484375,1.0458036896131246,0.5065611621563573
resided,101,2.4153041322266617e-05,15.337435611491987,0.0003704457161019695,49,1.970252656605948,96.54238017369146,7,1,resid,VB,VERB,1,VB,1,VERB,0,0.9861623342095239,0.2552083333333333,1.9702526566059482,0.5028248967379764
resident,298,7.126342885183616e-05,13.77647857378162,0.000981759100671532,92,1.0614005446641432,97.64885010910118,8,1,resid,NN,NOUN,2,NN|NNP,1,NOUN,0,0.5317429918807144,0.4791666666666667,1.0614005446641432,0.508587760984902
residents,118,2.8218404713143176e-05,15.113004044881942,0.0004264648645698485,54,1.8300749985576876,98.82404992211514,9,1,resid,NN,NOUN,2,NN|NNP,1,NOUN,0,0.9163099762442846,0.28125,1.8300749985576876,0.5147085933443496
resides,49,1.17178121266442e-05,16.380937250128575,0.0001919487451553543,38,2.3370349872775704,88.80732951654768,7,1,resid,NN,NOUN,1,NN,1,NOUN,0,1.1696255171809071,0.19791666666666666,2.337034987277571,0.46253817456535257
residing,120,2.8696682759128654e-05,15.088756498635265,0.000432997258471077,62,1.630766190334281,101.10750380072542,8,1,resid,VB,VERB,1,VB,1,VERB,0,0.8164665753201664,0.3229166666666667,1.630766190334281,0.526601582295445
resign,382,9.135110678322621e-05,13.418218266208035,0.0012257690896770065,113,0.7647835383059685,86.42053982857443,6,1,resign,NN,NOUN,1,NN,1,NOUN,0,0.3832916063368579,0.5885416666666666,0.7647835383059687,0.4501069782738253
resignations,59,1.4109202356571588e-05,16.11300404488194,0.00022734163464149579,39,2.299560281858908,89.68285099249741,12,1,resign,NN,NOUN,2,NN|NNP,1,NOUN,0,1.1508494824171105,0.203125,2.299560281858908,0.46709818225259064
resigned,120,2.8696682759128654e-05,15.088756498635265,0.000432997258471077,48,2.0,96.0,8,1,resign,VB,VERB,1,VB,1,VERB,0,1.0012004883728085,0.25,2.0,0.5
resigns,266,6.361098011606851e-05,13.940364658742594,0.0008867602591180194,76,1.3370349872775706,101.61465903309536,7,1,resign,NN,NOUN,1,NN,1,NOUN,0,0.6696550037129988,0.3958333333333333,1.3370349872775709,0.5292430157973718
resolutions,499,0.00011933037247337666,13.032751088906522,0.0015552030417920206,95,1.0151068923902085,96.4351547770698,11,1,resolut,NN,NOUN,2,NN|NNP,1,NOUN,0,0.509308249892186,0.4947916666666667,1.0151068923902085,0.5022664311305719
resolve,224,5.3567141150373484e-05,14.188292172186179,0.0007600262494702363,78,1.2995602818589078,101.36570198499481,7,1,resolv,NN,NOUN,2,NN|NNP,1,NOUN,0,0.6508292461548328,0.40625,1.2995602818589078,0.5279463645051813
resolved,123,2.941409982810687e-05,15.053132588904543,0.00044277434469576705,71,1.435215381216474,101.90029206636966,8,1,resolv,VB,VERB,2,NNP|VB,2,NOUN|VERB,0,0.7185155768593982,0.3697916666666667,1.435215381216474,0.5307306878456753
resolves,112,2.6783570575186742e-05,15.188292172186179,0.00040679669531030484,48,2.0,96.0,8,1,resolv,NN,NOUN,2,NN|NNP,1,NOUN,0,1.001098035371404,0.25,2.0,0.5
resort,89,2.1283373046353752e-05,15.519913663277384,0.0003303161121427352,58,1.726981505593584,100.16492732442786,6,1,resort,NN,NOUN,2,NN|NNP,1,NOUN,0,0.8644904557402538,0.3020833333333333,1.7269815055935842,0.5216923298147286
respected,122,2.9174960805114132e-05,15.064909756680896,0.00043951815168374663,72,1.4150374992788437,101.88269994807675,9,1,respect,VB,VERB,2,NNP|VB,2,NOUN|VERB,0,0.7084094758886712,0.375,1.4150374992788437,0.5306390622295664
respecting,134,3.2044629081026996e-05,14.92955790378601,0.00047841214537053766,57,1.7520724865564143,99.86813173371561,10,1,respect,VB,VERB,2,NNP|VB,2,NOUN|VERB,0,0.8771886829698706,0.296875,1.7520724865564143,0.5201465194464355
respectively,340,8.130726781753119e-05,13.586256158106082,0.0011046613680847136,86,1.1586977460190582,99.648006157639,12,1,respect,RB,ADV,1,RB,1,ADV,0,0.5805055978784762,0.4479166666666667,1.1586977460190582,0.5190000320710365
respects,182,4.352330218467846e-05,14.487852454045086,0.0006305591803644397,66,1.5405683813627027,101.67751316993838,8,1,respect,NN,NOUN,1,NN,1,NOUN,0,0.7713472154351386,0.34375,1.5405683813627027,0.529570381093429
respite,42,1.0043838965695029e-05,16.603329671465023,0.00016676116951454083,35,2.4556794837761897,85.94878193216664,7,1,respit,NN,NOUN,1,NN,1,NOUN,0,1.22882564810819,0.18229166666666666,2.4556794837761897,0.44764990589670123
respond,68,1.6261453563506237e-05,15.908184252993443,0.00025869019950975405,50,1.9411063109464315,97.05531554732157,7,1,respond,NN,NOUN,1,NN,1,NOUN,0,0.9715337958910192,0.2604166666666667,1.9411063109464315,0.5054964351422999
response,89,2.1283373046353752e-05,15.519913663277384,0.0003303161121427352,41,2.2274104961030723,91.32383034022597,8,1,respons,NN,NOUN,2,NN|NNP,1,NOUN,0,1.114895902508677,0.21354166666666666,2.2274104961030727,0.475644949688677
rest,193,4.615383143759858e-05,14.403190056975703,0.0006647624060533525,103,0.8984619735379379,92.5415832744076,4,1,rest,NN,NOUN,2,NN|NNP,1,NOUN,0,0.4499631817809496,0.5364583333333334,0.8984619735379377,0.4819874128875395
restoration,113,2.702270959817948e-05,15.175468131828595,0.0004100822683428314,58,1.726981505593584,100.16492732442786,11,1,restor,NN,NOUN,2,NN|NNP,1,NOUN,0,0.8644985572008607,0.3020833333333333,1.7269815055935842,0.5216923298147286
restore,70,1.6739731609491715e-05,15.866364077298815,0.0002655986762724628,44,2.1255308820838588,93.52335881168979,7,1,restor,NN,NOUN,1,NN,1,NOUN,0,1.063790259051146,0.22916666666666666,2.125530882083859,0.4871008271442177
restrict,122,2.9174960805114132e-05,15.064909756680896,0.00043951815168374663,57,1.7520724865564143,99.86813173371561,8,1,restrict,NN,NOUN,1,NN,1,NOUN,0,0.8770792301975111,0.296875,1.7520724865564143,0.5201465194464355
restricted,345,8.250296293249488e-05,13.56519454257825,0.0011191687425184153,100,0.9411063109464314,94.11063109464314,10,1,restrict,VB,VERB,1,VB,1,VERB,0,0.471707740312806,0.5208333333333334,0.9411063109464314,0.4901595369512664
restricting,67,1.6022314540513498e-05,15.92955790378601,0.00025522838722578234,47,2.030373649043519,95.42756150504539,11,1,restrict,VB,VERB,2,NNP|VB,2,NOUN|VERB,0,1.0161108748485064,0.24479166666666666,2.030373649043519,0.4970185495054447
restriction,402,9.613388724308099e-05,13.344595403064854,0.0012828678297827736,96,1.0,96.0,11,1,restrict,NN,NOUN,2,NN|NNP,1,NOUN,0,0.5011039632410597,0.5,1.0,0.5
restrictions,590,0.0001410920235657159,12.791075949994578,0.0018047187893674968,116,0.726981505593584,84.32985464885574,12,1,restrict,NN,NOUN,2,NN|NNP,1,NOUN,0,0.36459023452200007,0.6041666666666666,0.7269815055935842,0.43921799296279046
resulting,191,4.5675553391613105e-05,14.418218266208035,0.0006585600982301164,84,1.1926450779423958,100.18218654716125,9,1,result,VB,VERB,1,VB,1,VERB,0,0.5972110617416947,0.4375,1.1926450779423958,0.5217822215997981
resume,114,2.726184862117222e-05,15.162757080079041,0.00041336478819672213,43,2.158697746019058,92.8240030788195,6,1,resum,NN,NOUN,1,NN,1,NOUN,0,1.080553168174297,0.22395833333333334,2.158697746019058,0.48345834936885157
resumed,103,2.4631319368252095e-05,15.309146567060564,0.0003770844783486489,34,2.497499659470817,84.91498842200778,7,1,resum,VB,VERB,1,VB,1,VERB,0,1.2499910782683854,0.17708333333333334,2.4974996594708165,0.44226556469795714
resumes,97,2.319648523029566e-05,15.395734252056656,0.0003571269221873892,32,2.584962500721156,82.718800023077,7,1,resum,NN,NOUN,1,NN,1,NOUN,0,1.293834418189174,0.16666666666666666,2.584962500721156,0.430827083453526
retain,125,2.989237787409235e-05,15.029862809581696,0.00044927833849978333,68,1.4974996594708168,101.82997684401553,6,1,retain,NN,NOUN,1,NN,1,NOUN,0,0.749684073134083,0.3541666666666667,1.4974996594708165,0.5303644627292475
retained,50,1.1956951149636939e-05,16.35179090446906,0.00019551756505381416,35,2.4556794837761897,85.94878193216664,8,1,retain,VB,VERB,1,VB,1,VERB,0,1.2289345942431698,0.18229166666666666,2.4556794837761897,0.44764990589670123
retire,160,3.82622436788382e-05,14.67371899935642,0.0005614494120281733,54,1.8300749985576876,98.82404992211514,6,1,retir,NN,NOUN,1,NN,1,NOUN,0,0.9161366267523977,0.28125,1.8300749985576876,0.5147085933443496
retired,136,3.2522907127012474e-05,14.908184252993443,0.0004848574918924956,55,1.8036027871964966,99.19815329580732,7,1,retir,VB,VERB,2,NNP|VB,2,NOUN|VERB,0,0.9029081143037115,0.2864583333333333,1.8036027871964966,0.5166570484156631
retirement,302,7.221998494380712e-05,13.757242354918704,0.0009935478357405343,97,0.9850496585340286,95.54981687780078,10,1,retir,NN,NOUN,2,NN|NNP,1,NOUN,0,0.49344169809426947,0.5052083333333334,0.9850496585340284,0.4976552962385456
retroactive,99,2.367476327628114e-05,15.366290474164172,0.0003637932894104106,60,1.6780719051126378,100.68431430675827,11,1,retroact,NN,NOUN,2,NN|NNP,1,NOUN,0,0.8401041511356917,0.3125,1.6780719051126378,0.5243974703476993
retrospective,60,1.4348341379564327e-05,16.088756498635263,0.00023084697061510282,40,2.263034405833794,90.52137623335176,13,1,retrospect,NN,NOUN,2,NN|NNP,1,NOUN,0,1.132532800956787,0.20833333333333334,2.263034405833794,0.47146550121537373
returned,199,4.7588665575555017e-05,14.359022473700133,0.0006833267184927944,84,1.1926450779423958,100.18218654716125,8,1,return,VB,VERB,2,NNP|VB,2,NOUN|VERB,0,0.5972203364596019,0.4375,1.1926450779423958,0.5217822215997981
returning,75,1.793542672445541e-05,15.766828403747901,0.0002827847955124827,43,2.158697746019058,92.8240030788195,9,1,return,VB,VERB,2,NNP|VB,2,NOUN|VERB,0,1.0804683153083134,0.22395833333333334,2.158697746019058,0.48345834936885157
returns,92,2.200079011533197e-05,15.47208513818677,0.0003403980977717942,62,1.630766190334281,101.10750380072542,7,1,return,NN,NOUN,2,NN|NNP,1,NOUN,0,0.8162644020248923,0.3229166666666667,1.630766190334281,0.526601582295445
reveal,56,1.3391785287593371e-05,16.188292172186177,0.00021679013294274578,36,2.415037499278844,86.94134997403839,6,1,reveal,NN,NOUN,1,NN,1,NOUN,0,1.2086003099230738,0.1875,2.415037499278844,0.45281953111478324
revenue,748,0.00017887598919856862,12.448752634356145,0.0022267829417587427,107,0.8434955143200092,90.25402003224099,7,1,revenu,NN,NOUN,2,NN|NNP,1,NOUN,0,0.42320595600612915,0.5572916666666666,0.8434955143200094,0.4700730210012552
reviewed,123,2.941409982810687e-05,15.053132588904543,0.00044277434469576705,68,1.4974996594708168,101.82997684401553,8,1,review,VB,VERB,1,VB,1,VERB,0,0.7497013242484786,0.3541666666666667,1.4974996594708165,0.5303644627292475
revise,49,1.17178121266442e-05,16.380937250128575,0.0001919487451553543,35,2.4556794837761897,85.94878193216664,6,1,revis,NN,NOUN,2,NN|NNP,1,NOUN,0,1.2290013020466197,0.18229166666666666,2.4556794837761897,0.44764990589670123
revised,78,1.8652843793433624e-05,15.710244875381534,0.00029304074361708284,43,2.158697746019058,92.8240030788195,7,1,revis,VB,VERB,2,NNP|VB,2,NOUN|VERB,0,1.0805247887351055,0.22395833333333334,2.158697746019058,0.48345834936885157
revision,403,9.637302626607373e-05,13.341011065715815,0.0012857136098522106,93,1.0458036896131246,97.2597431340206,8,1,revis,NN,NOUN,2,NN|NNP,1,NOUN,0,0.5244351024448008,0.484375,1.0458036896131246,0.5065611621563573
revocation,123,2.941409982810687e-05,15.053132588904543,0.00044277434469576705,56,1.777607578663552,99.5460244051589,10,1,revoc,NN,NOUN,2,NN|NNP,1,NOUN,0,0.8898414086373783,0.2916666666666667,1.777607578663552,0.5184688771102026
revoke,176,4.208846804672203e-05,14.536215475606486,0.0006118070405653299,70,1.4556794837761897,101.89756386433328,6,1,revok,NN,NOUN,2,NN|NNP,1,NOUN,0,0.7288553429580481,0.3645833333333333,1.4556794837761897,0.5307164784600692
revoked,492,0.00011765639931242748,13.053132588904543,0.0015357845801582132,92,1.0614005446641432,97.64885010910118,7,1,revok,VB,VERB,2,NNP|VB,2,NOUN|VERB,0,0.5320311179200724,0.4791666666666667,1.0614005446641432,0.508587760984902
rise,92,2.200079011533197e-05,15.47208513818677,0.0003403980977717942,48,2.0,96.0,4,1,rise,NN,NOUN,1,NN,1,NOUN,0,1.001069228467143,0.25,2.0,0.5
risk,63,1.5065758448542544e-05,16.018367170743865,0.00024132885053449092,32,2.584962500721156,82.718800023077,4,1,risk,NN,NOUN,2,NN|NNP,1,NOUN,0,1.2935933599977782,0.16666666666666666,2.584962500721156,0.430827083453526
rivers,80,1.91311218394191e-05,15.67371899935642,0.0002998558278535057,34,2.497499659470817,84.91498842200778,6,1,river,NN,NOUN,2,NN|NNP,1,NOUN,0,1.2499462570773974,0.17708333333333334,2.4974996594708165,0.44226556469795714
roads,87,2.0805095000368274e-05,15.552703598395054,0.0003235754758771786,42,2.192645077942396,92.09109327358063,5,1,road,NN,NOUN,2,NN|NNP,1,NOUN,0,1.097416889020871,0.21875,2.192645077942396,0.4796411107998991
role,184,4.400158023066394e-05,14.47208513818677,0.0006367946153129244,73,1.395137941841139,101.84506975440314,4,1,role,NN,NOUN,2,NN|NNP,1,NOUN,0,0.6987532764915053,0.3802083333333333,1.3951379418411392,0.5304430716375165
round,260,6.217614597811208e-05,13.973279281215328,0.0008688046523817733,50,1.9411063109464315,97.05531554732157,5,1,round,NN,NOUN,2,NN|NNP,1,NOUN,0,0.9726628953194235,0.2604166666666667,1.9411063109464315,0.5054964351422999
royal,332,7.939415563358927e-05,13.620607662896857,0.0010813966446120917,32,2.584962500721156,82.718800023077,5,1,royal,NNP,NOUN,2,NN|NNP,1,NOUN,0,1.2969863862549962,0.16666666666666666,2.584962500721156,0.430827083453526
ruling,219,5.2371446035409796e-05,14.220860034642609,0.0007447670038814013,52,1.8845227825800641,97.99518469416333,6,1,rule,VB,VERB,2,NNP|VB,2,NOUN|VERB,0,0.9439274864313446,0.2708333333333333,1.8845227825800641,0.5103915869487673
run,92,2.200079011533197e-05,15.47208513818677,0.0003403980977717942,54,1.8300749985576876,98.82404992211514,3,1,run,NN,NOUN,1,NN,1,NOUN,0,0.9161319623241043,0.28125,1.8300749985576876,0.5147085933443496
rural,402,9.613388724308099e-05,13.344595403064854,0.0012828678297827736,71,1.435215381216474,101.90029206636966,5,1,rural,NN,NOUN,2,NN|NNP,1,NOUN,0,0.7189945656841586,0.3697916666666667,1.435215381216474,0.5307306878456753
sacred,104,2.4870458391244834e-05,15.29520737610269,0.00038039881863282304,63,1.6076825772212395,101.28400236493809,6,1,sacr,VB,VERB,2,NNP|VB,2,NOUN|VERB,0,0.8049602644048811,0.328125,1.6076825772212395,0.5275208456507192
safe,71,1.6978870632484454e-05,15.845899974739101,0.0002690454857263839,48,2.0,96.0,4,1,safe,NN,NOUN,2,NN|NNP,1,NOUN,0,1.0009882381709234,0.25,2.0,0.5
safeguard,272,6.504581425402495e-05,13.908184252993443,0.0009046691695309663,110,0.8036027871964965,88.39630659161462,9,1,safeguard,NN,NOUN,2,NN|NNP,1,NOUN,0,0.4026873905265919,0.5729166666666666,0.8036027871964967,0.46039743016465956
safeguarding,151,3.610999247190356e-05,14.757242354918704,0.0005328839103421707,85,1.1755715645834544,99.92358298959363,12,1,safeguard,VB,VERB,2,NNP|VB,2,NOUN|VERB,0,0.5886293382948619,0.4427083333333333,1.1755715645834544,0.5204353280708001
said,914,0.00021857306701536324,12.159596739185712,0.002657760352953831,112,0.777607578663552,87.09204881031782,4,1,said,NN,NOUN,2,NN|NNP,1,NOUN,0,0.3903706042950457,0.5833333333333334,0.777607578663552,0.45360442088707204
salaries,383,9.159024580621895e-05,13.414446512318825,0.0012286324534176577,87,1.142019004872428,99.35565342390123,8,1,salari,NN,NOUN,2,NN|NNP,1,NOUN,0,0.5721827618109693,0.453125,1.142019004872428,0.5174773615828189
salary,517,0.00012363487488724594,12.981626623928848,0.0016049817834823841,102,0.9125371587496606,93.07879019246538,6,1,salari,NN,NOUN,2,NN|NNP,1,NOUN,0,0.4574285215802309,0.53125,0.9125371587496606,0.4847853655857572
sale,143,3.419688028796165e-05,14.835775757465393,0.0005073372475570876,65,1.5625946876927017,101.5686547000256,4,1,sale,NN,NOUN,2,NN|NNP,1,NOUN,0,0.782174104389298,0.3385416666666667,1.5625946876927015,0.5290034098959667
sanction,165,3.94579387938019e-05,14.629324879997966,0.0005772430057096031,48,2.0,96.0,8,1,sanction,NN,NOUN,2,NN|NNP,1,NOUN,0,1.0014302533776267,0.25,2.0,0.5
sanctioned,78,1.8652843793433624e-05,15.710244875381534,0.00029304074361708284,31,2.6307661903342807,81.5537519003627,10,1,sanction,VB,VERB,1,VB,1,VERB,0,1.3166915649694941,0.16145833333333334,2.6307661903342807,0.42475912448105574
sanctions,156,3.730568758686725e-05,14.710244875381534,0.0005487757996472984,51,1.9125371587496605,97.53939509623268,9,1,sanction,NN,NOUN,2,NN|NNP,1,NOUN,0,0.9574685746104904,0.265625,1.9125371587496605,0.5080176827928785
satisfaction,84,2.0087677931390057e-05,15.603329671465023,0.0003134346610976916,54,1.8300749985576876,98.82404992211514,12,1,satisfact,NN,NOUN,1,NN,1,NOUN,0,0.915956800595208,0.28125,1.8300749985576876,0.5147085933443496
satisfied,378,9.039455069125525e-05,13.43340467002271,0.0012143065794005129,56,1.777607578663552,99.5460244051589,9,1,satisfi,VB,VERB,1,VB,1,VERB,0,0.8904681592495587,0.2916666666666667,1.777607578663552,0.5184688771102026
satisfy,110,2.6305292529201268e-05,15.214287380719123,0.0004002162801731519,60,1.6780719051126378,100.68431430675827,7,1,satisfi,NN,NOUN,2,NN|NNP,1,NOUN,0,0.8399503451548685,0.3125,1.6780719051126378,0.5243974703476993
save,587,0.00014037460649673767,12.79843040113373,0.001796574631335032,84,1.1926450779423958,100.18218654716125,4,1,save,NN,NOUN,2,NN|NNP,1,NOUN,0,0.5982706389172135,0.4375,1.1926450779423958,0.5217822215997981
savings,100,2.3913902299273878e-05,15.351790904469057,0.0003671212278083544,63,1.6076825772212395,101.28400236493809,7,1,save,NN,NOUN,2,NN|NNP,1,NOUN,0,0.8047228482491552,0.328125,1.6076825772212395,0.5275208456507192
say,274,6.552409230001043e-05,13.897615011283255,0.0009106286087493345,44,2.1255308820838588,93.52335881168979,3,1,sai,NN,NOUN,1,NN,1,NOUN,0,1.064374728948639,0.22916666666666666,2.125530882083859,0.4871008271442177
scale,47,1.1239534080658722e-05,16.441058242566147,0.0001847898344394172,31,2.6307661903342807,81.5537519003627,5,1,scale,NN,NOUN,2,NN|NNP,1,NOUN,0,1.3164721588018444,0.16145833333333334,2.6307661903342807,0.42475912448105574
schedule,1408,0.0003367077443737762,11.536215475606486,0.00388433309140131,66,1.5405683813627027,101.67751316993838,8,1,schedul,NNP,NOUN,2,NN|NNP,1,NOUN,0,0.774085341610515,0.34375,1.5405683813627027,0.529570381093429
school,211,5.0458333851467884e-05,14.274547905536597,0.0007202699037963373,68,1.4974996594708168,101.82997684401553,6,1,school,NN,NOUN,2,NN|NNP,1,NOUN,0,0.749847673486799,0.3541666666666667,1.4974996594708165,0.5303644627292475
schools,321,7.676362638066915e-05,13.66921760712148,0.0010492987133091376,95,1.0151068923902085,96.4351547770698,7,1,school,NN,NOUN,2,NN|NNP,1,NOUN,0,0.5086602435278892,0.4947916666666667,1.0151068923902085,0.5022664311305719
science,169,4.0414494885772854e-05,14.594767657961599,0.0005898401628717321,76,1.3370349872775706,101.61465903309536,7,1,scienc,NN,NOUN,2,NN|NNP,1,NOUN,0,0.6696100270830424,0.3958333333333333,1.3370349872775709,0.5292430157973718
sciences,46,1.1000395057665985e-05,16.47208513818677,0.00018119944394356306,33,2.5405683813627027,83.83875658496919,8,1,scienc,NN,NOUN,2,NN|NNP,1,NOUN,0,1.2714477596287823,0.171875,2.5405683813627027,0.4366601905467145
scope,230,5.500197528832992e-05,14.150157043299407,0.0007782865880215415,70,1.4556794837761897,101.89756386433328,5,1,scope,NN,NOUN,2,NN|NNP,1,NOUN,0,0.7291335758677939,0.3645833333333333,1.4556794837761897,0.5307164784600692
sea,141,3.371860224197617e-05,14.856095741844989,0.0005009267831879871,59,1.702319451359315,100.43684763019958,3,1,sea,NN,NOUN,2,NN|NNP,1,NOUN,0,0.8522357248622671,0.3072916666666667,1.7023194513593147,0.5231085814072894
seal,326,7.795932149563284e-05,13.646918940012705,0.0010639045410692914,70,1.4556794837761897,101.89756386433328,4,1,seal,NNP,NOUN,2,NN|NNP,1,NOUN,0,0.729364033142871,0.3645833333333333,1.4556794837761897,0.5307164784600692
search,214,5.11757509204461e-05,14.254180107842636,0.0007294683707741323,110,0.8036027871964965,88.39630659161462,6,1,search,NN,NOUN,2,NN|NNP,1,NOUN,0,0.40258411109966746,0.5729166666666666,0.8036027871964967,0.46039743016465956
searched,66,1.578317551752076e-05,15.95125297488533,0.0002517614254269903,51,1.9125371587496605,97.53939509623268,8,1,search,VB,VERB,1,VB,1,VERB,0,0.9574250640694659,0.265625,1.9125371587496605,0.5080176827928785
searches,42,1.0043838965695029e-05,16.603329671465023,0.00016676116951454083,33,2.5405683813627027,83.83875658496919,8,1,search,NN,NOUN,2,NN|NNP,1,NOUN,0,1.2714137737198887,0.171875,2.5405683813627027,0.4366601905467145
seats,630,0.00015065758448542542,12.696439075856503,0.0019128148427349078,109,0.8167781759442299,89.02882117792106,5,1,seat,NN,NOUN,2,NN|NNP,1,NOUN,0,0.40977204711000975,0.5677083333333334,0.8167781759442297,0.4636917769683388
secondary,139,3.324032419599069e-05,14.876706021520276,0.0004945065311237808,72,1.4150374992788437,101.88269994807675,9,1,secondari,NN,NOUN,2,NN|NNP,1,NOUN,0,0.7084418951365032,0.375,1.4150374992788437,0.5306390622295664
secrecy,178,4.2566746092707505e-05,14.519913663277384,0.000618065478192763,90,1.0931094043914815,98.37984639523334,7,1,secreci,NN,NOUN,2,NN|NNP,1,NOUN,0,0.547402825613301,0.46875,1.0931094043914815,0.512395033308507
secretariat,111,2.6544431552194007e-05,15.201231227893677,0.00040350804183789774,34,2.497499659470817,84.91498842200778,11,1,secretariat,NNP,NOUN,2,NN|NNP,1,NOUN,0,1.2501118225256238,0.17708333333333334,2.4974996594708165,0.44226556469795714
secretaries,313,7.485051419672723e-05,13.705628247311164,0.00102587332170043,73,1.395137941841139,101.84506975440314,11,1,secretari,NNP,NOUN,2,NN|NNP,1,NOUN,0,0.69893427889791,0.3802083333333333,1.3951379418411392,0.5304430716375165
secretary,947,0.00022646465477412363,12.108426478775398,0.002742130622373728,93,1.0458036896131246,97.2597431340206,9,1,secretari,NNP,NOUN,2,NN|NNP,1,NOUN,0,0.5250922130078522,0.484375,1.0458036896131246,0.5065611621563573
section,8248,0.0019724186616441094,8.985818476875675,0.01772379605393603,108,0.8300749985576875,89.64809984423025,7,1,section,NN,NOUN,2,NN|NNP,1,NOUN,0,0.42712514432592447,0.5625,0.8300749985576875,0.46691718668869925
sections,591,0.00014133116258870863,12.78863277406625,0.0018074323378788452,80,1.2630344058337937,101.04275246670349,8,1,section,NN,NOUN,2,NN|NNP,1,NOUN,0,0.6333201554568202,0.4166666666666667,1.2630344058337937,0.5262643357640807
sector,353,8.441607511643679e-05,13.532122720972602,0.0011423286880984642,90,1.0931094043914815,98.37984639523334,6,1,sector,NN,NOUN,2,NN|NNP,1,NOUN,0,0.547756714118392,0.46875,1.0931094043914815,0.512395033308507
sectors,206,4.926263873650419e-05,14.309146567060564,0.0007049063179607937,70,1.4556794837761897,101.89756386433328,7,1,sector,NN,NOUN,2,NN|NNP,1,NOUN,0,0.7289942490293052,0.3645833333333333,1.4556794837761897,0.5307164784600692
secular,80,1.91311218394191e-05,15.67371899935642,0.0002998558278535057,45,2.0931094043914813,94.18992319761666,7,1,secular,NN,NOUN,2,NN|NNP,1,NOUN,0,1.0477489185462117,0.234375,2.0931094043914813,0.49057251665425344
secure,294,7.03068727598652e-05,13.795974749407417,0.0009699518413049006,104,0.8845227825800641,91.99036938832667,6,1,secur,NN,NOUN,2,NN|NNP,1,NOUN,0,0.44312823423000186,0.5416666666666666,0.8845227825800641,0.479116507230868
securing,149,3.563171442591808e-05,14.77647857378162,0.0005265112647616839,68,1.4974996594708168,101.82997684401553,8,1,secur,VB,VERB,2,NNP|VB,2,NOUN|VERB,0,0.7496635524999093,0.3541666666666667,1.4974996594708165,0.5303644627292475
securities,56,1.3391785287593371e-05,16.188292172186177,0.00021679013294274578,31,2.6307661903342807,81.5537519003627,10,1,secur,NN,NOUN,2,NN|NNP,1,NOUN,0,1.3165688081460616,0.16145833333333334,2.6307661903342807,0.42475912448105574
seek,165,3.94579387938019e-05,14.629324879997966,0.0005772430057096031,84,1.1926450779423958,100.18218654716125,4,1,seek,NN,NOUN,2,NN|NNP,1,NOUN,0,0.5972743548140252,0.4375,1.1926450779423958,0.5217822215997981
seeking,79,1.8891982816426363e-05,15.69186634606668,0.00029645046936755087,46,2.0614005446641435,94.8244250545506,7,1,seek,VB,VERB,2,NNP|VB,2,NOUN|VERB,0,1.0317675343897843,0.23958333333333334,2.0614005446641435,0.49387721382578437
seeks,49,1.17178121266442e-05,16.380937250128575,0.0001919487451553543,32,2.584962500721156,82.718800023077,5,1,seek,NN,NOUN,1,NN,1,NOUN,0,1.2936164680441675,0.16666666666666666,2.584962500721156,0.430827083453526
seized,61,1.4587480402557066e-05,16.064909756680898,0.0002343465562444304,39,2.299560281858908,89.68285099249741,6,1,seiz,VB,VERB,1,VB,1,VERB,0,1.150992358008251,0.203125,2.299560281858908,0.46709818225259064
seizure,95,2.2718207184310183e-05,15.425791485912836,0.0003504463269589358,51,1.9125371587496605,97.53939509623268,7,1,seizur,NN,NOUN,2,NN|NNP,1,NOUN,0,0.9573823229433716,0.265625,1.9125371587496605,0.5080176827928785
select,109,2.606615350620853e-05,15.227462769466856,0.0003969213820589983,44,2.1255308820838588,93.52335881168979,6,1,select,NN,NOUN,2,NN|NNP,1,NOUN,0,1.0639589560292313,0.22916666666666666,2.125530882083859,0.4871008271442177
selected,291,6.958945569088699e-05,13.810771751335498,0.0009610840888465153,80,1.2630344058337937,101.04275246670349,8,1,select,VB,VERB,1,VB,1,VERB,0,0.6327065113153377,0.4166666666666667,1.2630344058337937,0.5262643357640807
selection,202,4.8306082644533234e-05,14.337435611491987,0.0006925853495594058,54,1.8300749985576876,98.82404992211514,9,1,select,NN,NOUN,2,NN|NNP,1,NOUN,0,0.9163034558129585,0.28125,1.8300749985576876,0.5147085933443496
self,88,2.1044234023361013e-05,15.536215475606486,0.0003269477543060259,36,2.415037499278844,86.94134997403839,4,1,self,NN,NOUN,2,NN|NNP,1,NOUN,0,1.2088575207900913,0.1875,2.415037499278844,0.45281953111478324
self-determination,61,1.4587480402557066e-05,16.064909756680898,0.0002343465562444304,35,2.4556794837761897,85.94878193216664,18,1,self-determin,NN,NOUN,2,NN|NNP,1,NOUN,0,1.2290222914922697,0.18229166666666666,2.4556794837761897,0.44764990589670123
self-government,360,8.609004827738597e-05,13.503793997914109,0.0011625422772083005,43,2.158697746019058,92.8240030788195,15,1,self-govern,NN,NOUN,2,NN|NNP,1,NOUN,0,1.0824965740983308,0.22395833333333334,2.158697746019058,0.48345834936885157
senate,2903,0.0006942205837479207,10.492318237617122,0.0072839832917875125,63,1.6076825772212395,101.28400236493809,6,1,senat,NNP,NOUN,2,NN|NNP,1,NOUN,0,0.8141630177133193,0.328125,1.6076825772212395,0.5275208456507192
senator,757,0.00018102824040550325,12.431497604258052,0.002250452136904064,54,1.8300749985576876,98.82404992211514,7,1,senat,NNP,NOUN,2,NN|NNP,1,NOUN,0,0.9184012514022069,0.28125,1.8300749985576876,0.5147085933443496
senators,780,0.00018652843793433624,12.388316780494172,0.0023107733777013033,56,1.777607578663552,99.5460244051589,8,1,senat,NNP,NOUN,2,NN|NNP,1,NOUN,0,0.8926128810700394,0.2916666666666667,1.777607578663552,0.5184688771102026
send,195,4.663210948358406e-05,14.388316780494172,0.0006709575633924939,81,1.2451124978365313,100.85411232475904,4,1,send,NN,NOUN,2,NN|NNP,1,NOUN,0,0.6234826983319525,0.421875,1.2451124978365313,0.5252818350247866
senior,331,7.915501661059653e-05,13.624959687436565,0.0010784839103777494,87,1.142019004872428,99.35565342390123,6,1,senior,NN,NOUN,2,NN|NNP,1,NOUN,0,0.5721923527057075,0.453125,1.142019004872428,0.5174773615828189
seniority,67,1.6022314540513498e-05,15.92955790378601,0.00025522838722578234,37,2.3755091350922064,87.89383799841164,9,1,senior,NN,NOUN,2,NN|NNP,1,NOUN,0,1.1888868725918258,0.19270833333333334,2.3755091350922064,0.4577804062417273
sense,67,1.6022314540513498e-05,15.92955790378601,0.00025522838722578234,34,2.497499659470817,84.91498842200778,5,1,sens,NN,NOUN,1,NN,1,NOUN,0,1.2499369452001485,0.17708333333333334,2.4974996594708165,0.44226556469795714
sent,332,7.939415563358927e-05,13.620607662896857,0.0010813966446120917,87,1.142019004872428,99.35565342390123,4,1,sent,NN,NOUN,1,NN,1,NOUN,0,0.5720939164418966,0.453125,1.142019004872428,0.5174773615828189
sentenced,261,6.241528500110482e-05,13.967741097673898,0.000871800541432961,95,1.0151068923902085,96.4351547770698,9,1,sentenc,VB,VERB,2,NNP|VB,2,NOUN|VERB,0,0.508432325887009,0.4947916666666667,1.0151068923902085,0.5022664311305719
sentences,243,5.8110782587235525e-05,14.070834590638002,0.0008176672097175181,90,1.0931094043914815,98.37984639523334,9,1,sentenc,NN,NOUN,2,NN|NNP,1,NOUN,0,0.5474840614420141,0.46875,1.0931094043914815,0.512395033308507
sentencing,40,9.56556091970955e-06,16.67371899935642,0.00015949347484646242,38,2.3370349872775704,88.80732951654768,10,1,sentenc,VB,VERB,2,NNP|VB,2,NOUN|VERB,0,1.1694648130307412,0.19791666666666666,2.337034987277571,0.46253817456535257
separate,254,6.0741311840155654e-05,14.006962407471617,0.0008508012715255709,104,0.8845227825800641,91.99036938832667,8,1,separ,NN,NOUN,2,NN|NNP,1,NOUN,0,0.44308600766042283,0.5416666666666666,0.8845227825800641,0.479116507230868
separated,60,1.4348341379564327e-05,16.088756498635263,0.00023084697061510282,46,2.0614005446641435,94.8244250545506,9,1,separ,VB,VERB,1,VB,1,VERB,0,1.0316734538228969,0.23958333333333334,2.0614005446641435,0.49387721382578437
separately,137,3.276204615000521e-05,14.897615011283255,0.00048807635052467243,68,1.4974996594708168,101.82997684401553,10,1,separ,RB,ADV,1,RB,1,ADV,0,0.7497396040574481,0.3541666666666667,1.4974996594708165,0.5303644627292475
separation,136,3.2522907127012474e-05,14.908184252993443,0.0004848574918924956,74,1.3755091350922064,101.78767599682327,10,1,separ,NN,NOUN,2,NN|NNP,1,NOUN,0,0.6887055572919514,0.3854166666666667,1.3755091350922062,0.5301441458167878
september,175,4.184932902372929e-05,14.544435982411454,0.0006086748868925042,72,1.4150374992788437,101.88269994807675,9,1,septemb,NNP,NOUN,1,NNP,1,NOUN,0,0.7085632324948458,0.375,1.4150374992788437,0.5306390622295664
servant,87,2.0805095000368274e-05,15.552703598395054,0.0003235754758771786,33,2.5405683813627027,83.83875658496919,7,1,servant,NN,NOUN,2,NN|NNP,1,NOUN,0,1.2715530537856792,0.171875,2.5405683813627027,0.4366601905467145
servants,345,8.250296293249488e-05,13.56519454257825,0.0011191687425184153,71,1.435215381216474,101.90029206636966,8,1,servant,NN,NOUN,2,NN|NNP,1,NOUN,0,0.7191874156588928,0.3697916666666667,1.435215381216474,0.5307306878456753
served,214,5.11757509204461e-05,14.254180107842636,0.0007294683707741323,74,1.3755091350922064,101.78767599682327,6,1,serv,VB,VERB,1,VB,1,VERB,0,0.6886898990996225,0.3854166666666667,1.3755091350922062,0.5301441458167878
serves,52,1.2435229195622417e-05,16.29520737610269,0.00020263463851203395,36,2.415037499278844,86.94134997403839,6,1,serv,NN,NOUN,1,NN,1,NOUN,0,1.2086847684538158,0.1875,2.415037499278844,0.45281953111478324
serving,262,6.265442402409756e-05,13.962224092706332,0.0008747951086238933,95,1.0151068923902085,96.4351547770698,7,1,serv,VB,VERB,2,NNP|VB,2,NOUN|VERB,0,0.5084364179143578,0.4947916666666667,1.0151068923902085,0.5022664311305719
servitude,98,2.34356242532884e-05,15.380937250128575,0.00036046186605742024,65,1.5625946876927017,101.5686547000256,9,1,servitud,NN,NOUN,2,NN|NNP,1,NOUN,0,0.7822177704351088,0.3385416666666667,1.5625946876927015,0.5290034098959667
setting,146,3.4914297356939864e-05,14.805822535363765,0.0005169348906137718,68,1.4974996594708168,101.82997684401553,7,1,set,VB,VERB,2,NNP|VB,2,NOUN|VERB,0,0.7497460372675877,0.3541666666666667,1.4974996594708165,0.5303644627292475
settle,83,1.984853890839732e-05,15.620607662896857,0.0003100462389698176,52,1.8845227825800641,97.99518469416333,6,1,settl,NN,NOUN,2,NN|NNP,1,NOUN,0,0.9433065077841266,0.2708333333333333,1.8845227825800641,0.5103915869487673
settled,98,2.34356242532884e-05,15.380937250128575,0.00036046186605742024,31,2.6307661903342807,81.5537519003627,7,1,settl,VB,VERB,2,NNP|VB,2,NOUN|VERB,0,1.3167531433365876,0.16145833333333334,2.6307661903342807,0.42475912448105574
settlement,216,5.165402896643158e-05,14.240759592080314,0.0007355926084733049,83,1.2099230693742313,100.4236147580612,10,1,settlement,NN,NOUN,2,NN|NNP,1,NOUN,0,0.60589953892279,0.4322916666666667,1.2099230693742313,0.5230396601982354
seventh,92,2.200079011533197e-05,15.47208513818677,0.0003403980977717942,37,2.3755091350922064,87.89383799841164,7,1,seventh,NNP,NOUN,2,NN|NNP,1,NOUN,0,1.188922027217925,0.19270833333333334,2.3755091350922064,0.4577804062417273
seventy,92,2.200079011533197e-05,15.47208513818677,0.0003403980977717942,47,2.030373649043519,95.42756150504539,7,1,seventi,NN,NOUN,2,NN|NNP,1,NOUN,0,1.0162230472954434,0.24479166666666666,2.030373649043519,0.4970185495054447
severe,91,2.176165109233923e-05,15.487852454045086,0.0003370412412745591,66,1.5405683813627027,101.67751316993838,6,1,sever,NN,NOUN,1,NN,1,NOUN,0,0.771118411503687,0.34375,1.5405683813627027,0.529570381093429
share,182,4.352330218467846e-05,14.487852454045086,0.0006305591803644397,72,1.4150374992788437,101.88269994807675,5,1,share,NN,NOUN,1,NN,1,NOUN,0,0.7085533472454957,0.375,1.4150374992788437,0.5306390622295664
shelf,62,1.4826619425549805e-05,16.041450783856906,0.00023784048580593393,37,2.3755091350922064,87.89383799841164,5,1,shelf,NN,NOUN,2,NN|NNP,1,NOUN,0,1.1888369421524771,0.19270833333333334,2.3755091350922064,0.4577804062417273
short,63,1.5065758448542544e-05,16.018367170743865,0.00024132885053449092,32,2.584962500721156,82.718800023077,5,1,short,NN,NOUN,2,NN|NNP,1,NOUN,0,1.2936035864363835,0.16666666666666666,2.584962500721156,0.430827083453526
shorter,42,1.0043838965695029e-05,16.603329671465023,0.00016676116951454083,34,2.497499659470817,84.91498842200778,7,1,shorter,NN,NOUN,1,NN,1,NOUN,0,1.2498100216922399,0.17708333333333334,2.4974996594708165,0.44226556469795714
showing,90,2.152251206934649e-05,15.503793997914109,0.0003336805934407681,50,1.9411063109464315,97.05531554732157,7,1,show,VB,VERB,1,VB,1,VERB,0,0.9714900869343798,0.2604166666666667,1.9411063109464315,0.5054964351422999
shown,190,4.5436414368620366e-05,14.425791485912836,0.0006554562395492513,48,2.0,96.0,5,1,shown,NN,NOUN,1,NN,1,NOUN,0,1.0013471859790568,0.25,2.0,0.5
shows,70,1.6739731609491715e-05,15.866364077298815,0.0002655986762724628,42,2.192645077942396,92.09109327358063,5,1,show,NN,NOUN,1,NN,1,NOUN,0,1.09731932986125,0.21875,2.192645077942396,0.4796411107998991
siege,213,5.093661189745336e-05,14.260937474017945,0.000726403837407901,37,2.3755091350922064,87.89383799841164,5,1,sieg,NN,NOUN,2,NN|NNP,1,NOUN,0,1.1898223032306878,0.19270833333333334,2.3755091350922064,0.4577804062417273
sign,268,6.408925816205399e-05,13.92955790378601,0.0008927350325790213,93,1.0458036896131246,97.2597431340206,4,1,sign,NN,NOUN,2,NN|NNP,1,NOUN,0,0.5240257338490635,0.484375,1.0458036896131246,0.5065611621563573
signature,144,3.4436019310954386e-05,14.82572209280147,0.0005105388522865545,63,1.6076825772212395,101.28400236493809,9,1,signatur,NN,NOUN,2,NN|NNP,1,NOUN,0,0.8050804345424857,0.328125,1.6076825772212395,0.5275208456507192
signified,81,1.937026086241184e-05,15.655797091359158,0.00030325687366861544,34,2.497499659470817,84.91498842200778,9,1,signifi,VB,VERB,1,VB,1,VERB,0,1.2499455044829326,0.17708333333333334,2.4974996594708165,0.44226556469795714
signing,61,1.4587480402557066e-05,16.064909756680898,0.0002343465562444304,31,2.6307661903342807,81.5537519003627,7,1,sign,VB,VERB,2,NNP|VB,2,NOUN|VERB,0,1.3166280455553208,0.16145833333333334,2.6307661903342807,0.42475912448105574
signs,59,1.4109202356571588e-05,16.11300404488194,0.00022734163464149579,41,2.2274104961030723,91.32383034022597,5,1,sign,NN,NOUN,2,NN|NNP,1,NOUN,0,1.1148641960075858,0.21354166666666666,2.2274104961030727,0.475644949688677
similar,395,9.445991408213182e-05,13.369938251179317,0.0012629232184898059,101,0.9267510179693613,93.6018528149055,7,1,similar,NN,NOUN,2,NN|NNP,1,NOUN,0,0.46432292677115644,0.5260416666666666,0.9267510179693615,0.48750965007763286
simple,169,4.0414494885772854e-05,14.594767657961599,0.0005898401628717321,75,1.3561438102252754,101.71078576689565,6,1,simpl,NN,NOUN,2,NN|NNP,1,NOUN,0,0.6790741362893727,0.390625,1.3561438102252754,0.5297436758692482
simultaneously,123,2.941409982810687e-05,15.053132588904543,0.00044277434469576705,61,1.6542251631582698,100.90773495265447,14,1,simultan,RB,ADV,2,NNP|RB,2,ADV|NOUN,0,0.828185563627227,0.3177083333333333,1.65422516315827,0.5255611195450753
single,360,8.609004827738597e-05,13.503793997914109,0.0011625422772083005,118,0.7023194513593151,82.87369526039917,6,1,singl,NN,NOUN,2,NN|NNP,1,NOUN,0,0.35191997709288764,0.6145833333333334,0.7023194513593148,0.4316338294812456
sinking,54,1.2913507241607895e-05,16.240759592080313,0.00020972516660154199,39,2.299560281858908,89.68285099249741,7,1,sink,VB,VERB,1,VB,1,VERB,0,1.1507577120431944,0.203125,2.299560281858908,0.46709818225259064
sit,264,6.313270207008304e-05,13.95125297488533,0.0008807802975677952,84,1.1926450779423958,100.18218654716125,3,1,sit,NN,NOUN,1,NN,1,NOUN,0,0.5974643257666502,0.4375,1.1926450779423958,0.5217822215997981
sites,99,2.367476327628114e-05,15.366290474164172,0.0003637932894104106,41,2.2274104961030723,91.32383034022597,5,1,site,NN,NOUN,2,NN|NNP,1,NOUN,0,1.114865738668868,0.21354166666666666,2.2274104961030727,0.475644949688677
sits,103,2.4631319368252095e-05,15.309146567060564,0.0003770844783486489,45,2.0931094043914813,94.18992319761666,4,1,sit,NN,NOUN,1,NN,1,NOUN,0,1.0476478615616016,0.234375,2.0931094043914813,0.49057251665425344
sittings,340,8.130726781753119e-05,13.586256158106082,0.0011046613680847136,94,1.0303736490435187,96.85512301009075,8,1,sit,NN,NOUN,2,NN|NNP,1,NOUN,0,0.5164186327765584,0.4895833333333333,1.030373649043519,0.5044537656775561
situated,59,1.4109202356571588e-05,16.11300404488194,0.00022734163464149579,31,2.6307661903342807,81.5537519003627,8,1,situat,VB,VERB,1,VB,1,VERB,0,1.3165090001838156,0.16145833333333334,2.6307661903342807,0.42475912448105574
situations,101,2.4153041322266617e-05,15.337435611491987,0.0003704457161019695,46,2.0614005446641435,94.8244250545506,10,1,situat,NN,NOUN,1,NN,1,NOUN,0,1.0318092339071256,0.23958333333333334,2.0614005446641435,0.49387721382578437
sixteen,42,1.0043838965695029e-05,16.603329671465023,0.00016676116951454083,32,2.584962500721156,82.718800023077,7,1,sixteen,NN,NOUN,2,NN|NNP,1,NOUN,0,1.2935520304172823,0.16666666666666666,2.584962500721156,0.430827083453526
sixth,87,2.0805095000368274e-05,15.552703598395054,0.0003235754758771786,34,2.497499659470817,84.91498842200778,5,1,sixth,NNP,NOUN,2,NN|NNP,1,NOUN,0,1.2500558676846736,0.17708333333333334,2.4974996594708165,0.44226556469795714
sixty-five,96,2.2957346207302922e-05,15.410684593522626,0.0003537884215050482,35,2.4556794837761897,85.94878193216664,10,1,sixty-f,NN,NOUN,2,NN|NNP,1,NOUN,0,1.2290934436945287,0.18229166666666666,2.4556794837761897,0.44764990589670123
size,53,1.2674368218615156e-05,16.267726639680582,0.0002061831575110867,37,2.3755091350922064,87.89383799841164,4,1,size,NN,NOUN,2,NN|NNP,1,NOUN,0,1.1889089202150422,0.19270833333333334,2.3755091350922064,0.4577804062417273
slavery,145,3.4675158333947125e-05,14.815738004228848,0.0005137380611309131,77,1.3181759600262548,101.49954892202162,7,1,slaveri,NN,NOUN,2,NN|NNP,1,NOUN,0,0.6599596652221408,0.4010416666666667,1.3181759600262548,0.5286434839688626
small,135,3.2283768104019735e-05,14.918831497192953,0.00048163609643832284,44,2.1255308820838588,93.52335881168979,5,1,small,NN,NOUN,2,NN|NNP,1,NOUN,0,1.0640214385434688,0.22916666666666666,2.125530882083859,0.4871008271442177
socially,55,1.3152646264600634e-05,16.214287380719124,0.00021326078635117658,33,2.5405683813627027,83.83875658496919,8,1,social,RB,ADV,2,NNP|RB,2,ADV|NOUN,0,1.2714458774708424,0.171875,2.5405683813627027,0.4366601905467145
societies,85,2.0326816954382796e-05,15.586256158106082,0.00031681897592994397,41,2.2274104961030723,91.32383034022597,9,1,societi,NN,NOUN,2,NN|NNP,1,NOUN,0,1.114848940881612,0.21354166666666666,2.2274104961030727,0.475644949688677
socio-economic,79,1.8891982816426363e-05,15.69186634606668,0.00029645046936755087,34,2.497499659470817,84.91498842200778,14,1,socio-econom,NN,NOUN,2,NN|NNP,1,NOUN,0,1.250110466517361,0.17708333333333334,2.4974996594708165,0.44226556469795714
soil,75,1.793542672445541e-05,15.766828403747901,0.0002827847955124827,54,1.8300749985576876,98.82404992211514,4,1,soil,NN,NOUN,2,NN|NNP,1,NOUN,0,0.9159050198947831,0.28125,1.8300749985576876,0.5147085933443496
sole,341,8.154640684052392e-05,13.58201916521961,0.0011075648605627915,106,0.857042046157957,90.84645689274345,4,1,sole,NN,NOUN,2,NN|NNP,1,NOUN,0,0.42938594108176026,0.5520833333333334,0.8570420461579569,0.4731586296497054
solely,150,3.587085344891082e-05,14.766828403747901,0.0005296987375760547,68,1.4974996594708168,101.82997684401553,6,1,sole,RB,ADV,2,NNP|RB,2,ADV|NOUN,0,0.7498721428878077,0.3541666666666667,1.4974996594708165,0.5303644627292475
solemn,64,1.530489747153528e-05,15.995647094243783,0.00024481173876826233,35,2.4556794837761897,85.94878193216664,6,1,solemn,NN,NOUN,2,NN|NNP,1,NOUN,0,1.229184916953747,0.18229166666666666,2.4556794837761897,0.44764990589670123
solemnly,296,7.078515080585068e-05,13.786193728614833,0.0009758578021186739,91,1.07716786052246,98.02227530754385,8,1,solemnli,RB,ADV,2,NNP|RB,2,ADV|NOUN,0,0.5396170638401264,0.4739583333333333,1.07716786052246,0.5105326838934575
solidarity,270,6.456753620803947e-05,13.918831497192953,0.0008987046566686062,78,1.2995602818589078,101.36570198499481,10,1,solidar,NN,NOUN,2,NN|NNP,1,NOUN,0,0.6509822003490163,0.40625,1.2995602818589078,0.5279463645051813
soon,631,0.00015089672350841816,12.694150899261233,0.00191550577841996,119,0.6901447374132127,82.12722375217231,4,1,soon,NN,NOUN,1,NN,1,NOUN,0,0.34620787699748784,0.6197916666666666,0.6901447374132127,0.4277459570425641
sooner,174,4.161019000073655e-05,14.552703598395054,0.0006055407617536207,58,1.726981505593584,100.16492732442786,6,1,sooner,NN,NOUN,1,NN,1,NOUN,0,0.8646462987742298,0.3020833333333333,1.7269815055935842,0.5216923298147286
sought,47,1.1239534080658722e-05,16.441058242566147,0.0001847898344394172,35,2.4556794837761897,85.94878193216664,6,1,sought,NN,NOUN,1,NN,1,NOUN,0,1.229004336375853,0.18229166666666666,2.4556794837761897,0.44764990589670123
sound,97,2.319648523029566e-05,15.395734252056656,0.0003571269221873892,48,2.0,96.0,5,1,sound,NN,NOUN,2,NN|NNP,1,NOUN,0,1.0010640345320418,0.25,2.0,0.5
source,161,3.850138270183094e-05,14.664730216129165,0.000564612390270293,85,1.1755715645834544,99.92358298959363,6,1,sourc,NN,NOUN,2,NN|NNP,1,NOUN,0,0.5886906058990152,0.4427083333333333,1.1755715645834544,0.5204353280708001
sources,216,5.165402896643158e-05,14.240759592080314,0.0007355926084733049,92,1.0614005446641432,97.64885010910118,7,1,sourc,NN,NOUN,2,NN|NNP,1,NOUN,0,0.5316317024843339,0.4791666666666667,1.0614005446641432,0.508587760984902
south,402,9.613388724308099e-05,13.344595403064854,0.0012828678297827736,32,2.584962500721156,82.718800023077,5,1,south,NNP,NOUN,2,NN|NNP,1,NOUN,0,1.295417504784951,0.16666666666666666,2.584962500721156,0.430827083453526
space,94,2.2479068161317444e-05,15.441058242566145,0.0003471006007175169,49,1.970252656605948,96.54238017369146,5,1,space,NN,NOUN,2,NN|NNP,1,NOUN,0,0.9862589517343842,0.2552083333333333,1.9702526566059482,0.5028248967379764
speak,151,3.610999247190356e-05,14.757242354918704,0.0005328839103421707,70,1.4556794837761897,101.89756386433328,5,1,speak,NN,NOUN,2,NN|NNP,1,NOUN,0,0.7288142951845087,0.3645833333333333,1.4556794837761897,0.5307164784600692
speaker,3912,0.0009355118579475941,10.06195643929155,0.009413079563109395,87,1.142019004872428,99.35565342390123,7,1,speaker,NNP,NOUN,2,NN|NNP,1,NOUN,0,0.5793833350710081,0.453125,1.142019004872428,0.5174773615828189
specialized,145,3.4675158333947125e-05,14.815738004228848,0.0005137380611309131,54,1.8300749985576876,98.82404992211514,11,1,special,VB,VERB,2,NNP|VB,2,NOUN|VERB,0,0.9162583865630567,0.28125,1.8300749985576876,0.5147085933443496
specially,95,2.2718207184310183e-05,15.425791485912836,0.0003504463269589358,46,2.0614005446641435,94.8244250545506,9,1,special,RB,ADV,2,NNP|RB,2,ADV|NOUN,0,1.0318067709259584,0.23958333333333334,2.0614005446641435,0.49387721382578437
specifically,190,4.5436414368620366e-05,14.425791485912836,0.0006554562395492513,80,1.2630344058337937,101.04275246670349,12,1,specif,RB,ADV,1,RB,1,ADV,0,0.6324748346803962,0.4166666666666667,1.2630344058337937,0.5262643357640807
specifies,102,2.4392180345259356e-05,15.323221752272287,0.0003737667884518267,38,2.3370349872775704,88.80732951654768,9,1,specifi,NN,NOUN,1,NN,1,NOUN,0,1.1699003500296603,0.19791666666666666,2.337034987277571,0.46253817456535257
specify,301,7.198084592081438e-05,13.76202741748408,0.0009906023750959447,89,1.1092290697547584,98.7213872081735,7,1,specifi,NN,NOUN,1,NN,1,NOUN,0,0.555681248573041,0.4635416666666667,1.1092290697547584,0.514173891709237
specifying,86,2.0565955977375535e-05,15.569382339541685,0.0003201992317899424,52,1.8845227825800641,97.99518469416333,10,1,specifi,VB,VERB,2,NNP|VB,2,NOUN|VERB,0,0.9431973246907036,0.2708333333333333,1.8845227825800641,0.5103915869487673
speech,170,4.065363390876559e-05,14.586256158106082,0.0005929843179511223,94,1.0303736490435187,96.85512301009075,6,1,speech,NN,NOUN,2,NN|NNP,1,NOUN,0,0.5160330321240651,0.4895833333333333,1.030373649043519,0.5044537656775561
spent,72,1.7218009655477193e-05,15.82572209280147,0.0002724874357987545,42,2.192645077942396,92.09109327358063,5,1,spent,NN,NOUN,1,NN,1,NOUN,0,1.0973021862408487,0.21875,2.192645077942396,0.4796411107998991
sphere,151,3.610999247190356e-05,14.757242354918704,0.0005328839103421707,33,2.5405683813627027,83.83875658496919,6,1,sphere,NN,NOUN,2,NN|NNP,1,NOUN,0,1.2717743468956704,0.171875,2.5405683813627027,0.4366601905467145
spheres,79,1.8891982816426363e-05,15.69186634606668,0.00029645046936755087,39,2.299560281858908,89.68285099249741,7,1,sphere,NN,NOUN,1,NN,1,NOUN,0,1.1509094230937627,0.203125,2.299560281858908,0.46709818225259064
spirit,132,3.156635103504152e-05,14.95125297488533,0.0004719564998189391,73,1.395137941841139,101.84506975440314,6,1,spirit,NN,NOUN,2,NN|NNP,1,NOUN,0,0.6985475694707269,0.3802083333333333,1.3951379418411392,0.5304430716375165
spiritual,107,2.558787546022305e-05,15.254180107842636,0.0003903220608472892,64,1.584962500721156,101.43760004615399,9,1,spiritu,NN,NOUN,2,NN|NNP,1,NOUN,0,0.7935257066766809,0.3333333333333333,1.584962500721156,0.5283208335737186
spoken,53,1.2674368218615156e-05,16.267726639680582,0.0002061831575110867,35,2.4556794837761897,85.94878193216664,6,1,spoken,NN,NOUN,1,NN,1,NOUN,0,1.2289395487666077,0.18229166666666666,2.4556794837761897,0.44764990589670123
sports,187,4.4718997299642156e-05,14.448752634356145,0.0006461337300389699,66,1.5405683813627027,101.67751316993838,6,1,sport,NN,NOUN,2,NN|NNP,1,NOUN,0,0.7714398347280379,0.34375,1.5405683813627027,0.529570381093429
spouse,89,2.1283373046353752e-05,15.519913663277384,0.0003303161121427352,50,1.9411063109464315,97.05531554732157,6,1,spous,NN,NOUN,1,NN,1,NOUN,0,0.971578894574593,0.2604166666666667,1.9411063109464315,0.5054964351422999
spouses,85,2.0326816954382796e-05,15.586256158106082,0.00031681897592994397,56,1.777607578663552,99.5460244051589,7,1,spous,NN,NOUN,2,NN|NNP,1,NOUN,0,0.8897594774970775,0.2916666666666667,1.777607578663552,0.5184688771102026
spread,62,1.4826619425549805e-05,16.041450783856906,0.00023784048580593393,49,1.970252656605948,96.54238017369146,6,1,spread,NN,NOUN,1,NN,1,NOUN,0,0.9860734819374316,0.2552083333333333,1.9702526566059482,0.5028248967379764
st,216,5.165402896643158e-05,14.240759592080314,0.0007355926084733049,67,1.5188733102633836,101.7645117876467,2,1,st,NN,NOUN,2,NN|NNP,1,NOUN,0,0.7607316840028738,0.3489583333333333,1.5188733102633838,0.5300234988939933
stability,168,4.0175355862780115e-05,14.603329671465023,0.0005866939663326031,74,1.3755091350922064,101.78767599682327,9,1,stabil,NN,NOUN,2,NN|NNP,1,NOUN,0,0.6887815762532896,0.3854166666666667,1.3755091350922062,0.5301441458167878
staff,572,0.0001367875211518466,12.835775757465393,0.0017557739479246571,96,1.0,96.0,5,1,staff,NN,NOUN,2,NN|NNP,1,NOUN,0,0.5012626713393249,0.5,1.0,0.5
stage,106,2.534873643723031e-05,15.267726639680584,0.0003870175785849431,71,1.435215381216474,101.90029206636966,5,1,stage,NN,NOUN,2,NN|NNP,1,NOUN,0,0.7183956365643623,0.3697916666666667,1.435215381216474,0.5307306878456753
stages,72,1.7218009655477193e-05,15.82572209280147,0.0002724874357987545,39,2.299560281858908,89.68285099249741,6,1,stage,NN,NOUN,2,NN|NNP,1,NOUN,0,1.1509188360622804,0.203125,2.299560281858908,0.46709818225259064
stand,262,6.265442402409756e-05,13.962224092706332,0.0008747951086238933,95,1.0151068923902085,96.4351547770698,5,1,stand,NN,NOUN,2,NN|NNP,1,NOUN,0,0.5084649885774003,0.4947916666666667,1.0151068923902085,0.5022664311305719
standard,148,3.539257540292534e-05,14.786193728614833,0.0005233214764622623,78,1.2995602818589078,101.36570198499481,8,1,standard,NN,NOUN,2,NN|NNP,1,NOUN,0,0.6506997065239792,0.40625,1.2995602818589078,0.5279463645051813
standards,328,7.843759954161832e-05,13.638095089625699,0.0010697394411505717,99,0.9556058806415466,94.60498218351312,9,1,standard,NN,NOUN,2,NN|NNP,1,NOUN,0,0.47884775776385763,0.515625,0.9556058806415466,0.49273428220579746
standing,844,0.00020183333540587154,12.274547905536597,0.002477412944373606,95,1.0151068923902085,96.4351547770698,8,1,stand,NNP,NOUN,2,NNP|VB,2,NOUN|VERB,0,0.5098135974698421,0.4947916666666667,1.0151068923902085,0.5022664311305719
stands,79,1.8891982816426363e-05,15.69186634606668,0.00029645046936755087,31,2.6307661903342807,81.5537519003627,6,1,stand,NN,NOUN,1,NN,1,NOUN,0,1.3165854744040013,0.16145833333333334,2.6307661903342807,0.42475912448105574
start,84,2.0087677931390057e-05,15.603329671465023,0.0003134346610976916,39,2.299560281858908,89.68285099249741,5,1,start,NN,NOUN,2,NN|NNP,1,NOUN,0,1.1510162124584424,0.203125,2.299560281858908,0.46709818225259064
starting,72,1.7218009655477193e-05,15.82572209280147,0.0002724874357987545,35,2.4556794837761897,85.94878193216664,8,1,start,VB,VERB,2,NNP|VB,2,NOUN|VERB,0,1.229048944176358,0.18229166666666666,2.4556794837761897,0.44764990589670123
state's,110,2.6305292529201268e-05,15.214287380719123,0.0004002162801731519,35,2.4556794837761897,85.94878193216664,7,1,state',NNP,NOUN,2,NN|NNP,1,NOUN,0,1.229696433131914,0.18229166666666666,2.4556794837761897,0.44764990589670123
stated,235,5.619767040329361e-05,14.119130147678783,0.0007934622224204586,90,1.0931094043914815,98.37984639523334,6,1,state,VB,VERB,2,NNP|VB,2,NOUN|VERB,0,0.5475265339934495,0.46875,1.0931094043914815,0.512395033308507
statement,485,0.00011598242615147831,13.073806157169292,0.00151633175714263,119,0.6901447374132127,82.12722375217231,9,1,statement,NN,NOUN,2,NN|NNP,1,NOUN,0,0.34598891713238006,0.6197916666666666,0.6901447374132127,0.4277459570425641
statements,139,3.324032419599069e-05,14.876706021520276,0.0004945065311237808,64,1.584962500721156,101.43760004615399,10,1,statement,NN,NOUN,2,NN|NNP,1,NOUN,0,0.7935825900826606,0.3333333333333333,1.584962500721156,0.5283208335737186
stating,133,3.180549005803426e-05,14.940364658742594,0.00047518561961704396,64,1.584962500721156,101.43760004615399,7,1,state,VB,VERB,1,VB,1,VERB,0,0.793434623001085,0.3333333333333333,1.584962500721156,0.5283208335737186
statistics,76,1.817456574744815e-05,15.747719580800197,0.0002862079648936298,40,2.263034405833794,90.52137623335176,10,1,statist,NN,NOUN,2,NN|NNP,1,NOUN,0,1.1326020026572932,0.20833333333333334,2.263034405833794,0.47146550121537373
statute,897,0.00021450770362448668,12.186682919324522,0.0026141373678240584,84,1.1926450779423958,100.18218654716125,7,1,statut,NN,NOUN,2,NN|NNP,1,NOUN,0,0.6001220014458378,0.4375,1.1926450779423958,0.5217822215997981
statutes,310,7.413309712774902e-05,13.719522688969546,0.0010170707080477358,62,1.630766190334281,101.10750380072542,8,1,statut,NN,NOUN,2,NN|NNP,1,NOUN,0,0.8172892436886476,0.3229166666666667,1.630766190334281,0.526601582295445
statutory,446,0.00010665600425476149,13.194747194323478,0.0014072990128982672,72,1.4150374992788437,101.88269994807675,9,1,statutori,NN,NOUN,2,NN|NNP,1,NOUN,0,0.7093744063554298,0.375,1.4150374992788437,0.5306390622295664
stay,61,1.4587480402557066e-05,16.064909756680898,0.0002343465562444304,40,2.263034405833794,90.52137623335176,4,1,stai,NN,NOUN,1,NN,1,NOUN,0,1.1326225142519797,0.20833333333333334,2.263034405833794,0.47146550121537373
steps,127,3.0370655920077827e-05,15.006962407471617,0.00045577129168286324,53,1.857042046157957,98.42322844637172,5,1,step,NN,NOUN,2,NN|NNP,1,NOUN,0,0.9296027458511692,0.2760416666666667,1.8570420461579569,0.5126209814915194
stipulated,428,0.0001023515018408922,13.254180107842636,0.0013565852397073724,67,1.5188733102633836,101.7645117876467,10,1,stipul,VB,VERB,1,VB,1,VERB,0,0.7619195688086102,0.3489583333333333,1.5188733102633838,0.5300234988939933
strength,76,1.817456574744815e-05,15.747719580800197,0.0002862079648936298,44,2.1255308820838588,93.52335881168979,8,1,strength,NN,NOUN,2,NN|NNP,1,NOUN,0,1.0638138823781929,0.22916666666666666,2.125530882083859,0.4871008271442177
strengthen,106,2.534873643723031e-05,15.267726639680584,0.0003870175785849431,52,1.8845227825800641,97.99518469416333,10,1,strengthen,NN,NOUN,2,NN|NNP,1,NOUN,0,0.9434966633385201,0.2708333333333333,1.8845227825800641,0.5103915869487673
strengthening,76,1.817456574744815e-05,15.747719580800197,0.0002862079648936298,43,2.158697746019058,92.8240030788195,13,1,strengthen,VB,VERB,2,NNP|VB,2,NOUN|VERB,0,1.080463438910343,0.22395833333333334,2.158697746019058,0.48345834936885157
strict,71,1.6978870632484454e-05,15.845899974739101,0.0002690454857263839,42,2.192645077942396,92.09109327358063,6,1,strict,NN,NOUN,2,NN|NNP,1,NOUN,0,1.0975210221816998,0.21875,2.192645077942396,0.4796411107998991
strictly,112,2.6783570575186742e-05,15.188292172186179,0.00040679669531030484,54,1.8300749985576876,98.82404992211514,8,1,strictli,RB,ADV,2,NNP|RB,2,ADV|NOUN,0,0.9161839675220816,0.28125,1.8300749985576876,0.5147085933443496
strike,176,4.208846804672203e-05,14.536215475606486,0.0006118070405653299,98,0.970252656605948,95.0847603473829,6,1,strike,NN,NOUN,2,NN|NNP,1,NOUN,0,0.48590882964327325,0.5104166666666666,0.9702526566059481,0.49523312680928594
strive,110,2.6305292529201268e-05,15.214287380719123,0.0004002162801731519,49,1.970252656605948,96.54238017369146,6,1,strive,NN,NOUN,2,NN|NNP,1,NOUN,0,0.9864088836168726,0.2552083333333333,1.9702526566059482,0.5028248967379764
structure,388,9.278594092118264e-05,13.395734252056656,0.0012429358069071916,95,1.0151068923902085,96.4351547770698,9,1,structur,NN,NOUN,2,NN|NNP,1,NOUN,0,0.5089409669719859,0.4947916666666667,1.0151068923902085,0.5022664311305719
structures,74,1.769628770146267e-05,15.786193728614833,0.00027935702593259384,43,2.158697746019058,92.8240030788195,10,1,structur,NN,NOUN,2,NN|NNP,1,NOUN,0,1.0804137733210166,0.22395833333333334,2.158697746019058,0.48345834936885157
struggle,130,3.108807298905604e-05,14.973279281215328,0.00046549039917994267,43,2.158697746019058,92.8240030788195,8,1,struggl,NN,NOUN,2,NN|NNP,1,NOUN,0,1.0809595011899564,0.22395833333333334,2.158697746019058,0.48345834936885157
students,83,1.984853890839732e-05,15.620607662896857,0.0003100462389698176,43,2.158697746019058,92.8240030788195,8,1,student,NN,NOUN,2,NN|NNP,1,NOUN,0,1.0804319393739903,0.22395833333333334,2.158697746019058,0.48345834936885157
studies,75,1.793542672445541e-05,15.766828403747901,0.0002827847955124827,40,2.263034405833794,90.52137623335176,7,1,studi,NN,NOUN,2,NN|NNP,1,NOUN,0,1.132612576167052,0.20833333333333334,2.263034405833794,0.47146550121537373
study,135,3.2283768104019735e-05,14.918831497192953,0.00048163609643832284,58,1.726981505593584,100.16492732442786,5,1,studi,NN,NOUN,2,NN|NNP,1,NOUN,0,0.864611229370627,0.3020833333333333,1.7269815055935842,0.5216923298147286
subjects,123,2.941409982810687e-05,15.053132588904543,0.00044277434469576705,50,1.9411063109464315,97.05531554732157,8,1,subject,NN,NOUN,2,NN|NNP,1,NOUN,0,0.9717875382111413,0.2604166666666667,1.9411063109464315,0.5054964351422999
submission,323,7.724190442665462e-05,13.660256739549858,0.0010551442455198749,105,0.8707169830550335,91.42528322077852,10,1,submiss,NN,NOUN,2,NN|NNP,1,NOUN,0,0.43635506839410726,0.546875,0.8707169830550335,0.4761733501082215
submits,104,2.4870458391244834e-05,15.29520737610269,0.00038039881863282304,50,1.9411063109464315,97.05531554732157,7,1,submit,NN,NOUN,1,NN,1,NOUN,0,0.9716730180771899,0.2604166666666667,1.9411063109464315,0.5054964351422999
submitting,88,2.1044234023361013e-05,15.536215475606486,0.0003269477543060259,44,2.1255308820838588,93.52335881168979,10,1,submit,VB,VERB,2,NNP|VB,2,NOUN|VERB,0,1.0639405629803613,0.22916666666666666,2.125530882083859,0.4871008271442177
subordinate,444,0.00010617772620877603,13.201231227893677,0.001401676714934039,98,0.970252656605948,95.0847603473829,11,1,subordin,NN,NOUN,2,NN|NNP,1,NOUN,0,0.4863646692391211,0.5104166666666666,0.9702526566059481,0.49523312680928594
subscribe,245,5.8589060633221e-05,14.059009155241212,0.0008237041398394366,55,1.8036027871964966,99.19815329580732,9,1,subscrib,NN,NOUN,1,NN,1,NOUN,0,0.9031778348342102,0.2864583333333333,1.8036027871964966,0.5166570484156631
subscribed,142,3.395774126496891e-05,14.845899974739101,0.0005041332301877989,39,2.299560281858908,89.68285099249741,10,1,subscrib,VB,VERB,1,VB,1,VERB,0,1.1510863134186868,0.203125,2.299560281858908,0.46709818225259064
subsection,4026,0.0009627737065687664,10.020515637322443,0.009647488981875212,44,2.1255308820838588,93.52335881168979,10,1,subsect,NN,NOUN,2,NN|NNP,1,NOUN,0,1.0777310001337244,0.22916666666666666,2.125530882083859,0.4871008271442177
subsections,281,6.71980654609596e-05,13.861220774022856,0.0009314472209416009,33,2.5405683813627027,83.83875658496919,11,1,subsect,NN,NOUN,2,NN|NNP,1,NOUN,0,1.27229436118921,0.171875,2.5405683813627027,0.4366601905467145
subsequent,293,7.006773373687247e-05,13.800890239821534,0.0009669971026556172,107,0.8434955143200092,90.25402003224099,10,1,subsequ,NN,NOUN,2,NN|NNP,1,NOUN,0,0.4225777331538207,0.5572916666666666,0.8434955143200094,0.4700730210012552
subsequently,83,1.984853890839732e-05,15.620607662896857,0.0003100462389698176,48,2.0,96.0,12,1,subsequ,RB,ADV,2,NNP|RB,2,ADV|NOUN,0,1.0010551669248484,0.25,2.0,0.5
subsidies,72,1.7218009655477193e-05,15.82572209280147,0.0002724874357987545,36,2.415037499278844,86.94134997403839,9,1,subsidi,NN,NOUN,2,NN|NNP,1,NOUN,0,1.2087025507853053,0.1875,2.415037499278844,0.45281953111478324
subsistence,39,9.326421896716812e-06,16.710244875381534,0.00015584679370525824,32,2.584962500721156,82.718800023077,11,1,subsist,NN,NOUN,2,NN|NNP,1,NOUN,0,1.2936189579294184,0.16666666666666666,2.584962500721156,0.430827083453526
substantial,112,2.6783570575186742e-05,15.188292172186179,0.00040679669531030484,56,1.777607578663552,99.5460244051589,11,1,substanti,NN,NOUN,2,NN|NNP,1,NOUN,0,0.8897849554198576,0.2916666666666667,1.777607578663552,0.5184688771102026
substantiated,90,2.152251206934649e-05,15.503793997914109,0.0003336805934407681,35,2.4556794837761897,85.94878193216664,13,1,substanti,VB,VERB,1,VB,1,VERB,0,1.2290868392808656,0.18229166666666666,2.4556794837761897,0.44764990589670123
substantive,85,2.0326816954382796e-05,15.586256158106082,0.00031681897592994397,42,2.192645077942396,92.09109327358063,11,1,substant,NN,NOUN,2,NN|NNP,1,NOUN,0,1.097379366921124,0.21875,2.192645077942396,0.4796411107998991
substitute,229,5.476283626533718e-05,14.156443306146839,0.0007752469868740478,82,1.2274104961030725,100.64766068045195,10,1,substitut,NN,NOUN,2,NN|NNP,1,NOUN,0,0.6147463859402431,0.4270833333333333,1.2274104961030727,0.5242065660440206
substituted,159,3.8023104655845464e-05,14.682764138959428,0.000558284277492749,50,1.9411063109464315,97.05531554732157,11,1,substitut,VB,VERB,2,NNP|VB,2,NOUN|VERB,0,0.9717846395612945,0.2604166666666667,1.9411063109464315,0.5054964351422999
substitutes,88,2.1044234023361013e-05,15.536215475606486,0.0003269477543060259,40,2.263034405833794,90.52137623335176,11,1,substitut,NN,NOUN,2,NN|NNP,1,NOUN,0,1.1327588408913576,0.20833333333333334,2.263034405833794,0.47146550121537373
substitution,74,1.769628770146267e-05,15.786193728614833,0.00027935702593259384,42,2.192645077942396,92.09109327358063,12,1,substitut,NN,NOUN,2,NN|NNP,1,NOUN,0,1.0973692292513604,0.21875,2.192645077942396,0.4796411107998991
succeed,68,1.6261453563506237e-05,15.908184252993443,0.00025869019950975405,31,2.6307661903342807,81.5537519003627,7,1,succe,VB,VERB,1,VB,1,VERB,0,1.3170266578700554,0.16145833333333334,2.6307661903342807,0.42475912448105574
succession,182,4.352330218467846e-05,14.487852454045086,0.0006305591803644397,61,1.6542251631582698,100.90773495265447,10,1,success,NN,NOUN,2,NN|NNP,1,NOUN,0,0.8286029061197527,0.3177083333333333,1.65422516315827,0.5255611195450753
successive,65,1.554403649452802e-05,15.973279281215328,0.00024828923608449934,49,1.970252656605948,96.54238017369146,10,1,success,NN,NOUN,1,NN,1,NOUN,0,0.9861391639985065,0.2552083333333333,1.9702526566059482,0.5028248967379764
successor,127,3.0370655920077827e-05,15.006962407471617,0.00045577129168286324,51,1.9125371587496605,97.53939509623268,9,1,successor,NN,NOUN,2,NN|NNP,1,NOUN,0,0.9576530789999738,0.265625,1.9125371587496605,0.5080176827928785
successors,64,1.530489747153528e-05,15.995647094243783,0.00024481173876826233,35,2.4556794837761897,85.94878193216664,10,1,successor,NN,NOUN,2,NN|NNP,1,NOUN,0,1.2290405825814659,0.18229166666666666,2.4556794837761897,0.44764990589670123
suffer,47,1.1239534080658722e-05,16.441058242566147,0.0001847898344394172,31,2.6307661903342807,81.5537519003627,6,1,suffer,NN,NOUN,1,NN,1,NOUN,0,1.3165788944646883,0.16145833333333334,2.6307661903342807,0.42475912448105574
suffered,58,1.3870063333578849e-05,16.13766609911621,0.00022383045085089015,41,2.2274104961030723,91.32383034022597,8,1,suffer,VB,VERB,1,VB,1,VERB,0,1.11475975222837,0.21354166666666666,2.2274104961030727,0.475644949688677
suffering,48,1.1478673103651461e-05,16.410684593522628,0.0001883728838561756,38,2.3370349872775704,88.80732951654768,9,1,suffer,VB,VERB,2,NNP|VB,2,NOUN|VERB,0,1.1695495828172464,0.19791666666666666,2.337034987277571,0.46253817456535257
sufficient,279,6.671978741497412e-05,13.871525782414595,0.0009255052513240344,98,0.970252656605948,95.0847603473829,10,1,suffici,NN,NOUN,2,NN|NNP,1,NOUN,0,0.4860220175195731,0.5104166666666666,0.9702526566059481,0.49523312680928594
suffrage,487,0.00011646070419746379,13.06786913216144,0.0015218932414918214,117,0.7145977811377516,83.60794039311693,8,1,suffrag,NN,NOUN,2,NN|NNP,1,NOUN,0,0.35848226110652864,0.609375,0.7145977811377516,0.4354580228808174
suit,101,2.4153041322266617e-05,15.337435611491987,0.0003704457161019695,46,2.0614005446641435,94.8244250545506,4,1,suit,NN,NOUN,2,NN|NNP,1,NOUN,0,1.0317532679346464,0.23958333333333334,2.0614005446641435,0.49387721382578437
suitable,150,3.587085344891082e-05,14.766828403747901,0.0005296987375760547,65,1.5625946876927017,101.5686547000256,8,1,suitabl,NN,NOUN,2,NN|NNP,1,NOUN,0,0.7822854570177306,0.3385416666666667,1.5625946876927015,0.5290034098959667
sum,153,3.658827051788904e-05,14.738259251551131,0.0005392474164585336,54,1.8300749985576876,98.82404992211514,3,1,sum,NN,NOUN,1,NN,1,NOUN,0,0.9161535079001456,0.28125,1.8300749985576876,0.5147085933443496
summary,57,1.363092431058611e-05,16.16275708007904,0.00022031331840894716,34,2.497499659470817,84.91498842200778,7,1,summari,NN,NOUN,2,NN|NNP,1,NOUN,0,1.2498268412467362,0.17708333333333334,2.4974996594708165,0.44226556469795714
summon,199,4.7588665575555017e-05,14.359022473700133,0.0006833267184927944,79,1.2811817525440532,101.21335845098021,6,1,summon,NN,NOUN,2,NN|NNP,1,NOUN,0,0.6415834969958515,0.4114583333333333,1.2811817525440532,0.5271529085988552
summoned,184,4.400158023066394e-05,14.47208513818677,0.0006367946153129244,72,1.4150374992788437,101.88269994807675,8,1,summon,VB,VERB,1,VB,1,VERB,0,0.7085176086275137,0.375,1.4150374992788437,0.5306390622295664
summoning,77,1.8413704770440885e-05,15.72886055354888,0.0002896265946084825,47,2.030373649043519,95.42756150504539,9,1,summon,NNP,NOUN,2,NNP|VB,2,NOUN|VERB,0,1.0161604784904161,0.24479166666666666,2.030373649043519,0.4970185495054447
summons,93,2.2239929138324708e-05,15.456488283135752,0.00034375120414428524,47,2.030373649043519,95.42756150504539,7,1,summon,NN,NOUN,2,NN|NNP,1,NOUN,0,1.016250830459507,0.24479166666666666,2.030373649043519,0.4970185495054447
sums,296,7.078515080585068e-05,13.786193728614833,0.0009758578021186739,53,1.857042046157957,98.42322844637172,4,1,sum,NN,NOUN,2,NN|NNP,1,NOUN,0,0.9300751282710098,0.2760416666666667,1.8570420461579569,0.5126209814915194
sunday,72,1.7218009655477193e-05,15.82572209280147,0.0002724874357987545,32,2.584962500721156,82.718800023077,6,1,sundai,NNP,NOUN,1,NNP,1,NOUN,0,1.2937026679826433,0.16666666666666666,2.584962500721156,0.430827083453526
superior,984,0.00023531279862485497,12.053132588904543,0.0028362563616915713,109,0.8167781759442299,89.02882117792106,8,1,superior,NNP,NOUN,2,NN|NNP,1,NOUN,0,0.41026035429627483,0.5677083333333334,0.8167781759442297,0.4636917769683388
supervise,275,6.576323132300317e-05,13.89235928583176,0.0009136064373364252,100,0.9411063109464314,94.11063109464314,9,1,supervis,NN,NOUN,2,NN|NNP,1,NOUN,0,0.4715807870076049,0.5208333333333334,0.9411063109464314,0.4901595369512664
supervising,71,1.6978870632484454e-05,15.845899974739101,0.0002690454857263839,44,2.1255308820838588,93.52335881168979,11,1,supervis,VB,VERB,2,NNP|VB,2,NOUN|VERB,0,1.0638883753461326,0.22916666666666666,2.125530882083859,0.4871008271442177
supervisory,147,3.51534363799326e-05,14.795974749407417,0.0005201293570323829,36,2.415037499278844,86.94134997403839,11,1,supervisori,NN,NOUN,2,NN|NNP,1,NOUN,0,1.2089459693266458,0.1875,2.415037499278844,0.45281953111478324
supplementary,510,0.00012196090172629679,13.001293657384924,0.0015856494980630484,76,1.3370349872775706,101.61465903309536,13,1,supplementari,NN,NOUN,2,NN|NNP,1,NOUN,0,0.6700577834298106,0.3958333333333333,1.3370349872775709,0.5292430157973718
supplies,67,1.6022314540513498e-05,15.92955790378601,0.00025522838722578234,41,2.2274104961030723,91.32383034022597,8,1,suppli,NN,NOUN,2,NN|NNP,1,NOUN,0,1.1146782373373179,0.21354166666666666,2.2274104961030727,0.475644949688677
supply,215,5.141488994343884e-05,14.247454244654323,0.0007325312919630825,49,1.970252656605948,96.54238017369146,6,1,suppli,RB,ADV,2,NNP|RB,2,ADV|NOUN,0,0.9865182015480843,0.2552083333333333,1.9702526566059482,0.5028248967379764
supported,463,0.00011072136764563805,13.140778710983547,0.001454964990808783,105,0.8707169830550335,91.42528322077852,9,1,support,VB,VERB,2,NNP|VB,2,NOUN|VERB,0,0.4364802318459023,0.546875,0.8707169830550335,0.4761733501082215
supporting,86,2.0565955977375535e-05,15.569382339541685,0.0003201992317899424,31,2.6307661903342807,81.5537519003627,10,1,support,VB,VERB,2,NNP|VB,2,NOUN|VERB,0,1.3167391592499906,0.16145833333333334,2.6307661903342807,0.42475912448105574
supports,57,1.363092431058611e-05,16.16275708007904,0.00022031331840894716,43,2.158697746019058,92.8240030788195,8,1,support,NN,NOUN,1,NN,1,NOUN,0,1.0804018533281015,0.22395833333333334,2.158697746019058,0.48345834936885157
suppressing,35,8.369865804745858e-06,16.866364077298815,0.00014116920394097727,32,2.584962500721156,82.718800023077,11,1,suppress,VB,VERB,1,VB,1,VERB,0,1.2935267168269016,0.16666666666666666,2.584962500721156,0.430827083453526
supremacy,83,1.984853890839732e-05,15.620607662896857,0.0003100462389698176,56,1.777607578663552,99.5460244051589,9,1,supremaci,NN,NOUN,2,NN|NNP,1,NOUN,0,0.889752594445029,0.2916666666666667,1.777607578663552,0.5184688771102026
suspected,73,1.7457148678469932e-05,15.805822535363765,0.00027592459398535584,49,1.970252656605948,96.54238017369146,9,1,suspect,VB,VERB,1,VB,1,VERB,0,0.9860981883354641,0.2552083333333333,1.9702526566059482,0.5028248967379764
suspending,49,1.17178121266442e-05,16.380937250128575,0.0001919487451553543,33,2.5405683813627027,83.83875658496919,10,1,suspend,VB,VERB,1,VB,1,VERB,0,1.2713409575902557,0.171875,2.5405683813627027,0.4366601905467145
suspension,460,0.00011000395057665984,13.150157043299407,0.0014465692254664233,105,0.8707169830550335,91.42528322077852,10,1,suspens,NN,NOUN,2,NN|NNP,1,NOUN,0,0.4364114407375332,0.546875,0.8707169830550335,0.4761733501082215
suspicion,90,2.152251206934649e-05,15.503793997914109,0.0003336805934407681,43,2.158697746019058,92.8240030788195,9,1,suspicion,NN,NOUN,1,NN,1,NOUN,0,1.0804595338279077,0.22395833333333334,2.158697746019058,0.48345834936885157
sustain,39,9.326421896716812e-06,16.710244875381534,0.00015584679370525824,32,2.584962500721156,82.718800023077,7,1,sustain,NN,NOUN,1,NN,1,NOUN,0,1.2936260088566376,0.16666666666666666,2.584962500721156,0.430827083453526
sustainable,181,4.328416316168572e-05,14.495801207160577,0.0006274386246100992,56,1.777607578663552,99.5460244051589,11,1,sustain,NN,NOUN,2,NN|NNP,1,NOUN,0,0.890027315699463,0.2916666666666667,1.777607578663552,0.5184688771102026
sustained,64,1.530489747153528e-05,15.995647094243783,0.00024481173876826233,34,2.497499659470817,84.91498842200778,9,1,sustain,VB,VERB,1,VB,1,VERB,0,1.2499157978736946,0.17708333333333334,2.4974996594708165,0.44226556469795714
sworn,121,2.8935821782121393e-05,15.076783856969188,0.0004362591307328252,51,1.9125371587496605,97.53939509623268,5,1,sworn,NN,NOUN,2,NN|NNP,1,NOUN,0,0.9574939806167424,0.265625,1.9125371587496605,0.5080176827928785
symbol,40,9.56556091970955e-06,16.67371899935642,0.00015949347484646242,33,2.5405683813627027,83.83875658496919,6,1,symbol,NN,NOUN,2,NN|NNP,1,NOUN,0,1.2714775616690397,0.171875,2.5405683813627027,0.4366601905467145
symbols,149,3.563171442591808e-05,14.77647857378162,0.0005265112647616839,65,1.5625946876927017,101.5686547000256,7,1,symbol,NN,NOUN,2,NN|NNP,1,NOUN,0,0.7824157590068106,0.3385416666666667,1.5625946876927015,0.5290034098959667
systems,193,4.615383143759858e-05,14.403190056975703,0.0006647624060533525,64,1.584962500721156,101.43760004615399,7,1,system,NN,NOUN,2,NN|NNP,1,NOUN,0,0.7936287063024791,0.3333333333333333,1.584962500721156,0.5283208335737186
t,87,2.0805095000368274e-05,15.552703598395054,0.0003235754758771786,32,2.584962500721156,82.718800023077,1,1,t,NN,NOUN,2,NN|NNP,1,NOUN,0,1.293911856906123,0.16666666666666666,2.584962500721156,0.430827083453526
task,114,2.726184862117222e-05,15.162757080079041,0.00041336478819672213,50,1.9411063109464315,97.05531554732157,4,1,task,NN,NOUN,1,NN,1,NOUN,0,0.9718592097985649,0.2604166666666667,1.9411063109464315,0.5054964351422999
tasks,225,5.380628017336622e-05,14.181865903026745,0.0007630734501593665,64,1.584962500721156,101.43760004615399,5,1,task,NN,NOUN,2,NN|NNP,1,NOUN,0,0.7940428400871631,0.3333333333333333,1.584962500721156,0.5283208335737186
taxation,319,7.628534833468367e-05,13.678234480478913,0.0010434488819468148,105,0.8707169830550335,91.42528322077852,8,1,taxat,NN,NOUN,2,NN|NNP,1,NOUN,0,0.4363015090488162,0.546875,0.8707169830550335,0.4761733501082215
teachers,103,2.4631319368252095e-05,15.309146567060564,0.0003770844783486489,39,2.299560281858908,89.68285099249741,8,1,teacher,NN,NOUN,2,NN|NNP,1,NOUN,0,1.1509508081559867,0.203125,2.299560281858908,0.46709818225259064
teaching,411,9.828613845001564e-05,13.3126525105621,0.0013084492077900549,110,0.8036027871964965,88.39630659161462,8,1,teach,VB,VERB,2,NNP|VB,2,NOUN|VERB,0,0.4026861377147264,0.5729166666666666,0.8036027871964967,0.46039743016465956
technical,475,0.00011359103592155092,13.103863391025472,0.0014884814171610705,111,0.7905466343710503,87.75067641518659,9,1,technic,NN,NOUN,2,NN|NNP,1,NOUN,0,0.3962298165826092,0.578125,0.7905466343710503,0.45703477299576345
technological,101,2.4153041322266617e-05,15.337435611491987,0.0003704457161019695,47,2.030373649043519,95.42756150504539,13,1,technolog,NN,NOUN,2,NN|NNP,1,NOUN,0,1.0162604698806723,0.24479166666666666,2.030373649043519,0.4970185495054447
technology,130,3.108807298905604e-05,14.973279281215328,0.00046549039917994267,46,2.0614005446641435,94.8244250545506,10,1,technolog,NN,NOUN,2,NN|NNP,1,NOUN,0,1.0320768557408664,0.23958333333333334,2.0614005446641435,0.49387721382578437
telecommunications,65,1.554403649452802e-05,15.973279281215328,0.00024828923608449934,39,2.299560281858908,89.68285099249741,18,1,telecommun,NN,NOUN,2,NN|NNP,1,NOUN,0,1.1508678540688502,0.203125,2.299560281858908,0.46709818225259064
telephone,54,1.2913507241607895e-05,16.240759592080313,0.00020972516660154199,49,1.970252656605948,96.54238017369146,9,1,telephon,NN,NOUN,2,NN|NNP,1,NOUN,0,0.9861419527114804,0.2552083333333333,1.9702526566059482,0.5028248967379764
television,183,4.37624412076712e-05,14.47994725595974,0.0006336778404791181,75,1.3561438102252754,101.71078576689565,10,1,televis,NN,NOUN,2,NN|NNP,1,NOUN,0,0.6790121175283893,0.390625,1.3561438102252754,0.5297436758692482
temporarily,286,6.83937605759233e-05,13.835775757465393,0.0009462807345382519,103,0.8984619735379379,92.5415832744076,11,1,temporarili,RB,ADV,2,NNP|RB,2,ADV|NOUN,0,0.45016367625965836,0.5364583333333334,0.8984619735379377,0.4819874128875395
tender,105,2.5109597414237573e-05,15.28140157657766,0.00038370984151316035,60,1.6780719051126378,100.68431430675827,6,1,tender,NN,NOUN,2,NN|NNP,1,NOUN,0,0.8400243691552745,0.3125,1.6780719051126378,0.5243974703476993
tenth,78,1.8652843793433624e-05,15.710244875381534,0.00029304074361708284,40,2.263034405833794,90.52137623335176,5,1,tenth,NN,NOUN,2,NN|NNP,1,NOUN,0,1.1327139281483545,0.20833333333333334,2.263034405833794,0.47146550121537373
tenure,443,0.00010593858718578329,13.204484205688765,0.0013988644012676577,86,1.1586977460190582,99.648006157639,6,1,tenur,NN,NOUN,2,NN|NNP,1,NOUN,0,0.580822089535659,0.4479166666666667,1.1586977460190582,0.5190000320710365
terminate,161,3.850138270183094e-05,14.664730216129165,0.000564612390270293,81,1.2451124978365313,100.85411232475904,9,1,termin,NN,NOUN,1,NN,1,NOUN,0,0.6235154748729826,0.421875,1.2451124978365313,0.5252818350247866
terminated,173,4.137105097774381e-05,14.561018866607057,0.0006024046538182899,77,1.3181759600262548,101.49954892202162,10,1,termin,VB,VERB,1,VB,1,VERB,0,0.6601112419347896,0.4010416666666667,1.3181759600262548,0.5286434839688626
terminating,48,1.1478673103651461e-05,16.410684593522628,0.0001883728838561756,36,2.415037499278844,86.94134997403839,11,1,termin,VB,VERB,1,VB,1,VERB,0,1.208551023978638,0.1875,2.415037499278844,0.45281953111478324
termination,335,8.011157270256749e-05,13.607629808898647,0.0010901286247452086,94,1.0303736490435187,96.85512301009075,11,1,termin,NN,NOUN,2,NN|NNP,1,NOUN,0,0.5163730344211032,0.4895833333333333,1.030373649043519,0.5044537656775561
territories,377,9.015541166826251e-05,13.437226380975119,0.0012114386760564491,67,1.5188733102633836,101.7645117876467,11,1,territori,NN,NOUN,2,NN|NNP,1,NOUN,0,0.7608369863430774,0.3489583333333333,1.5188733102633838,0.5300234988939933
testify,103,2.4631319368252095e-05,15.309146567060564,0.0003770844783486489,73,1.395137941841139,101.84506975440314,7,1,testifi,NN,NOUN,1,NN,1,NOUN,0,0.6983719414420761,0.3802083333333333,1.3951379418411392,0.5304430716375165
text,402,9.613388724308099e-05,13.344595403064854,0.0012828678297827736,108,0.8300749985576875,89.64809984423025,4,1,text,NN,NOUN,2,NN|NNP,1,NOUN,0,0.4162015207864025,0.5625,0.8300749985576875,0.46691718668869925
texts,118,2.8218404713143176e-05,15.113004044881942,0.0004264648645698485,51,1.9125371587496605,97.53939509623268,5,1,text,NN,NOUN,1,NN,1,NOUN,0,0.9574939318771621,0.265625,1.9125371587496605,0.5080176827928785
th,597,0.00014276599672666506,12.774059972978977,0.0018237014042885398,96,1.0,96.0,2,1,th,NN,NOUN,2,NN|NNP,1,NOUN,0,0.5017474431901747,0.5,1.0,0.5
therefor,139,3.324032419599069e-05,14.876706021520276,0.0004945065311237808,44,2.1255308820838588,93.52335881168979,8,1,therefor,NN,NOUN,1,NN,1,NOUN,0,1.0642022528926598,0.22916666666666666,2.125530882083859,0.4871008271442177
therefrom,104,2.4870458391244834e-05,15.29520737610269,0.00038039881863282304,47,2.030373649043519,95.42756150504539,9,1,therefrom,NN,NOUN,2,NN|NNP,1,NOUN,0,1.016315432496086,0.24479166666666666,2.030373649043519,0.4970185495054447
thereon,286,6.83937605759233e-05,13.835775757465393,0.0009462807345382519,73,1.395137941841139,101.84506975440314,7,1,thereon,NN,NOUN,1,NN,1,NOUN,0,0.6988839977416927,0.3802083333333333,1.3951379418411392,0.5304430716375165
thereto,447,0.00010689514327775423,13.191516073060464,0.001410109000680596,89,1.1092290697547584,98.7213872081735,7,1,thereto,NN,NOUN,1,NN,1,NOUN,0,0.5560329577908304,0.4635416666666667,1.1092290697547584,0.514173891709237
therewith,63,1.5065758448542544e-05,16.018367170743865,0.00024132885053449092,36,2.415037499278844,86.94134997403839,9,1,therewith,NN,NOUN,1,NN,1,NOUN,0,1.208630845815524,0.1875,2.415037499278844,0.45281953111478324
thing,275,6.576323132300317e-05,13.89235928583176,0.0009136064373364252,44,2.1255308820838588,93.52335881168979,5,1,thing,VB,VERB,2,NNP|VB,2,NOUN|VERB,0,1.0644249181310705,0.22916666666666666,2.125530882083859,0.4871008271442177
things,131,3.132721201204878e-05,14.962224092706332,0.0004687247663239955,57,1.7520724865564143,99.86813173371561,6,1,thing,NN,NOUN,2,NN|NNP,1,NOUN,0,0.8770936634442453,0.296875,1.7520724865564143,0.5201465194464355
thinks,164,3.921879977080916e-05,14.638095089625699,0.000574088520346095,40,2.263034405833794,90.52137623335176,6,1,think,NN,NOUN,1,NN,1,NOUN,0,1.1328675997218804,0.20833333333333334,2.263034405833794,0.47146550121537373
thirds,324,7.748104344964736e-05,13.655797091359158,0.0010580654077751671,101,0.9267510179693613,93.6018528149055,6,1,third,NN,NOUN,1,NN,1,NOUN,0,0.464620873594618,0.5260416666666666,0.9267510179693615,0.48750965007763286
thirty-five,108,2.582701448321579e-05,15.240759592080314,0.00039362331871986827,57,1.7520724865564143,99.86813173371561,11,1,thirty-f,NN,NOUN,2,NN|NNP,1,NOUN,0,0.8770249847962567,0.296875,1.7520724865564143,0.5201465194464355
thought,159,3.8023104655845464e-05,14.682764138959428,0.000558284277492749,106,0.857042046157957,90.84645689274345,7,1,thought,NN,NOUN,2,NN|NNP,1,NOUN,0,0.4291778844530239,0.5520833333333334,0.8570420461579569,0.4731586296497054
thousand,230,5.500197528832992e-05,14.150157043299407,0.0007782865880215415,57,1.7520724865564143,99.86813173371561,8,1,thousand,NN,NOUN,2,NN|NNP,1,NOUN,0,0.8774421242462959,0.296875,1.7520724865564143,0.5201465194464355
threat,145,3.4675158333947125e-05,14.815738004228848,0.0005137380611309131,80,1.2630344058337937,101.04275246670349,6,1,threat,NN,NOUN,2,NN|NNP,1,NOUN,0,0.6324593806326019,0.4166666666666667,1.2630344058337937,0.5262643357640807
threatened,115,2.750098764416496e-05,15.150157043299407,0.00041664428165493573,66,1.5405683813627027,101.67751316993838,10,1,threaten,VB,VERB,2,NNP|VB,2,NOUN|VERB,0,0.7711990210099519,0.34375,1.5405683813627027,0.529570381093429
threatens,55,1.3152646264600634e-05,16.214287380719124,0.00021326078635117658,45,2.0931094043914813,94.18992319761666,9,1,threaten,NN,NOUN,1,NN,1,NOUN,0,1.0475297264744377,0.234375,2.0931094043914813,0.49057251665425344
three-quarters,45,1.0761256034673246e-05,16.50379399791411,0.0001776015527550573,35,2.4556794837761897,85.94878193216664,14,1,three-quart,NN,NOUN,1,NN,1,NOUN,0,1.2289446281503202,0.18229166666666666,2.4556794837761897,0.44764990589670123
tie,49,1.17178121266442e-05,16.380937250128575,0.0001919487451553543,36,2.415037499278844,86.94134997403839,3,1,tie,NN,NOUN,1,NN,1,NOUN,0,1.2087568107372035,0.1875,2.415037499278844,0.45281953111478324
ties,72,1.7218009655477193e-05,15.82572209280147,0.0002724874357987545,38,2.3370349872775704,88.80732951654768,4,1,ti,NN,NOUN,2,NN|NNP,1,NOUN,0,1.1697283284476705,0.19791666666666666,2.337034987277571,0.46253817456535257
timely,90,2.152251206934649e-05,15.503793997914109,0.0003336805934407681,45,2.0931094043914813,94.18992319761666,6,1,time,RB,ADV,2,NNP|RB,2,ADV|NOUN,0,1.0476238307242938,0.234375,2.0931094043914813,0.49057251665425344
title,432,0.00010330805793286316,13.240759592080314,0.0013678771590137466,109,0.8167781759442299,89.02882117792106,5,1,titl,NN,NOUN,2,NN|NNP,1,NOUN,0,0.4095976008789531,0.5677083333333334,0.8167781759442297,0.4636917769683388
titles,168,4.0175355862780115e-05,14.603329671465023,0.0005866939663326031,80,1.2630344058337937,101.04275246670349,6,1,titl,NN,NOUN,2,NN|NNP,1,NOUN,0,0.6325491851220626,0.4166666666666667,1.2630344058337937,0.5262643357640807
tolerance,62,1.4826619425549805e-05,16.041450783856906,0.00023784048580593393,43,2.158697746019058,92.8240030788195,9,1,toler,NN,NOUN,2,NN|NNP,1,NOUN,0,1.080411012984898,0.22395833333333334,2.158697746019058,0.48345834936885157
took,169,4.0414494885772854e-05,14.594767657961599,0.0005898401628717321,65,1.5625946876927017,101.5686547000256,4,1,took,NN,NOUN,1,NN,1,NOUN,0,0.782300616951809,0.3385416666666667,1.5625946876927015,0.5290034098959667
tourism,56,1.3391785287593371e-05,16.188292172186177,0.00021679013294274578,34,2.497499659470817,84.91498842200778,7,1,tourism,NN,NOUN,2,NN|NNP,1,NOUN,0,1.2498984167511582,0.17708333333333334,2.4974996594708165,0.44226556469795714
town,170,4.065363390876559e-05,14.586256158106082,0.0005929843179511223,60,1.6780719051126378,100.68431430675827,4,1,town,NN,NOUN,2,NN|NNP,1,NOUN,0,0.8401750836442003,0.3125,1.6780719051126378,0.5243974703476993
towns,77,1.8413704770440885e-05,15.72886055354888,0.0002896265946084825,34,2.497499659470817,84.91498842200778,5,1,town,NN,NOUN,2,NN|NNP,1,NOUN,0,1.2501826420673112,0.17708333333333334,2.4974996594708165,0.44226556469795714
tradition,63,1.5065758448542544e-05,16.018367170743865,0.00024132885053449092,39,2.299560281858908,89.68285099249741,9,1,tradit,NN,NOUN,1,NN,1,NOUN,0,1.1510442985658582,0.203125,2.299560281858908,0.46709818225259064
traditional,343,8.20246848865094e-05,13.57358232807097,0.001113368813241114,66,1.5405683813627027,101.67751316993838,11,1,tradit,NN,NOUN,2,NN|NNP,1,NOUN,0,0.7721391637199452,0.34375,1.5405683813627027,0.529570381093429
traditions,129,3.08489339660633e-05,14.984419838820529,0.00046225337812754336,73,1.395137941841139,101.84506975440314,10,1,tradit,NN,NOUN,1,NN,1,NOUN,0,0.6985840824568353,0.3802083333333333,1.3951379418411392,0.5304430716375165
traffic,113,2.702270959817948e-05,15.175468131828595,0.0004100822683428314,36,2.415037499278844,86.94134997403839,7,1,traffic,NN,NOUN,2,NN|NNP,1,NOUN,0,1.2089448529686717,0.1875,2.415037499278844,0.45281953111478324
trafficking,60,1.4348341379564327e-05,16.088756498635263,0.00023084697061510282,32,2.584962500721156,82.718800023077,11,1,traffick,VB,VERB,2,NNP|VB,2,NOUN|VERB,0,1.2936401695148023,0.16666666666666666,2.584962500721156,0.430827083453526
training,410,9.80469994270229e-05,13.316166994738337,0.001305610217703251,103,0.8984619735379379,92.5415832744076,8,1,train,VB,VERB,2,NNP|VB,2,NOUN|VERB,0,0.4502346514752309,0.5364583333333334,0.8984619735379377,0.4819874128875395
transaction,96,2.2957346207302922e-05,15.410684593522626,0.0003537884215050482,37,2.3755091350922064,87.89383799841164,11,1,transact,NN,NOUN,2,NN|NNP,1,NOUN,0,1.188958718668922,0.19270833333333334,2.3755091350922064,0.4577804062417273
transactions,118,2.8218404713143176e-05,15.113004044881942,0.0004264648645698485,41,2.2274104961030723,91.32383034022597,12,1,transact,NN,NOUN,2,NN|NNP,1,NOUN,0,1.1148749976862755,0.21354166666666666,2.2274104961030727,0.475644949688677
transferred,314,7.508965321971997e-05,13.701026345352156,0.0010288053170267406,109,0.8167781759442299,89.02882117792106,11,1,transfer,VB,VERB,1,VB,1,VERB,0,0.40926766911111373,0.5677083333333334,0.8167781759442297,0.4636917769683388
transfers,109,2.606615350620853e-05,15.227462769466856,0.0003969213820589983,55,1.8036027871964966,99.19815329580732,9,1,transfer,NN,NOUN,2,NN|NNP,1,NOUN,0,0.9028142060298227,0.2864583333333333,1.8036027871964966,0.5166570484156631
transition,102,2.4392180345259356e-05,15.323221752272287,0.0003737667884518267,39,2.299560281858908,89.68285099249741,10,1,transit,NN,NOUN,2,NN|NNP,1,NOUN,0,1.1511199733939967,0.203125,2.299560281858908,0.46709818225259064
transitional,287,6.863289959891603e-05,13.830740167568095,0.0009492438012993962,91,1.07716786052246,98.02227530754385,12,1,transit,NNP,NOUN,2,NN|NNP,1,NOUN,0,0.5401436980788324,0.4739583333333333,1.07716786052246,0.5105326838934575
transitory,169,4.0414494885772854e-05,14.594767657961599,0.0005898401628717321,39,2.299560281858908,89.68285099249741,10,1,transitori,NNP,NOUN,2,NN|NNP,1,NOUN,0,1.1511779343840238,0.203125,2.299560281858908,0.46709818225259064
transmission,84,2.0087677931390057e-05,15.603329671465023,0.0003134346610976916,43,2.158697746019058,92.8240030788195,12,1,transmiss,NN,NOUN,2,NN|NNP,1,NOUN,0,1.0804228581125133,0.22395833333333334,2.158697746019058,0.48345834936885157
transmit,67,1.6022314540513498e-05,15.92955790378601,0.00025522838722578234,39,2.299560281858908,89.68285099249741,8,1,transmit,NN,NOUN,1,NN,1,NOUN,0,1.150879776504102,0.203125,2.299560281858908,0.46709818225259064
transmitted,121,2.8935821782121393e-05,15.076783856969188,0.0004362591307328252,49,1.970252656605948,96.54238017369146,11,1,transmit,VB,VERB,1,VB,1,VERB,0,0.9863039823552358,0.2552083333333333,1.9702526566059482,0.5028248967379764
transparency,166,3.969707781679464e-05,14.620607662896857,0.0005803954001228405,48,2.0,96.0,12,1,transpar,NN,NOUN,2,NN|NNP,1,NOUN,0,1.0012595990764814,0.25,2.0,0.5
transparent,92,2.200079011533197e-05,15.47208513818677,0.0003403980977717942,31,2.6307661903342807,81.5537519003627,11,1,transpar,NN,NOUN,1,NN,1,NOUN,0,1.316772868396074,0.16145833333333334,2.6307661903342807,0.42475912448105574
transport,122,2.9174960805114132e-05,15.064909756680896,0.00043951815168374663,54,1.8300749985576876,98.82404992211514,9,1,transport,NN,NOUN,2,NN|NNP,1,NOUN,0,0.9161027254377526,0.28125,1.8300749985576876,0.5147085933443496
transportation,112,2.6783570575186742e-05,15.188292172186179,0.00040679669531030484,43,2.158697746019058,92.8240030788195,14,1,transport,NN,NOUN,2,NN|NNP,1,NOUN,0,1.080541901375164,0.22395833333333334,2.158697746019058,0.48345834936885157
travel,67,1.6022314540513498e-05,15.92955790378601,0.00025522838722578234,45,2.0931094043914813,94.18992319761666,6,1,travel,NN,NOUN,1,NN,1,NOUN,0,1.047669848855031,0.234375,2.0931094043914813,0.49057251665425344
treason,245,5.8589060633221e-05,14.059009155241212,0.0008237041398394366,99,0.9556058806415466,94.60498218351312,7,1,treason,NN,NOUN,2,NN|NNP,1,NOUN,0,0.47879973042887536,0.515625,0.9556058806415466,0.49273428220579746
treasury,233,5.5719392357308135e-05,14.131460949589503,0.0007873964172321557,64,1.584962500721156,101.43760004615399,8,1,treasuri,NNP,NOUN,2,NN|NNP,1,NOUN,0,0.7939883984062323,0.3333333333333333,1.584962500721156,0.5283208335737186
treated,174,4.161019000073655e-05,14.552703598395054,0.0006055407617536207,77,1.3181759600262548,101.49954892202162,7,1,treat,VB,VERB,1,VB,1,VERB,0,0.6599513041646093,0.4010416666666667,1.3181759600262548,0.5286434839688626
trials,66,1.578317551752076e-05,15.95125297488533,0.0002517614254269903,39,2.299560281858908,89.68285099249741,6,1,trial,NN,NOUN,2,NN|NNP,1,NOUN,0,1.1510170799931612,0.203125,2.299560281858908,0.46709818225259064
tribunal,2571,0.0006148264281143314,10.667533199410126,0.006558681333784374,104,0.8845227825800641,91.99036938832667,8,1,tribun,NN,NOUN,2,NN|NNP,1,NOUN,0,0.4462496862752329,0.5416666666666666,0.8845227825800641,0.479116507230868
tribunals,581,0.00013893977235878124,12.813252740839253,0.0017802704189877356,92,1.0614005446641432,97.64885010910118,9,1,tribun,NN,NOUN,2,NN|NNP,1,NOUN,0,0.532173584474272,0.4791666666666667,1.0614005446641432,0.508587760984902
tried,388,9.278594092118264e-05,13.395734252056656,0.0012429358069071916,112,0.777607578663552,87.09204881031782,5,1,tri,VB,VERB,2,NNP|VB,2,NOUN|VERB,0,0.38977089361450545,0.5833333333333334,0.777607578663552,0.45360442088707204
troops,58,1.3870063333578849e-05,16.13766609911621,0.00022383045085089015,32,2.584962500721156,82.718800023077,6,1,troop,NN,NOUN,2,NN|NNP,1,NOUN,0,1.2936880804634023,0.16666666666666666,2.584962500721156,0.430827083453526
true,183,4.37624412076712e-05,14.47994725595974,0.0006336778404791181,63,1.6076825772212395,101.28400236493809,4,1,true,NN,NOUN,2,NN|NNP,1,NOUN,0,0.8049090821523318,0.328125,1.6076825772212395,0.5275208456507192
trust,237,5.667594844927909e-05,14.106903845345524,0.0007995221551177399,77,1.3181759600262548,101.49954892202162,5,1,trust,NN,NOUN,2,NN|NNP,1,NOUN,0,0.6603606314910383,0.4010416666666667,1.3181759600262548,0.5286434839688626
trustees,43,1.0282977988687768e-05,16.569382339541683,0.00017038259388365895,33,2.5405683813627027,83.83875658496919,8,1,truste,NN,NOUN,2,NN|NNP,1,NOUN,0,1.271350974572157,0.171875,2.5405683813627027,0.4366601905467145
try,92,2.200079011533197e-05,15.47208513818677,0.0003403980977717942,61,1.6542251631582698,100.90773495265447,3,1,try,NN,NOUN,2,NN|NNP,1,NOUN,0,0.8279758810975051,0.3177083333333333,1.65422516315827,0.5255611195450753
trying,55,1.3152646264600634e-05,16.214287380719124,0.00021326078635117658,33,2.5405683813627027,83.83875658496919,6,1,try,VB,VERB,2,NNP|VB,2,NOUN|VERB,0,1.2714116596957727,0.171875,2.5405683813627027,0.4366601905467145
turn,47,1.1239534080658722e-05,16.441058242566147,0.0001847898344394172,37,2.3755091350922064,87.89383799841164,4,1,turn,NN,NOUN,1,NN,1,NOUN,0,1.1888894791253632,0.19270833333333334,2.3755091350922064,0.4577804062417273
twenty-five,126,3.0131516897085088e-05,15.018367170743867,0.0004525261841718968,57,1.7520724865564143,99.86813173371561,11,1,twenty-f,NN,NOUN,2,NN|NNP,1,NOUN,0,0.8771139502380287,0.296875,1.7520724865564143,0.5201465194464355
twenty-four,123,2.941409982810687e-05,15.053132588904543,0.00044277434469576705,67,1.5188733102633836,101.7645117876467,11,1,twenty-four,NN,NOUN,2,NN|NNP,1,NOUN,0,0.7604177566599232,0.3489583333333333,1.5188733102633838,0.5300234988939933
twenty-one,224,5.3567141150373484e-05,14.188292172186179,0.0007600262494702363,76,1.3370349872775706,101.61465903309536,10,1,twenty-on,NN,NOUN,2,NN|NNP,1,NOUN,0,0.6695834958621002,0.3958333333333333,1.3370349872775709,0.5292430157973718
twice,95,2.2718207184310183e-05,15.425791485912836,0.0003504463269589358,66,1.5405683813627027,101.67751316993838,5,1,twice,NN,NOUN,2,NN|NNP,1,NOUN,0,0.7713108018119069,0.34375,1.5405683813627027,0.529570381093429
type,132,3.156635103504152e-05,14.95125297488533,0.0004719564998189391,55,1.8036027871964966,99.19815329580732,4,1,type,NN,NOUN,1,NN,1,NOUN,0,0.9029066254720356,0.2864583333333333,1.8036027871964966,0.5166570484156631
types,138,3.300118517299795e-05,14.887122637465614,0.0004912926908521324,61,1.6542251631582698,100.90773495265447,5,1,type,NN,NOUN,2,NN|NNP,1,NOUN,0,0.8283030662251152,0.3177083333333333,1.65422516315827,0.5255611195450753
unconditionally,43,1.0282977988687768e-05,16.569382339541683,0.00017038259388365895,36,2.415037499278844,86.94134997403839,15,1,uncondition,RB,ADV,1,RB,1,ADV,0,1.2084775652170632,0.1875,2.415037499278844,0.45281953111478324
unconstitutional,200,4.7827804598547756e-05,14.351790904469057,0.000686414651018161,76,1.3370349872775706,101.61465903309536,16,1,unconstitut,NN,NOUN,1,NN,1,NOUN,0,0.6696088912955513,0.3958333333333333,1.3370349872775709,0.5292430157973718
unconstitutionality,229,5.476283626533718e-05,14.156443306146839,0.0007752469868740478,61,1.6542251631582698,100.90773495265447,19,1,unconstitution,NN,NOUN,2,NN|NNP,1,NOUN,0,0.8285414660715702,0.3177083333333333,1.65422516315827,0.5255611195450753
undergo,34,8.130726781753119e-06,16.908184252993443,0.00013747582653663015,32,2.584962500721156,82.718800023077,7,1,undergo,NN,NOUN,1,NN,1,NOUN,0,1.293525701415026,0.16666666666666666,2.584962500721156,0.430827083453526
understand,69,1.6500592586498976e-05,15.887122637465614,0.0002621469380125652,55,1.8036027871964966,99.19815329580732,10,1,understand,NN,NOUN,1,NN,1,NOUN,0,0.9026685156881579,0.2864583333333333,1.8036027871964966,0.5166570484156631
understanding,83,1.984853890839732e-05,15.620607662896857,0.0003100462389698176,38,2.3370349872775704,88.80732951654768,13,1,understand,VB,VERB,2,NNP|VB,2,NOUN|VERB,0,1.1696380926056749,0.19791666666666666,2.337034987277571,0.46253817456535257
understands,117,2.7979265690150437e-05,15.125282374660378,0.00042319429419917224,49,1.970252656605948,96.54238017369146,11,1,understand,NN,NOUN,1,NN,1,NOUN,0,0.9862247833387041,0.2552083333333333,1.9702526566059482,0.5028248967379764
understood,92,2.200079011533197e-05,15.47208513818677,0.0003403980977717942,32,2.584962500721156,82.718800023077,10,1,understood,NN,NOUN,1,NN,1,NOUN,0,1.2937895679547406,0.16666666666666666,2.584962500721156,0.430827083453526
undertake,179,4.2805885115700244e-05,14.511831316979526,0.0006211917841730466,86,1.1586977460190582,99.648006157639,9,1,undertak,NN,NOUN,2,NN|NNP,1,NOUN,0,0.5802457034731631,0.4479166666666667,1.1586977460190582,0.5190000320710365
undertaken,157,3.7544826609859986e-05,14.701026345352156,0.0005519474851232303,73,1.395137941841139,101.84506975440314,10,1,undertaken,NN,NOUN,1,NN,1,NOUN,0,0.6984809577974224,0.3802083333333333,1.3951379418411392,0.5304430716375165
undertaking,75,1.793542672445541e-05,15.766828403747901,0.0002827847955124827,36,2.415037499278844,86.94134997403839,11,1,undertak,VB,VERB,2,NNP|VB,2,NOUN|VERB,0,1.208677625800699,0.1875,2.415037499278844,0.45281953111478324
undertakings,55,1.3152646264600634e-05,16.214287380719124,0.00021326078635117658,32,2.584962500721156,82.718800023077,12,1,undertak,NN,NOUN,2,NN|NNP,1,NOUN,0,1.293710789086355,0.16666666666666666,2.584962500721156,0.430827083453526
undue,59,1.4109202356571588e-05,16.11300404488194,0.00022734163464149579,42,2.192645077942396,92.09109327358063,5,1,undu,NN,NOUN,1,NN,1,NOUN,0,1.0973933882574447,0.21875,2.192645077942396,0.4796411107998991
unemployment,82,1.960939988540458e-05,15.638095089625699,0.0003066536600584521,59,1.702319451359315,100.43684763019958,12,1,unemploy,NN,NOUN,2,NN|NNP,1,NOUN,0,0.8521468068316964,0.3072916666666667,1.7023194513593147,0.5231085814072894
unforeseen,62,1.4826619425549805e-05,16.041450783856906,0.00023784048580593393,46,2.0614005446641435,94.8244250545506,10,1,unforeseen,NN,NOUN,2,NN|NNP,1,NOUN,0,1.0316662772973815,0.23958333333333334,2.0614005446641435,0.49387721382578437
unified,78,1.8652843793433624e-05,15.710244875381534,0.00029304074361708284,35,2.4556794837761897,85.94878193216664,7,1,unifi,VB,VERB,2,NNP|VB,2,NOUN|VERB,0,1.229319990456413,0.18229166666666666,2.4556794837761897,0.44764990589670123
uniform,109,2.606615350620853e-05,15.227462769466856,0.0003969213820589983,50,1.9411063109464315,97.05531554732157,7,1,uniform,NN,NOUN,2,NN|NNP,1,NOUN,0,0.9718510837952455,0.2604166666666667,1.9411063109464315,0.5054964351422999
union,2354,0.0005629332601249071,10.794748489205338,0.006076722959256777,110,0.8036027871964965,88.39630659161462,5,1,union,NNP,NOUN,2,NN|NNP,1,NOUN,0,0.4058444850912151,0.5729166666666666,0.8036027871964967,0.46039743016465956
unit,184,4.400158023066394e-05,14.47208513818677,0.0006367946153129244,78,1.2995602818589078,101.36570198499481,4,1,unit,NN,NOUN,2,NN|NNP,1,NOUN,0,0.6507762131508396,0.40625,1.2995602818589078,0.5279463645051813
unitary,97,2.319648523029566e-05,15.395734252056656,0.0003571269221873892,61,1.6542251631582698,100.90773495265447,7,1,unitari,NN,NOUN,2,NN|NNP,1,NOUN,0,0.8281322457476054,0.3177083333333333,1.65422516315827,0.5255611195450753
united,727,0.0001738540697157211,12.489835540324188,0.0021714087387654127,115,0.7394724497767808,85.0393317243298,6,1,unit,NNP,NOUN,2,NNP|VB,2,NOUN|VERB,0,0.37146837720982284,0.5989583333333334,0.7394724497767808,0.4429131860642177
units,423,0.00010115580672592851,13.271133241123833,0.0013424521891731676,88,1.1255308820838588,99.04671762337958,5,1,unit,NN,NOUN,2,NN|NNP,1,NOUN,0,0.5645119380378533,0.4583333333333333,1.1255308820838592,0.5158683209551022
universities,193,4.615383143759858e-05,14.403190056975703,0.0006647624060533525,64,1.584962500721156,101.43760004615399,12,1,univers,NN,NOUN,2,NN|NNP,1,NOUN,0,0.7935966366049677,0.3333333333333333,1.584962500721156,0.5283208335737186
university,247,5.906733867920648e-05,14.047279862659105,0.0008297354371692824,61,1.6542251631582698,100.90773495265447,10,1,univers,NN,NOUN,2,NN|NNP,1,NOUN,0,0.8284189006472653,0.3177083333333333,1.65422516315827,0.5255611195450753
unlawful,212,5.069747287446062e-05,14.267726639680584,0.0007233376842954257,92,1.0614005446641432,97.64885010910118,8,1,unlaw,NN,NOUN,2,NN|NNP,1,NOUN,0,0.531599345579368,0.4791666666666667,1.0614005446641432,0.508587760984902
unlawfully,69,1.6500592586498976e-05,15.887122637465614,0.0002621469380125652,49,1.970252656605948,96.54238017369146,10,1,unlawfulli,RB,ADV,1,RB,1,ADV,0,0.9860596893492736,0.2552083333333333,1.9702526566059482,0.5028248967379764
unlimited,142,3.395774126496891e-05,14.845899974739101,0.0005041332301877989,47,2.030373649043519,95.42756150504539,9,1,unlimit,VB,VERB,2,NNP|VB,2,NOUN|VERB,0,1.0163922656756086,0.24479166666666666,2.030373649043519,0.4970185495054447
unsound,172,4.113191195475107e-05,14.569382339541685,0.0005992665516251337,47,2.030373649043519,95.42756150504539,7,1,unsound,NN,NOUN,1,NN,1,NOUN,0,1.0164369982360955,0.24479166666666666,2.030373649043519,0.4970185495054447
uphold,260,6.217614597811208e-05,13.973279281215328,0.0008688046523817733,75,1.3561438102252754,101.71078576689565,6,1,uphold,NN,NOUN,2,NN|NNP,1,NOUN,0,0.679359187003866,0.390625,1.3561438102252754,0.5297436758692482
upper,158,3.7783965632852725e-05,14.69186634606668,0.000555116973102249,35,2.4556794837761897,85.94878193216664,5,1,upper,NNP,NOUN,2,NN|NNP,1,NOUN,0,1.2296738773171842,0.18229166666666666,2.4556794837761897,0.44764990589670123
urban,251,6.002389477117744e-05,14.02410354029301,0.0008417813151626446,61,1.6542251631582698,100.90773495265447,5,1,urban,NN,NOUN,2,NN|NNP,1,NOUN,0,0.8283682047459894,0.3177083333333333,1.65422516315827,0.5255611195450753
urgency,192,4.5914692414605844e-05,14.410684593522626,0.0006616621505954906,66,1.5405683813627027,101.67751316993838,7,1,urgenc,NN,NOUN,2,NN|NNP,1,NOUN,0,0.7716154316590949,0.34375,1.5405683813627027,0.529570381093429
urgent,222,5.308886310438801e-05,14.201231227893677,0.0007539272205714075,106,0.857042046157957,90.84645689274345,6,1,urgent,NN,NOUN,2,NN|NNP,1,NOUN,0,0.4292970909157566,0.5520833333333334,0.8570420461579569,0.4731586296497054
useful,38,9.087282873724075e-06,16.747719580800197,0.00015219126532053896,31,2.6307661903342807,81.5537519003627,6,1,us,NN,NOUN,2,NN|NNP,1,NOUN,0,1.3165249170069266,0.16145833333333334,2.6307661903342807,0.42475912448105574
using,107,2.558787546022305e-05,15.254180107842636,0.0003903220608472892,53,1.857042046157957,98.42322844637172,5,1,us,VB,VERB,2,NNP|VB,2,NOUN|VERB,0,0.9295136574045278,0.2760416666666667,1.8570420461579569,0.5126209814915194
utilisation,66,1.578317551752076e-05,15.95125297488533,0.0002517614254269903,34,2.497499659470817,84.91498842200778,11,1,utilis,NN,NOUN,2,NN|NNP,1,NOUN,0,1.2499432991984778,0.17708333333333334,2.4974996594708165,0.44226556469795714
utility,105,2.5109597414237573e-05,15.28140157657766,0.00038370984151316035,50,1.9411063109464315,97.05531554732157,7,1,util,NN,NOUN,1,NN,1,NOUN,0,0.9716978118882662,0.2604166666666667,1.9411063109464315,0.5054964351422999
utilization,124,2.965323885109961e-05,15.041450783856908,0.00044602773276076834,48,2.0,96.0,11,1,util,NN,NOUN,2,NN|NNP,1,NOUN,0,1.0012528161905718,0.25,2.0,0.5
v,406,9.709044333505194e-05,13.330311177058606,0.0012942458219748181,81,1.2451124978365313,100.85411232475904,1,1,v,NNP,NOUN,2,NN|NNP,1,NOUN,0,0.6237256774397268,0.421875,1.2451124978365313,0.5252818350247866
vacancies,166,3.969707781679464e-05,14.620607662896857,0.0005803954001228405,55,1.8036027871964966,99.19815329580732,9,1,vacanc,NN,NOUN,2,NN|NNP,1,NOUN,0,0.9030570632665275,0.2864583333333333,1.8036027871964966,0.5166570484156631
vacate,477,0.0001140693139675364,13.097801638238272,0.001494057247356714,48,2.0,96.0,6,1,vacat,NN,NOUN,1,NN,1,NOUN,0,1.0022011965206319,0.25,2.0,0.5
vacated,136,3.2522907127012474e-05,14.908184252993443,0.0004848574918924956,50,1.9411063109464315,97.05531554732157,7,1,vacat,VB,VERB,1,VB,1,VERB,0,0.9716883611649795,0.2604166666666667,1.9411063109464315,0.5054964351422999
vacation,104,2.4870458391244834e-05,15.29520737610269,0.00038039881863282304,46,2.0614005446641435,94.8244250545506,8,1,vacat,NN,NOUN,2,NN|NNP,1,NOUN,0,1.0317942973060312,0.23958333333333334,2.0614005446641435,0.49387721382578437
validity,363,8.680746534636418e-05,13.491821356248032,0.0011711908148418371,119,0.6901447374132127,82.12722375217231,8,1,valid,NN,NOUN,2,NN|NNP,1,NOUN,0,0.3458270897404008,0.6197916666666666,0.6901447374132127,0.4277459570425641
validly,200,4.7827804598547756e-05,14.351790904469057,0.000686414651018161,62,1.630766190334281,101.10750380072542,7,1,validli,RB,ADV,2,NNP|RB,2,ADV|NOUN,0,0.8164848569276044,0.3229166666666667,1.630766190334281,0.526601582295445
value,342,8.178554586351666e-05,13.577794579357885,0.0011104673412954823,99,0.9556058806415466,94.60498218351312,5,1,valu,NN,NOUN,2,NN|NNP,1,NOUN,0,0.4787554637037253,0.515625,0.9556058806415466,0.49273428220579746
values,368,8.800316046132788e-05,13.47208513818677,0.0011855860701645209,118,0.7023194513593151,82.87369526039917,6,1,valu,NN,NOUN,2,NN|NNP,1,NOUN,0,0.3520286028922086,0.6145833333333334,0.7023194513593148,0.4316338294812456
various,325,7.77201824726401e-05,13.651351186327966,0.0010609855051995016,95,1.0151068923902085,96.4351547770698,7,1,variou,NN,NOUN,2,NN|NNP,1,NOUN,0,0.5087330568755878,0.4947916666666667,1.0151068923902085,0.5022664311305719
verdict,89,2.1283373046353752e-05,15.519913663277384,0.0003303161121427352,34,2.497499659470817,84.91498842200778,7,1,verdict,NN,NOUN,2,NN|NNP,1,NOUN,0,1.2501585238347388,0.17708333333333334,2.4974996594708165,0.44226556469795714
vest,266,6.361098011606851e-05,13.940364658742594,0.0008867602591180194,57,1.7520724865564143,99.86813173371561,4,1,vest,NN,NOUN,1,NN,1,NOUN,0,0.8774532403894847,0.296875,1.7520724865564143,0.5201465194464355
vesting,58,1.3870063333578849e-05,16.13766609911621,0.00022383045085089015,37,2.3755091350922064,87.89383799841164,7,1,vest,VB,VERB,2,NNP|VB,2,NOUN|VERB,0,1.1887981378469825,0.19270833333333334,2.3755091350922064,0.4577804062417273
vi,273,6.528495327701769e-05,13.90288995332393,0.0009076495210182713,61,1.6542251631582698,100.90773495265447,2,1,vi,NNP,NOUN,2,NN|NNP,1,NOUN,0,0.8283642193735484,0.3177083333333333,1.65422516315827,0.5255611195450753
vice,796,0.00019035466230222007,12.359022473700133,0.002352597549366737,82,1.2274104961030725,100.64766068045195,4,1,vice,NNP,NOUN,2,NN|NNP,1,NOUN,0,0.6169573952979498,0.4270833333333333,1.2274104961030727,0.5242065660440206
vice-president,1394,0.00033335979805187787,11.55063224837536,0.0038505164336899178,77,1.3181759600262548,101.49954892202162,14,1,vice-presid,NNP,NOUN,2,NN|NNP,1,NOUN,0,0.6631969436288251,0.4010416666666667,1.3181759600262548,0.5286434839688626
vice-presidents,168,4.0175355862780115e-05,14.603329671465023,0.0005866939663326031,39,2.299560281858908,89.68285099249741,15,1,vice-presid,NNP,NOUN,2,NN|NNP,1,NOUN,0,1.151325464990458,0.203125,2.299560281858908,0.46709818225259064
victims,71,1.6978870632484454e-05,15.845899974739101,0.0002690454857263839,38,2.3370349872775704,88.80732951654768,7,1,victim,NN,NOUN,2,NN|NNP,1,NOUN,0,1.1696545970074372,0.19791666666666666,2.337034987277571,0.46253817456535257
view,269,6.432839718504673e-05,13.92418473168716,0.000895720485897935,96,1.0,96.0,4,1,view,NN,NOUN,1,NN,1,NOUN,0,0.5009328554319361,0.5,1.0,0.5
views,134,3.2044629081026996e-05,14.92955790378601,0.00047841214537053766,68,1.4974996594708168,101.82997684401553,5,1,view,NN,NOUN,2,NN|NNP,1,NOUN,0,0.7497827258174553,0.3541666666666667,1.4974996594708165,0.5303644627292475
vii,196,4.68712485065768e-05,14.380937250128575,0.0006740524836082636,56,1.777607578663552,99.5460244051589,3,1,vii,NNP,NOUN,2,NN|NNP,1,NOUN,0,0.8899446460761378,0.2916666666666667,1.777607578663552,0.5184688771102026
viii,149,3.563171442591808e-05,14.77647857378162,0.0005265112647616839,47,2.030373649043519,95.42756150504539,4,1,viii,NNP,NOUN,2,NN|NNP,1,NOUN,0,1.0163036514184927,0.24479166666666666,2.030373649043519,0.4970185495054447
villages,72,1.7218009655477193e-05,15.82572209280147,0.0002724874357987545,31,2.6307661903342807,81.5537519003627,8,1,villag,NN,NOUN,2,NN|NNP,1,NOUN,0,1.3167943483294926,0.16145833333333334,2.6307661903342807,0.42475912448105574
violate,126,3.0131516897085088e-05,15.018367170743867,0.0004525261841718968,69,1.4764380439429872,101.87422503206612,7,1,violat,NN,NOUN,1,NN,1,NOUN,0,0.7392388305967138,0.359375,1.4764380439429872,0.530594922042011
violated,129,3.08489339660633e-05,14.984419838820529,0.00046225337812754336,68,1.4974996594708168,101.82997684401553,8,1,violat,VB,VERB,1,VB,1,VERB,0,0.7498663972838425,0.3541666666666667,1.4974996594708165,0.5303644627292475
violates,59,1.4109202356571588e-05,16.11300404488194,0.00022734163464149579,38,2.3370349872775704,88.80732951654768,8,1,violat,NN,NOUN,2,NN|NNP,1,NOUN,0,1.1696906285520077,0.19791666666666666,2.337034987277571,0.46253817456535257
violations,153,3.658827051788904e-05,14.738259251551131,0.0005392474164585336,65,1.5625946876927017,101.5686547000256,10,1,violat,NN,NOUN,2,NN|NNP,1,NOUN,0,0.7823607367654483,0.3385416666666667,1.5625946876927015,0.5290034098959667
violence,250,5.97847557481847e-05,14.029862809581696,0.000838771921251382,112,0.777607578663552,87.09204881031782,8,1,violenc,NN,NOUN,2,NN|NNP,1,NOUN,0,0.38948365511013444,0.5833333333333334,0.777607578663552,0.45360442088707204
vocational,99,2.367476327628114e-05,15.366290474164172,0.0003637932894104106,54,1.8300749985576876,98.82404992211514,10,1,vocat,NN,NOUN,2,NN|NNP,1,NOUN,0,0.9160736339845373,0.28125,1.8300749985576876,0.5147085933443496
void,261,6.241528500110482e-05,13.967741097673898,0.000871800541432961,106,0.857042046157957,90.84645689274345,4,1,void,NN,NOUN,1,NN,1,NOUN,0,0.429367941969187,0.5520833333333334,0.8570420461579569,0.4731586296497054
voluntarily,69,1.6500592586498976e-05,15.887122637465614,0.0002621469380125652,36,2.415037499278844,86.94134997403839,11,1,voluntarili,RB,ADV,1,RB,1,ADV,0,1.2085980159772787,0.1875,2.415037499278844,0.45281953111478324
voluntary,131,3.132721201204878e-05,14.962224092706332,0.0004687247663239955,66,1.5405683813627027,101.67751316993838,9,1,voluntari,NN,NOUN,2,NN|NNP,1,NOUN,0,0.7712525401194653,0.34375,1.5405683813627027,0.529570381093429
voted,380,9.087282873724073e-05,13.425791485912836,0.0012200396503612618,110,0.8036027871964965,88.39630659161462,5,1,vote,VB,VERB,2,NNP|VB,2,NOUN|VERB,0,0.40292367904159027,0.5729166666666666,0.8036027871964967,0.46039743016465956
voter,227,5.42845582193517e-05,14.169098606952868,0.0007691632582448681,60,1.6780719051126378,100.68431430675827,5,1,voter,NN,NOUN,2,NN|NNP,1,NOUN,0,0.8403402837486844,0.3125,1.6780719051126378,0.5243974703476993
voters,451,0.00010785169936972519,13.178663470988402,0.0014213412507678201,105,0.8707169830550335,91.42528322077852,6,1,voter,NN,NOUN,2,NN|NNP,1,NOUN,0,0.4366386062406655,0.546875,0.8707169830550335,0.4761733501082215
wage,86,2.0565955977375535e-05,15.569382339541685,0.0003201992317899424,43,2.158697746019058,92.8240030788195,4,1,wage,NN,NOUN,2,NN|NNP,1,NOUN,0,1.080487105337564,0.22395833333333334,2.158697746019058,0.48345834936885157
wages,81,1.937026086241184e-05,15.655797091359158,0.00030325687366861544,33,2.5405683813627027,83.83875658496919,5,1,wage,NN,NOUN,2,NN|NNP,1,NOUN,0,1.2715124116377827,0.171875,2.5405683813627027,0.4366601905467145
warrant,195,4.663210948358406e-05,14.388316780494172,0.0006709575633924939,68,1.4974996594708168,101.82997684401553,7,1,warrant,NN,NOUN,2,NN|NNP,1,NOUN,0,0.7500213402819101,0.3541666666666667,1.4974996594708165,0.5303644627292475
water,348,8.32203800014731e-05,13.552703598395054,0.0011278611435057682,92,1.0614005446641432,97.64885010910118,5,1,water,NN,NOUN,2,NN|NNP,1,NOUN,0,0.531783612570763,0.4791666666666667,1.0614005446641432,0.508587760984902
waters,234,5.5958531380300874e-05,14.125282374660378,0.0007904300570180436,82,1.2274104961030725,100.64766068045195,6,1,water,NN,NOUN,2,NN|NNP,1,NOUN,0,0.6148234453332634,0.4270833333333333,1.2274104961030727,0.5242065660440206
ways,58,1.3870063333578849e-05,16.13766609911621,0.00022383045085089015,39,2.299560281858908,89.68285099249741,4,1,wai,NN,NOUN,2,NN|NNP,1,NOUN,0,1.1509525962127765,0.203125,2.299560281858908,0.46709818225259064
wealth,191,4.5675553391613105e-05,14.418218266208035,0.0006585600982301164,85,1.1755715645834544,99.92358298959363,6,1,wealth,NN,NOUN,2,NN|NNP,1,NOUN,0,0.5887638968779866,0.4427083333333333,1.1755715645834544,0.5204353280708001
weapons,91,2.176165109233923e-05,15.487852454045086,0.0003370412412745591,33,2.5405683813627027,83.83875658496919,7,1,weapon,NN,NOUN,2,NN|NNP,1,NOUN,0,1.2716046683730757,0.171875,2.5405683813627027,0.4366601905467145
wedlock,55,1.3152646264600634e-05,16.214287380719124,0.00021326078635117658,40,2.263034405833794,90.52137623335176,7,1,wedlock,NN,NOUN,1,NN,1,NOUN,0,1.1325779586727263,0.20833333333333334,2.263034405833794,0.47146550121537373
week,119,2.8457543736135915e-05,15.10082933093584,0.0004297325111370307,62,1.630766190334281,101.10750380072542,4,1,week,NN,NOUN,2,NN|NNP,1,NOUN,0,0.8164636655247871,0.3229166666666667,1.630766190334281,0.526601582295445
weekly,34,8.130726781753119e-06,16.908184252993443,0.00013747582653663015,31,2.6307661903342807,81.5537519003627,6,1,weekli,RB,ADV,1,RB,1,ADV,0,1.3165356965117632,0.16145833333333334,2.6307661903342807,0.42475912448105574
weeks,143,3.419688028796165e-05,14.835775757465393,0.0005073372475570876,53,1.857042046157957,98.42322844637172,5,1,week,NN,NOUN,1,NN,1,NOUN,0,0.9299674600816384,0.2760416666666667,1.8570420461579569,0.5126209814915194
weights,42,1.0043838965695029e-05,16.603329671465023,0.00016676116951454083,38,2.3370349872775704,88.80732951654768,7,1,weight,NN,NOUN,2,NN|NNP,1,NOUN,0,1.1695556190232854,0.19791666666666666,2.337034987277571,0.46253817456535257
welfare,452,0.00010809083839271792,13.175468131828595,0.0014241473965858897,120,0.6780719051126377,81.36862861351652,7,1,welfar,NN,NOUN,2,NN|NNP,1,NOUN,0,0.3400053197482249,0.625,0.6780719051126377,0.4237949406953986
well-being,240,5.739336551825731e-05,14.088756498635265,0.0008086011514238968,103,0.8984619735379379,92.5415832744076,10,1,well-b,VB,VERB,2,NNP|VB,2,NOUN|VERB,0,0.4500007812473387,0.5364583333333334,0.8984619735379377,0.4819874128875395
whatsoever,229,5.476283626533718e-05,14.156443306146839,0.0007752469868740478,82,1.2274104961030725,100.64766068045195,10,1,whatsoev,NN,NOUN,1,NN,1,NOUN,0,0.6147173067222728,0.4270833333333333,1.2274104961030727,0.5242065660440206
whichever,139,3.324032419599069e-05,14.876706021520276,0.0004945065311237808,54,1.8300749985576876,98.82404992211514,9,1,whichev,NN,NOUN,1,NN,1,NOUN,0,0.9161441426722744,0.28125,1.8300749985576876,0.5147085933443496
white,101,2.4153041322266617e-05,15.337435611491987,0.0003704457161019695,59,1.702319451359315,100.43684763019958,5,1,white,NN,NOUN,2,NN|NNP,1,NOUN,0,0.8523624137161018,0.3072916666666667,1.7023194513593147,0.5231085814072894
wholly,163,3.897966074781642e-05,14.646918940012705,0.0005709319312824622,64,1.584962500721156,101.43760004615399,6,1,wholli,RB,ADV,1,RB,1,ADV,0,0.7934942146548764,0.3333333333333333,1.584962500721156,0.5283208335737186
widows,51,1.2196090172629678e-05,16.323221752272286,0.00019907948439854301,32,2.584962500721156,82.718800023077,6,1,widow,NN,NOUN,2,NN|NNP,1,NOUN,0,1.2935836322856977,0.16666666666666666,2.584962500721156,0.430827083453526
wish,61,1.4587480402557066e-05,16.064909756680898,0.0002343465562444304,35,2.4556794837761897,85.94878193216664,4,1,wish,NN,NOUN,2,NN|NNP,1,NOUN,0,1.2291759688288595,0.18229166666666666,2.4556794837761897,0.44764990589670123
wishes,71,1.6978870632484454e-05,15.845899974739101,0.0002690454857263839,44,2.1255308820838588,93.52335881168979,6,1,wish,NN,NOUN,1,NN,1,NOUN,0,1.0639234430787468,0.22916666666666666,2.125530882083859,0.4871008271442177
withdraw,75,1.793542672445541e-05,15.766828403747901,0.0002827847955124827,48,2.0,96.0,8,1,withdraw,NN,NOUN,1,NN,1,NOUN,0,1.0010318325038627,0.25,2.0,0.5
withdrawal,267,6.385011913906125e-05,13.934951162556228,0.0008897482919262153,78,1.2995602818589078,101.36570198499481,10,1,withdraw,NN,NOUN,2,NN|NNP,1,NOUN,0,0.6508181194521232,0.40625,1.2995602818589078,0.5279463645051813
withdrawn,227,5.42845582193517e-05,14.169098606952868,0.0007691632582448681,73,1.395137941841139,101.84506975440314,9,1,withdrawn,NN,NOUN,1,NN,1,NOUN,0,0.6986671551604187,0.3802083333333333,1.3951379418411392,0.5304430716375165
withhold,76,1.817456574744815e-05,15.747719580800197,0.0002862079648936298,36,2.415037499278844,86.94134997403839,8,1,withhold,NN,NOUN,1,NN,1,NOUN,0,1.2086651141531937,0.1875,2.415037499278844,0.45281953111478324
witness,73,1.7457148678469932e-05,15.805822535363765,0.00027592459398535584,40,2.263034405833794,90.52137623335176,7,1,wit,NN,NOUN,2,NN|NNP,1,NOUN,0,1.1326223833791582,0.20833333333333334,2.263034405833794,0.47146550121537373
witnesses,262,6.265442402409756e-05,13.962224092706332,0.0008747951086238933,72,1.4150374992788437,101.88269994807675,9,1,wit,NN,NOUN,2,NN|NNP,1,NOUN,0,0.7088176469012577,0.375,1.4150374992788437,0.5306390622295664
woman,198,4.734952655256228e-05,14.366290474164172,0.0006802370522682589,75,1.3561438102252754,101.71078576689565,5,1,woman,NN,NOUN,2,NN|NNP,1,NOUN,0,0.6790364608478914,0.390625,1.3561438102252754,0.5297436758692482
words,212,5.069747287446062e-05,14.267726639680584,0.0007233376842954257,67,1.5188733102633836,101.7645117876467,5,1,word,NN,NOUN,2,NN|NNP,1,NOUN,0,0.7604937967318265,0.3489583333333333,1.5188733102633838,0.5300234988939933
worker,146,3.4914297356939864e-05,14.805822535363765,0.0005169348906137718,46,2.0614005446641435,94.8244250545506,6,1,worker,NN,NOUN,2,NN|NNP,1,NOUN,0,1.0319406064689574,0.23958333333333334,2.0614005446641435,0.49387721382578437
workers,565,0.00013511354799089742,12.853540036941233,0.0017366873986341806,91,1.07716786052246,98.02227530754385,7,1,worker,NN,NOUN,2,NN|NNP,1,NOUN,0,0.5402146153725457,0.4739583333333333,1.07716786052246,0.5105326838934575
works,273,6.528495327701769e-05,13.90288995332393,0.0009076495210182713,78,1.2995602818589078,101.36570198499481,5,1,work,NN,NOUN,2,NN|NNP,1,NOUN,0,0.6510011403453363,0.40625,1.2995602818589078,0.5279463645051813
world,174,4.161019000073655e-05,14.552703598395054,0.0006055407617536207,89,1.1092290697547584,98.7213872081735,5,1,world,NN,NOUN,2,NN|NNP,1,NOUN,0,0.5555811007685078,0.4635416666666667,1.1092290697547584,0.514173891709237
worship,140,3.347946321898343e-05,14.866364077298815,0.0004977178893259423,90,1.0931094043914815,98.37984639523334,7,1,worship,NN,NOUN,2,NN|NNP,1,NOUN,0,0.5473114984959555,0.46875,1.0931094043914815,0.512395033308507
writ,109,2.606615350620853e-05,15.227462769466856,0.0003969213820589983,36,2.415037499278844,86.94134997403839,4,1,writ,NN,NOUN,2,NN|NNP,1,NOUN,0,1.2089646759901467,0.1875,2.415037499278844,0.45281953111478324
writs,121,2.8935821782121393e-05,15.076783856969188,0.0004362591307328252,45,2.0931094043914813,94.18992319761666,5,1,writ,NN,NOUN,2,NN|NNP,1,NOUN,0,1.0477449147649456,0.234375,2.0931094043914813,0.49057251665425344
x,122,2.9174960805114132e-05,15.064909756680896,0.00043951815168374663,33,2.5405683813627027,83.83875658496919,1,1,x,NNP,NOUN,2,NN|NNP,1,NOUN,0,1.2715925901441774,0.171875,2.5405683813627027,0.4366601905467145
young,118,2.8218404713143176e-05,15.113004044881942,0.0004264648645698485,57,1.7520724865564143,99.86813173371561,5,1,young,NN,NOUN,2,NN|NNP,1,NOUN,0,0.8771801437632885,0.296875,1.7520724865564143,0.5201465194464355
youth,173,4.137105097774381e-05,14.561018866607057,0.0006024046538182899,64,1.584962500721156,101.43760004615399,5,1,youth,NN,NOUN,2,NN|NNP,1,NOUN,0,0.7936570204783763,0.3333333333333333,1.584962500721156,0.5283208335737186
zone,197,4.711038752956954e-05,14.373595274787407,0.0006771456435884243,47,2.030373649043519,95.42756150504539,4,1,zone,NN,NOUN,2,NN|NNP,1,NOUN,0,1.0165571667598414,0.24479166666666666,2.030373649043519,0.4970185495054447
zones,78,1.8652843793433624e-05,15.710244875381534,0.00029304074361708284,31,2.6307661903342807,81.5537519003627,5,1,zone,NN,NOUN,2,NN|NNP,1,NOUN,0,1.316611529332566,0.16145833333333334,2.6307661903342807,0.42475912448105574
