term_str,x,y
the,27.702814,-3.7196364
of,29.150784,-9.456869
and,5.326707,37.12691
to,-7.938191,-6.627111
in,-19.303358,-36.65168
a,-31.273453,-38.28473
or,-3.9714682,-13.247275
shall,-45.55239,-13.729033
be,-34.39841,-24.576101
by,-28.488049,-24.629608
for,-38.127937,28.035206
any,-36.173622,13.204156
is,-6.6350465,-38.160873
as,-17.557692,-39.70219
law,7.4284954,4.3415356
that,-23.573538,-36.87705
with,10.007572,9.378423
may,-46.971313,-14.378102
this,5.364798,-58.12938
on,1.3278247,-26.069727
not,-29.556616,-30.068333
president,36.716896,-0.19348031
state,52.54284,7.5404673
other,9.439407,-32.82325
court,32.735687,14.135913
constitution,21.997656,-57.979313
national,48.578857,2.7342198
such,-35.744743,-2.9466798
office,24.665602,-2.10248
public,27.655115,52.50614
person,-41.056747,-12.064911
which,-30.781427,-34.89426
from,-40.461678,-24.282278
his,-27.998005,23.808271
an,-19.843601,-40.90889
under,-2.6763892,-53.763737
it,-25.679718,-38.03128
republic,54.900486,23.989038
are,-39.806698,-19.81457
1,8.660432,-75.51008
assembly,49.047043,-7.5589294
parliament,49.219147,-9.452947
if,-14.53336,-33.013527
their,-29.721933,23.345161
government,46.550346,7.289078
members,43.069313,0.8497661
its,15.314653,0.487017
have,-38.993473,-15.581818
has,-39.79371,-16.088602
2,9.330779,-75.5882
at,2.0762572,-38.18245
all,22.694841,42.604027
b,17.149063,-47.21943
council,46.048157,5.220174
right,-51.460476,-17.662304
he,-48.64682,-27.740236
article,21.933582,-59.29972
provisions,3.4930964,-9.883508
member,34.710045,-3.1902668
who,-46.660088,-28.439962
section,21.961355,-59.22399
commission,36.87913,12.014133
no,-26.720018,-30.667847
act,2.1477904,-3.7217555
minister,36.645638,3.1068015
3,9.174689,-75.09985
rights,-18.412996,51.394176
accordance,-57.20548,-2.8384857
before,0.54928,-38.690907
within,17.907156,-30.250584
functions,25.811764,24.497063
than,43.747196,-29.739874
been,-42.129044,-18.872883
service,26.708708,13.740335
case,0.05416424,-7.731403
house,48.130463,-10.059631
authority,28.46038,18.348488
one,23.549704,-29.729986
subject,-4.649584,-53.425156
time,26.9428,-24.258974
after,2.3717592,-37.424866
election,25.414797,-12.925624
provided,-16.835772,-55.046833
4,9.717464,-75.34071
c,17.513092,-46.949028
persons,21.611649,49.14934
general,40.485355,7.3930435
will,-45.83955,-13.363295
exercise,-55.11827,6.45139
constitutional,24.650362,4.876032
power,27.053709,20.70763
laws,6.321817,3.2445333
appointed,-44.0033,-51.254757
order,-12.032458,-2.3568757
supreme,24.530073,5.4017835
justice,31.01878,6.8215566
force,36.380337,48.68688
elected,-43.284397,-52.4174
period,22.106468,-18.606617
federal,46.80196,21.012768
those,-21.20165,-36.617043
made,-38.600628,-53.02515
respect,-57.63532,-4.684934
so,-21.740393,-35.879105
powers,25.077776,25.946505
into,-15.171572,-25.768106
prime,35.5472,0.32122046
established,-18.25802,-55.48015
they,-36.814083,-28.350317
bill,7.3794384,-18.396051
years,35.75275,-28.700733
must,-45.80769,-13.752437
political,6.3649426,13.533743
judicial,52.64572,6.2420444
when,-14.175622,-32.87981
where,-14.5654745,-33.025547
subsection,21.741259,-55.677113
i,14.952299,-44.650654
upon,1.3121208,-26.07707
speaker,39.625122,-1.685076
following,-13.35234,-51.57911
people,14.392582,41.169422
only,-32.25169,-29.624622
without,-33.656998,-0.37571776
days,35.330135,-29.778887
each,57.491177,-1.0307205
paragraph,20.896261,-56.31861
ministers,37.702866,3.414343
except,-28.858473,-33.348267
representatives,54.923206,-2.0834448
every,57.749622,-0.86300415
duties,25.658394,24.828423
legal,-20.52303,44.353676
d,17.531525,-46.844707
two,38.725807,-52.9219
high,24.49797,5.5442233
matters,3.807472,6.5174875
first,16.903748,-34.913155
appointment,20.880014,-2.9768045
local,45.909164,16.116825
provision,3.3466218,-9.82838
5,9.714649,-75.04732
date,28.025959,-28.073257
proceedings,-5.3765397,7.478457
majority,41.708538,-19.238132
there,-27.84566,-40.267986
social,7.721104,44.66017
vote,32.637768,-18.701395
make,-10.111005,-15.62131
part,27.01737,41.52703
judge,29.70357,6.996384
appeal,23.599916,6.0355253
legislative,47.84973,1.2407659
deputy,38.93428,0.6093126
prescribed,-17.190403,-56.53387
him,-35.319572,-17.405895
decision,-7.9457035,1.2588111
conditions,8.455468,22.118471
means,-10.849999,24.643377
citizens,21.04588,47.523743
citizen,-31.86365,27.43941
unless,-13.097665,-33.38248
being,-35.05127,-25.466757
during,17.618984,-29.159027
her,-27.714935,24.136787
term,21.70379,-18.043842
courts,32.76857,14.729608
elections,25.42563,-12.939951
referred,-13.736506,-55.5766
them,-33.92815,-15.549596
necessary,-43.478474,-5.2281504
executive,53.68047,6.0711412
senate,48.13521,-9.432288
property,-10.755715,30.250479
purpose,52.391003,-28.942059
security,23.264238,53.17685
held,-37.075775,-47.2452
freedom,-22.295687,52.35796
chief,35.158222,2.2556586
take,-9.727064,-37.497738
until,1.0612127,-37.132996
procedure,9.489561,20.830572
number,36.87121,-20.042034
jurisdiction,23.812164,27.121763
specified,-16.70964,-56.08246
protection,-0.5594753,48.210747
more,9.917659,-35.193306
cases,-1.1093365,19.007141
against,-30.417908,7.3579636
purposes,52.389908,-28.944403
year,32.434063,-29.41335
same,-16.920492,-50.846348
electoral,35.18969,17.188719
judges,28.520267,8.228829
tribunal,33.5808,14.207821
well,-13.070601,-44.004875
day,28.057129,-28.122185
services,8.219477,57.32739
matter,-8.614259,-0.12145294
committee,38.025494,10.698035
economic,3.358162,45.279964
international,7.133533,8.503342
administration,22.27446,19.371777
acting,25.746075,-1.8506029
clause,21.682123,-55.72001
civil,29.216179,54.525143
development,2.579612,49.240997
administrative,19.398485,24.48257
rules,5.293546,3.6026213
otherwise,-21.60851,-38.22195
including,2.4995813,-29.990604
required,-45.580544,-47.546837
governor-general,36.061783,-0.999865
criminal,-30.781454,5.161615
effect,-14.261105,-0.25089577
union,50.524555,26.625439
question,-8.900655,-0.62570435
session,21.34605,-15.566497
determined,-18.068035,-56.2263
but,-24.245842,-29.417255
country,42.248394,43.947273
was,-6.6455183,-38.177505
new,21.874851,-5.307258
out,0.16521394,-43.874737
6,9.9846,-74.861404
e,17.77624,-46.529655
apply,-21.630215,-12.147942
education,-4.204921,60.15299
land,-5.829706,49.594837
special,11.568597,7.0148115
manner,-0.48379716,18.097528
deputies,43.761967,1.2073474
perform,-56.48331,4.996064
terms,14.283625,-1.9852302
appoint,-21.424599,-25.541956
three,38.379025,-52.60358
ii,14.578298,-44.75589
votes,33.31758,-18.253593
financial,12.611271,66.84461
territory,29.34776,42.190784
over,-8.400823,-18.358223
party,-17.133343,62.8895
states,41.758183,23.89115
having,-39.83321,-16.271942
human,-13.570382,51.947754
interest,5.9452987,32.994797
hold,-18.482492,-27.448137
offence,-32.816246,11.525705
police,29.289654,52.9492
chamber,50.802834,-7.2579494
least,39.949898,-26.688417
budget,-23.222118,40.47925
cabinet,46.0851,-10.139996
form,3.6768334,12.77489
age,33.02626,-51.88931
authorities,29.31927,18.005869
fund,-19.22645,39.421207
less,9.596301,-35.64512
control,20.517797,22.61497
relating,4.6380076,-32.1629
between,43.13259,12.890833
through,-22.987766,26.948267
principles,8.697762,24.37534
provide,-18.04661,-13.555537
present,-30.83781,-49.168953
advice,-3.6644995,-9.157096
whether,-16.5111,-7.610918
entitled,-48.668118,-46.602055
own,-23.614166,22.516666
thereof,-7.727359,-43.14486
work,-21.289013,25.625713
taken,-28.906023,-50.684742
responsible,-52.743004,-47.845203
system,15.947219,34.60396
emergency,-26.098555,16.41775
chairman,40.66812,0.16605285
private,4.404512,58.610756
federation,50.468754,26.727646
s,37.560204,35.72309
also,-29.322834,-29.846512
oath,-14.566693,15.596234
can,-46.575924,-14.292346
institutions,6.495006,60.594116
8,11.304119,-73.31835
resolution,6.7691307,-19.305574
these,14.063124,-22.300182
acts,3.7170343,0.6850438
freedoms,-14.003618,51.138187
relation,-0.2638299,-32.38336
either,56.419853,-2.870539
forces,35.79213,48.837376
body,26.448534,18.602932
bodies,29.886892,18.062103
officer,24.031212,14.741023
months,35.474537,-28.96709
organization,16.820555,28.944946
report,-4.0057435,-6.590994
7,10.313364,-74.55923
parties,-17.132208,62.83599
amendment,4.093991,-7.0561576
decisions,-1.3209136,3.9309306
do,-5.285892,-27.511948
concerning,4.681914,-28.937801
reason,-26.431366,20.270638
place,-12.268922,13.738094
passed,-34.87633,-53.35699
immediately,-25.263748,-33.503124
foreign,7.675877,54.015274
legislation,6.8017097,3.4731812
congress,48.61631,-7.4037895
interests,6.740421,49.41435
offices,25.755806,11.529221
free,-9.853211,53.69133
fundamental,19.297575,40.62548
among,58.719814,8.779141
regulations,5.540293,3.031204
approval,7.9610605,-8.841704
use,-3.5804863,46.46484
district,47.81203,18.140535
official,18.833454,10.355069
declaration,1.6740254,-1.1524782
five,37.79336,-52.157173
resources,-7.9264317,49.953766
defence,23.80887,53.061848
independent,17.84237,15.452994
determine,-19.045494,-14.755179
chapter,21.415146,-58.180485
removed,-47.639168,-38.947144
deemed,-26.816885,-48.0771
set,-21.91129,-54.475887
provincial,45.904762,14.859263
duty,-24.14501,-0.014230764
does,-43.307045,-15.979137
application,3.563293,-4.813197
equal,6.3746614,43.887222
measures,-11.615671,14.824712
ensure,-49.737564,24.481806
submitted,-32.34044,-53.202
military,31.558126,53.353043
citizenship,-30.949863,29.303387
health,-9.341394,65.94709
qualified,-49.779594,-52.601723
referendum,27.28223,-14.295301
schedule,19.392677,-58.1529
f,17.852417,-46.414616
legislature,49.456303,-9.221192
activities,22.242258,38.74171
life,-19.595985,48.723347
holding,20.63738,-9.886399
information,-7.5524316,20.270945
armed,33.542362,49.446117
vice-president,38.335957,0.697232
head,33.770527,5.868607
nation,13.861432,41.102486
extent,-18.87649,-8.859631
establish,-47.84432,13.899421
request,9.479067,-17.567333
approved,-35.024414,-53.42389
basis,-9.4348755,-9.393669
appropriate,-43.734543,-4.4781303
board,36.74637,12.332078
according,-3.194911,-53.47251
promote,-50.6126,21.640623
conduct,13.84554,21.94395
independence,14.777972,44.223953
opinion,-6.377456,-9.07527
parliamentary,42.0782,-5.436708
expenditure,-21.74256,38.725986
another,36.838936,39.932194
second,16.883408,-35.07712
cultural,-7.934745,57.56745
dissolution,14.561599,-17.87557
king,35.69936,-0.924187
given,-29.494751,-52.741726
vacant,-28.4174,-44.682293
policy,1.0699513,67.22142
consent,7.691312,-8.475512
circumstances,-1.7653949,18.381977
exercised,-50.077244,-42.201244
action,-6.826761,8.329353
issue,-15.115745,-16.97799
become,-5.1210155,-35.566795
community,17.667519,50.902836
territorial,44.361607,18.901678
responsibility,2.806122,23.214647
whose,28.291513,-9.643966
cause,-31.39619,-16.652792
conferred,-51.77554,-41.237377
democratic,19.266726,36.162
respective,16.886974,-11.821638
organs,29.97486,18.080507
both,53.544212,13.326155
society,12.837132,42.584507
meeting,21.770445,-15.477907
regional,45.252007,15.515075
function,25.099634,23.357376
total,39.244232,-20.71431
governor,36.143665,1.4271599
guaranteed,-41.720715,-43.274036
notwithstanding,-1.9982197,-17.835072
direct,-14.857439,25.872433
continue,-13.887012,-38.58422
orders,4.843735,0.288218
two-thirds,41.38312,-19.246363
iii,14.38764,-44.67914
declared,-38.10527,-50.14509
officers,28.760983,13.769185
list,33.966736,-12.337143
candidate,35.852142,-12.822628
membership,24.835983,-8.049514
adopted,-35.427345,-53.694706
prior,18.51166,-24.19094
virtue,-42.32963,-56.18447
regulated,-18.49475,-56.35018
treaties,7.483729,7.204617
protect,-51.87323,20.22183
sitting,21.762688,-15.495143
execution,6.2677794,26.832243
religious,-20.400759,58.529575
particular,-18.459925,-4.116998
status,30.234976,27.688124
should,-45.31411,-14.54656
region,49.20606,16.881302
9,12.2244005,-73.38112
personal,-22.74793,49.237293
submit,-14.990375,-21.293676
organic,4.4667034,-4.268727
account,-10.865145,-7.349012
laid,-29.143402,-48.478924
war,-26.077822,15.348783
competent,-18.455729,-2.1460595
representative,26.462954,2.2648613
candidates,35.625343,-12.916453
province,49.033676,17.199295
done,-54.508926,-31.726091
natural,-3.1668956,50.389526
business,-0.76887274,7.663802
language,32.33127,40.88536
then,-23.958206,-33.829304
autonomous,44.73622,20.725157
consolidated,-22.135847,31.413017
performance,-56.030304,5.3840785
individual,-23.195393,6.50673
pursuant,-3.1287508,-53.542004
removal,16.48327,-6.5782266
proposal,8.88193,-16.402943
operation,-1.8324816,10.430329
she,-49.58157,-28.231564
consultation,10.953005,-20.03153
accounts,32.67717,10.733057
commissioner,33.173992,4.3397675
final,-7.1737566,2.590499
up,0.07612667,-42.522198
concerned,8.258839,13.273167
commencement,25.672915,-25.799427
regulate,-19.571407,-13.891829
give,-30.753649,-12.719675
decree,2.513627,-1.3480768
religion,-22.539072,57.630657
bills,7.150554,-2.5717275
nor,-27.835297,-31.158648
permanent,23.241371,8.5882845
reference,2.5159516,-48.169827
nothing,-3.0922549,-47.882267
seat,25.937996,-7.4281297
absence,-34.147816,18.846628
guarantee,-49.2302,24.18559
procedures,9.495923,21.101694
motion,7.2255793,-18.907555
resignation,15.469147,-6.7211194
defense,23.443972,53.060883
affairs,26.550417,28.322891
prejudice,-30.628813,0.15849143
superior,25.266354,6.2397017
charge,-33.692387,-33.392326
consist,45.306923,10.59553
proclamation,2.1371334,-1.2754921
vacancy,24.858032,-9.129693
nature,-8.1011505,12.85154
were,-39.868,-19.743944
g,18.01491,-46.141792
include,-20.663958,-11.612001
art,20.287573,-60.08507
receive,-30.426693,-11.264274
10,13.176577,-73.03615
six,37.83451,-52.020863
imposed,-52.938145,-39.337917
preceding,8.360047,-51.970444
guarantees,-45.064003,29.916544
end,24.77773,-25.619793
sentence,-39.98136,14.211767
establishment,14.045817,27.988422
family,-25.281595,45.51597
detention,-39.20769,3.3785384
ad,17.472235,-54.2512
expiration,24.818745,-26.093168
participation,4.1919203,24.769712
detained,-42.871975,-29.600353
full,-11.251204,42.884304
secretary,38.479073,5.201176
areas,27.508446,44.135662
hluttaw,43.67301,-6.4689255
everyone,31.716803,31.369425
applies,4.8263497,-50.26557
director,35.20941,4.012219
draft,6.8840494,-3.3645802
management,1.8836583,47.36843
functioning,15.679091,27.641817
committees,38.219986,10.211579
taxes,-16.550522,33.869762
sessions,20.519434,-15.091204
based,-9.761637,-9.448497
articles,20.417376,-59.81478
existing,4.256646,-3.1550992
discharge,-56.124126,5.3053517
integrity,14.305675,45.068768
voting,32.429905,-17.908665
said,15.300538,-22.47684
tax,-16.351816,32.512203
decide,-15.245859,-12.342914
includes,-5.153068,-17.872835
mandate,20.375544,-12.108778
making,5.3276305,-12.1091
four,37.80751,-52.294815
down,-16.402782,-54.08113
statute,7.199166,3.9821143
death,-33.177464,17.9811
reasonable,-10.217891,45.44841
entities,7.83806,62.24735
compensation,-32.160145,37.946808
behalf,-13.2600355,-6.583818
taking,12.071887,-27.064167
event,0.020587455,-7.461308
children,-16.205322,48.137302
peace,8.915073,42.9415
finance,18.07635,6.2297797
writing,5.339518,-20.296412
charged,-55.88213,-9.4765005
cannot,-46.41107,-14.324114
access,-37.874596,32.441563
contained,-3.1918888,-49.0929
would,-44.560898,-15.885639
competence,23.758245,26.836218
trial,-6.7510858,5.559403
agreement,6.2676325,7.6424003
central,46.437706,19.54024
written,-8.887427,4.0082397
activity,22.236837,38.75642
benefits,-35.83517,40.520832
composition,16.336105,27.649025
unable,-48.60662,-47.883343
cease,-13.994235,-38.735893
due,-34.147415,-9.556596
funds,-19.35039,39.163624
municipal,45.430332,15.909029
directly,-36.356297,-20.861576
enacted,-37.230495,-54.208557
standing,22.500303,0.21816011
sovereignty,12.335044,46.047306
organizations,9.654693,60.3247
granted,-43.23691,-34.006077
name,28.892452,-2.3823454
confidence,8.216131,-22.288673
vested,-49.95617,-42.65135
require,-23.685389,-13.437596
participate,-32.3987,-6.4271894
judiciary,52.61834,6.145432
regulation,10.602868,1.6994001
grant,-16.336594,-15.197508
judgment,-9.159095,1.8348174
published,-36.349632,-55.227375
amount,-22.911581,36.242798
committed,-33.309917,7.7038136
obligations,-13.104295,39.98653
attorney-general,35.352436,3.0336187
proposed,-33.305122,-50.716667
dissolved,-29.62495,-45.965584
considered,-26.870604,-48.00427
review,-2.9079292,4.944997
grounds,-13.545955,-4.558859
whom,-27.208553,0.020884855
publication,11.693913,-11.567291
effective,-40.72105,-2.1866696
implementation,6.332728,27.436428
agreements,7.4605427,7.248197
elect,-21.244598,-25.415508
meet,-26.85185,-15.711629
while,-12.476175,-35.307224
communities,16.896355,50.82985
vice,38.453335,0.82492596
responsibilities,25.1124,25.236197
division,36.754444,20.489851
recommendation,-3.6875315,-9.112251
qualifications,17.603466,-2.1170778
forms,-3.8338866,23.265293
people's,48.205193,-1.8274937
basic,19.264122,40.589462
prohibited,-43.799965,-37.328392
senators,43.71849,1.5152298
next,22.602757,-22.989264
audit,32.783997,10.728543
issued,-38.647293,-52.721622
area,27.471077,44.19875
position,24.99151,-2.0361173
way,1.0627034,14.638442
support,-46.226723,20.161745
reasonably,-43.238026,-8.621313
registered,-23.594622,-47.294243
senator,34.23185,-2.9069638
municipalities,41.434742,20.924397
auditor-general,35.185448,3.350596
leader,50.148342,10.272032
councils,45.69207,5.9673166
determination,-6.3868055,0.58989877
houses,52.148426,-7.1602273
further,-12.173179,3.2061095
ten,37.190815,-51.0573
thirty,37.030342,-49.33754
equality,6.550235,43.717762
revenue,-20.692892,39.879276
reasons,-11.05983,10.675274
disciplinary,7.210096,18.74633
enjoy,-35.99012,-13.364233
joint,31.316286,-21.55358
level,29.473059,23.633522
ballot,28.860088,-19.168768
process,14.074249,16.695887
relations,12.706461,37.90382
chambers,52.066605,-7.161793
mentioned,-13.865093,-55.193035
nominated,-43.600883,-51.65529
ukraine,54.580082,23.503153
appointments,20.81666,-1.8557118
others,-12.451559,50.012283
united,48.40515,37.11455
capital,27.429379,38.524033
however,-26.463533,-29.090025
amendments,4.6469674,-6.5157094
paid,-54.28652,-36.33878
absolute,40.6191,-17.391914
direction,20.83853,21.797781
professional,-8.07294,55.212223
applicable,-38.304745,-43.31159
later,8.0001335,-35.998783
punishment,-38.9303,15.291485
consideration,14.975929,-14.108235
declare,-10.463521,-23.444996
good,-26.5339,47.577213
rule,-1.2661105,5.493595
relevant,10.144288,-0.5178364
ombudsman,34.003582,3.2912946
employment,-2.108788,15.6170435
expression,-24.44502,56.0814
environment,0.49569446,48.76864
inconsistent,-57.1423,-7.7322836
leave,5.6588473,-9.15073
some,-35.997047,13.45731
third,16.895552,-36.360706
far,-13.369057,-45.87548
designated,-43.05074,-50.737675
money,-18.41448,36.986927
presidential,25.88163,-17.139349
presented,-32.127243,-53.14163
regard,-53.938206,-3.5138848
last,22.29865,-22.517876
representation,12.285935,14.441389
h,18.222376,-45.56008
association,-16.188435,58.771793
defined,-17.528393,-55.69187
12,13.293319,-72.952156
requirements,8.78791,22.294346
gazette,18.767729,9.620105
nationality,-30.906229,29.312744
assistance,-5.0044384,13.284366
internal,8.559093,53.691395
remuneration,-33.364433,40.580048
majlis,49.456383,-3.3059125
construed,-25.444439,-46.644367
transfer,-19.161772,29.962725
trade,0.6778308,56.829674
convicted,-42.2141,12.433327
received,-52.36152,-25.227161
revenues,-21.003527,39.86395
initiative,5.9200277,24.260233
unity,11.32895,45.83741
15,14.784535,-71.99438
called,-40.393936,-51.093437
registration,29.539776,34.20975
seven,37.022842,-51.24879
references,2.5286438,-48.18796
holder,34.238205,0.3593676
assets,-13.360707,38.7183
governments,46.2333,7.004495
population,16.978872,42.301754
instrument,1.9143738,-2.982399
officials,28.888926,14.274672
payment,-18.863245,34.899803
anything,-4.0490365,-46.80092
dignity,-19.150705,51.201893
secret,30.308199,-16.938133
remain,-12.555021,-37.064323
commissions,38.232124,10.126412
bank,33.64962,48.03196
appropriation,-24.773603,38.620213
liberty,-21.860327,51.561405
composed,44.95816,10.918199
opposition,50.152084,10.280538
chairperson,40.679573,0.31742138
recognized,-41.25453,-43.490444
organ,26.947563,19.305113
our,12.401405,43.48414
associations,9.766091,60.292458
provinces,41.5102,21.128035
decrees,5.3497906,0.90166384
physical,-12.704724,61.49722
limits,22.419252,28.860384
soon,-15.886707,-44.716515
result,-2.0235755,-4.94437
seats,25.82811,-9.441453
policies,0.86901915,66.875404
common,6.2789903,41.5797
outside,41.68617,36.5266
above,15.988904,-53.28785
adopt,-13.051206,-19.858269
assent,10.932493,-15.289925
specific,11.429559,6.658169
becomes,-5.005426,-35.368725
attorney,35.04967,8.288039
department,25.321657,16.82742
conformity,-57.099487,-3.2562454
magistrates,28.475664,8.273782
iv,13.786358,-44.596405
sudan,49.193455,29.2612
institution,25.57589,17.952818
contrary,-37.764805,-8.325512
women,-15.456747,47.148857
coming,14.671548,-26.405375
certain,12.281527,3.191265
remove,5.6787276,-24.398235
promotion,-3.5427213,44.464745
notice,-11.380391,-1.8881519
contravention,-1.6438333,-7.2785535
11,11.741762,-72.70032
actions,-6.5670276,8.657617
whole,39.669792,36.447918
different,23.06765,42.22155
amended,-37.9133,-55.2599
investigation,-3.28482,7.7804317
obligation,-23.881655,-0.104518294
brought,-31.90323,-44.17626
th,44.325512,-42.206722
annual,-25.964216,39.62139
freely,-29.32278,-5.00141
30,17.6842,-69.0275
whenever,-13.788358,-32.721558
repealed,-20.045662,-48.389698
eligible,-49.785175,-52.595688
sections,20.41262,-59.70294
previous,16.007652,-38.378407
restrictions,-22.545904,16.947306
allegiance,-17.802118,17.746424
addition,-0.12690692,-32.302956
riksdag,47.026596,-7.961091
save,-28.919832,-33.38021
extraordinary,30.755934,-23.767183
azerbaijan,49.27306,32.573807
prosecutions,30.293798,11.8560915
principle,8.443314,25.199892
prevent,-23.765955,-11.47404
af,23.043425,-63.937428
my,-20.332684,21.789106
tribunals,33.005974,14.791979
crime,-32.41122,11.07005
deprived,-42.98598,-35.73266
ordinary,30.960863,-24.250967
county,45.873253,14.8699665
imprisonment,-39.36991,15.4864
ads,12.684771,-48.562855
requires,-4.428921,-25.274666
birth,-28.734581,28.68097
meetings,20.318129,-14.888193
makes,-3.5330915,-20.394129
staff,27.664997,10.830251
boundaries,36.65681,17.979906
serve,-28.367294,-16.641277
arrested,-42.707584,-29.852407
born,38.685173,40.492207
lawful,-35.60871,4.3448334
labour,-2.3887522,55.125755
workers,20.76819,48.874355
enter,-24.747337,-23.567877
creation,13.942815,28.06829
practice,-3.9078314,41.154255
carry,-59.89242,-21.104216
care,-13.450833,47.285347
had,-39.986217,-16.439018
allowances,-33.914425,41.35148
ministry,25.410206,14.973394
fiscal,12.576,66.58759
issues,3.955779,6.0705743
appeals,-1.2761258,2.6351845
treatment,-39.89657,10.1380825
corresponding,16.833494,-11.971076
fifteen,36.76423,-49.948475
regions,41.543694,20.870415
once,23.105703,-29.242796
production,-2.4936945,51.996628
promulgation,11.459175,-12.212353
exception,-54.47446,-6.7123394
supervision,20.466478,22.365616
communication,-12.309769,56.350918
defend,-52.319458,18.78374
hours,34.98836,-29.57351
benefit,-14.589255,38.24438
employees,28.989162,14.4634
permitted,-46.499397,-45.709805
penalty,-39.032867,15.274013
prosecutor,35.155426,8.460102
etc,14.392532,6.2408347
arising,-47.728336,3.3769176
moneys,-20.227594,37.61647
assigned,-51.938152,-42.54551
possible,-42.732822,-21.75331
crimes,-31.167318,12.655695
culture,-4.140162,57.107754
educational,-4.143619,58.920944
commonwealth,44.250706,44.825047
treaty,6.649681,7.6617417
interpretation,2.632412,-8.476746
petition,-9.559785,-0.49134463
therein,-19.682009,-36.64507
reports,-4.2802086,-6.9306417
approve,-13.327708,-18.339466
safety,-10.158476,66.454056
regime,15.822972,34.81449
yang,32.34691,-6.3838096
constituencies,37.28928,18.312262
capacity,10.846946,32.71088
determines,-0.11263104,-22.523495
constitute,-19.556583,-11.436997
enterprises,7.552157,61.54557
fair,-8.365122,46.169235
salary,-33.42235,40.43185
highest,25.214092,7.4099126
about,-9.082142,-13.480139
organisation,16.82968,28.963646
consider,-14.529744,-22.414625
supplementary,2.8891776,-18.718353
suspended,-47.286835,-39.352833
14,11.940369,-71.37955
presiding,21.28689,4.154884
entry,13.674177,-26.505259
results,14.440961,-11.106405
group,16.645782,53.452465
ceases,-14.806475,-37.36138
themselves,-33.845,-15.482733
most,25.264545,-21.836687
constituted,-42.19119,-46.24426
takes,-10.052832,-37.2852
adoption,10.972343,-12.4259205
resolutions,5.2694225,0.81938094
majesty,31.002625,-3.9801881
labor,-2.1106584,54.87561
debt,-16.351585,37.875053
accused,-23.448418,4.282216
applied,-37.892967,-43.453144
exercising,-54.322414,6.273299
universal,31.441214,37.49201
exclusive,18.8967,26.46908
adequate,-9.849119,45.585453
revoked,-46.02056,-41.658752
questions,3.8827202,5.767691
character,7.9852176,32.6501
exceeding,29.111113,-49.293636
pursuance,-2.299409,-47.726524
used,-40.163986,-40.561996
together,-51.158627,-6.165744
beginning,24.602333,-25.254093
individuals,21.2395,48.945454
suffrage,31.532738,37.4253
signed,-36.73463,-51.238003
levels,29.584133,22.975277
need,-12.708084,4.1819158
statement,-4.8961334,-5.2923555
aforesaid,-17.3175,-45.731
provides,-2.1315973,-23.049171
arrest,-39.12222,3.3679528
prosecution,-4.6599383,5.8248844
residence,-25.737694,28.358614
sovereign,21.540037,34.870464
paragraphs,20.297146,-56.45468
privileges,2.3629043,19.80126
protected,-40.30104,-43.005344
vacate,-16.906391,-29.634495
groups,16.585512,53.31045
maintain,-49.509705,20.195135
related,4.38108,-32.213936
higher,-5.832287,62.89117
authorised,-44.49919,-48.16053
technical,-6.0919104,58.929104
duration,21.249813,-18.385967
considers,-11.955405,-28.050291
para,19.166536,-57.399174
himself,-35.16625,-17.837624
informed,-28.223063,-53.49295
movement,-23.095871,55.605915
working,-6.085529,45.09323
russian,53.947765,25.50305
l,17.940725,-41.91876
temporary,20.707438,-6.0550213
come,-25.31664,-24.170162
kosovo,50.68039,33.705593
disqualified,-49.778725,-52.59486
supported,-35.651863,-51.218548
providing,10.063198,4.062487
acquired,-48.409657,-24.97324
performing,-54.02584,5.983213
suspension,15.637148,-8.478509
recommendations,-4.367621,-7.5905747
peoples,18.011696,46.35201
13,11.607851,-72.19637
cast,-5.046128,-41.575783
holds,-4.644052,-31.501114
violation,-25.502623,6.475261
instance,27.417694,-22.46717
economy,3.529015,49.37559
clerk,39.31184,-2.1938884
19,13.260657,-69.20513
swear,-15.725723,19.773876
regular,31.069067,-24.713343
justices,28.489279,8.199103
percent,39.584553,-25.692661
islands,50.181107,42.905796
welfare,8.45906,48.8734
charges,-17.154762,35.37068
regarding,4.7002864,-28.799328
regulating,11.476464,3.9955227
personnel,20.486248,16.878176
voters,35.400032,-14.898545
acquisition,-12.12866,27.9492
planning,1.7754356,63.544617
agencies,30.162886,20.894081
thereto,-7.746755,-6.333336
enforcement,6.191968,26.836542
constituency,14.717747,12.62668
scientific,-6.750123,57.4583
discrimination,-33.002098,1.8370126
statutory,16.716816,18.037647
constituent,47.81738,1.2660146
subordinate,-19.093933,-6.1982374
pending,-4.3611245,1.3542739
obtained,-52.082954,-24.851042
tenure,19.647991,-9.832505
proposals,6.878526,-2.7340565
duly,-28.624025,-24.910383
former,42.65637,7.830213
evidence,-13.347597,-0.6865129
attained,-51.409286,-23.715569
affect,-22.36203,-9.649108
marriage,-8.3859005,25.615824
mind,-35.8055,10.407612
available,-43.57546,-2.675185
disputes,2.6825902,8.005491
18,15.295957,-71.19766
authorized,-44.29708,-48.14488
title,44.29178,26.915405
month,32.800377,-29.352776
create,-47.86314,14.082962
saint,50.937836,45.418995
opinions,-10.0467,18.386385
performed,-47.843624,-41.765305
inability,-35.594078,16.850945
created,-41.8346,-45.296967
stipulated,-16.914648,-55.324394
hundred,39.231903,-26.684202
medical,-3.5320935,61.75103
di-pertuan,32.13099,-6.401428
open,-9.884,-48.66593
imposition,-16.421904,29.829662
units,25.150991,31.470493
child,-31.835995,26.912846
pensions,-35.739105,39.937523
prescribe,-18.681965,-14.431805
practicable,-42.730732,-21.760736
governing,5.0742464,-28.283068
compulsory,-39.818985,-0.28384304
india,45.531418,45.64105
demand,9.48944,-17.577827
existence,2.5670676,34.142387
collective,-10.768681,50.891758
decides,-3.3614447,-24.093264
origin,-21.742472,60.666576
suspend,-15.24696,-15.615931
god,-15.03082,20.611164
kingdom,42.492065,29.254469
positions,25.58189,11.406849
introduced,-32.02079,-49.595646
autonomy,24.509504,31.334581
parents,-28.652514,27.422508
course,8.549136,27.894234
teaching,-7.8203225,54.272053
training,-4.9771504,59.208862
debate,15.675588,-14.473129
formation,15.908585,27.351114
v,13.474924,-44.46251
plan,0.8197502,65.72417
knesset,46.876682,-9.591689
pension,-35.273865,39.4842
ownership,-10.893217,30.093649
agricultural,-1.6457274,51.58016
authorization,6.73733,-9.393451
maintenance,1.0358162,39.454613
revision,3.771335,-7.324382
ratification,10.870078,-12.642245
south,54.373425,-18.507364
rural,12.971748,56.62484
restriction,-22.279772,16.117285
text,5.847484,-5.536684
ordinance,2.0368662,-3.149495
hearing,-6.596203,5.2655663
nomination,21.038958,-2.9261334
branch,27.216219,20.132257
liable,-52.135548,-47.06847
proceed,-20.735851,-30.119642
accordingly,2.8144107,-54.676
establishes,-0.10521135,-22.478136
similar,-6.633655,25.337856
framework,21.821547,28.699535
directions,0.54770553,3.4924667
lands,-5.479224,49.554935
municipality,48.913452,17.138414
known,-24.551361,-45.31073
absent,-48.843,-34.614944
minimum,20.599627,-31.95993
districts,38.081028,18.818401
islamic,51.3854,35.163048
additional,16.518803,2.928005
extend,-22.40347,-14.212825
amend,1.7253085,-12.652852
promulgated,-36.77271,-54.45274
half,39.697784,-20.750206
decentralized,43.860207,19.997152
20,14.673228,-71.38016
instituted,-31.998825,-44.020714
enact,-12.089889,-19.539066
structure,16.26347,27.718235
tried,-43.45109,-31.171364
contract,-17.530752,27.289137
limitations,-22.780304,17.58115
ground,-13.566644,-4.6407275
preserve,-51.544212,20.075485
divided,-36.64802,-33.808956
included,-12.138254,-53.508
presence,8.849343,14.788809
presidency,50.502316,32.144707
call,-17.070208,-24.676165
guilty,-41.911167,6.0741153
media,-11.626944,56.635376
conducted,-36.909653,-47.003403
goods,-4.0402923,52.286873
salaries,-34.033424,41.014347
16,12.99864,-71.39757
popular,28.819565,-13.956607
resign,-48.60002,-38.91276
moral,-11.575285,60.67906
inquiry,-2.9048395,8.4162245
voted,-34.329258,-49.32744
long,-14.038225,-45.47072
possession,-12.219942,27.477385
european,40.95148,27.868254
satisfied,-17.320992,-34.677372
exceed,29.080854,-49.293686
assume,-16.61169,-29.320532
carried,-23.648932,-53.693836
slovak,50.043327,35.379105
territories,28.551695,42.226906
valid,-28.478987,-40.923035
refer,-15.14808,-21.869734
facilities,-1.6861973,65.37197
enactment,4.1073556,-4.513722
army,33.91699,49.37749
meets,16.934591,-18.199125
presidents,41.43494,4.062217
sixty,36.358818,-49.705807
ought,-23.176893,-41.531265
subjected,-47.932632,-45.199905
documents,-6.1380343,20.59705
pass,-13.933792,-20.002365
compliance,-57.197422,-3.8257477
expenditures,-21.656315,39.391357
abroad,34.9608,38.0947
immunity,-43.78209,2.371265
quorum,32.41423,-15.116262
addressed,-29.160553,-54.468018
principal,31.010523,5.616678
fixed,-43.510548,-42.9493
obtain,-30.255888,-11.166263
develop,-49.914505,21.003853
certificate,-10.883718,2.1124856
liability,-29.472834,13.920808
code,11.399618,27.49205
values,9.818828,45.484737
we,-13.993121,19.201761
limited,-43.402878,-41.532875
proper,-2.533667,38.772694
return,-17.674028,-22.07633
itself,-8.829834,-4.435302
southern,49.159847,29.207449
payable,-54.973465,-36.668583
pertaining,4.4028525,-32.209743
validity,-2.8332367,0.78634256
press,-25.01117,55.80639
giving,4.4170275,-14.223971
cooperation,12.289136,37.770775
preside,-9.032573,-33.01581
belong,-24.752981,-19.019735
self-government,26.20453,30.509047
objectives,7.8824964,34.208977
single,29.58393,-10.518733
express,-29.925793,-9.335399
distribution,-2.7460258,46.74782
departments,30.724905,21.069185
what,-23.09871,-36.843834
hereby,-30.830446,-27.37767
periods,22.416016,-19.474415
maximum,20.561392,-31.913345
attend,-18.83278,-25.603844
auditor,35.046936,8.22648
twelve,37.45785,-50.72789
incapacity,-33.52379,17.987236
city,45.950768,20.496147
affected,-39.171677,-44.86362
sector,5.529826,58.8662
constitutionality,-2.5505,2.1102514
interim,18.279127,-19.579016
situation,-2.90543,18.40612
original,-0.4886736,0.6449321
just,-8.29941,45.343136
conviction,-18.428257,6.8737936
again,-26.3866,-33.757442
adw,28.38937,-10.720144
ghana,45.83875,38.753086
expiry,24.866491,-25.914988
water,-2.2075512,51.021194
follows,-15.624437,-45.84402
misbehaviour,-34.961216,16.48326
hand,29.770874,-3.49716
choice,-24.743284,24.904633
adw-list,23.207035,-63.931446
island,52.05555,44.277603
ratified,-36.558167,-53.76806
affirmation,-14.682662,15.683989
obliged,-47.854534,-46.853924
restricted,-41.490032,-37.762325
needs,6.8721237,35.097137
servants,27.095253,14.254464
communal,42.24801,15.55914
because,-26.144218,20.732382
democracy,11.006902,44.22614
traditional,20.057508,25.607504
inviolable,-43.190266,-36.427444
languages,32.359394,41.15316
value,-10.139878,33.44199
living,-6.3313675,44.80183
ajc,42.886024,-14.267994
sole,14.715059,-37.91691
advisory,50.430264,4.5038495
sittings,20.344284,-14.904537
respectively,44.291542,3.3432941
consequence,-0.5915787,-6.840354
offences,-31.06563,12.633351
delegate,-17.979778,-17.166943
morality,-10.100804,66.375145
income,-15.620548,40.591682
latter,36.865314,-2.240081
j,18.44227,-45.162754
throughout,41.65266,36.170074
formed,-42.173546,-46.299267
relates,-23.277437,-17.11055
repeal,1.5796925,-10.129335
research,-6.1718397,57.53813
comply,-54.675797,-3.90329
flag,33.586037,43.40215
examination,-2.5942895,7.5677934
termination,18.69204,-9.510514
uganda,45.309406,39.80361
departmental,45.058884,15.80749
generally,-21.091413,-4.4074154
receipt,9.261581,-13.797477
dissolve,-18.560999,-24.253244
assemblies,45.556587,6.0117493
appear,-29.26998,-18.959467
royal,51.73798,2.3421175
n,20.525833,-43.90714
decided,-34.614277,-48.73643
sent,-31.607702,-53.102325
senior,28.61242,5.6164913
binding,-29.562105,-42.848415
pakistan,43.13228,38.74155
customary,8.295661,10.767314
eight,36.49016,-50.76912
post,25.079912,-2.0266793
conflict,-53.012135,-6.4811378
exploitation,-4.1583915,50.34666
nations,18.328175,46.27973
grand,45.592613,-2.605459
standards,10.611926,25.842413
singapore,46.92169,43.800064
deliberate,-18.720612,-19.249847
heads,40.644836,4.9532595
man,-32.978424,26.43025
represented,-32.574932,-48.390213
unions,1.5332106,56.92042
seal,27.764343,29.231226
indigenous,18.652122,56.61278
various,22.992607,42.296635
legally,-34.487823,-25.268278
propose,-14.221599,-19.251053
thirds,40.565235,-20.233738
plans,0.53472143,65.865845
eighteen,33.400017,-51.50627
ensuring,4.466323,41.26615
command,32.522324,25.35605
ministries,30.692543,20.92027
able,-48.291203,-47.289112
dismissal,16.057058,-6.8300433
pay,-29.77406,33.983074
submission,9.597263,-15.153702
connection,-56.998928,-5.4144897
alteration,1.0019081,-9.757249
de,53.47345,-14.447582
21,14.88605,-70.99528
schools,5.8885837,60.139423
represent,-24.532185,-19.339924
current,17.045671,-23.303125
taxation,-16.437162,32.34801
per,39.04794,-24.076124
reserved,-40.081947,-34.4668
programs,0.03254837,65.798836
nigeria,45.867504,41.05537
consisting,44.403587,11.273036
contracts,-15.114503,36.451515
attributions,24.440763,25.786566
profession,-13.119801,24.229465
race,-22.985794,60.737217
forced,-39.470306,6.6509137
regarded,-24.864677,-46.883873
17,11.771663,-71.1477
provisional,24.429585,-34.605164
transferred,-45.761543,-39.420258
secretaries,38.837765,5.0309963
consists,44.42384,11.296523
neither,-27.670341,-30.98892
discipline,6.8543096,18.856068
governed,-39.13404,-47.08799
ethnic,15.531941,50.707626
forth,0.16851094,-43.70235
statutes,6.527629,3.1188285
opportunity,-34.960075,34.20922
times,-3.2135296,20.43841
accord,-56.842884,-3.4428673
whatever,-35.62218,-0.79885626
diplomatic,22.09844,8.987496
hear,-15.946006,-10.974791
limit,9.280969,-27.365864
expressly,-21.576118,-37.639767
chosen,-43.18912,-51.781513
thereafter,-26.160255,-35.432602
knowledge,11.476929,34.215027
earlier,7.92928,-36.007282
mental,-12.704429,61.497303
conscience,-23.268045,56.38026
delay,-32.520107,0.065383196
justifiable,-43.01995,-8.49395
expenses,-17.226112,39.61138
prosecutors,30.164406,11.89361
retirement,-34.403023,37.30596
specify,-19.021336,-14.540659
commercial,-0.6577816,54.98807
sex,-22.958755,60.691437
22,10.654613,-69.85105
address,-18.292233,-21.24401
norms,9.164507,23.389147
electors,35.39264,-14.884855
organized,-41.546062,-44.788452
twenty,35.89274,-50.66277
zimbabwe,44.364944,40.15377
like,-35.706547,-2.879561
resident,38.447384,40.191624
31,13.981207,-69.392845
assist,-23.440973,-20.552
loss,-14.949381,11.9598875
sums,-22.089926,36.475433
regulatory,12.439618,0.638304
solemnly,-15.627246,19.298775
advise,-20.187601,-21.903755
even,-37.372803,-28.541445
record,-6.1541824,4.5674253
longer,8.812733,-35.025906
inform,-20.265766,-23.226477
carrying,-59.648777,-21.338179
extended,-43.442844,-41.354584
secure,-50.14789,23.71008
corporate,22.97194,17.315998
delegation,18.669397,-5.75064
subsequent,18.98745,-23.916128
consult,-21.95306,-22.081764
juridical,-20.318197,44.387646
expressed,-34.820145,-39.101166
selected,-43.161945,-51.630657
inhabitants,38.282455,-21.222935
nevis,51.470314,44.42951
canada,45.844997,26.005075
men,-16.495426,46.938385
found,-45.77008,-25.43167
exercises,-7.083852,-29.98833
class,-6.43614,23.521574
put,-29.363245,-50.6956
25,14.591435,-70.956314
equally,-32.880234,-27.443176
illness,-33.843227,18.261497
convene,-18.43582,-25.797087
competences,24.054453,25.919245
transitional,10.496788,-41.038815
agong,31.825085,-6.410269
thereon,-7.1930623,-13.600513
description,-36.728134,22.82103
exclusively,-32.948498,-28.971577
appoints,28.076092,-0.13926342
temporarily,-47.140285,-29.534319
arise,-23.061354,-29.39844
chiefs,55.16797,-2.0451496
estimates,-24.135117,38.379505
martial,10.082226,-2.321427
connected,-56.6577,-5.8465676
material,4.2034106,46.36092
possess,-36.16555,-13.369164
custody,-41.223656,-29.544798
discretion,-23.692017,22.726528
disciplined,31.884115,52.05767
priority,-13.535425,0.81089133
december,43.49464,-42.705223
air,32.552094,51.943
24,15.305121,-70.35187
places,-8.672957,38.633926
belief,-22.458471,57.39289
engage,-31.99176,-6.5875626
subsections,19.298304,-56.110302
enable,-24.714384,-13.70087
quality,-0.5630017,46.856445
lawfully,-39.79078,-28.145681
change,-5.4678197,-11.356353
posts,25.559069,11.395849
impose,-29.231113,32.70845
sufficient,-9.373909,44.5247
nepal,34.77806,50.993126
entity,24.937756,18.63697
rank,22.905016,11.393318
confer,-12.783871,-12.071687
delegated,-51.854588,-42.50999
belongs,-8.232772,-26.681284
counties,41.420437,20.203548
previously,-41.261772,-18.397522
implement,-49.432625,16.309275
reform,32.652412,-34.113865
thing,-54.69043,-31.128006
incompatible,-55.4884,-7.5048447
legality,12.027855,18.84371
loans,-16.760998,36.950848
supervise,-46.45335,16.543186
infirmity,-33.989964,14.941274
say,-36.14954,-9.52996
vi,13.291804,-44.408676
works,7.768616,57.30331
investment,0.57884014,61.324924
fill,23.22323,-8.99919
fit,-13.885368,-28.642744
subparagraph,19.982628,-57.1129
serious,-31.850933,9.231935
penalties,-29.700403,15.311453
safeguard,-51.44495,20.113132
directors,35.125484,12.184301
increase,-24.791388,34.93188
belize,44.30993,42.83692
penal,-30.70647,5.1379485
exceptions,-23.111172,18.401905
belonging,40.479023,12.960699
solidarity,9.597448,44.62152
primary,-5.582636,60.831364
protecting,3.559159,40.597065
appears,-5.287977,-23.471844
enjoyment,-20.659317,50.57474
view,10.303347,36.561295
housing,-0.11846263,50.824955
preservation,0.17058177,48.438786
context,-6.384276,-45.6404
sign,-11.683324,-18.630583
ordinances,5.5007496,0.9433895
encourage,-50.045094,21.51328
equitable,-7.7907557,47.090466
withdrawal,-1.1710202,-11.902585
impeachment,-4.978319,0.5461374
home,-26.3028,28.994019
administered,-41.39974,-47.928066
instruction,-18.3595,56.066463
vest,-19.248013,-32.786884
resigns,-50.070618,-29.31606
criteria,9.32771,22.629433
disability,-31.36465,18.879604
budgetary,12.530178,66.2852
june,43.658604,-42.258408
sit,-18.373472,-26.697113
entrusted,-55.27315,-12.489625
foregoing,8.743141,-52.701405
instructions,0.6254633,3.5727634
heard,-34.01218,-46.376553
proceeding,-5.6118784,7.188724
investigate,-20.417864,-7.2922807
accept,-13.288407,-15.348901
serving,12.709493,9.484212
impartial,17.844833,15.985869
witnesses,-30.77594,-18.960567
stand,-22.74026,-27.172047
sub-article,19.831633,-57.228157
complaints,-4.6451488,-2.360415
involving,-30.589165,9.026302
establishing,10.284147,3.816167
sentenced,-42.050858,12.604314
void,-27.14734,-41.681194
nitijela,47.345917,-8.883232
plenary,31.176529,-21.81989
26,13.090802,-69.805244
relative,2.3944511,-32.64695
uphold,-52.51851,17.820923
program,1.4280235,13.077453
round,28.483578,-19.42874
great,40.354275,-8.683905
seimas,47.615967,-7.861106
governmental,17.265162,18.565166
allocation,-11.300765,35.81851
environmental,2.6211812,45.413048
credit,1.2750146,61.153973
facts,-9.75617,12.623156
removing,20.449732,3.3883028
23,11.246662,-70.1546
native,18.656738,56.613976
authorize,-15.777813,-16.691599
exist,-21.858643,-17.909918
conservation,0.12063533,48.74127
pardon,-22.738546,1.813515
line,39.52374,-35.595634
favour,0.53618026,-5.4255404
budgets,-22.87429,40.26802
countries,19.761332,46.331493
fiji,45.81284,38.145084
separate,30.442053,-11.214549
identity,9.49956,47.04449
organize,-47.610065,16.826794
ninety,36.488174,-49.263554
bring,-25.174055,-14.69791
fourth,16.517597,-36.71364
names,34.122246,-11.074368
28,12.904099,-70.07211
bureau,46.500713,-0.2301044
permit,-26.186457,-10.248006
peaceful,-1.2729695,40.500244
urban,12.941189,56.61232
customs,-4.433202,38.10311
fees,-16.947124,33.650093
k,18.586124,-44.893612
gender,6.153047,45.366375
lower,9.725318,-33.508785
january,42.768436,-43.38915
pyidaungsu,43.808075,-6.048987
raised,-53.033268,-37.699314
arises,-7.1918035,-16.350918
filled,-40.87301,-50.55183
jointly,-35.00302,-21.33122
violence,-27.354437,10.773129
complaint,-9.306301,-0.07756059
contribute,-48.965183,22.44505
rejected,-34.610077,-51.34707
corruption,-28.265377,11.81728
receives,-2.8781283,-28.438084
allocated,-39.364952,-34.605087
university,-5.5895476,62.74069
60,17.944754,-67.64876
prepare,-15.716925,-18.825806
yuan,27.303942,20.199192
subscribe,-13.287531,15.512776
examine,-17.0262,-20.014137
domain,-12.570085,38.08354
treason,-30.309591,10.720847
liberties,-13.601548,51.243797
register,14.266598,14.215289
sentences,-40.062866,13.934444
administer,-47.7173,17.530659
faith,-26.12815,47.48582
domestic,7.5075006,52.3637
observe,-52.62711,17.171831
punishable,-44.341488,-31.936506
one-third,39.959625,-19.98461
failure,-11.578959,0.31753877
well-being,8.460345,48.567436
remaining,20.182976,-26.245382
maneaba,47.137974,-9.548842
omission,-34.53698,5.644227
instruments,2.257061,4.7450633
arms,35.26508,43.21877
father,-28.685785,27.874413
nine,36.239037,-51.7943
render,-26.430624,-13.461951
complete,-11.457564,42.760113
active,-22.040495,13.67577
authorise,-15.945704,-16.286905
permission,6.6504927,-9.227326
agreed,-34.927235,-48.62598
trust,40.041397,45.995396
organisations,9.513911,60.332
dismissed,-47.50775,-39.194702
monetary,1.9119169,62.16612
operations,13.644826,18.738491
consultative,49.79409,3.2144675
lesotho,45.27448,44.495926
define,-19.407131,-14.294503
stated,-14.807013,-53.529465
georgia,54.072643,24.793192
modifications,-23.302235,18.842415
requiring,0.95870864,-16.211458
waters,12.117784,53.585835
best,-20.63582,22.592638
condition,-13.888718,-3.5321877
observance,-4.2866654,25.909903
allowed,-46.53803,-45.12478
prince,34.855766,-1.1323152
treasury,-18.833012,38.874317
fn,30.63487,-42.167744
choose,-29.209833,-7.689875
magistrate,29.95574,6.644909
privacy,-21.18734,50.64211
essential,-40.859608,-4.5465317
limitation,-22.204552,15.908915
swaziland,45.066017,43.119785
indirectly,-36.42935,-20.013346
already,-41.044624,-17.757076
interference,-34.149727,1.8153621
functionaries,28.92804,14.384487
prohibition,-18.282413,9.464097
pyithu,43.582794,-5.9624844
thousand,39.32865,-26.198816
comes,21.34724,-36.803497
notification,-11.716067,-2.1529992
scope,22.015352,28.346844
whatsoever,-35.42755,-0.7339514
lay,-29.347763,-48.46225
substitute,35.197655,-6.252066
determining,-10.502204,-5.17189
unconstitutionality,-3.4520178,2.3807242
bear,-19.263004,20.38864
fulfill,-29.266262,-13.946468
prisons,28.606457,53.5992
exists,-12.535231,11.648391
fails,-11.844293,-22.143572
heritage,6.971177,47.30642
prosecuted,-42.631935,-30.6031
affirm,-15.926757,19.003527
voter,13.939087,11.627344
withdrawn,-48.721363,-36.37232
point,38.127327,-36.372448
old,32.931683,-50.326412
radio,1.6439961,53.893833
collectivities,25.323175,31.46764
alter,1.4395169,-12.622133
anyone,-41.022606,-12.185989
future,7.347678,37.011894
privy,50.567062,4.015564
bahamas,46.27384,44.86184
designate,-21.08941,-25.126774
entire,39.698135,36.02404
tasks,24.113173,24.672928
sierra,48.406464,40.100418
forthwith,-23.297623,-32.98825
twenty-one,35.35144,-49.84124
resolve,-15.539313,-12.147569
lie,-22.164204,-6.8882976
enterprise,4.470519,58.007645
referenda,27.590706,-14.286717
insurance,1.7865567,59.187714
receiving,4.961927,-15.780834
barbados,45.46339,43.711124
passing,9.267398,-12.738726
promulgate,-11.883391,-19.041172
proportional,17.46232,32.309967
requested,-36.926376,-49.00428
integration,8.552668,45.82053
practices,-3.6792204,40.461323
convened,-31.047388,-47.345512
dismiss,28.69642,1.2472453
assuming,12.569872,-26.07003
deprivation,-36.72712,2.5283062
bound,-40.102192,-47.255993
convention,9.067306,-4.5190144
urgent,-26.723637,36.670696
gambia,44.226322,43.933907
occasion,-48.765224,-19.541914
delivered,-29.50459,-53.754913
external,8.171924,53.604218
me,-15.562338,21.871576
governance,18.276154,36.401875
kind,-36.43069,22.901173
document,-9.299046,4.1610174
reading,28.320763,-19.524878
necessity,-14.266752,5.716078
grants,-19.833055,32.88639
leone,49.28617,42.953228
followed,-33.850697,-47.59082
ruling,-7.695943,1.7112674
measure,-10.018704,5.783403
27,13.0480175,-69.92719
help,-15.613475,22.020903
torture,-39.135498,9.259878
comptroller,34.345146,8.45014
promoting,4.3419476,41.06926
advance,-25.916225,35.182777
july,43.026344,-42.84861
nder,17.927813,-41.860725
commencing,16.424479,-26.155998
representing,40.722416,13.204239
reduced,-43.26749,-39.21202
importance,6.288734,33.171837
guyana,45.500916,43.862286
settlement,10.936082,16.68552
recourse,-21.014576,-0.647835
assure,-49.512234,23.490458
always,-30.568974,-30.461905
experience,10.519949,29.90675
st,42.598305,-43.68305
sources,-15.524207,40.72488
appropriated,-54.892025,-38.767803
investigated,-23.592957,-41.388012
degree,34.38538,-23.788885
altered,-44.09809,-39.59527
supply,-14.330452,30.334011
opportunities,-34.53725,34.666138
entered,-35.968914,-33.423546
towards,5.390945,38.176094
currency,2.4982092,61.701992
jamaica,45.87108,44.055202
milli,48.651707,-2.3817415
scheduled,26.38742,46.837883
fourteen,36.12076,-49.22346
served,-48.081486,-21.84664
civic,-7.9557166,52.064472
accountable,-52.597996,-47.705162
search,-37.61391,3.3346963
item,20.510532,-51.74812
entering,12.786759,-26.405304
object,-39.008625,-4.484271
siege,-25.917938,16.142792
minority,15.262862,48.70083
artistic,-6.983195,57.281693
real,-11.388989,29.164207
company,11.548369,11.9447565
words,5.205268,-42.533436
holders,29.677206,10.590454
abuse,-19.835651,-2.2859056
unlawful,-34.837765,5.036097
governors,40.898006,4.5236845
aid,-4.805429,12.774389
legitimate,-11.183927,51.10377
malta,46.202225,42.588253
award,-21.627344,4.5195403
institute,-22.466242,-5.4307694
october,42.521454,-42.618946
operate,-21.534897,-17.142937
school,-5.1449785,61.869205
especially,2.35415,37.192318
english,36.669624,29.675259
judgments,-2.0169947,3.7777493
000,39.036003,-25.977526
discussion,15.534206,-14.370904
affecting,2.6699505,-30.253342
tuvalu,44.582226,42.484467
immunities,2.395158,19.733038
industrial,-0.832596,54.65399
extradition,-32.112152,15.988128
granting,-15.353989,27.843792
fifth,16.6348,-36.882103
communications,-11.909117,56.42665
diet,47.23453,-7.082948
preparation,12.840093,23.99997
equivalent,12.926994,-3.9510198
dispute,2.3079517,8.091018
construction,2.6772385,49.09298
placed,-36.22636,-40.930634
qualification,17.443125,-2.8624473
acquire,-33.173115,-12.44986
occupation,-12.963536,24.483248
mother,-28.676529,27.754944
punished,-44.024452,-31.797716
agency,25.039259,17.341766
sectors,-2.0436823,23.400364
premises,-13.04128,-8.078722
foreigners,21.300013,46.795017
agenda,18.364613,-16.506336
copy,-5.322427,-5.2303467
practitioner,-4.7927165,11.670843
individually,-35.823513,-21.029968
faithfully,-19.633133,21.298618
manage,-47.187176,17.109688
achieve,-50.09004,23.318947
conflicts,3.0128036,8.998872
requests,-5.2811017,-25.95955
offense,-32.496487,11.326726
read,-26.014544,-45.905872
might,-44.62123,-15.4691725
selection,21.983353,-1.0392393
extension,19.27052,-18.784025
50,14.344163,-64.43295
sultan,30.742521,-6.706156
consistent,-56.1693,-7.2864037
breach,-25.346233,6.6451354
censure,8.159318,-22.118933
companies,7.675463,61.30427
release,-17.058752,11.683877
objective,9.060588,34.69757
reforms,32.610855,-34.208504
validly,-28.46467,-25.787725
p,22.942566,-43.32563
unconstitutional,-27.088928,-40.54469
anthem,33.659004,43.31594
summon,-18.570518,-24.452785
returned,-31.30658,-53.100143
36,7.4748535,-67.13568
presentation,9.731255,-15.1882925
completed,-36.355667,-39.650547
sub-paragraph,19.917347,-57.161724
hereof,14.427708,-57.004772
programmes,-0.6329728,65.642395
prevention,-28.654102,10.442759
fact,-13.978175,-5.9756722
progress,9.141186,43.757473
woman,-32.627678,26.42606
efficient,14.38206,31.870243
liabilities,-13.12789,39.321438
records,-5.6322246,20.76741
zone,12.219166,51.306107
accepted,-36.61525,-49.951576
data,-8.068442,21.281199
financing,-10.45665,36.455334
rada,50.55975,-1.6764783
verkhovna,50.466705,-1.7181402
vii,12.676647,-43.821884
likewise,-28.464071,-29.437523
majlisi,49.181126,-2.6076126
lithuania,49.86951,34.258514
mauritius,45.865067,43.244835
warrant,-10.081026,-2.313106
personality,11.247154,34.443115
send,-15.392198,-21.391943
dies,-49.48364,-28.76836
comprised,-35.249157,-31.185966
dealt,-56.12086,-8.521108
chancellor,35.13613,1.7692927
boards,36.441418,12.936929
confederation,39.13052,22.707584
british,34.44238,35.582523
rate,-14.996497,33.433407
directed,-43.19579,-48.090065
released,-45.907177,-36.537384
systems,-1.3356154,58.67363
universities,6.486893,59.39731
danger,-24.907906,13.944599
rest,21.570591,-26.579115
proceeds,-10.612902,21.699425
ceased,-50.4728,-20.512613
urgency,-25.311789,16.253223
preventing,-37.24454,27.552027
collection,-16.538158,39.727783
self-administered,43.90095,18.25952
clauses,19.214977,-56.166813
jurisdictions,23.415213,25.503149
likely,-38.749977,-7.2988386
march,42.906555,-42.513344
resulting,-47.224155,3.4413266
recognised,-40.77026,-43.62706
delegates,43.240547,2.3651853
notified,-28.958317,-53.51253
wealth,5.141087,49.132797
uzbekistan,49.471924,33.7106
turkish,52.880035,13.914872
detailed,8.117493,1.3471627
meaning,8.924938,-26.365911
shown,-25.45642,-44.58473
beyond,18.05354,-29.559235
incumbent,-12.507173,-9.338501
specifically,-21.495832,-36.75516
turkey,45.694317,31.842564
cognizance,-12.300867,14.323687
2001,11.082847,-66.29175
omitted,-54.526768,-31.400974
empowered,-46.440273,-47.35682
recognition,0.71560633,33.70624
designation,20.13365,-4.2996173
29,12.823823,-69.96005
ordered,-33.333206,-43.003426
m,20.092167,-44.011013
initiate,-14.2968445,-18.948915
exceptional,13.611114,-21.76901
definitive,-3.739208,0.035819102
recall,29.003605,1.1744151
amending,3.3135798,-7.6290293
changes,2.4439387,1.107356
contributions,-17.879782,34.2986
assumed,-52.887005,-21.079323
assumes,-5.0952935,-31.5077
modalities,11.3211,21.562838
proportion,6.0438013,21.907225
sports,-5.1645813,57.37632
correspondence,-22.263153,49.704777
employed,-37.04103,-31.135862
dealing,-55.769695,-5.9148817
counsel,-3.5303779,12.28492
misconduct,-34.255936,16.214636
fully,-31.973206,-22.75857
november,42.98472,-42.24004
conventions,6.9341288,7.987073
compelled,-47.6535,-46.062126
ability,-20.763613,23.083136
solomon,48.360977,39.80982
continued,-31.741709,-40.498676
owned,-40.421646,-36.146408
summoned,-30.083828,-46.495895
role,9.848552,31.740662
90,17.935568,-67.63029
represents,-8.304821,-26.235329
unit,20.324583,32.29698
uk,18.546331,-61.361103
adw-title,25.832443,-63.874493
coordination,12.096836,37.04382
appellate,-0.58820194,1.4016079
true,-19.611423,19.22007
damages,-30.057167,2.6667266
intervene,-23.439047,-30.359262
forty,34.994946,-50.155857
television,1.6170473,53.83184
succession,-7.6561823,-11.07467
deems,-12.390638,-28.176216
patrimony,5.6913533,48.9862
greater,9.273066,-34.809265
involved,-35.802868,-30.927782
share,-11.074779,34.111393
respects,-12.457587,-44.244144
corporations,7.722046,61.48794
o,22.694798,-43.320995
intellectual,-6.1835356,53.922955
finances,26.830807,29.284828
fulfillment,6.152386,28.4956
continues,-13.566793,-37.374645
fifty,35.29616,-50.646477
charter,6.943877,-43.576984
ft,18.54702,-61.360245
premier,35.551632,1.0029914
loan,-18.028803,36.904713
rendered,-33.62352,-41.26155
sustainable,-6.9999022,47.395977
appointing,28.617039,0.20344926
parts,27.234316,41.649494
north,53.496815,-18.554161
integral,2.203564,42.089493
immediate,-17.90154,3.9966931
practise,-30.918087,-4.1928625
projects,-0.29624808,65.64394
since,1.9340634,-37.767525
undertake,-27.771263,-13.704071
honor,-24.369616,47.825027
prison,28.229988,54.718025
collectively,-35.194996,-21.392046
annually,-13.112457,-23.446306
conclusion,10.183632,-10.388445
grenada,45.571194,43.932777
oaths,-13.638418,14.955482
disqualification,17.317118,-4.4936385
particularly,2.3851616,37.17722
illegal,-34.704464,5.171504
inhuman,-39.29511,9.478655
secrecy,-20.064962,24.859634
reduction,-14.095875,32.138035
35,16.350397,-66.2369
asylum,-17.266735,60.45037
beretitenti,34.73846,0.49965957
leadership,16.664127,23.796495
recommend,-19.878239,-21.833727
alleged,-33.24409,6.820244
prerogative,49.233406,-15.494295
establishments,5.815259,59.64641
tobago,49.111546,44.658474
concurrence,7.387829,-8.32279
described,-14.247742,-54.46976
presided,-8.818274,-33.313354
revoke,-11.893619,-15.85451
strike,-11.048214,48.251614
37,8.727988,-66.87153
initiated,-33.2173,-49.118374
1972,23.509296,-43.411423
thence,39.53812,-35.666573
efficiency,13.790018,31.388016
enters,21.097248,-36.369453
september,42.772324,-42.274597
moment,26.486408,-23.975613
amongst,58.720413,8.776473
kiribati,45.97918,43.54981
appropriations,-23.689747,38.918705
treated,-24.742798,-46.710796
career,20.385044,16.94313
effects,-7.8901343,11.437791
below,24.352835,-36.99661
world,12.3707285,42.607822
sooner,-27.69269,-37.435635
employee,24.087446,15.410474
majlis-e-shoora,40.064297,-9.97423
seychelles,46.08607,43.791622
monitoring,14.513961,25.337133
west,53.581974,-18.449818
procurator,34.32367,8.471865
intervention,3.738341,29.05678
terminated,-46.232136,-40.974083
youth,-12.948179,45.66946
lists,34.190014,-12.177176
categories,-5.1223745,23.47686
48,18.0616,-67.588745
execute,-49.909695,16.244352
exchange,0.895869,60.261124
historical,5.811448,47.188206
namibia,46.166447,35.724545
macedonia,48.38173,32.75792
cantons,39.17565,22.609993
zambia,44.9838,40.58494
indicated,-14.671242,-53.912334
legislatures,43.62731,5.5238285
crown,30.034548,-1.8920612
unsound,-35.70331,9.629287
reside,-42.323803,21.77611
attendance,24.411325,-21.87056
assign,-17.921318,-17.347252
civilian,19.958364,14.432484
improvement,-0.20578192,46.691017
prepared,-35.61294,-47.25648
disabled,-17.370981,45.648342
food,-0.67687374,50.35225
expedient,-41.987297,-8.253758
employers,4.8679705,56.077923
message,5.308523,-20.314354
39,10.6391,-66.31101
magistrature,51.87767,5.1734905
socialist,19.503576,34.921112
realm,42.035522,43.845108
commenced,-31.719799,-40.096382
person's,-28.92822,22.08987
maintaining,3.2225754,38.78563
town,42.472103,17.451134
raising,-7.42646,33.63837
census,27.504875,-31.653519
legislate,-12.828484,-11.887317
commander-in-chief,32.989456,6.1304936
reserves,-13.516933,34.791786
favorable,-1.0968387,-2.0204844
modification,1.0964677,-10.039009
speech,-24.708345,55.70374
riigikogu,46.49411,-8.702468
science,-5.183452,56.91831
inclusive,12.743494,-62.553276
processes,14.092537,16.539711
jurisdictional,19.277298,25.207335
simple,40.312782,-17.9571
requirement,-12.013488,4.3270187
transitory,11.413417,-61.994102
ambassadors,20.99735,7.7233458
took,-10.324671,-37.172737
contain,-21.414911,-11.32212
cassation,25.289227,6.241357
damage,-30.136234,2.4521081
ireann,13.135773,-49.61543
33,10.167167,-67.90872
follow,-22.394365,-15.916824
stability,8.446282,44.273083
deliberation,12.918856,-14.341113
institutional,32.56404,-39.98618
relate,-23.367653,-16.695005
reached,-51.405293,-23.86658
beliefs,-19.74262,58.037212
titles,15.410934,7.9215384
vice-presidents,38.698063,1.4956737
forbidden,-43.538586,-37.269028
confirm,-12.143924,-16.146969
commissioners,32.708935,3.129296
executed,-38.22056,-41.818855
mission,9.96553,32.36122
caused,-46.369957,-22.579502
consecutive,32.395294,-48.062206
inviolability,-21.007332,50.62192
nominate,-21.014738,-24.997046
zanzibar,46.976498,28.284283
sejm,47.502388,-6.3845325
2011,26.253628,-42.013836
judicature,26.496943,6.4156933
vacancies,24.835596,-8.850623
comprehensive,7.948917,41.87814
judgement,-9.319162,1.8193363
adjudged,-35.61351,9.23782
transparency,13.689709,31.076328
major,9.012161,51.392906
40,16.862335,-66.03589
trinidad,48.47946,44.86613
join,-31.023329,-6.9241714
reserve,17.480036,22.419725
sanction,7.656961,-11.113979
comprise,-19.67725,-11.550676
obligatory,-40.470013,-2.4736521
seek,-30.084213,-10.873162
balance,3.7580743,43.03208
dominica,45.40286,43.449547
thinks,-12.656797,-28.30385
fine,-38.681747,17.070896
agents,29.04139,15.15307
32,9.60635,-68.37521
offenses,-31.057505,12.55726
islam,33.538292,30.411654
kenya,45.00618,36.96696
masculine,56.540665,29.805288
permanently,-47.29584,-29.095232
wholly,-37.437683,-25.334974
divisions,37.64834,18.854147
several,37.1499,-22.700787
details,1.0548747,22.040796
see,-48.547314,23.080599
accorded,-42.862644,-33.786488
allow,-24.265852,-13.333177
closed,30.977642,-22.323221
45,17.70617,-67.31401
collected,-53.35381,-37.990215
degrading,-39.338135,9.545117
arts,-4.7096233,55.683956
corporation,24.318195,16.997232
petitions,-7.5328608,-2.7812958
definition,12.798752,25.980173
accountability,13.59764,30.591196
consulted,-34.299835,-44.98843
founded,-10.20349,-9.383943
terminate,-18.925316,-29.673834
source,0.6181433,32.09648
mutual,9.014946,39.776367
latest,25.91525,-23.45414
retire,-47.912296,-33.343815
occurs,23.318249,-10.436862
aimed,1.6468154,28.864462
disposal,0.0029245506,27.971626
fall,-3.235752,-36.407867
christopher,51.04291,44.658657
belarus,49.615402,33.949966
sri,48.42745,41.438713
relief,-16.616503,7.396237
thought,-23.672104,56.04164
substituted,-31.768648,-38.366558
concluded,-35.496727,-45.023518
african,54.095,-17.628115
causes,-10.821336,10.501823
productive,1.1174793,46.703827
certified,-38.067802,-49.77546
february,42.70836,-41.997143
upper,56.30438,-1.9361552
lawyer,26.163359,2.5035915
communicate,-21.627167,-20.772272
balanced,-7.03604,47.22801
bangladesh,43.36013,38.492294
lanka,48.43443,42.044777
cities,42.17298,19.746954
laender,39.920345,19.747473
diversity,8.869996,46.60088
undertaken,-34.054203,-40.26057
incompatibilities,2.5779402,18.557251
normal,0.014902336,37.61941
morals,-9.957451,66.25164
recognizes,-45.124523,29.397951
bundesrat,46.64841,-6.3704696
guinea,48.291912,24.113201
convocation,18.598455,-17.476519
queen,30.892231,-2.8317492
enabling,-1.0917989,-16.367588
expense,0.35399044,29.39576
guardian,32.32737,-3.4864044
leaders,15.676632,37.75591
sanctions,-29.641827,15.281497
indirect,-14.757176,26.147953
imposes,-3.0074475,-19.536148
feminine,56.538177,29.804869
metropolitan,43.7778,17.247118
elective,-1.5276103,14.665114
redress,-16.039116,7.1636176
privilege,-22.409895,1.4175663
commerce,1.1005201,56.581745
ranks,22.907982,11.18749
disabilities,-17.096682,44.51972
kenesh,48.598217,-5.012392
jogorku,48.59743,-4.9871907
naturalization,30.575645,34.3194
bankrupt,-24.624489,9.288769
assisted,-41.942528,-49.61046
publish,-15.836686,-20.517595
sum,-22.411613,36.29629
custom,8.340455,10.667988
41,9.17922,-66.13477
amnesty,-19.501717,14.305537
pursue,-46.10043,21.80697
violations,-25.48576,6.685495
important,-27.941822,37.11903
invalid,-27.706446,-40.730724
greek,52.949223,13.843844
croatian,40.22646,-9.742294
excluding,-46.09836,3.9770477
engaged,-36.82633,-31.05199
opening,24.107168,-23.708195
instances,-1.340227,18.816635
safeguarding,3.8945298,40.07891
sphere,21.518833,27.927114
speak,-29.373247,-6.0411086
branches,29.701654,22.21072
refuse,-13.223093,-15.16169
oversight,19.976084,22.471525
overall,1.74913,41.70852
solely,-32.832397,-29.027178
energy,-1.4535611,51.02254
favor,0.50217104,-5.66235
suitable,-8.13038,43.510765
healthy,-6.662142,46.288387
null,-27.125164,-41.800297
confirmed,-36.80891,-49.953472
viii,12.142029,-43.68224
falls,-3.679535,-36.0566
complied,-55.967197,-8.202989
securing,-37.324528,28.188334
habeas,48.83037,-35.29511
keep,-22.361593,-21.334509
exclusion,-24.980234,2.8312423
domicile,-26.01598,28.314692
incurred,-54.026325,-38.191166
field,8.344774,28.356836
could,-44.554432,-15.452011
symbols,32.534348,42.1586
live,-42.6319,21.793749
mayor,39.888153,1.9163226
foster,-49.380054,21.403605
raise,-24.149157,-6.845161
bundestag,47.21625,-6.8898954
somalia,47.434532,34.644073
agree,-20.678778,-18.964655
grave,-31.785982,9.108904
lapse,-20.187786,-30.28961
continuance,18.02446,-8.189668
broadcasting,2.9429834,53.031155
mechanisms,10.822477,22.994837
enforce,-51.469936,16.335314
standard,-4.997102,44.25484
assented,-30.847471,-54.42519
exercisable,-49.89818,-42.202785
supervisory,18.805105,25.578865
effectively,-30.683784,-21.77343
presumed,-24.321537,-40.967567
ratify,-11.870846,-18.285477
parent,-27.235046,27.053108
recess,20.170048,-18.121243
ministerial,19.031662,18.576838
mass,-11.579858,56.55175
papua,48.289997,24.231956
ruler,32.56705,-1.3230817
insofar,-13.4430895,-45.13197
dissemination,-5.2175393,34.34016
maintained,-39.6242,-41.25185
worker,-31.59095,26.394432
confirmation,11.370026,-8.332968
setting,-59.382465,-22.277546
republican,18.90227,33.0176
expropriation,-13.557528,28.632942
concerns,-5.0719523,-19.024279
excess,-25.112753,35.32745
incidental,3.045361,-31.96717
slavery,-38.203228,7.1474543
correspond,-24.75471,-16.990381
forward,-15.283441,-25.349009
concern,-17.655094,-10.164992
forfeiture,-35.443092,14.252075
announcement,11.440111,-10.1742
newly,42.023087,-11.687774
borders,30.155611,42.146305
threat,-25.209942,13.808691
back,-14.3087635,-24.026373
specialized,18.38844,17.159035
implementing,9.464678,1.0067846
almighty,-15.00958,20.557278
falling,-2.981845,-36.589508
objections,-5.908386,-7.2756395
deal,-54.361523,-4.349588
signature,10.694625,-14.992332
regardless,-25.732426,21.38324
prevail,-20.30911,-16.43195
constitutes,-6.0059667,-17.395382
obtaining,4.8408175,-14.360152
rates,-15.614823,33.78932
regent,33.141563,-2.1171155
modified,-37.85181,-54.77018
families,-16.993893,47.380325
interested,7.9800735,13.637706
applying,1.633135,-31.676294
weeks,35.07159,-28.85796
mandatory,-40.31562,-2.6812944
sale,-13.883831,30.550808
subscribed,-6.552799,-1.0958331
unlimited,-0.5328958,1.0284749
replacement,20.760616,-5.241451
declaring,-4.434492,-22.135984
aggression,-26.961657,13.591467
remains,-12.37377,-36.58553
owner,-7.9595,29.69685
croatia,49.463974,33.585495
prevented,-48.31847,-35.126125
casting,-51.40593,-17.603523
intended,-40.222702,-5.5393543
claims,-22.998343,-1.3229644
objects,-6.553891,31.506514
abolition,5.3122525,10.615094
sea,12.071944,53.513813
programme,1.5039302,13.351359
authorisation,7.663979,-10.295587
guaranteeing,4.3966346,39.786148
conference,44.885334,-1.1405926
notify,-20.214094,-23.17943
along,38.177486,-34.72367
reject,-12.88183,-17.23898
east,53.660347,-17.993652
begin,-20.193192,-29.366264
discharging,-53.93533,5.86565
payments,-18.826483,34.28107
products,-3.6778805,52.06273
worship,-20.153366,56.86324
dispose,-25.287449,-2.116378
chair,42.224457,-3.510969
adopts,-1.3724784,-26.028028
market,0.35408166,44.702194
obligated,-47.63987,-46.74614
introduce,-14.466288,-20.14074
whichever,-29.16023,-35.506485
therefor,-15.899753,4.140991
arisen,-51.378242,-21.970556
statements,-5.1906295,-3.3654053
secondary,-5.225309,60.595158
coordinate,-47.084183,17.235054
mineral,-3.2715569,50.36395
declares,-4.512613,-22.391191
move,-28.867022,-5.6749597
correctional,28.720436,54.115425
draw,-23.960234,-52.251114
namely,42.29749,11.834299
types,-4.003434,23.033478
therefore,-31.476255,-26.476217
april,42.694626,-42.094803
65,15.651089,-65.713295
independently,9.301928,17.996462
implemented,-36.570587,-45.37644
commander,32.07621,6.5229793
attaining,11.53528,-23.72111
serbia,49.306374,34.7739
facilitate,-48.64642,21.421547
emoluments,-34.40581,40.517986
contempt,-15.37661,1.6654406
govern,-21.38535,-15.757239
derived,-46.847336,3.4341712
introduction,9.5421505,-12.234303
debts,-14.884259,37.71664
bringing,-1.4336449,-14.0620365
separately,-33.628017,-21.883204
profit,-2.746734,15.328892
august,42.650093,-42.08426
refers,4.7846427,-50.139397
registrar,31.388905,6.4797053
vacated,-51.79104,-21.019192
retired,-47.845104,-32.402042
considering,5.6372576,-14.838107
nominations,21.594084,-1.9251776
partial,13.373091,-8.262049
involve,-5.924829,-18.85817
ends,19.435688,-21.986116
separation,-9.124375,27.303436
goals,7.472356,34.04902
subarticle,18.537233,-56.153713
small,-4.0558505,48.367245
envisaged,-14.899086,-54.021484
deliberations,18.05166,-14.864484
commit,-24.94265,-15.312333
nationals,20.485586,46.712093
investigations,-2.255817,8.1055975
kept,-36.78619,-41.57055
faithful,-19.860502,18.657753
industry,0.93966424,56.46563
abrogated,-19.81203,-48.004333
eligibility,15.055205,-3.1041894
filed,-32.867863,-44.788227
study,-1.063334,38.36772
vincent,50.33519,44.2607
malawi,44.65568,39.470257
barbuda,50.337425,44.11447
flagrante,-16.453377,-4.5755367
attention,-36.40921,32.94447
contribution,-9.507413,34.678722
inalienable,22.84092,35.248566
respecting,3.8881156,-26.585981
views,-10.021715,18.343426
red,43.323536,-24.789846
turkmenistan,53.68829,23.834442
column,15.254341,-57.587715
preventive,-38.932022,1.10208
motions,7.2039003,-1.2785639
river,37.973618,-35.241764
stating,-4.865647,-20.84726
lives,-18.830984,48.11441
associate,-52.613686,-4.342468
ideas,-25.778374,53.95242
49,9.233821,-65.00273
corresponds,-6.6087847,-23.906923
advocate,-21.368351,8.576704
inheritance,-11.16216,48.683743
innocent,-24.449783,-40.713448
sabah,42.05247,25.619734
59,9.392297,-66.15646
56,7.1045203,-64.51763
objection,-20.847603,3.386487
whereby,-26.89064,1.3866678
antigua,49.982185,45.06511
66,7.4566293,-66.434906
type,-36.31556,22.926102
delicto,-16.453596,-4.569874
alternative,-21.844013,12.545277
spirit,9.611794,40.81464
proclaim,-10.010131,-23.385208
kazakhstan,49.00029,33.712696
montenegro,53.60415,24.426744
integrated,-36.802097,-35.246593
president's,20.990541,-7.5349574
100,14.556346,-64.22988
things,-3.8086028,21.931314
conferring,-11.513126,-10.203035
ensures,-45.74412,28.234354
replaced,-41.75148,-49.619324
rehabilitation,-3.612815,43.608868
impartiality,14.432155,44.533142
voluntary,-28.21103,18.372198
centers,-2.5957248,58.744328
agriculture,-0.6300321,52.371254
moldova,48.66488,34.289524
sarawak,41.970726,25.023584
technology,-5.3455863,56.456993
oblast,45.25572,20.937761
printed,-25.646835,-7.0976353
estimate,-24.37047,38.3565
corpus,48.82755,-35.29662
assured,-40.727417,-42.109177
struggle,10.624631,42.71236
delimitation,35.199062,17.474838
conclude,-11.534429,-17.390512
merit,11.789668,29.585613
38,9.405637,-67.36978
arrangements,2.3022516,3.6872652
lucia,50.47204,44.28174
violated,-37.85262,-38.43843
hereinafter,11.406246,-52.60497
mercy,49.421593,-15.566028
compulsorily,-40.012974,-31.287712
produced,-32.908527,-39.381165
produce,-26.084507,-12.548261
main,22.679129,1.547232
costs,-17.140882,35.27445
cruel,-39.347565,9.525845
issuing,14.787493,3.8116446
reduce,-25.287819,-9.306552
traditions,8.886831,46.628143
controller,34.169685,8.469364
pluri-national,42.547348,-1.3630123
doing,-5.2884054,-27.092493
gross,-33.94389,15.560798
arbitration,11.227216,16.522795
honour,-24.494505,47.738228
lost,-48.43952,-24.40786
banking,1.8193048,61.676422
close,24.461454,-22.483856
44,12.16766,-67.57401
occurrence,14.121144,-19.137445
proved,-45.87094,-25.396612
colour,-22.117956,60.280933
steps,-12.241806,14.502743
challenge,-20.944334,-0.50003356
french,36.793365,30.482191
installation,19.79325,-12.275419
successor,32.098866,-2.321194
intelligence,27.447016,53.633945
competition,-6.4513874,41.530396
approving,7.355645,-12.920234
rejection,10.087678,-13.225457
proven,-44.75408,-24.634266
2012,26.979715,-36.535656
exempt,-48.1702,-35.73291
twenty-five,34.358337,-50.147663
violate,-22.268782,-9.701667
assures,-47.540558,28.119816
monitor,-46.10913,17.238022
hural,40.345318,-8.983296
saeima,46.233418,-7.8403316
directive,18.910952,31.425488
throne,31.356747,-1.9932476
added,-38.103634,-45.11082
complementary,9.501091,-1.586474
alone,-37.912693,-22.046587
retain,-27.917736,-12.314689
calling,13.178024,-10.117268
leading,18.190529,18.513092
accompanied,-36.09572,-51.05655
defender,37.1857,35.992477
attains,-9.942725,-30.334768
claim,-23.008564,-0.62378013
completion,23.364489,-24.180153
thereby,-32.97139,-25.75726
deliver,-18.6076,-19.656288
promptly,-31.4173,-23.485764
preliminary,-5.39071,2.395239
effected,-36.454338,-46.079395
assumption,19.656101,-9.553783
directs,-5.280732,-25.739346
content,-8.109574,14.051804
protects,-45.161716,29.106089
building,0.9758833,43.82931
utilization,-2.5913785,46.53838
receipts,-21.711876,39.37772
samoa,43.822998,37.933872
pertinent,9.643055,-0.3584747
twenty-four,35.885574,-48.367043
remedy,-5.9045906,10.657908
attending,14.351277,-31.174412
whereas,37.892967,34.823654
imposing,-16.302027,30.016775
concessions,-18.152567,32.39684
resolved,-34.805088,-44.09732
excluded,-47.81122,-36.265354
revocation,15.525633,-8.261494
normative,12.318149,0.6592715
minorities,13.686466,47.584557
simultaneously,-50.260464,-7.053834
reviewed,-34.738426,-46.54864
subjects,-0.9545061,22.331364
admission,-1.4033123,11.12054
pradesh,30.958519,-38.437374
notably,2.8395288,37.165417
evaluation,14.320422,24.556463
x,11.33044,-43.84322
classes,-5.690847,23.745604
transport,0.5149855,53.280266
equity,6.83961,42.749504
respected,-39.69934,-42.840218
restrict,-23.187185,-9.022564
forty-eight,35.916588,-48.404686
incapable,-47.82315,-29.921892
fields,-2.1926932,22.802454
missions,22.227318,9.669566
reported,-32.047073,-32.97525
fear,-32.991364,0.8615531
refusal,-11.4077015,0.3366056
writs,0.8370319,5.20478
sworn,-35.73065,-43.159775
ethics,11.191852,28.041353
transmitted,-30.705736,-53.26149
china,48.440296,33.531803
concurrent,12.18807,-40.607033
married,-32.93954,24.78521
thereupon,-23.229872,-32.985855
refused,-40.746243,-38.300846
precedence,-13.849649,1.426928
resigned,-50.01141,-22.040518
afforded,-30.441088,-15.137092
residing,38.093647,39.42262
assemble,-28.97415,-5.7982473
34,10.11585,-67.94782
passes,-1.7515643,-25.7758
debates,17.77775,-14.834533
commitment,-17.086435,15.0510025
czech,44.94611,32.196827
comprising,43.780113,11.893413
intention,-16.968437,13.250422
particulars,-10.848502,4.691325
did,-43.14398,-16.11746
observed,-37.492706,-43.523743
week,33.201004,-29.201675
conform,-53.024673,16.645912
bases,10.301817,24.16919
improve,-48.606033,20.979002
revolutionary,51.786724,3.285471
botswana,45.57007,42.891026
transactions,-15.321598,36.730263
accounting,18.943268,20.519333
desirable,-41.96712,-8.252925
recognize,-45.815296,25.348051
inherent,-13.647673,42.741516
containing,2.0445077,-18.746265
texts,4.05472,1.8196311
87,7.9309464,-65.48492
conducting,14.097557,22.347609
elects,39.53614,-4.8932695
young,-17.687918,45.809914
contemplated,-14.599378,-53.948685
residents,40.613926,14.90325
passage,9.874223,-12.874798
assistant,18.357521,4.823063
directives,6.7497635,1.7919223
observing,4.0714498,-27.30155
disadvantage,-24.530514,23.86272
designed,-42.973236,-4.3391414
relationship,11.228949,36.045975
registry,30.28518,27.662214
42,6.7603197,-64.823296
generations,7.184553,37.22331
understands,-9.971849,-30.24001
assignment,16.280146,3.1860085
formulate,-15.517371,-18.86536
movements,-17.757118,58.449356
drawn,-24.019983,-52.65917
regulates,-0.7443794,-21.819677
51,8.96561,-64.522095
letters,18.788376,1.6489085
publicly,-31.772533,-24.588785
detail,0.72840476,16.519789
needed,-43.13997,-4.4339514
none,38.397293,-15.756593
levied,-53.32476,-38.179585
sees,-47.61025,28.08411
bar,29.280611,3.0157604
promotes,-45.23824,28.328754
mandates,18.199303,-0.031725418
threatened,-37.99939,-37.22731
never,-30.507511,-30.491713
55,8.086191,-63.206238
answer,-17.72761,-20.587528
oral,-19.393644,3.208812
approves,-1.8916421,-25.800104
disclosure,-9.316084,14.029814
tribes,26.397343,46.678265
mutandis,3.2792428,-54.92223
mutatis,3.3554325,-54.97962
herzegovina,39.12208,25.709341
bosnia,39.132175,25.707077
nauru,43.839653,38.172073
college,36.681183,13.536788
self-governing,43.381413,19.167778
percentage,-10.117363,33.894142
option,-16.410124,5.5164237
keeping,12.712161,36.00133
resume,-15.559785,-28.934153
discriminatory,-5.5782857,16.211111
generality,9.436626,-42.567028
pronounced,-33.64246,-42.142
task,2.7689354,23.314657
electing,36.835133,-5.4690413
indivisible,22.391752,35.057346
explanation,-0.34181806,-18.114418
traffic,0.30679595,53.444412
authorises,-3.5375679,-19.841705
endeavour,-47.543846,22.533192
restoration,0.89392793,35.00739
linguistic,15.894861,50.73764
veto,-26.738235,-4.323201
interpellation,-20.120676,4.2422447
transportation,1.0963023,52.85289
nevertheless,-27.243221,-29.311123
57,7.6225076,-63.775227
allowance,-34.748306,39.949635
substantial,-6.1295495,-15.864904
recommended,-30.488945,-55.491093
cooperative,4.523535,58.08533
strictly,-33.54055,-26.764872
forming,4.0397425,13.196948
ecological,2.0056992,45.400684
still,-30.693186,-35.1916
resolves,-3.3399475,-24.194769
discharged,-46.603798,-40.356922
expulsion,-44.11473,2.8158808
legislature-parliament,46.01353,-8.316465
secretariat,30.846878,3.9975355
greatest,-0.42621523,-2.2329886
abide,-39.416737,-46.359104
46,8.746797,-63.952297
collect,-29.37525,33.357758
councilors,43.742188,2.2546017
cooperate,-54.089302,-4.9494147
harmony,11.630072,37.183075
78,7.964382,-64.40248
elderly,-17.027184,45.616486
calendar,25.280386,-30.14793
properties,-13.221153,38.381767
al,47.877728,-2.232244
inquire,-24.709484,-25.799526
homeland,12.740004,41.002712
convoked,-31.012434,-47.515137
africa,52.820206,-17.197025
modify,0.7964275,-12.797415
banks,3.083718,60.507973
regards,-13.0072565,-44.39933
satisfy,-27.176529,-14.857358
default,0.0043411274,-6.4164724
120,16.541737,-64.83185
paper,30.583393,-16.465734
state's,15.339221,21.033949
church,16.742815,38.903477
debated,-31.423548,-48.75564
strive,-47.97399,22.14718
committing,-31.951612,8.26804
1974,28.796944,-40.904846
jury,-17.101477,-1.2363415
declarations,1.2067125,4.6560354
involves,-6.0560923,-17.038816
contingencies,-22.030909,31.543268
solicitor,31.216158,9.246654
inconsistency,-52.092777,-10.288549
writ,-16.286165,8.706619
ex,37.41192,-8.243637
transfers,-19.107777,30.226686
uniform,11.118945,5.375382
select,41.32876,-4.4069657
expires,19.249252,-20.353632
administrations,26.529175,29.779953
forests,-3.8867524,49.236465
issuance,10.425345,-10.400589
poland,48.930943,34.589615
descent,30.591799,34.32034
effectiveness,6.348554,30.016317
ix,11.981901,-43.4042
loyalty,-18.006021,19.78948
thirty-five,33.866352,-50.19779
foundations,15.669623,35.863926
gives,-11.763543,-24.795658
chairmen,40.49658,3.4704356
progressive,6.279227,40.28942
doubt,-14.423004,8.516761
1973,29.25675,-40.19876
capable,-46.339596,8.021297
renunciation,-15.029065,11.720618
amounts,-21.734032,35.195713
listed,-13.087715,-53.679676
91,7.982273,-65.711174
using,-11.033208,25.78603
messages,4.168139,-21.298
obey,-51.54863,16.243652
spiritual,4.886743,46.46412
herein,11.77778,-53.196396
kyrgyz,48.759144,35.164726
decision-making,17.990097,26.193716
gratuity,-34.816353,39.825916
replace,-19.005981,-22.330439
enquire,-24.703316,-25.81483
stage,26.50702,-23.225863
convictions,-19.477861,58.10094
75,15.942508,-65.58273
renewable,19.854208,-28.941023
liberation,13.140616,46.949173
54,7.8501053,-63.31169
initiatives,5.824142,24.345276
deciding,-10.422319,-5.0149274
personally,-35.0146,-21.955185
academic,-5.2528768,42.368248
strengthen,-48.283978,21.40777
abuja,50.973095,25.521639
advises,-10.041056,-26.332716
72,15.731723,-64.09138
functional,19.484583,27.91861
abolished,-38.575565,-38.1593
utility,-12.655748,36.37004
acted,-49.123283,-21.722631
occurred,-48.15841,-20.92779
remit,-27.244474,7.7018185
inspection,19.624018,21.366962
denied,-42.13567,-33.54539
63,5.8973103,-62.1764
115,7.133599,-65.52662
counting,20.871447,-24.274986
finds,-4.845174,-22.652925
tender,-3.8952632,11.603187
nationalities,17.142365,46.913086
presides,-8.797974,-33.000687
combat,-28.529516,7.989696
therefrom,-40.34555,-24.288315
findings,-5.002221,-7.092549
recommends,-10.101323,-26.348646
enforcing,-37.43025,28.062304
creed,-22.164606,60.162457
distributed,-38.6884,-34.674
elapsed,-51.2159,-22.036877
vacation,19.897982,-8.898827
110,5.8028464,-65.51526
disqualifications,17.597387,-3.424277
79,8.127543,-61.732525
recording,-8.297086,17.07415
infringement,-23.875439,6.259002
submits,-8.125843,-25.622648
attached,-26.57102,-19.68594
journal,18.799452,9.963675
commence,-20.124285,-29.202868
reputation,-25.14713,47.34772
deposited,-32.27518,-46.80301
confidentiality,-7.7260623,40.53969
sacred,32.360855,31.486164
hungary,40.482464,33.407482
judged,-34.063305,-40.551258
teachers,-6.817502,38.711384
herself,-34.748055,-18.415524
resumed,-52.69812,-21.128609
47,9.820877,-63.237064
sits,16.420605,-18.558739
calamity,-9.110375,31.531317
93,8.996132,-62.852386
revolution,11.524095,41.24719
testify,-30.301693,-18.773653
mayors,40.69254,3.1997037
111,5.620598,-60.007862
67,12.6917925,-58.67565
emblem,33.815407,43.16375
developing,6.5906415,41.074623
ile,51.654778,-15.979199
maldives,45.218266,35.745758
folketing,45.950047,-7.890025
border,9.408535,51.95905
sub-clause,17.020874,-56.522236
specifies,-1.0342174,-21.77783
formal,6.337838,-11.71374
recruitment,5.9078307,19.385994
continuing,-14.5118265,10.4993925
competitive,4.05782,21.421007
fulfilment,6.482632,29.086637
la,53.322525,-14.65929
counted,-38.517162,-39.60138
one-half,38.68775,-20.561005
expired,-51.239784,-21.739101
transition,16.959745,-20.630295
aforementioned,15.206548,-22.343008
amyotha,43.474525,-5.5272527
village,43.19265,16.310905
exceeds,18.841787,-29.238848
imprisoned,-41.502052,-30.113968
actual,-22.079065,13.589115
suit,-5.955684,6.254509
resided,-49.44558,-22.917812
technological,-5.624026,57.014885
situations,-1.7289256,18.921923
white,43.275158,-24.784004
by-laws,7.1680818,1.7418422
discuss,-16.562403,-20.727713
proviso,8.247469,-54.123695
borrowing,-17.144403,37.094685
replacing,-1.6815337,-15.630651
aggregate,15.63133,-29.954092
naval,32.136692,52.128727
owing,-34.064003,-9.66848
authorising,-1.714612,-12.922385
cover,-22.512676,34.434795
enumerated,-12.850969,-53.625664
savings,-5.20227,36.4413
incapacitated,-48.377277,-29.12066
43,10.282838,-64.218895
70,16.20039,-65.642746
no-confidence,8.169957,-22.158207
humanity,8.966996,38.84489
country's,1.9896141,43.627018
sites,4.8007746,48.087257
alternate,37.191696,-7.832747
impediment,-19.1349,5.362898
promise,-16.084558,18.781532
fee,-38.63512,17.268055
occur,-23.32489,-29.652569
vocational,-5.0526004,59.099342
favourable,43.635303,-29.60368
items,-0.31594205,20.832605
mode,11.851265,20.866112
lawyers,28.439234,3.9625883
enjoys,-37.224636,-12.946731
retroactive,-51.05319,-12.118801
automatically,-25.921795,-33.640842
influence,-19.060162,1.1940854
drafting,8.493859,-0.033744708
prosperity,10.068776,43.19464
enshrined,5.586851,-44.45044
method,11.851543,20.83916
tanzania,46.588474,28.286385
quebec,42.67068,6.9255676
elector,-21.343494,8.423993
1948,30.647814,-40.30138
prorogued,-28.356977,-37.543396
servitude,-38.303173,7.1337657
settled,-37.188393,-45.45398
oversee,-46.242546,17.212297
past,-12.2950325,18.109745
disaster,-8.93589,31.698189
storting,44.699966,-8.106524
rulers,44.108685,-2.1007488
deem,-13.379287,-28.2268
becoming,-4.702501,-33.70951
met,-37.28886,-39.664146
continuous,20.116756,-27.20077
aircraft,-21.748407,10.763354
resumes,-6.459781,-30.817492
demands,-5.443059,-25.64651
promoted,-38.15983,-36.039635
increased,-40.554466,-39.604084
r,20.315536,-42.833744
auditors,31.998177,9.876141
defendant,-16.882421,-0.47763443
participating,7.7675123,14.567868
whoever,-46.957104,-26.763525
estate,-12.261054,30.063766
renewal,12.978498,-8.373426
proclaimed,-36.05908,-43.35976
methods,11.631567,22.993378
unitary,20.941639,34.539753
sound,-4.8225384,39.978603
corps,32.375263,25.252731
referral,-3.524734,-11.020821
sixty-five,33.673256,-50.209232
version,6.32135,-5.482743
extends,-8.12169,-18.71623
minutes,17.67901,-14.777528
prorogation,14.685142,-17.04953
52,9.217768,-64.21649
reconsideration,12.467154,-14.389054
prosecutor's,30.158638,10.80647
transaction,-10.021856,20.921858
creating,-0.8096066,36.96776
dates,22.480349,-20.511198
foundation,20.284216,34.067123
pardons,-19.487564,14.2598095
enemy,-23.026518,8.819537
minor,-29.237602,20.758738
electorate,33.1075,-16.393663
lease,-17.030092,27.467924
sharia,27.054556,5.8575106
petroleum,-2.2032797,49.041542
minerals,-4.2710967,49.61083
specially,35.274017,-9.715085
administrator,31.915747,2.0298336
ending,19.602592,-22.241817
businesses,-4.9201217,31.40329
twice,23.297676,-29.402945
communicated,-29.79069,-53.385147
consulting,11.130587,-19.869558
seizure,-36.708725,3.0236597
aim,0.89099544,29.067831
geographical,2.4289582,31.703402
61,9.377864,-61.570225
one's,-29.469795,23.23211
il,13.072681,-49.495094
agrarian,0.51705384,40.988327
druk,28.684027,-34.64871
levy,-29.307524,33.206505
varied,-43.92707,-39.52734
affirmative,-2.5215194,-1.3489192
58,8.410337,-63.984543
conclusive,-29.59223,-42.4009
monies,-19.622326,37.224144
altering,0.68549186,-10.863426
minors,-15.117176,46.040215
ask,-17.747162,-22.173563
prerogatives,22.675348,24.617046
space,10.869804,52.655243
confiscation,-12.149966,28.854946
announced,-36.847,-49.185024
censorship,-34.634388,1.6509223
history,11.673782,41.4706
acceptance,11.324928,-9.444052
expire,-20.130234,-29.895706
hill,37.808144,-35.8839
gyalpo,28.698307,-34.62161
funding,-10.349928,36.356277
summons,-3.6585572,-4.434823
how,-9.214152,-20.220911
counter,33.872936,19.289558
male,33.15394,34.545723
numbers,37.142506,-20.045801
panel,24.308435,1.2258238
ordinarily,37.463776,39.188732
vacates,-5.453787,-32.56508
1991,27.35542,-39.79015
admitted,-38.27514,-40.57227
associated,-54.833485,-6.473468
reply,-27.095112,-4.579888
80,15.074208,-63.834923
maritime,10.947393,52.184494
pluralism,-17.761673,59.98834
tribal,43.10314,18.232082
administering,18.123772,19.801743
namoyandagon,46.330555,-0.7968337
editor,-35.1147,-22.664406
malaysia,15.89613,-26.49331
officio,37.384464,-8.17691
council's,45.640984,-3.9230638
observations,-5.305422,-7.1075473
creative,-7.5602126,54.70675
seventy,33.989716,-49.967316
mining,-1.6956954,53.69648
understood,-25.189524,-45.43554
returns,-6.087564,-20.682043
try,-19.73859,-6.2644687
advancement,-3.8441803,43.777203
seventh,16.19564,-37.64189
rise,-13.447762,-0.4073877
run,-27.531366,-17.286293
112,5.741164,-58.41837
transparent,16.159977,32.24051
length,13.10635,-4.4286947
straight,39.542835,-35.63803
auditing,18.93444,20.536755
composing,38.19641,-5.130448
permissible,-39.612343,-39.429787
reservation,2.4126928,16.481894
deadline,9.060633,-26.558922
investments,-13.139781,36.13704
affiliation,-17.56629,59.32911
reconciliation,8.312383,40.85773
publicity,-13.948119,7.162399
guided,-39.393448,-46.754868
weapons,-3.6305683,34.344048
renewed,-41.86868,-40.626858
incompatibility,19.232773,-7.945788
convenes,17.553802,-18.05537
severe,43.600594,-29.559177
enforced,-38.184196,-41.30379
69,8.606265,-58.99046
dated,27.914867,-41.79116
bolivian,37.594273,33.670654
discussed,-31.430815,-48.665478
co-operative,5.0366726,54.039024
fewer,9.347888,-34.905323
substantiated,-30.854664,-37.114456
forestry,-0.8317066,52.514484
74,10.043252,-62.46111
inferior,-19.373703,-6.2356443
controlled,23.114916,17.385313
showing,-24.92947,36.352848
furnish,-21.719568,-21.138151
64,7.1769724,-62.504726
expressions,2.7711806,2.7274396
applications,-5.1981754,-2.2210717
timely,-17.255644,2.100008
cost,-9.732578,34.235443
tabled,-31.161924,-48.369167
89,9.911141,-62.995087
95,9.3818,-60.0993
suspicion,-14.270106,4.576185
base,3.574952,32.130444
build,-47.321346,21.65756
eliminate,-23.882687,-4.0667267
deprive,-26.833168,-10.552529
holidays,-7.539448,37.295216
duma,42.672146,-2.7175703
brunei,44.02582,47.702217
cooperatives,3.7187395,56.561893
1966,28.641712,-39.661655
speakers,40.71498,2.7617764
constituting,28.925318,-10.016674
possesses,-37.260365,-12.953507
contains,1.602263,-19.176569
rulings,-3.0266519,4.1304326
interior,17.888348,5.526182
continuity,8.10871,29.83423
spouse,-26.647995,27.318386
resort,-32.496822,-36.541935
managed,-39.714134,-36.559635
decentralization,18.529951,31.105715
verdict,-7.8598514,2.1380854
concurrently,-49.89811,-6.988334
response,-8.122301,-2.8142073
convening,19.11887,-18.857082
134,10.208733,-53.949463
obedience,-17.979002,16.856215
left,-31.767342,-32.973248
romania,53.490578,23.699404
2005,24.339962,-38.953133
self,16.22412,25.231386
countersigned,-40.544334,-48.74434
1978,29.302345,-41.02613
substitutes,34.05017,-8.886462
121,11.999285,-59.53147
aliens,34.463127,33.637035
submitting,5.4954867,-15.264935
commits,-43.601055,27.687881
imminent,-24.836874,13.9370985
77,11.480462,-63.039665
bis,12.185255,-63.317398
104,5.9973593,-60.6619
communes,41.545277,19.194616
infringe,-12.749772,-10.289187
racial,-19.297436,59.666775
arab,43.98369,34.939106
bhutan,39.53041,33.644028
naturalisation,30.377165,34.29885
oil,-10.698743,38.722324
servant,25.995502,14.8145075
sixth,16.238916,-37.577477
roads,7.211917,57.439793
1998,24.15595,-38.8016
guidelines,10.570693,23.696255
t,22.217705,-42.133305
problems,6.951433,33.355324
councillors,43.962727,2.8275769
71,8.244692,-61.41564
forty-five,34.7679,-48.8669
confers,-12.256261,-11.095949
credits,-19.978167,34.551224
examined,-34.70881,-46.609676
relatives,-25.293987,26.757755
92,8.55984,-59.922447
lose,-27.959871,-12.061181
attorneys,31.57335,9.526704
accusation,-20.360195,5.056188
distinction,-33.079327,1.2739079
audited,-34.18496,-34.537113
86,11.186632,-62.27407
religions,-2.8096194,24.329681
armenia,48.32106,34.05202
wage,-32.904293,36.828938
constitutions,37.507805,23.584597
prescribing,11.181358,3.3670847
repayment,-13.860582,31.229828
chairpersons,40.65923,3.1912243
portuguese,41.108562,35.146706
supporting,-1.6875495,-1.9215006
referendums,27.829565,-14.475769
thus,-31.476715,-24.960546
drawing,-23.994555,-52.280354
specifying,9.986696,-8.056303
periodic,24.972841,-16.693586
puisne,27.658934,5.755688
annulment,-3.9297116,0.63508785
substantive,-4.512213,-14.694661
102,7.157146,-59.507812
societies,3.623574,56.438828
government's,15.073988,0.9222864
burden,-8.994254,11.855126
disseminate,-25.860632,53.847576
professions,4.543078,19.176226
spouses,-24.554066,26.615845
consequences,-8.147627,11.592261
85,11.606369,-60.731052
three-fifths,39.930122,-18.509691
2004,27.488894,-40.683483
mongolia,39.942062,33.16958
slovenia,46.07714,33.22868
tamil,36.35592,27.83607
preclude,-23.217485,-11.229556
ireland,45.50036,34.737488
reach,-19.749292,-19.02967
papers,30.898035,-16.719069
emolument,-2.7451222,15.286467
satisfaction,4.6470284,16.052011
1981,28.135803,-38.108513
insufficient,-32.394863,-35.238163
concession,-14.881563,27.795483
maternity,-30.111761,19.12524
adaptations,-23.303703,18.871302
prompt,-17.729721,2.899293
transmission,-8.034402,14.822726
rendering,16.481201,19.75952
invested,-54.66999,-8.804529
start,23.715958,-23.285975
fix,-20.922964,-15.113865
justified,-33.60779,-38.447052
omissions,-17.081747,9.722154
coat,34.9739,43.105408
reelected,-42.324097,-40.109745
job,-20.316181,26.261587
manifest,-30.111755,-7.462024
spa,43.396664,-3.6493933
althingi,45.800186,-7.9704185
aggrieved,-27.02612,0.48528522
polling,22.253975,-22.189894
owners,-7.5688906,29.981293
148,13.761388,-54.403038
cent,38.844852,-23.031622
boundary,36.748913,20.733845
denomination,-16.658014,57.146435
ceremony,-18.311787,56.10707
animals,-16.833895,51.192753
continuation,-14.398437,9.613604
pronounce,-14.55509,-11.584811
supremacy,6.203244,-44.072914
subsequently,-28.888033,-27.170788
procedural,10.890247,3.1809676
98,11.497535,-58.010685
disclose,-25.408663,-11.050932
exceptionally,-27.031641,-29.869001
students,-8.803372,39.380604
understanding,10.469546,38.178368
settle,-24.39171,-6.4211974
located,26.935043,37.965935
realization,6.2751365,29.656992
inspector-general,32.53357,4.681217
bengal,30.604548,-37.528347
subpara,16.934332,-55.387337
preference,-13.642849,1.4634078
events,-1.4567786,20.489138
unemployment,-30.074295,19.036674
growth,0.65632695,45.95042
concurs,-51.744274,-7.753214
53,7.1737146,-61.581898
contravened,-43.526566,-26.6307
representations,-5.162039,-2.899403
practitioners,-4.5646467,11.950166
lead,-24.532469,-15.993915
reflect,-17.642056,22.896053
1975,28.914835,-40.211838
historic,5.5713654,46.472084
interval,-20.105957,6.3616714
envoys,20.93362,7.7659535
elements,0.2117495,24.818947
characteristics,3.929358,32.555073
mobilization,-2.471691,27.130583
muslim,33.874638,30.853094
darussalam,43.99963,47.78791
mean,-16.267094,-22.958075
subdivision,12.282246,-47.33419
xi,11.698558,-43.303516
net,-12.391872,34.234753
wages,-33.034546,36.900074
export,-4.392128,37.555878
supervisor,25.304321,-16.83215
signified,-20.483335,-45.07163
pleasure,27.813192,-4.8879027
though,-12.949271,-31.4334
84,12.562236,-60.83748
105,11.182694,-59.836506
accredited,-26.977573,-19.830877
inspect,-45.23826,17.15182
bp,37.509987,-36.622005
townships,40.979805,18.745205
lapsed,-49.12022,-20.903313
subsidiary,10.477499,1.7072735
2000,26.304485,-39.903625
ceiling,3.11757,27.142618
applicant,-21.702948,5.688789
consumption,-5.947523,35.56138
regularity,12.838119,18.329721
challenged,-32.202446,-41.04036
indicate,-21.541315,-15.177647
rivers,-1.2239658,42.455963
show,-26.29714,-14.358608
elsewhere,-4.849561,-46.052464
became,-5.333886,-34.445934
beneficial,-8.318668,41.98897
file,-21.939056,-5.5735807
secular,20.37226,34.305832
contents,-8.339164,14.32061
now,-31.89162,-26.743513
potential,4.116503,35.513783
proposing,1.739431,-17.923122
disease,-23.916943,10.6189575
one-fifth,38.83696,-19.161383
questioned,-34.864418,-41.68719
holy,-13.07544,21.577923
negeri,31.157282,-6.304634
socio-economic,4.3904543,43.58981
fail,-12.254189,-21.897308
interfere,-54.159565,-5.2140617
continuously,-28.965422,-37.087166
1976,29.418612,-40.442356
113,8.943716,-58.633926
colonies,37.211376,27.458078
adviser,-4.0514717,12.060727
stands,41.83643,-12.536654
assessment,-6.03642,33.552994
spheres,-2.5363774,22.93949
strategic,1.0542641,42.339493
compatible,-55.727825,-7.1931276
fulfil,-28.9292,-13.976134
admissible,-38.78394,-39.76528
yet,-41.127277,-17.590864
named,-35.400745,-36.574276
heading,9.535057,-53.253124
enforceable,-34.219418,-42.108387
seeking,1.8515149,-15.727701
farmers,-7.2072754,41.927925
oliy,48.015938,-2.2022412
periodical,-11.953483,7.2562113
anti-corruption,35.01394,17.57921
injustice,-21.522638,6.464538
shares,-2.6720703,29.641489
revised,-19.521317,-45.748703
initial,16.824226,-22.166746
awards,15.288062,7.6075554
copies,-6.4094434,-4.7787757
largest,34.424305,-16.626583
arbitrary,-36.650997,2.900681
continental,11.879645,51.824993
sanctioned,-37.065,-44.59432
covered,-38.858097,-44.984676
accepts,-8.397739,-24.87086
tenth,17.046251,-37.544693
zones,1.9742067,32.388588
hindered,-41.96053,-35.226658
unified,18.953665,32.391087
green,43.249214,-24.76722
allegation,-21.12153,4.7966523
prohibitions,2.288069,18.006472
guatemala,44.587997,33.123154
formalities,-6.770155,11.446497
towns,41.85952,18.889246
disposition,-0.05126662,27.761574
68,7.5815353,-57.09321
interpreting,-0.3749272,-14.874066
summoning,14.661195,-16.802977
formulation,13.334519,23.812103
deposit,8.675519,-11.385594
achieving,5.562168,40.703835
1993,26.667778,-39.392235
lack,-15.237433,9.641263
129,6.7808557,-59.790096
150,15.227443,-63.02744
invalidate,-22.84788,-11.310342
127,7.09432,-59.488243
credentials,18.777344,1.2373052
beings,-17.82833,51.27337
secretary-general,39.095024,-2.7294273
cape,43.639656,33.763268
loyal,-19.93237,18.5164
moved,-29.759687,-38.752007
firm,12.238629,11.318115
forest,-0.5730324,42.95381
statistics,-3.1048162,31.668344
annul,-12.75921,-16.775694
withhold,-13.866138,-15.907234
76,9.046467,-56.885258
strengthening,7.24944,40.60639
126,9.501972,-59.048687
strength,4.501575,34.064507
exclude,-24.121065,-10.382592
handicapped,-16.864729,45.39972
afghanistan,38.458176,33.143566
investigating,19.133736,13.028746
withdraw,-14.486762,-15.296686
incompetence,-33.68742,16.01005
returning,21.089582,3.9537356
undertaking,-10.671697,7.081942
dominion,45.12683,27.815102
adult,31.753643,37.261265
fulfilling,5.1325746,30.537813
73,10.215159,-61.38145
remission,5.2923865,10.5058565
agent,24.778042,15.870304
1992,26.172638,-39.2172
99,8.262811,-57.082863
partially,-37.78368,-23.451328
consultations,11.373472,-19.584547
mixed,-3.2703772,30.481514
soil,-1.8149574,46.211586
increasing,-14.2072935,31.726015
consolidation,2.1824605,35.20702
possibility,-13.415728,3.3730915
adopting,8.980539,0.23200402
materials,-5.9619927,30.701307
studies,-1.3632183,8.954935
allah,-14.844545,20.572235
maoist,34.00254,50.856285
faso,53.530315,23.704283
malay,36.08222,28.135288
gas,-2.2332804,49.07537
enhance,-48.035957,20.853025
nakhichevan,45.343044,21.328447
enactments,4.046739,2.0658228
affects,-5.1270075,-18.797752
structures,15.745838,25.082363
operating,17.094007,22.21201
bearing,-11.336892,-8.883566
books,-5.2051077,21.104862
expended,-33.96853,-35.860714
desire,-22.185846,24.689304
bench,26.767326,6.6608467
monuments,4.984099,47.989628
heirs,-24.262722,24.442026
correct,-17.816902,2.1770241
substitution,18.351107,-5.9550385
regularly,-31.091637,-24.592203
harmful,-36.792896,-6.423629
accessible,-37.572563,32.480217
peers,33.83107,-8.54799
94,9.820667,-58.544876
guarantor,43.97211,31.700623
prohibit,-22.916838,-4.5547404
coalition,6.1170993,13.694254
permits,-1.0844712,-10.522061
purchase,-12.983636,30.584303
rejects,-1.7787927,-25.76567
elimination,-0.6142711,32.696354
aims,0.5494514,29.07962
clearly,-30.384361,-26.078182
numeral,14.73718,-55.45377
cessation,19.117302,-8.23159
sub-section,17.454168,-55.72129
occupy,-28.608618,-15.739162
62,10.743434,-59.831852
suspected,-32.353325,6.862889
intervals,26.260239,-23.200504
filling,23.387417,-9.014893
early,20.359829,-21.706558
consumer,-11.743058,50.154995
conforming,2.0598583,-32.137497
witness,-16.040403,-2.0599215
finally,-28.736874,-26.652042
competencies,23.219252,24.8821
presents,-8.296033,-24.271988
mothers,-16.032116,46.18279
expelled,-47.272945,-35.38285
miscellaneous,10.80482,-41.87356
tajikistan,45.814457,33.857
sunday,27.164864,-32.09123
category,16.221628,11.169037
many,-15.105826,-45.26928
83,7.880578,-56.07118
subsidies,-19.103254,33.09136
go,-25.068848,-23.98051
abolish,-24.092607,-3.910178
ship,-21.753319,10.709042
108,10.220478,-60.693913
spent,-34.74405,-35.716217
failed,-49.795815,-20.468866
managing,18.263617,19.634935
stages,-3.1950889,21.070555
109,9.619639,-60.484184
starting,21.611513,-25.131699
interpreter,-21.544863,7.4941463
consular,22.387852,9.159719
incorporated,-35.94431,-34.295605
fatherland,12.500325,40.862675
product,-2.548559,33.534527
decorations,15.264125,7.43636
dangerous,-6.2654366,39.99113
infringed,-37.445602,-38.07543
ties,11.107242,35.839256
villages,41.61235,18.83098
immovable,-11.823304,28.808912
definitively,-28.839323,-26.685987
derogation,-45.517113,3.3573067
victims,-28.440212,9.283183
detainee,-16.742779,-0.2952245
convoke,-17.677095,-23.342117
supervising,17.51983,20.17275
irrespective,-25.671558,21.459328
advanced,13.506216,-30.115679
82,10.431214,-59.841812
fire,27.600018,54.11131
acquittal,-18.278074,8.052242
prohibiting,-3.54657,-14.420002
strict,-4.579791,26.275581
apart,-46.257915,3.5996091
aspects,-2.0305402,22.599684
points,34.0949,-25.914837
wishes,-9.563426,-28.459406
cultures,4.7420974,35.494545
obtains,-2.880546,-28.493778
guide,-17.913845,22.1248
harmonious,4.3626976,43.459553
ensured,-40.347893,-42.35706
81,9.822819,-57.861187
adherence,-17.92778,16.582502
candidacy,15.554237,-3.6737309
safe,-6.7878394,44.018272
oireachtas,45.350044,-13.092224
plain,-27.216784,-3.9251373
1980,25.562819,-37.317276
poll,27.321901,-16.678352
paras,17.14972,-55.43302
factors,-1.6486511,22.099695
replaces,-2.661937,-17.889217
detriment,-30.580217,0.70794487
alters,-2.294139,-20.761581
immigration,-0.9702791,34.40822
offender,-21.565779,5.938634
shows,-9.410543,-28.794346
recordings,-8.289926,17.113855
directing,17.688822,5.339848
inclusion,4.53365,28.769894
officially,-30.56206,-24.82406
alleges,-3.4883962,-17.03236
103,8.04382,-57.992912
ideological,-18.230093,59.133747
aside,0.10076989,-42.942387
re-elected,-42.123234,-40.02225
restore,-48.182377,20.072107
proposes,-8.428647,-24.224325
pledge,-16.214373,17.43135
2002,25.274006,-40.00864
inquiries,-1.542489,8.342484
preserving,4.465225,38.823887
intendant,31.61809,0.4809235
titular,36.057285,-5.4307303
older,9.470927,-34.220318
employer,-22.220745,7.004566
levies,-15.652149,34.24291
154,13.574874,-53.63677
era,42.978306,-10.047634
lieutenant,40.948517,7.1229267
adjudicate,-14.747436,-10.993063
prejudicial,-36.941067,-7.0975943
voluntarily,-47.118366,-23.27557
harm,-30.328781,1.677604
road,-4.414023,32.370148
renounce,-27.744783,-11.508742
appealed,-31.692154,-42.143005
acquitted,-41.199795,-27.9125
unlawfully,-39.68201,-29.000418
us,-12.800767,18.125786
consumers,-11.841835,50.223648
three-fourths,38.946507,-19.03179
differences,2.820907,9.344936
succeeding,20.064259,-23.562386
understand,-31.621906,-8.701356
letter,10.730866,-5.7163424
contravene,-21.625843,-10.454453
map,24.44024,-39.813572
1962,28.983042,-39.708984
respond,-24.641058,-16.38748
1971,28.995584,-38.708717
2009,25.611538,-36.273376
2006,26.496872,-40.761436
comprises,42.59376,12.111548
adjourn,-17.700771,-25.482277
impeached,-41.529964,-39.279236
amparo,-5.3965654,3.8439934
gratuities,-34.738995,39.792416
illegality,-3.902387,3.0460691
116,11.426133,-57.490532
organised,-37.02235,-35.97231
carries,-59.22181,-21.42512
cap,30.39755,-41.65669
accession,9.374113,-6.1764817
88,10.012513,-58.951187
criminally,-35.06454,-22.533346
succeed,-25.609991,-17.001028
lao,37.721523,32.50029
maungatabu,42.4338,-12.861145
dominican,43.729652,34.014236
infrastructure,0.52233434,45.88835
delivery,13.3106,-5.3485756
america,52.209255,-18.598152
blue,43.246326,-24.759138
adjournment,-12.943576,6.3837028
transmit,-16.948568,-21.230064
seniority,0.23755582,10.950077
supplies,2.2439487,52.01627
calculated,-34.6965,-37.67748
finding,-10.14214,1.6116883
answerable,-25.482397,-21.213734
restricting,-2.5735362,-14.858423
announce,-16.515179,-23.38357
circumstance,-10.709008,5.871848
97,11.126026,-58.694733
proof,-13.507281,4.539743
generation,-3.6428607,36.13223
sense,5.247473,16.055414
marked,37.18963,-35.875446
conducts,-6.251402,-24.846472
headed,-41.319214,-48.598995
travel,-27.97491,-6.6350393
suriname,46.185593,34.44615
mexican,40.938828,31.477476
di-pertua,31.216984,-6.399337
ni,42.408676,-12.774772
heir,31.935282,-2.098283
utilisation,-6.830973,34.591473
shura,51.039127,3.0778992
ceasing,-13.354398,-8.95058
125,10.542151,-55.703445
excepted,-47.315544,-35.927063
female,33.2501,34.518585
searched,-41.10901,-31.431673
affection,-27.395355,4.4306755
nearly,-15.456639,-45.28601
enquired,-35.979862,-33.648533
portion,2.382895,14.764626
financed,-39.84189,-36.763824
referring,2.2451673,-32.00639
drugs,-25.339912,10.726078
co-operation,11.507045,36.84368
toward,4.8615155,37.658535
subparagraphs,16.954609,-55.855274
96,9.655393,-56.91133
159,13.78335,-55.330673
trials,-4.719573,4.779257
one-fourth,38.731007,-19.191412
seanad,42.637608,-12.908556
un,33.61652,26.725515
million,38.413853,-24.554543
inspector,31.613518,8.751137
buildings,-8.929316,37.16463
broad,23.106787,21.326515
quota,6.0929513,22.089624
decreed,-36.140526,-38.66952
successive,31.47588,-24.760529
offer,-27.255234,-14.151312
genocide,-28.715988,10.015894
recognise,-45.820324,25.297848
devolution,-8.752202,27.564672
roll,14.093844,14.737878
ideology,-6.6511827,18.280333
telecommunications,2.7307363,52.51079
exemption,-19.755829,31.214138
adjudicating,-19.17636,-2.164813
president-elect,32.895733,-0.5354828
better,-2.1985734,38.071438
118,10.395782,-58.38858
honorary,15.088843,6.8575144
animal,-2.4670432,43.88184
kelulau,42.98028,-10.072946
olbiil,42.97486,-10.147286
mozambique,48.06833,34.5588
ontario,42.733948,7.043901
1961,30.13398,-39.55178
solemn,20.57688,-20.942368
2007,26.419796,-37.3085
hearings,-4.938111,5.073746
member's,2.4395902,-23.4405
1999,26.572535,-38.336414
assuring,4.3066797,37.337593
improving,-0.3270283,37.538845
livestock,-0.6616426,52.66807
successors,-23.4338,24.696924
107,8.611674,-57.145203
101,10.853081,-57.16618
properly,-32.796505,-26.3537
discontinue,-22.305603,-3.187793
consequential,5.577953,-1.7733322
scrutiny,12.312842,-7.054424
reconsider,-16.135313,-21.441875
interpreted,-38.11485,-41.069202
sustained,-48.76864,-22.417322
controls,-7.6028643,-21.663107
identical,-1.2155647,-3.2210894
enjoying,-23.15141,26.37041
navy,33.590694,51.058464
terminates,-6.8837433,-30.553211
begins,19.751968,-22.121162
stateless,-17.925842,44.992832
extradited,-45.509903,-34.86436
disasters,-8.881478,31.738243
ingwenyama,30.391535,-1.2278131
merdeka,15.905639,-26.433613
castes,26.390007,46.708035
indian,39.037308,15.511517
inspectorate,31.35414,3.9365675
recalled,-32.93088,-37.37101
ballots,32.111206,-16.948814
deliberative,31.003841,-11.106606
profess,-30.112675,-7.3394017
therewith,9.790406,9.594519
commitments,-3.7770464,29.15903
indemnification,-16.97646,5.0578284
conscientiously,-18.743,20.991783
short,19.056347,-27.165834
153,14.664509,-56.59664
alterations,2.2309012,1.6472958
decent,-6.8613224,44.20336
proclaims,-9.184719,-23.922365
totality,38.792828,-19.335255
hygiene,0.34932056,38.822773
risk,-1.0543473,28.253918
remedies,-5.7362275,11.100367
tradition,34.79083,30.940674
instead,-8.46205,-20.682486
estonia,45.543705,33.459774
indispensable,-40.281536,-4.5791783
equipment,-3.880001,33.81707
profits,-12.294698,33.57685
fines,-16.76448,31.630823
remainder,19.363934,-26.474787
wording,7.3590794,-5.5445123
occupied,-36.86165,-37.432213
navigation,-2.0874093,35.41819
qualify,-27.419159,-17.121107
domiciled,37.571808,39.379456
unforeseen,-25.567951,36.33767
spread,-23.08538,9.687864
requesting,-4.7211385,-20.710829
142,12.01257,-54.733845
shelf,11.809601,51.801857
controlling,15.900907,21.342108
drafts,6.920249,-0.6924643
106,10.390687,-55.44431
124,10.623234,-57.804115
performs,-6.8046417,-30.543772
endanger,-36.289143,-6.786635
tolerance,8.628593,39.715843
quarter,37.565502,-22.927992
efforts,5.0906997,35.489017
neutrality,9.218371,30.921635
mozambican,36.54088,32.550354
palau,39.53435,32.452015
hungarian,36.91901,33.45498
vanuatu,45.518852,34.45558
ajq,-19.31234,11.474029
actively,7.223334,16.319605
seized,-40.113403,-32.501198
mediation,23.04863,0.9987266
learning,-5.3887568,41.748077
vehicles,-12.439504,32.375248
wish,-22.06347,-18.6629
ourselves,-13.076347,18.062145
thereunder,-6.297793,-1.4946797
lies,-52.1631,-9.299565
tendering,5.922913,-15.552318
ensuing,20.318417,-23.551592
by-election,27.476116,-16.556778
impracticable,-8.593433,-13.314396
attributed,-26.5323,-19.625685
adolescents,-16.068937,45.938053
reciprocity,1.3831608,24.761908
angola,45.35582,33.503407
significance,6.9744554,32.498547
self-determination,6.904595,38.586422
signing,8.038801,-11.331141
stay,-16.079645,-2.0754764
aged,-16.167692,45.451313
rational,-2.486838,38.016045
correction,-17.091589,2.5552332
guilt,-17.010593,12.255249
experts,28.851355,3.5624907
industries,-3.7278378,32.784096
philippines,39.02809,32.76388
prosecutor-general,32.027496,1.3617456
retrospective,-51.091347,-12.037691
promotions,5.7703514,19.010918
convenient,-7.158639,-4.9373264
separated,-47.312244,-35.643074
large,0.3584144,27.411373
xii,11.771043,-43.098206
1994,26.756441,-39.40908
circulation,-1.5974507,32.62859
occurring,14.285209,-19.76122
123,11.32285,-56.000824
partly,-37.228077,-25.00772
advances,-20.591354,31.829018
orderly,14.384533,23.619682
eleven,37.816227,-18.494223
leisure,-6.3158965,43.209652
medium,-10.832688,24.800158
project,1.8719515,14.377884
trafficking,-10.106862,40.862892
prevents,-3.751173,-14.79994
ones,3.5966601,3.511832
opened,-36.44415,-42.04863
disagreement,2.5295238,9.469439
organizational,17.252317,26.156992
refuses,-12.075151,-21.881514
re-appointment,16.742947,-3.8276932
campaign,14.18819,15.594541
divorce,-8.118756,26.052467
emirates,34.94903,23.335892
swazi,9.36631,10.076237
iroij,50.94006,3.5361347
cardinal,31.807924,-39.991585
brunswick,48.283043,23.815142
northern,41.862854,29.020668
155,13.093229,-54.464207
allegations,-10.2086735,4.2933164
educate,-47.6468,20.398275
en,24.93913,-4.914238
descendants,-23.292896,25.719746
violates,-3.610912,-17.703188
alien,-22.06428,8.035907
contracting,4.3024945,13.454247
goal,9.2288,35.412373
undue,-33.554337,0.4969811
aldermen,41.026196,17.304121
organizing,14.485317,23.535477
inserted,-19.410955,-47.465237
colony,45.27421,27.880478
deceased,-26.926065,0.9617446
indictment,-20.441448,5.130572
postal,2.7472377,52.302647
plenum,23.141201,-12.639878
aspirations,6.9088435,38.298683
commanders,30.897676,2.7084024
dismisses,29.254005,0.99507374
believe,-27.815811,-9.047422
signs,-9.005504,-22.738747
ascertained,-34.553776,-38.021313
avoid,-18.240004,2.1112912
bail,-14.394446,3.7625635
situated,26.869305,37.859867
endorsed,-33.029816,-33.132244
resignations,18.544508,0.9156368
diseases,-26.031418,11.209409
mines,-1.4990599,43.81428
attainment,0.12043976,36.109062
rwanda,39.33417,31.242014
sch,10.830174,-42.095764
243,12.295087,-46.888004
riding,51.73219,-17.44755
decree-laws,6.646637,-0.42423895
grade,16.207125,11.151096
electricity,-3.8951762,35.961193
obligatorily,-27.682877,-27.59116
ways,1.5883583,17.14412
afford,-27.346489,-14.148432
guidance,16.675268,23.54431
storage,-3.4712555,35.27048
currently,-12.226855,-36.399765
facto,25.476736,-4.78925
troops,-1.2977551,31.586401
114,10.215233,-58.039375
naturalized,34.416954,34.729794
withheld,-39.15574,-32.62209
adjourned,-29.04402,-37.430313
vesting,-8.460205,28.0556
enquiry,23.239985,0.9177587
tenancy,-23.76189,32.427555
suffered,-47.32168,-22.918133
negotiations,0.08718051,8.997687
recovery,-5.867732,34.64376
coexistence,8.128377,39.758938
achieved,-35.60109,-38.686626
executing,15.09189,3.6490035
word,-12.423826,8.323683
zimbabwean,35.4291,34.683403
marshall,48.275627,36.914833
bihar,30.265095,-38.338226
ombudsmen,32.54543,2.8430614
significant,-8.81823,7.326499
incentives,-18.774239,33.11905
regimes,-4.8578157,29.01215
truly,-18.301275,21.154358
biodiversity,-0.30610558,44.671364
relieved,-47.594276,-31.000957
plebiscite,27.851822,-15.123464
practical,0.89419174,17.169807
shipping,-1.9697539,35.31289
incorporation,-0.50488245,34.243557
supports,-7.040713,-22.071726
lieu,-0.1689886,-6.466228
concur,-50.879856,-7.3981776
think,-13.575433,-28.348715
reviewing,13.7624035,-15.707694
variation,0.17181651,-10.5425825
merely,-16.37655,-7.38695
summary,-5.197436,2.4334238
awarded,-34.027737,-18.758558
plants,-25.788954,11.185312
fairly,-31.439432,-22.844017
failing,-7.564721,-13.868929
pursuit,7.4575944,29.83509
contradict,-21.740044,-10.536402
shared,-38.174416,-34.662983
reasoned,-9.35086,-2.956141
defending,4.610338,38.16543
judgements,-3.6016164,4.244802
prosecuting,19.291683,13.309686
campaigns,14.205704,15.585031
allocations,-20.791092,34.773144
2010,25.954945,-38.795628
reappointment,16.755535,-3.7819314
securities,-12.586077,31.646914
encourages,-44.996387,28.167152
partner,12.443528,11.25543
allotted,14.352449,-30.326504
tourism,-1.2501494,44.672184
119,11.0603285,-56.47859
commons,56.079304,-2.1747308
insolvent,-24.6209,9.695177
eighty,34.310047,-48.463856
prescribes,-2.2638235,-21.22789
transit,-2.4225016,32.98481
reveal,-25.946224,-7.3775744
impartially,-31.104546,-22.33964
117,10.201255,-56.94762
depend,-12.28136,-9.202055
deny,-25.37308,-10.579881
destined,-40.289307,-4.5129075
ethical,10.957211,28.843151
demonstration,-1.365658,40.467876
conscientious,-47.470955,-19.594921
requisite,-1.2785547,-2.5283394
q,15.1595,5.294961
additions,5.9763064,-1.6270993
came,21.471434,-36.6726
hierarchy,11.59569,17.606213
misdemeanors,-29.740181,9.852276
components,4.163895,33.25673
changed,-40.1092,-39.492245
location,-0.44352874,25.805546
attain,-17.946203,24.670258
venezuelan,35.948887,32.64536
locality,6.480373,15.497261
faculty,-8.81859,7.3220634
readings,34.071106,-25.511068
charitable,3.8317828,57.077854
sharing,-4.4506693,36.02167
price,-0.82442564,28.704958
developed,-36.94467,-35.98694
rd,26.354568,-43.89657
table,18.399395,-21.666574
disposed,-34.40417,-36.936817
recorded,-34.15504,-36.550545
socially,-5.964709,40.49647
132,9.809304,-56.13744
guard,38.858723,30.144978
arrangement,-10.761476,7.078206
functionary,25.205261,15.535257
preamble,6.3712206,-43.851063
limiting,-28.435135,-2.7568953
examinations,4.092256,21.37984
deployment,-0.9787087,31.385353
american,41.087074,28.089962
undertakings,-3.8781917,29.945066
redemption,27.224768,54.289387
court-martial,-9.558324,8.914259
trying,-1.078586,-19.458134
mainly,-37.666885,-23.666391
insurrection,-25.092817,10.660748
ports,-2.7385006,31.38635
processing,-5.39739,34.2677
literary,-6.361804,55.4687
participatory,18.777893,32.506443
subsoil,-1.2711929,42.876163
motto,44.496853,32.242077
repeated,-33.231052,-36.862026
adjudication,-4.562002,4.031129
wedlock,-58.898956,-21.360744
threatens,-4.47364,-16.806406
nadu,30.3987,-38.058712
ridings,51.28792,-17.311163
expropriated,-40.273052,-32.098595
accumulated,-36.644157,-37.68446
preferential,-8.999075,43.74604
1984,26.82485,-37.51706
1988,26.49915,-37.775307
side,-11.963776,-7.766129
wherever,-12.898415,-31.469555
130,11.009943,-54.47515
formulated,-20.033611,-45.450504
alternates,34.230232,-9.488187
stipulate,-21.062784,-15.665446
punish,-21.560572,-4.794423
empower,-16.994934,-18.109804
sinking,-23.197477,32.012608
affording,-7.225861,35.657043
estimated,-24.982586,36.211506
neglect,-17.711636,9.070906
politics,6.679142,15.549863
exempted,-47.402927,-35.698906
angolan,37.753105,33.151104
lodged,-52.39699,-9.344954
holdings,3.0522015,27.1964
sexual,-29.28934,19.051859
attack,-27.047903,13.481191
discriminated,-31.51596,-42.220848
retiring,-34.229427,37.239475
telephone,-8.822635,22.645157
estates,-7.839147,28.137691
swedish,35.656033,34.558
nicaragua,39.143604,30.785799
1968,28.119884,-39.248165
markets,-3.8857727,32.523464
consents,-7.2444625,-24.282145
complainant,-48.996662,-20.480091
negligence,-28.58675,5.5665827
fishing,-1.2874643,44.10828
cited,-18.30611,-45.82616
xiii,11.425333,-42.654137
renounced,-48.553978,-23.039093
prorogue,3.9095252,-21.50836
dollars,37.589527,-24.7857
liquidation,12.897958,-5.500616
non-renewable,19.633286,-27.05107
hoc,25.889349,-63.87848
operational,16.425917,22.039206
size,2.4952571,31.177011
caught,-38.61688,-29.153385
childhood,-14.67758,45.99859
propaganda,-5.206475,17.210947
122,10.06959,-54.96904
apprehended,-38.99203,-29.10613
advantage,-11.011771,7.9349017
contractual,-6.237511,26.680489
spoken,35.32483,29.172348
color,34.543407,32.245182
livelihood,-20.452394,26.18809
printing,-12.775611,7.8260098
sweden,11.12214,-5.153466
wards,40.507904,15.5238085
congolese,36.119217,31.997173
nuclear,-3.3407378,35.6682
remunerated,-1.4514111,15.002654
avoidance,-14.544305,8.788238
rolls,14.220955,15.403934
detrimental,-36.76548,-6.8251963
recreation,-5.833644,42.519863
180,33.935093,-47.828114
offenders,-17.648996,8.646057
certify,-16.39939,-22.892576
1977,26.185596,-38.573345
suits,-4.920891,3.8196802
ill-will,-27.124058,4.793769
portfolio,-12.206033,5.991263
despatch,-9.985536,21.376719
barrister,13.334014,11.288271
died,-48.87448,-21.789454
consensus,-8.929043,-3.4236467
probity,8.2909975,30.592058
w,14.0769415,-53.021587
medicine,-4.943296,40.495922
disturbance,-2.4490204,27.400396
plural,6.688767,15.789903
persecuted,-32.465267,23.515757
advantages,-6.192854,29.500795
churches,16.197788,38.630585
serves,-6.5826654,-22.627508
parish,42.16105,15.844817
137,9.603417,-55.544857
2008,26.290125,-38.457985
vice-chairman,31.08348,1.87158
abilities,-21.54973,25.301899
punishments,-10.223996,9.545136
honestly,-18.512438,21.18863
lines,0.5006814,25.042765
re-election,16.557138,-3.8479655
intermediate,0.9883342,26.598558
kinds,-3.7757864,22.057749
israel,39.315586,30.649548
dpr,44.59025,-3.802788
costa,35.33781,32.415348
presidium,43.207447,-3.4107401
federated,40.830982,31.456066
brazilian,35.62021,31.989052
substances,-6.0920234,30.488064
spanish,36.554092,31.365383
regency,51.146908,3.3996756
arbitrarily,-40.56607,-31.463978
overseas,40.33596,15.38654
indemnity,-16.898026,4.9188414
1965,28.807135,-39.543682
hospitals,-6.7288857,38.309643
casual,23.515623,-9.085249
monopoly,-10.554767,8.588664
fulfilled,-36.726013,-39.0696
installed,-35.814648,-37.12931
monopolies,-4.706437,30.859713
authorizes,-4.0996823,-19.797544
author,-22.157696,6.8863606
diverse,3.8874004,37.09424
vests,-3.6242692,-17.844662
widows,-15.734813,44.406887
incitement,-27.584072,8.924669
undischarged,-22.362349,8.476032
upwards,-26.814714,4.973481
furnished,-52.789604,-8.720791
peacefully,-27.908607,-6.002812
effecting,-1.9900997,-14.200767
spending,-20.692612,35.109093
crisis,-2.9475293,28.059126
relinquishment,19.163507,-8.310864
consanguinity,34.257923,-24.10519
litigation,-20.45563,0.19678265
depending,-11.851795,-8.717342
domains,-0.8575673,22.882837
attachment,-17.090342,14.954207
legitimacy,12.15295,18.054026
invalidated,-35.319065,-40.586926
besides,37.938812,-4.7549686
defines,-1.1808894,-21.594744
justification,-13.389618,4.335765
philosophical,-18.447914,58.77219
jobs,5.0097904,18.965553
duke,45.046486,-2.7557592
panchayats,0.64205045,26.661114
estonian,35.881683,34.37943
nominees,34.008354,-9.960209
timor,51.88118,-17.023867
nominee,31.497988,0.04134717
normally,-32.390472,-26.611721
du,51.399544,-16.238926
solicitor-general,31.633755,1.201119
1969,28.492872,-38.84161
transformation,2.3727272,34.778263
safeguards,-1.3396608,25.594946
advising,27.854443,-3.9388287
certificates,0.4773086,9.3701105
interpret,9.993931,-42.382893
dues,-15.585571,34.796265
dependent,-11.671059,-8.931124
unreasonable,-33.957985,0.55484384
retained,-36.2867,-37.756943
australia,44.992283,27.765532
1996,25.97738,-37.512447
1956,30.182808,-39.403538
withdrawals,-5.9064116,-1.9881271
fraud,-19.1977,11.304224
vexatious,-16.378544,-7.343243
features,2.427904,31.68378
merits,0.16077463,10.795043
auxiliary,18.557182,18.355635
deposits,-6.718698,31.069214
advertising,-4.9058666,30.200253
repugnant,-37.62478,-7.857157
demonstrate,-27.77346,-6.3278317
involvement,4.039521,24.531458
imperative,23.923918,-5.2818465
dispositions,3.144721,2.526915
moreover,-8.321193,-20.906038
creativity,-5.765715,41.56942
promulgates,-8.975419,-22.62322
hatred,-27.399328,9.137015
filing,11.2065525,-9.020556
explanations,-6.764814,-4.8513136
partisan,-5.340067,16.595562
running,13.051707,-5.4483957
truth,7.497292,30.728289
publications,-8.816281,22.26334
usage,-6.1288395,27.066643
