term_str,n,p,i,h,df,idf,dfidf,n_chars,ngram_length,porter_stem,max_pos,max_pos_group,n_pos,cat_pos,n_pos_group,cat_pos_group,stop,tfidf_mean,dp,di,dh,anger,anticipation,disgust,fear,joy,negative,positive,sadness,surprise,trust,sentiment
abandon,11,2.6305292529201267e-06,18.536215475606486,4.876005704701362e-05,11,4.125530882083859,45.380839702922444,7,1,abandon,NN,NOUN,1,NN,1,NOUN,0,2.0642578830743825,0.057291666666666664,4.125530882083859,0.23635854011938773,0,0,0,1,0,1,0,1,0,0,-1
abandoned,37,8.848143850731336e-06,16.786193728614833,0.00014852665681702824,28,2.777607578663552,77.77301220257945,9,1,abandon,VB,VERB,2,NNP|VB,2,NOUN|VERB,0,1.389936404559177,0.14583333333333334,2.777607578663552,0.4050677718884347,1,0,0,1,0,1,0,1,0,0,-1
abandonment,43,1.0282977988687768e-05,16.569382339541683,0.00017038259388365895,34,2.497499659470817,84.91498842200778,11,1,abandon,NN,NOUN,2,NN|NNP,1,NOUN,0,1.2498240422218512,0.17708333333333334,2.4974996594708165,0.44226556469795714,1,0,0,1,0,1,0,1,1,0,-1
abduction,2,4.782780459854775e-07,20.995647094243783,1.0041757066435586e-05,2,6.584962500721156,13.169925001442312,9,1,abduct,NN,NOUN,1,NN,1,NOUN,0,3.294697033892519,0.010416666666666666,6.584962500721156,0.06859335938251204,0,0,0,1,0,1,0,1,1,0,-1
abhor,1,2.3913902299273877e-07,21.995647094243783,5.260017556210532e-06,1,7.584962500721156,7.584962500721156,5,1,abhor,NN,NOUN,1,NN,1,NOUN,0,3.795021552398701,0.005208333333333333,7.584962500721156,0.03950501302458935,1,0,1,1,0,1,0,0,0,0,-1
abnormal,3,7.174170689782163e-07,20.410684593522628,1.464297351692384e-05,3,6.0,18.0,8,1,abnorm,NN,NOUN,1,NN,1,NOUN,0,3.0020567505018563,0.015625,6.0,0.09375,0,0,1,0,0,1,0,0,0,0,-1
abolish,72,1.7218009655477193e-05,15.82572209280147,0.0002724874357987545,57,1.7520724865564143,99.86813173371561,7,1,abolish,NN,NOUN,1,NN,1,NOUN,0,0.8769443503228388,0.296875,1.7520724865564143,0.5201465194464355,1,0,0,0,0,1,0,0,0,0,-1
abortion,3,7.174170689782163e-07,20.410684593522628,1.464297351692384e-05,3,6.0,18.0,8,1,abort,NNP,NOUN,1,NNP,1,NOUN,0,3.002025286489397,0.015625,6.0,0.09375,0,0,1,1,0,1,0,1,0,0,-1
absence,994,0.00023770418885478236,12.038545052681496,0.0028616125867394083,142,0.4352153812164741,61.80058413273932,7,1,absenc,NN,NOUN,2,NN|NNP,1,NOUN,0,0.21859520291395285,0.7395833333333334,0.4352153812164741,0.3218780423580173,0,0,0,1,0,1,0,1,0,0,-1
absent,394,9.422077505913908e-05,13.373595274787407,0.0012600705121177094,86,1.1586977460190582,99.648006157639,6,1,absent,NN,NOUN,1,NN,1,NOUN,0,0.5805698835652356,0.4479166666666667,1.1586977460190582,0.5190000320710365,0,0,0,0,0,1,0,1,0,0,-1
absentee,2,4.782780459854775e-07,20.995647094243783,1.0041757066435586e-05,2,6.584962500721156,13.169925001442312,8,1,absente,NN,NOUN,1,NN,1,NOUN,0,3.2947262236598864,0.010416666666666666,6.584962500721156,0.06859335938251204,0,0,0,0,0,1,0,1,0,0,-1
abundance,1,2.3913902299273877e-07,21.995647094243783,5.260017556210532e-06,1,7.584962500721156,7.584962500721156,9,1,abund,NN,NOUN,1,NN,1,NOUN,0,3.7950504250442134,0.005208333333333333,7.584962500721156,0.03950501302458935,0,1,1,0,1,1,1,0,0,1,0
abundant,2,4.782780459854775e-07,20.995647094243783,1.0041757066435586e-05,2,6.584962500721156,13.169925001442312,8,1,abund,NN,NOUN,1,NN,1,NOUN,0,3.2947313602966255,0.010416666666666666,6.584962500721156,0.06859335938251204,0,0,0,0,1,0,1,0,0,0,1
abuse,212,5.069747287446062e-05,14.267726639680584,0.0007233376842954257,82,1.2274104961030725,100.64766068045195,5,1,abus,NN,NOUN,2,NN|NNP,1,NOUN,0,0.6146311377613872,0.4270833333333333,1.2274104961030727,0.5242065660440206,1,0,1,1,0,1,0,1,0,0,-1
academic,106,2.534873643723031e-05,15.267726639680584,0.0003870175785849431,54,1.8300749985576876,98.82404992211514,8,1,academ,NN,NOUN,2,NN|NNP,1,NOUN,0,0.9160292194781828,0.28125,1.8300749985576876,0.5147085933443496,0,0,0,0,0,0,1,0,0,1,1
accident,34,8.130726781753119e-06,16.908184252993443,0.00013747582653663015,18,3.415037499278844,61.470674987019194,8,1,accid,NN,NOUN,2,NN|NNP,1,NOUN,0,1.708903679281896,0.09375,3.415037499278844,0.3201597655573916,0,0,0,1,0,1,0,1,1,0,-1
accomplish,48,1.1478673103651461e-05,16.410684593522628,0.0001883728838561756,28,2.777607578663552,77.77301220257945,10,1,accomplish,NN,NOUN,2,NN|NNP,1,NOUN,0,1.3901300214849108,0.14583333333333334,2.777607578663552,0.4050677718884347,0,0,0,0,1,0,1,0,0,0,1
accomplished,40,9.56556091970955e-06,16.67371899935642,0.00015949347484646242,28,2.777607578663552,77.77301220257945,12,1,accomplish,VB,VERB,1,VB,1,VERB,0,1.390096225743788,0.14583333333333334,2.777607578663552,0.4050677718884347,0,0,0,0,1,0,1,0,0,0,1
accord,308,7.365481908176354e-05,13.72886055354888,0.0010111967402704027,56,1.777607578663552,99.5460244051589,6,1,accord,NN,NOUN,2,NN|NNP,1,NOUN,0,0.8902115910624028,0.2916666666666667,1.777607578663552,0.5184688771102026,0,0,0,0,0,0,1,0,0,1,1
accountability,161,3.850138270183094e-05,14.664730216129165,0.000564612390270293,55,1.8036027871964966,99.19815329580732,14,1,account,NN,NOUN,2,NN|NNP,1,NOUN,0,0.9030801592084408,0.2864583333333333,1.8036027871964966,0.5166570484156631,0,0,0,0,0,0,1,0,0,1,1
accountable,214,5.11757509204461e-05,14.254180107842636,0.0007294683707741323,77,1.3181759600262548,101.49954892202162,11,1,account,NN,NOUN,1,NN,1,NOUN,0,0.6604243454271843,0.4010416666666667,1.3181759600262548,0.5286434839688626,0,0,0,0,0,0,1,0,0,1,1
accredited,81,1.937026086241184e-05,15.655797091359158,0.00030325687366861544,64,1.584962500721156,101.43760004615399,10,1,accredit,VB,VERB,1,VB,1,VERB,0,0.7933187019041448,0.3333333333333333,1.584962500721156,0.5283208335737186,0,0,0,0,0,0,1,0,0,1,1
accurate,22,5.261058505840253e-06,17.536215475606486,9.225905558818699e-05,16,3.584962500721156,57.3594000115385,8,1,accur,NN,NOUN,1,NN,1,NOUN,0,1.7938116278959824,0.08333333333333333,3.584962500721156,0.29874687506009634,0,0,0,0,0,0,1,0,0,1,1
accursed,2,4.782780459854775e-07,20.995647094243783,1.0041757066435586e-05,1,7.584962500721156,7.584962500721156,8,1,accurs,VB,VERB,1,VB,1,VERB,0,3.7950427139670952,0.005208333333333333,7.584962500721156,0.03950501302458935,1,0,0,1,0,1,0,1,0,0,-1
accusation,87,2.0805095000368274e-05,15.552703598395054,0.0003235754758771786,43,2.158697746019058,92.8240030788195,10,1,accus,NN,NOUN,1,NN,1,NOUN,0,1.0805769162919858,0.22395833333333334,2.158697746019058,0.48345834936885157,1,0,1,0,0,1,0,0,0,0,-1
accused,497,0.00011885209442739118,13.038545052681496,0.0015496583877970952,137,0.4869304177606295,66.70946723320624,7,1,accus,VB,VERB,2,NNP|VB,2,NOUN|VERB,0,0.24426798317825557,0.7135416666666666,0.4869304177606295,0.34744514183961583,1,0,0,1,0,1,0,0,0,0,-1
accuser,2,4.782780459854775e-07,20.995647094243783,1.0041757066435586e-05,2,6.584962500721156,13.169925001442312,7,1,accus,NN,NOUN,1,NN,1,NOUN,0,3.2947009811400747,0.010416666666666666,6.584962500721156,0.06859335938251204,1,0,0,1,0,1,0,0,0,0,-1
accusing,3,7.174170689782163e-07,20.410684593522628,1.464297351692384e-05,3,6.0,18.0,8,1,accus,VB,VERB,1,VB,1,VERB,0,3.0020290603954294,0.015625,6.0,0.09375,1,0,0,1,0,1,0,0,0,0,-1
achieve,204,4.878436069051871e-05,14.323221752272287,0.0006987492162131347,72,1.4150374992788437,101.88269994807675,7,1,achiev,NN,NOUN,1,NN,1,NOUN,0,0.7086767098936998,0.375,1.4150374992788437,0.5306390622295664,0,0,0,0,1,0,1,0,0,1,1
achievement,48,1.1478673103651461e-05,16.410684593522628,0.0001883728838561756,32,2.584962500721156,82.718800023077,11,1,achiev,NN,NOUN,2,NN|NNP,1,NOUN,0,1.2936505188758625,0.16666666666666666,2.584962500721156,0.430827083453526,0,1,0,0,1,0,1,0,0,1,1
acquiring,45,1.0761256034673246e-05,16.50379399791411,0.0001776015527550573,38,2.3370349872775704,88.80732951654768,9,1,acquir,VB,VERB,2,NNP|VB,2,NOUN|VERB,0,1.1695566718071484,0.19791666666666666,2.337034987277571,0.46253817456535257,0,1,0,0,0,0,1,0,0,0,1
actionable,5,1.1956951149636938e-06,19.67371899935642,2.3523769700698883e-05,5,5.2630344058337934,26.315172029168966,10,1,action,NN,NOUN,2,NN|NNP,1,NOUN,0,2.633295502828895,0.026041666666666668,5.2630344058337934,0.1370581876519217,1,0,1,0,0,1,0,0,0,0,-1
addresses,45,1.0761256034673246e-05,16.50379399791411,0.0001776015527550573,28,2.777607578663552,77.77301220257945,9,1,address,NN,NOUN,2,NN|NNP,1,NOUN,0,1.3900501426146494,0.14583333333333334,2.777607578663552,0.4050677718884347,0,1,0,0,0,0,1,0,0,0,1
adjudicate,69,1.6500592586498976e-05,15.887122637465614,0.0002621469380125652,29,2.726981505593584,79.08246366221394,10,1,adjud,NN,NOUN,2,NN|NNP,1,NOUN,0,1.3648340645887498,0.15104166666666666,2.726981505593584,0.4118878315740309,0,0,0,1,0,1,0,0,0,0,-1
admiral,7,1.6739731609491714e-06,19.188292172186177,3.212068610069074e-05,2,6.584962500721156,13.169925001442312,7,1,admir,NNP,NOUN,2,NN|NNP,1,NOUN,0,3.2947417687609986,0.010416666666666666,6.584962500721156,0.06859335938251204,0,0,0,0,0,0,1,0,0,1,1
admiration,1,2.3913902299273877e-07,21.995647094243783,5.260017556210532e-06,1,7.584962500721156,7.584962500721156,10,1,admir,NN,NOUN,1,NN,1,NOUN,0,3.7950603372840015,0.005208333333333333,7.584962500721156,0.03950501302458935,0,0,0,0,1,0,1,0,0,1,1
admissible,79,1.8891982816426363e-05,15.69186634606668,0.00029645046936755087,33,2.5405683813627027,83.83875658496919,10,1,admiss,NN,NOUN,1,NN,1,NOUN,0,1.2715624089843955,0.171875,2.5405683813627027,0.4366601905467145,0,0,0,0,0,0,1,0,0,1,1
admonition,2,4.782780459854775e-07,20.995647094243783,1.0041757066435586e-05,2,6.584962500721156,13.169925001442312,10,1,admonit,NN,NOUN,1,NN,1,NOUN,0,3.294689568943461,0.010416666666666666,6.584962500721156,0.06859335938251204,0,0,0,1,0,1,0,0,0,0,-1
advance,218,5.213230701241706e-05,14.227462769466856,0.0007417104571055795,103,0.8984619735379379,92.5415832744076,7,1,advanc,NN,NOUN,2,NN|NNP,1,NOUN,0,0.4499777542583781,0.5364583333333334,0.8984619735379377,0.4819874128875395,0,1,0,1,1,0,1,0,1,0,1
advent,2,4.782780459854775e-07,20.995647094243783,1.0041757066435586e-05,2,6.584962500721156,13.169925001442312,6,1,advent,NN,NOUN,1,NN,1,NOUN,0,3.294729111786953,0.010416666666666666,6.584962500721156,0.06859335938251204,0,1,0,0,1,0,1,0,0,1,1
adventure,1,2.3913902299273877e-07,21.995647094243783,5.260017556210532e-06,1,7.584962500721156,7.584962500721156,9,1,adventur,NN,NOUN,1,NN,1,NOUN,0,3.79501390513481,0.005208333333333333,7.584962500721156,0.03950501302458935,0,1,0,0,0,0,1,0,0,0,1
adversary,7,1.6739731609491714e-06,19.188292172186177,3.212068610069074e-05,3,6.0,18.0,9,1,adversari,NN,NOUN,1,NN,1,NOUN,0,3.0021055455292522,0.015625,6.0,0.09375,1,0,0,0,0,1,0,0,0,0,-1
adverse,30,7.1741706897821635e-06,17.088756498635263,0.00012259765599733358,18,3.415037499278844,61.470674987019194,7,1,advers,NN,NOUN,2,NN|NNP,1,NOUN,0,1.7088453907757992,0.09375,3.415037499278844,0.3201597655573916,1,0,1,1,0,1,0,1,0,0,-1
adversity,1,2.3913902299273877e-07,21.995647094243783,5.260017556210532e-06,1,7.584962500721156,7.584962500721156,9,1,advers,NN,NOUN,1,NN,1,NOUN,0,3.7950687141287083,0.005208333333333333,7.584962500721156,0.03950501302458935,1,0,0,1,0,1,0,1,0,0,-1
advisable,12,2.8696682759128652e-06,18.410684593522628,5.283255751586963e-05,10,4.2630344058337934,42.63034405833793,9,1,advis,NN,NOUN,1,NN,1,NOUN,0,2.133009718440144,0.052083333333333336,4.2630344058337934,0.22203304197051008,0,0,0,0,0,0,1,0,0,1,1
advise,296,7.078515080585068e-05,13.786193728614833,0.0009758578021186739,80,1.2630344058337937,101.04275246670349,6,1,advis,NN,NOUN,1,NN,1,NOUN,0,0.6326279480534968,0.4166666666666667,1.2630344058337937,0.5262643357640807,0,0,0,0,0,0,1,0,0,1,1
adviser,79,1.8891982816426363e-05,15.69186634606668,0.00029645046936755087,40,2.263034405833794,90.52137623335176,7,1,advis,NN,NOUN,2,NN|NNP,1,NOUN,0,1.132567107529784,0.20833333333333334,2.263034405833794,0.47146550121537373,0,0,0,0,0,0,1,0,0,1,1
advocacy,24,5.7393365518257305e-06,17.410684593522628,9.992577847991352e-05,15,3.678071905112638,55.17107857668957,8,1,advocaci,NN,NOUN,2,NN|NNP,1,NOUN,0,1.8404541440567792,0.078125,3.678071905112638,0.2873493675869248,1,1,0,0,1,0,1,0,0,1,1
affection,66,1.578317551752076e-05,15.95125297488533,0.0002517614254269903,29,2.726981505593584,79.08246366221394,9,1,affect,NN,NOUN,1,NN,1,NOUN,0,1.3646863567900882,0.15104166666666666,2.726981505593584,0.4118878315740309,0,0,0,0,1,0,1,0,0,1,1
affirm,227,5.42845582193517e-05,14.169098606952868,0.0007691632582448681,59,1.702319451359315,100.43684763019958,6,1,affirm,NN,NOUN,2,NN|NNP,1,NOUN,0,0.8524184515008102,0.3072916666666667,1.7023194513593147,0.5231085814072894,0,0,0,0,0,0,1,0,0,1,1
aftermath,1,2.3913902299273877e-07,21.995647094243783,5.260017556210532e-06,1,7.584962500721156,7.584962500721156,9,1,aftermath,NN,NOUN,1,NN,1,NOUN,0,3.795015801913936,0.005208333333333333,7.584962500721156,0.03950501302458935,1,0,1,1,0,1,0,1,0,0,-1
aggravating,7,1.6739731609491714e-06,19.188292172186177,3.212068610069074e-05,6,5.0,30.0,11,1,aggrav,VB,VERB,1,VB,1,VERB,0,2.501752520155286,0.03125,5.0,0.15625,1,0,0,0,0,1,0,1,0,0,-1
aggravation,10,2.3913902299273877e-06,18.67371899935642,4.465614917147038e-05,10,4.2630344058337934,42.63034405833793,11,1,aggrav,NN,NOUN,1,NN,1,NOUN,0,2.133059382656288,0.052083333333333336,4.2630344058337934,0.22203304197051008,1,0,1,0,0,1,0,0,0,0,-1
aggression,142,3.395774126496891e-05,14.845899974739101,0.0005041332301877989,64,1.584962500721156,101.43760004615399,10,1,aggress,NN,NOUN,2,NN|NNP,1,NOUN,0,0.7935846528313744,0.3333333333333333,1.584962500721156,0.5283208335737186,1,0,0,1,0,1,0,0,0,0,-1
aggressive,3,7.174170689782163e-07,20.410684593522628,1.464297351692384e-05,3,6.0,18.0,10,1,aggress,NNP,NOUN,2,NN|NNP,1,NOUN,0,3.002093480754235,0.015625,6.0,0.09375,1,0,0,1,0,1,0,0,0,0,-1
agitation,7,1.6739731609491714e-06,19.188292172186177,3.212068610069074e-05,4,5.584962500721156,22.339850002884624,9,1,agit,NN,NOUN,1,NN,1,NOUN,0,2.7944292533777415,0.020833333333333332,5.584962500721156,0.11635338543169074,1,0,0,0,0,1,0,0,0,0,-1
agreed,237,5.667594844927909e-05,14.106903845345524,0.0007995221551177399,73,1.395137941841139,101.84506975440314,6,1,agre,VB,VERB,1,VB,1,VERB,0,0.6986577966145995,0.3802083333333333,1.3951379418411392,0.5304430716375165,0,0,0,0,0,0,1,0,0,1,1
agreeing,7,1.6739731609491714e-06,19.188292172186177,3.212068610069074e-05,4,5.584962500721156,22.339850002884624,8,1,agre,VB,VERB,1,VB,1,VERB,0,2.7944091960911455,0.020833333333333332,5.584962500721156,0.11635338543169074,0,0,0,0,0,0,1,0,0,1,1
agreement,863,0.00020637697684273358,12.242430345064827,0.0025265557638222227,157,0.2903417518295291,45.58365503723607,9,1,agreement,NN,NOUN,2,NN|NNP,1,NOUN,0,0.14586316896726373,0.8177083333333334,0.2903417518295291,0.23741486998560454,0,0,0,0,0,0,1,0,0,1,1
ail,1,2.3913902299273877e-07,21.995647094243783,5.260017556210532e-06,1,7.584962500721156,7.584962500721156,3,1,ail,NN,NOUN,1,NN,1,NOUN,0,3.795018417413614,0.005208333333333333,7.584962500721156,0.03950501302458935,0,0,0,0,0,1,0,1,0,0,-1
alarm,8,1.91311218394191e-06,18.995647094243783,3.634080389785852e-05,5,5.2630344058337934,26.315172029168966,5,1,alarm,NN,NOUN,1,NN,1,NOUN,0,2.6333843272367763,0.026041666666666668,5.2630344058337934,0.1370581876519217,0,0,0,1,0,1,0,0,1,0,-1
alcoholism,4,9.56556091970955e-07,19.995647094243783,1.9126958040900216e-05,3,6.0,18.0,10,1,alcohol,NN,NOUN,2,NN|NNP,1,NOUN,0,3.00202782087806,0.015625,6.0,0.09375,1,0,1,1,0,1,0,1,0,0,-1
alien,59,1.4109202356571588e-05,16.11300404488194,0.00022734163464149579,30,2.678071905112638,80.34215715337913,5,1,alien,NN,NOUN,1,NN,1,NOUN,0,1.3402903818501786,0.15625,2.678071905112638,0.4184487351738497,0,0,1,1,0,1,0,0,0,0,-1
alienate,13,3.1088072989056042e-06,18.29520737610269,5.6876274225819694e-05,11,4.125530882083859,45.380839702922444,8,1,alien,NN,NOUN,1,NN,1,NOUN,0,2.0642681936042018,0.057291666666666664,4.125530882083859,0.23635854011938773,1,0,1,0,0,1,0,0,0,0,-1
alienated,27,6.456753620803947e-06,17.240759592080313,0.00011131933692157495,16,3.584962500721156,57.3594000115385,9,1,alien,VB,VERB,2,NNP|VB,2,NOUN|VERB,0,1.7938909378359675,0.08333333333333333,3.584962500721156,0.29874687506009634,0,0,0,0,0,1,0,1,0,0,-1
alienation,48,1.1478673103651461e-05,16.410684593522628,0.0001883728838561756,30,2.678071905112638,80.34215715337913,10,1,alien,NN,NOUN,2,NN|NNP,1,NOUN,0,1.3401902258449254,0.15625,2.678071905112638,0.4184487351738497,1,0,1,1,0,1,0,1,0,0,-1
alive,5,1.1956951149636938e-06,19.67371899935642,2.3523769700698883e-05,5,5.2630344058337934,26.315172029168966,5,1,aliv,NN,NOUN,1,NN,1,NOUN,0,2.6333265369523238,0.026041666666666668,5.2630344058337934,0.1370581876519217,0,1,0,0,1,0,1,0,0,1,1
allegation,77,1.8413704770440885e-05,15.72886055354888,0.0002896265946084825,21,3.192645077942396,67.0455466367903,10,1,alleg,NN,NOUN,2,NN|NNP,1,NOUN,0,1.597698798485703,0.109375,3.192645077942396,0.34919555539994956,1,0,0,0,0,1,0,0,0,0,-1
allegiance,590,0.0001410920235657159,12.791075949994578,0.0018047187893674968,76,1.3370349872775706,101.61465903309536,10,1,allegi,NN,NOUN,2,NN|NNP,1,NOUN,0,0.6703803247509605,0.3958333333333333,1.3370349872775709,0.5292430157973718,0,0,0,0,0,0,1,0,0,1,1
allied,7,1.6739731609491714e-06,19.188292172186177,3.212068610069074e-05,5,5.2630344058337934,26.315172029168966,6,1,alli,VB,VERB,2,NNP|VB,2,NOUN|VERB,0,2.633334579104369,0.026041666666666668,5.2630344058337934,0.1370581876519217,0,0,0,0,0,0,1,0,0,1,1
ambassador,38,9.087282873724075e-06,16.747719580800197,0.00015219126532053896,28,2.777607578663552,77.77301220257945,10,1,ambassador,NNP,NOUN,2,NN|NNP,1,NOUN,0,1.389904470331189,0.14583333333333334,2.777607578663552,0.4050677718884347,0,0,0,0,0,0,1,0,0,1,1
ambition,1,2.3913902299273877e-07,21.995647094243783,5.260017556210532e-06,1,7.584962500721156,7.584962500721156,8,1,ambit,NN,NOUN,1,NN,1,NOUN,0,3.7950271091298364,0.005208333333333333,7.584962500721156,0.03950501302458935,0,1,0,0,1,0,1,0,0,1,1
ambulance,6,1.4348341379564326e-06,19.410684593522628,2.785111289589125e-05,4,5.584962500721156,22.339850002884624,9,1,ambul,NN,NOUN,2,NN|NNP,1,NOUN,0,2.7944011998401734,0.020833333333333332,5.584962500721156,0.11635338543169074,0,0,0,1,0,0,0,0,0,1,0
amicable,9,2.152251206934649e-06,18.82572209280147,4.0517683095648255e-05,4,5.584962500721156,22.339850002884624,8,1,amic,NN,NOUN,1,NN,1,NOUN,0,2.794437781975159,0.020833333333333332,5.584962500721156,0.11635338543169074,0,0,0,0,1,0,1,0,0,0,1
amnesty,153,3.658827051788904e-05,14.738259251551131,0.0005392474164585336,92,1.0614005446641432,97.64885010910118,7,1,amnesti,NN,NOUN,2,NN|NNP,1,NOUN,0,0.5316488072234894,0.4791666666666667,1.0614005446641432,0.508587760984902,0,0,0,0,1,0,1,0,0,0,1
amusement,4,9.56556091970955e-07,19.995647094243783,1.9126958040900216e-05,2,6.584962500721156,13.169925001442312,9,1,amus,NN,NOUN,1,NN,1,NOUN,0,3.294701833761416,0.010416666666666666,6.584962500721156,0.06859335938251204,0,0,0,0,1,0,1,0,0,0,1
anger,2,4.782780459854775e-07,20.995647094243783,1.0041757066435586e-05,1,7.584962500721156,7.584962500721156,5,1,anger,NN,NOUN,1,NN,1,NOUN,0,3.7950468653597924,0.005208333333333333,7.584962500721156,0.03950501302458935,1,0,0,0,0,1,0,0,0,0,-1
animated,4,9.56556091970955e-07,19.995647094243783,1.9126958040900216e-05,4,5.584962500721156,22.339850002884624,8,1,anim,NNP,NOUN,2,NNP|VB,2,NOUN|VERB,0,2.7944054562624427,0.020833333333333332,5.584962500721156,0.11635338543169074,0,0,0,0,1,0,1,0,0,0,1
animosity,2,4.782780459854775e-07,20.995647094243783,1.0041757066435586e-05,2,6.584962500721156,13.169925001442312,9,1,animos,NN,NOUN,1,NN,1,NOUN,0,3.2947057082646585,0.010416666666666666,6.584962500721156,0.06859335938251204,1,0,1,1,0,1,0,1,0,0,-1
annulment,85,2.0326816954382796e-05,15.586256158106082,0.00031681897592994397,32,2.584962500721156,82.718800023077,9,1,annul,NN,NOUN,2,NN|NNP,1,NOUN,0,1.2938520155510094,0.16666666666666666,2.584962500721156,0.430827083453526,0,0,0,0,0,1,0,1,0,0,-1
anomaly,4,9.56556091970955e-07,19.995647094243783,1.9126958040900216e-05,3,6.0,18.0,7,1,anomali,RB,ADV,1,RB,1,ADV,0,3.0020969621099822,0.015625,6.0,0.09375,0,0,0,1,0,1,0,0,1,0,-1
antisocial,3,7.174170689782163e-07,20.410684593522628,1.464297351692384e-05,2,6.584962500721156,13.169925001442312,10,1,antisoci,NN,NOUN,2,NN|NNP,1,NOUN,0,3.2947082242803254,0.010416666666666666,6.584962500721156,0.06859335938251204,1,0,1,1,0,1,0,1,0,0,-1
anxiety,1,2.3913902299273877e-07,21.995647094243783,5.260017556210532e-06,1,7.584962500721156,7.584962500721156,7,1,anxieti,NN,NOUN,1,NN,1,NOUN,0,3.795035380011557,0.005208333333333333,7.584962500721156,0.03950501302458935,1,1,0,1,0,1,0,1,0,0,-1
anxious,1,2.3913902299273877e-07,21.995647094243783,5.260017556210532e-06,1,7.584962500721156,7.584962500721156,7,1,anxiou,NN,NOUN,1,NN,1,NOUN,0,3.7950330113506108,0.005208333333333333,7.584962500721156,0.03950501302458935,0,1,0,1,0,1,0,0,0,0,-1
apostle,3,7.174170689782163e-07,20.410684593522628,1.464297351692384e-05,1,7.584962500721156,7.584962500721156,7,1,apostl,NNP,NOUN,1,NNP,1,NOUN,0,3.795064454751842,0.005208333333333333,7.584962500721156,0.03950501302458935,0,0,0,0,0,0,1,0,0,1,1
applause,1,2.3913902299273877e-07,21.995647094243783,5.260017556210532e-06,1,7.584962500721156,7.584962500721156,8,1,applaus,NN,NOUN,1,NN,1,NOUN,0,3.795024795645418,0.005208333333333333,7.584962500721156,0.03950501302458935,0,0,0,0,1,0,1,0,1,1,1
appreciation,15,3.5870853448910818e-06,18.088756498635263,6.488591334355788e-05,11,4.125530882083859,45.380839702922444,12,1,appreci,NN,NOUN,1,NN,1,NOUN,0,2.064253959789855,0.057291666666666664,4.125530882083859,0.23635854011938773,0,0,0,0,1,0,1,0,0,1,1
apprehension,24,5.7393365518257305e-06,17.410684593522628,9.992577847991352e-05,16,3.584962500721156,57.3594000115385,12,1,apprehens,NN,NOUN,2,NN|NNP,1,NOUN,0,1.7938801343078792,0.08333333333333333,3.584962500721156,0.29874687506009634,0,0,0,1,0,1,0,0,0,0,-1
approbation,2,4.782780459854775e-07,20.995647094243783,1.0041757066435586e-05,2,6.584962500721156,13.169925001442312,11,1,approb,NN,NOUN,1,NN,1,NOUN,0,3.2947131519310897,0.010416666666666666,6.584962500721156,0.06859335938251204,0,0,0,0,0,0,1,0,0,1,1
approve,529,0.0001265045431631588,12.948523182129756,0.0016380470097928962,127,0.5962778139489903,75.72728237152177,7,1,approv,NN,NOUN,2,NN|NNP,1,NOUN,0,0.2991801204477011,0.6614583333333334,0.5962778139489903,0.3944129290183425,0,0,0,0,1,0,1,0,0,1,1
ardent,1,2.3913902299273877e-07,21.995647094243783,5.260017556210532e-06,1,7.584962500721156,7.584962500721156,6,1,ardent,NN,NOUN,1,NN,1,NOUN,0,3.795032064042729,0.005208333333333333,7.584962500721156,0.03950501302458935,0,1,0,0,1,0,1,0,0,0,1
argue,3,7.174170689782163e-07,20.410684593522628,1.464297351692384e-05,3,6.0,18.0,5,1,argu,NN,NOUN,1,NN,1,NOUN,0,3.0020488081110037,0.015625,6.0,0.09375,1,0,0,0,0,1,0,0,0,0,-1
argument,5,1.1956951149636938e-06,19.67371899935642,2.3523769700698883e-05,3,6.0,18.0,8,1,argument,NN,NOUN,1,NN,1,NOUN,0,3.0020468910835585,0.015625,6.0,0.09375,1,0,0,0,0,1,0,0,0,0,-1
arid,2,4.782780459854775e-07,20.995647094243783,1.0041757066435586e-05,2,6.584962500721156,13.169925001442312,4,1,arid,NN,NOUN,1,NN,1,NOUN,0,3.2946855354345623,0.010416666666666666,6.584962500721156,0.06859335938251204,0,0,0,0,0,1,0,1,0,0,-1
armament,1,2.3913902299273877e-07,21.995647094243783,5.260017556210532e-06,1,7.584962500721156,7.584962500721156,8,1,armament,NN,NOUN,1,NN,1,NOUN,0,3.7950153270899225,0.005208333333333333,7.584962500721156,0.03950501302458935,1,0,0,1,0,0,0,0,0,0,0
armaments,5,1.1956951149636938e-06,19.67371899935642,2.3523769700698883e-05,5,5.2630344058337934,26.315172029168966,9,1,armament,NN,NOUN,1,NN,1,NOUN,0,2.6333516747863057,0.026041666666666668,5.2630344058337934,0.1370581876519217,0,0,0,1,0,1,0,0,0,0,-1
armed,1395,0.0003335989370748706,11.549597687527232,0.003852933512201468,161,0.25404562260653923,40.90134523965282,5,1,arm,NNP,NOUN,2,NNP|VB,2,NOUN|VERB,0,0.12794805313110733,0.8385416666666666,0.25404562260653923,0.2130278397898584,1,0,0,1,0,1,1,0,0,0,0
arouse,1,2.3913902299273877e-07,21.995647094243783,5.260017556210532e-06,1,7.584962500721156,7.584962500721156,6,1,arous,NN,NOUN,1,NN,1,NOUN,0,3.79501390513481,0.005208333333333333,7.584962500721156,0.03950501302458935,0,1,0,0,0,0,1,0,0,0,1
arraignment,3,7.174170689782163e-07,20.410684593522628,1.464297351692384e-05,3,6.0,18.0,11,1,arraign,NN,NOUN,1,NN,1,NOUN,0,3.0020532752591116,0.015625,6.0,0.09375,1,0,0,1,0,1,0,1,0,0,-1
art,972,0.0002324431303489421,12.070834590638002,0.0028057825781721882,46,2.0614005446641435,94.8244250545506,3,1,art,NNP,NOUN,2,NN|NNP,1,NOUN,0,1.0341974675209071,0.23958333333333334,2.0614005446641435,0.49387721382578437,0,1,0,0,1,0,1,1,1,0,1
artillery,1,2.3913902299273877e-07,21.995647094243783,5.260017556210532e-06,1,7.584962500721156,7.584962500721156,9,1,artilleri,NNP,NOUN,1,NNP,1,NOUN,0,3.7950519984471414,0.005208333333333333,7.584962500721156,0.03950501302458935,0,0,0,1,0,1,0,0,0,0,-1
aspiration,10,2.3913902299273877e-06,18.67371899935642,4.465614917147038e-05,9,4.415037499278844,39.7353374935096,10,1,aspir,NN,NOUN,1,NN,1,NOUN,0,2.2091491832564167,0.046875,4.415037499278844,0.2069548827786958,0,1,0,0,1,0,1,0,1,1,1
aspire,9,2.152251206934649e-06,18.82572209280147,4.0517683095648255e-05,8,4.584962500721156,36.67970000576925,6,1,aspir,NN,NOUN,2,NN|NNP,1,NOUN,0,2.2941069240856504,0.041666666666666664,4.584962500721156,0.19104010419671483,0,1,0,0,1,0,1,0,0,0,1
aspiring,9,2.152251206934649e-06,18.82572209280147,4.0517683095648255e-05,9,4.415037499278844,39.7353374935096,8,1,aspir,VB,VERB,2,NNP|VB,2,NOUN|VERB,0,2.209193193673261,0.046875,4.415037499278844,0.2069548827786958,0,1,0,0,1,0,1,0,0,1,1
assail,1,2.3913902299273877e-07,21.995647094243783,5.260017556210532e-06,1,7.584962500721156,7.584962500721156,6,1,assail,NN,NOUN,1,NN,1,NOUN,0,3.7950203730433323,0.005208333333333333,7.584962500721156,0.03950501302458935,1,0,0,1,0,1,0,0,1,0,-1
assassination,1,2.3913902299273877e-07,21.995647094243783,5.260017556210532e-06,1,7.584962500721156,7.584962500721156,13,1,assassin,NN,NOUN,1,NN,1,NOUN,0,3.7950280063907607,0.005208333333333333,7.584962500721156,0.03950501302458935,1,0,0,1,0,1,0,1,0,0,-1
assault,12,2.8696682759128652e-06,18.410684593522628,5.283255751586963e-05,7,4.777607578663552,33.44325305064487,7,1,assault,NN,NOUN,1,NN,1,NOUN,0,2.390563889069137,0.036458333333333336,4.777607578663552,0.17418360963877536,1,0,0,1,0,1,0,0,0,0,-1
assembly,12655,0.003026304335973109,8.368227207245736,0.025324802281695914,175,0.13375138888882745,23.406493055544804,8,1,assembl,NNP,NOUN,2,NNP|RB,2,ADV|NOUN,0,0.07099233047186641,0.9114583333333334,0.13375138888882745,0.12190881799762919,0,0,0,0,0,0,1,0,0,1,1
asserting,6,1.4348341379564326e-06,19.410684593522628,2.785111289589125e-05,6,5.0,30.0,9,1,assert,VB,VERB,1,VB,1,VERB,0,2.501751325195174,0.03125,5.0,0.15625,0,0,0,0,0,0,1,0,0,1,1
assessment,79,1.8891982816426363e-05,15.69186634606668,0.00029645046936755087,36,2.415037499278844,86.94134997403839,10,1,assess,NN,NOUN,2,NN|NNP,1,NOUN,0,1.2086589304750734,0.1875,2.415037499278844,0.45281953111478324,0,0,0,0,0,0,0,0,1,1,0
assist,298,7.126342885183616e-05,13.77647857378162,0.000981759100671532,115,0.7394724497767808,85.0393317243298,6,1,assist,NN,NOUN,1,NN,1,NOUN,0,0.3705031203076359,0.5989583333333334,0.7394724497767808,0.4429131860642177,0,0,0,0,0,0,1,0,0,1,1
associate,133,3.180549005803426e-05,14.940364658742594,0.00047518561961704396,66,1.5405683813627027,101.67751316993838,9,1,associ,NN,NOUN,2,NN|NNP,1,NOUN,0,0.7714138870093324,0.34375,1.5405683813627027,0.529570381093429,0,0,0,0,0,0,1,0,0,1,1
assurance,21,5.021919482847514e-06,17.603329671465023,8.840250424011793e-05,14,3.777607578663552,52.886506101289726,9,1,assur,NN,NOUN,1,NN,1,NOUN,0,1.890220495089593,0.07291666666666667,3.777607578663552,0.275450552610884,0,0,0,0,0,0,1,0,0,1,1
assured,130,3.108807298905604e-05,14.973279281215328,0.00046549039917994267,41,2.2274104961030723,91.32383034022597,7,1,assur,VB,VERB,1,VB,1,VERB,0,1.1150721031934558,0.21354166666666666,2.2274104961030727,0.475644949688677,0,0,0,0,0,0,1,0,0,1,1
asylum,178,4.2566746092707505e-05,14.519913663277384,0.000618065478192763,83,1.2099230693742313,100.4236147580612,6,1,asylum,NN,NOUN,2,NN|NNP,1,NOUN,0,0.6059420664074998,0.4322916666666667,1.2099230693742313,0.5230396601982354,0,0,0,1,0,1,0,0,0,0,-1
atrocity,1,2.3913902299273877e-07,21.995647094243783,5.260017556210532e-06,1,7.584962500721156,7.584962500721156,8,1,atroc,NN,NOUN,1,NN,1,NOUN,0,3.7950418006050337,0.005208333333333333,7.584962500721156,0.03950501302458935,1,0,1,1,0,1,0,1,0,0,-1
attack,54,1.2913507241607895e-05,16.240759592080313,0.00020972516660154199,32,2.584962500721156,82.718800023077,6,1,attack,NN,NOUN,1,NN,1,NOUN,0,1.293728958736254,0.16666666666666666,2.584962500721156,0.430827083453526,1,0,0,1,0,1,0,0,0,0,-1
attacking,2,4.782780459854775e-07,20.995647094243783,1.0041757066435586e-05,2,6.584962500721156,13.169925001442312,9,1,attack,VB,VERB,1,VB,1,VERB,0,3.294690672912837,0.010416666666666666,6.584962500721156,0.06859335938251204,1,0,1,1,0,1,0,1,1,0,-1
attainable,6,1.4348341379564326e-06,19.410684593522628,2.785111289589125e-05,6,5.0,30.0,10,1,attain,NN,NOUN,1,NN,1,NOUN,0,2.501720135430315,0.03125,5.0,0.15625,0,1,0,0,0,0,1,0,0,0,1
attendant,4,9.56556091970955e-07,19.995647094243783,1.9126958040900216e-05,4,5.584962500721156,22.339850002884624,9,1,attend,NN,NOUN,1,NN,1,NOUN,0,2.79437388269186,0.020833333333333332,5.584962500721156,0.11635338543169074,0,0,0,0,0,0,1,0,0,1,1
attentive,1,2.3913902299273877e-07,21.995647094243783,5.260017556210532e-06,1,7.584962500721156,7.584962500721156,9,1,attent,NN,NOUN,1,NN,1,NOUN,0,3.795021510409928,0.005208333333333333,7.584962500721156,0.03950501302458935,0,0,0,0,0,0,1,0,0,1,1
attest,3,7.174170689782163e-07,20.410684593522628,1.464297351692384e-05,3,6.0,18.0,6,1,attest,NNP,NOUN,2,NN|NNP,1,NOUN,0,3.0020824200037937,0.015625,6.0,0.09375,0,0,0,0,0,0,1,0,0,1,1
attorney,621,0.00014850533327849077,12.717197636023302,0.0018885716733060755,68,1.4974996594708168,101.82997684401553,8,1,attornei,NNP,NOUN,2,NN|NNP,1,NOUN,0,0.7510669125749588,0.3541666666666667,1.4974996594708165,0.5303644627292475,1,0,0,1,0,0,1,0,0,1,1
auditor,354,8.465521413942953e-05,13.528041544160786,0.0011452192538080302,48,2.0,96.0,7,1,auditor,NNP,NOUN,2,NN|NNP,1,NOUN,0,1.0023530747264469,0.25,2.0,0.5,0,0,0,1,0,0,0,0,0,1,0
auspicious,2,4.782780459854775e-07,20.995647094243783,1.0041757066435586e-05,2,6.584962500721156,13.169925001442312,10,1,auspici,NN,NOUN,1,NN,1,NOUN,0,3.2947316702748863,0.010416666666666666,6.584962500721156,0.06859335938251204,0,1,0,0,1,0,1,0,0,0,1
authentic,31,7.4133097127749025e-06,17.041450783856906,0.0001263335526157419,21,3.192645077942396,67.0455466367903,9,1,authent,NN,NOUN,2,NN|NNP,1,NOUN,0,1.5976256591172195,0.109375,3.192645077942396,0.34919555539994956,0,0,0,0,1,0,1,0,0,1,1
authenticity,12,2.8696682759128652e-06,18.410684593522628,5.283255751586963e-05,10,4.2630344058337934,42.63034405833793,12,1,authent,NN,NOUN,1,NN,1,NOUN,0,2.1330478277769007,0.052083333333333336,4.2630344058337934,0.22203304197051008,0,0,0,0,0,0,1,0,0,1,1
author,51,1.2196090172629678e-05,16.323221752272286,0.00019907948439854301,25,2.9411063109464313,73.52765777366078,6,1,author,NN,NOUN,2,NN|NNP,1,NOUN,0,1.471830156242684,0.13020833333333334,2.9411063109464313,0.3829565509044833,0,0,0,0,0,0,1,0,0,1,1
authoritative,32,7.65244873576764e-06,16.995647094243783,0.0001300583181198988,14,3.777607578663552,52.886506101289726,13,1,authorit,NN,NOUN,2,NN|NNP,1,NOUN,0,1.8904242756731513,0.07291666666666667,3.777607578663552,0.275450552610884,0,0,0,0,0,0,1,0,0,1,1
authority,6106,0.001460182874393663,9.419635220037003,0.013754390031333415,187,0.03806804083351967,7.118723635868178,9,1,author,NN,NOUN,2,NN|NNP,1,NOUN,0,0.019497516826157666,0.9739583333333334,0.038068040833519355,0.03707668560347979,0,0,0,0,0,0,1,0,0,1,1
authorization,404,9.661216528906647e-05,13.337435611491987,0.0012885585338297451,79,1.2811817525440532,101.21335845098021,13,1,author,NN,NOUN,2,NN|NNP,1,NOUN,0,0.64227178086195,0.4114583333333333,1.2811817525440532,0.5271529085988552,0,0,0,0,0,0,1,0,0,1,1
avoid,59,1.4109202356571588e-05,16.11300404488194,0.00022734163464149579,41,2.2274104961030723,91.32383034022597,5,1,avoid,NN,NOUN,1,NN,1,NOUN,0,1.1147341550106853,0.21354166666666666,2.2274104961030727,0.475644949688677,0,0,0,1,0,1,0,0,0,0,-1
avoidance,52,1.2435229195622417e-05,16.29520737610269,0.00020263463851203395,19,3.3370349872775704,63.40366475827384,9,1,avoid,NN,NOUN,2,NN|NNP,1,NOUN,0,1.6698969016518042,0.09895833333333333,3.337034987277571,0.3302274206160096,0,0,0,1,0,1,0,0,0,0,-1
award,211,5.0458333851467884e-05,14.274547905536597,0.0007202699037963373,61,1.6542251631582698,100.90773495265447,5,1,award,NN,NOUN,2,NN|NNP,1,NOUN,0,0.8283930935499045,0.3177083333333333,1.65422516315827,0.5255611195450753,0,1,0,0,1,0,1,0,1,1,1
baby,1,2.3913902299273877e-07,21.995647094243783,5.260017556210532e-06,1,7.584962500721156,7.584962500721156,4,1,babi,NN,NOUN,1,NN,1,NOUN,0,3.7950271091298364,0.005208333333333333,7.584962500721156,0.03950501302458935,0,0,0,0,1,0,1,0,0,0,1
backwards,1,2.3913902299273877e-07,21.995647094243783,5.260017556210532e-06,1,7.584962500721156,7.584962500721156,9,1,backward,NN,NOUN,1,NN,1,NOUN,0,3.795017810352839,0.005208333333333333,7.584962500721156,0.03950501302458935,0,0,1,0,0,1,0,0,0,0,-1
bad,19,4.543641436862037e-06,17.747719580800197,8.063927409713152e-05,14,3.777607578663552,52.886506101289726,3,1,bad,NN,NOUN,1,NN,1,NOUN,0,1.8901837150006637,0.07291666666666667,3.777607578663552,0.275450552610884,1,0,1,1,0,1,0,1,0,0,-1
ballot,742,0.0001774411550606122,12.46037171762298,0.002210982750059606,152,0.3370349872775706,51.22931806619073,6,1,ballot,NN,NOUN,2,NN|NNP,1,NOUN,0,0.16931391042936564,0.7916666666666666,0.33703498727757086,0.2668193649280769,0,1,0,0,0,0,1,0,0,1,1
banish,1,2.3913902299273877e-07,21.995647094243783,5.260017556210532e-06,1,7.584962500721156,7.584962500721156,6,1,banish,NN,NOUN,1,NN,1,NOUN,0,3.795040824854116,0.005208333333333333,7.584962500721156,0.03950501302458935,1,0,1,1,0,1,0,1,0,0,-1
banished,7,1.6739731609491714e-06,19.188292172186177,3.212068610069074e-05,6,5.0,30.0,8,1,banish,VB,VERB,1,VB,1,VERB,0,2.501742566354166,0.03125,5.0,0.15625,1,0,0,1,0,1,0,1,0,0,-1
banishment,10,2.3913902299273877e-06,18.67371899935642,4.465614917147038e-05,7,4.777607578663552,33.44325305064487,10,1,banish,NN,NOUN,1,NN,1,NOUN,0,2.390504899399661,0.036458333333333336,4.777607578663552,0.17418360963877536,1,0,1,0,0,1,0,1,0,0,-1
bankrupt,154,3.682740954088177e-05,14.72886055354888,0.0005424257796760832,40,2.263034405833794,90.52137623335176,8,1,bankrupt,NN,NOUN,2,NN|NNP,1,NOUN,0,1.132897535903915,0.20833333333333334,2.263034405833794,0.47146550121537373,0,0,0,1,0,1,0,1,0,0,-1
bankruptcy,28,6.6958926437966855e-06,17.188292172186177,0.00011509095911516958,20,3.263034405833794,65.26068811667588,10,1,bankruptci,NN,NOUN,2,NN|NNP,1,NOUN,0,1.6328114356669652,0.10416666666666667,3.263034405833794,0.3398994172743535,1,0,1,1,0,1,0,1,0,0,-1
baptismal,1,2.3913902299273877e-07,21.995647094243783,5.260017556210532e-06,1,7.584962500721156,7.584962500721156,9,1,baptism,NN,NOUN,1,NN,1,NOUN,0,3.7950231485072803,0.005208333333333333,7.584962500721156,0.03950501302458935,0,0,0,0,1,0,1,0,0,0,1
barbaric,1,2.3913902299273877e-07,21.995647094243783,5.260017556210532e-06,1,7.584962500721156,7.584962500721156,8,1,barbar,NN,NOUN,1,NN,1,NOUN,0,3.7950269986195235,0.005208333333333333,7.584962500721156,0.03950501302458935,1,0,1,1,0,1,0,0,0,0,-1
bargain,6,1.4348341379564326e-06,19.410684593522628,2.785111289589125e-05,6,5.0,30.0,7,1,bargain,NN,NOUN,1,NN,1,NOUN,0,2.5018211407631923,0.03125,5.0,0.15625,0,0,0,0,0,0,1,0,0,1,1
barrier,1,2.3913902299273877e-07,21.995647094243783,5.260017556210532e-06,1,7.584962500721156,7.584962500721156,7,1,barrier,NNP,NOUN,1,NNP,1,NOUN,0,3.795019025605892,0.005208333333333333,7.584962500721156,0.03950501302458935,1,0,0,0,0,1,0,0,0,0,-1
battle,10,2.3913902299273877e-06,18.67371899935642,4.465614917147038e-05,6,5.0,30.0,6,1,battl,NN,NOUN,2,NN|NNP,1,NOUN,0,2.5018351275014377,0.03125,5.0,0.15625,1,0,0,0,0,1,0,0,0,0,-1
battlefield,2,4.782780459854775e-07,20.995647094243783,1.0041757066435586e-05,2,6.584962500721156,13.169925001442312,11,1,battlefield,NN,NOUN,1,NN,1,NOUN,0,3.2947324139471212,0.010416666666666666,6.584962500721156,0.06859335938251204,0,0,0,1,0,1,0,0,0,0,-1
beaming,1,2.3913902299273877e-07,21.995647094243783,5.260017556210532e-06,1,7.584962500721156,7.584962500721156,7,1,beam,VB,VERB,1,VB,1,VERB,0,3.79505402210243,0.005208333333333333,7.584962500721156,0.03950501302458935,0,1,0,0,1,0,1,0,0,0,1
bear,229,5.476283626533718e-05,14.156443306146839,0.0007752469868740478,89,1.1092290697547584,98.7213872081735,4,1,bear,NN,NOUN,2,NN|NNP,1,NOUN,0,0.555526537503768,0.4635416666666667,1.1092290697547584,0.514173891709237,1,0,0,1,0,0,0,0,0,0,0
beating,2,4.782780459854775e-07,20.995647094243783,1.0041757066435586e-05,2,6.584962500721156,13.169925001442312,7,1,beat,VB,VERB,1,VB,1,VERB,0,3.2947137606934818,0.010416666666666666,6.584962500721156,0.06859335938251204,1,0,0,1,0,1,0,1,0,0,-1
beautiful,5,1.1956951149636938e-06,19.67371899935642,2.3523769700698883e-05,4,5.584962500721156,22.339850002884624,9,1,beauti,NN,NOUN,2,NN|NNP,1,NOUN,0,2.7944533116306736,0.020833333333333332,5.584962500721156,0.11635338543169074,0,0,0,0,1,0,1,0,0,0,1
beauty,8,1.91311218394191e-06,18.995647094243783,3.634080389785852e-05,7,4.777607578663552,33.44325305064487,6,1,beauti,NN,NOUN,1,NN,1,NOUN,0,2.390494742791922,0.036458333333333336,4.777607578663552,0.17418360963877536,0,0,0,0,1,0,1,0,0,0,1
bedrock,1,2.3913902299273877e-07,21.995647094243783,5.260017556210532e-06,1,7.584962500721156,7.584962500721156,7,1,bedrock,NN,NOUN,1,NN,1,NOUN,0,3.7950461106784896,0.005208333333333333,7.584962500721156,0.03950501302458935,0,0,0,0,0,0,1,0,0,1,1
beer,6,1.4348341379564326e-06,19.410684593522628,2.785111289589125e-05,4,5.584962500721156,22.339850002884624,4,1,beer,NN,NOUN,2,NN|NNP,1,NOUN,0,2.79441824263674,0.020833333333333332,5.584962500721156,0.11635338543169074,0,0,0,0,1,0,1,0,0,0,1
believing,12,2.8696682759128652e-06,18.410684593522628,5.283255751586963e-05,9,4.415037499278844,39.7353374935096,9,1,believ,VB,VERB,2,NNP|VB,2,NOUN|VERB,0,2.2091733959073343,0.046875,4.415037499278844,0.2069548827786958,0,0,0,0,0,0,1,0,0,1,1
belt,2,4.782780459854775e-07,20.995647094243783,1.0041757066435586e-05,2,6.584962500721156,13.169925001442312,4,1,belt,NN,NOUN,1,NN,1,NOUN,0,3.294690604184052,0.010416666666666666,6.584962500721156,0.06859335938251204,1,0,0,1,0,1,0,0,0,0,-1
benevolence,2,4.782780459854775e-07,20.995647094243783,1.0041757066435586e-05,2,6.584962500721156,13.169925001442312,11,1,benevol,NN,NOUN,1,NN,1,NOUN,0,3.2947682916273915,0.010416666666666666,6.584962500721156,0.06859335938251204,0,0,0,0,1,0,1,0,0,1,1
bereaved,1,2.3913902299273877e-07,21.995647094243783,5.260017556210532e-06,1,7.584962500721156,7.584962500721156,8,1,bereav,VB,VERB,1,VB,1,VERB,0,3.795050759723567,0.005208333333333333,7.584962500721156,0.03950501302458935,0,0,0,0,0,1,0,1,0,0,-1
betray,5,1.1956951149636938e-06,19.67371899935642,2.3523769700698883e-05,4,5.584962500721156,22.339850002884624,6,1,betrai,NN,NOUN,1,NN,1,NOUN,0,2.794432678126395,0.020833333333333332,5.584962500721156,0.11635338543169074,1,0,1,0,0,1,0,1,1,0,-1
betrayal,6,1.4348341379564326e-06,19.410684593522628,2.785111289589125e-05,3,6.0,18.0,8,1,betray,NN,NOUN,1,NN,1,NOUN,0,3.0020624177032764,0.015625,6.0,0.09375,1,0,1,0,0,1,0,1,0,0,-1
bias,11,2.6305292529201267e-06,18.536215475606486,4.876005704701362e-05,9,4.415037499278844,39.7353374935096,4,1,bia,NN,NOUN,1,NN,1,NOUN,0,2.2090621548129326,0.046875,4.415037499278844,0.2069548827786958,1,0,0,0,0,1,0,0,0,0,-1
bier,1,2.3913902299273877e-07,21.995647094243783,5.260017556210532e-06,1,7.584962500721156,7.584962500721156,4,1,bier,NNP,NOUN,1,NNP,1,NOUN,0,3.795018398102846,0.005208333333333333,7.584962500721156,0.03950501302458935,0,0,0,1,0,1,0,1,0,0,-1
birth,574,0.00013726579919783207,12.830740167568095,0.0017612218034009602,128,0.5849625007211562,74.87520009230799,5,1,birth,NN,NOUN,2,NN|NNP,1,NOUN,0,0.2933549521560786,0.6666666666666666,0.5849625007211562,0.3899750004807708,0,1,0,1,1,0,1,0,0,1,1
birthday,7,1.6739731609491714e-06,19.188292172186177,3.212068610069074e-05,6,5.0,30.0,8,1,birthdai,NN,NOUN,1,NN,1,NOUN,0,2.5018734337774347,0.03125,5.0,0.15625,0,1,0,0,1,0,1,0,1,0,1
black,35,8.369865804745858e-06,16.866364077298815,0.00014116920394097727,22,3.1255308820838588,68.76167940584489,5,1,black,NN,NOUN,2,NN|NNP,1,NOUN,0,1.5642128499143542,0.11458333333333333,3.125530882083859,0.3581337469054422,0,0,0,0,0,1,0,1,0,0,-1
blame,2,4.782780459854775e-07,20.995647094243783,1.0041757066435586e-05,1,7.584962500721156,7.584962500721156,5,1,blame,NN,NOUN,1,NN,1,NOUN,0,3.795043803973035,0.005208333333333333,7.584962500721156,0.03950501302458935,1,0,1,0,0,1,0,0,0,0,-1
blasphemous,1,2.3913902299273877e-07,21.995647094243783,5.260017556210532e-06,1,7.584962500721156,7.584962500721156,11,1,blasphem,NN,NOUN,1,NN,1,NOUN,0,3.795033268176327,0.005208333333333333,7.584962500721156,0.03950501302458935,1,0,1,0,0,1,0,0,0,0,-1
blatant,2,4.782780459854775e-07,20.995647094243783,1.0041757066435586e-05,2,6.584962500721156,13.169925001442312,7,1,blatant,NN,NOUN,1,NN,1,NOUN,0,3.294716475569313,0.010416666666666666,6.584962500721156,0.06859335938251204,1,0,1,0,0,1,0,0,0,0,-1
bless,3,7.174170689782163e-07,20.410684593522628,1.464297351692384e-05,2,6.584962500721156,13.169925001442312,5,1,bless,NNP,NOUN,2,NN|NNP,1,NOUN,0,3.294699586027612,0.010416666666666666,6.584962500721156,0.06859335938251204,0,1,0,0,1,0,1,0,0,1,1
blessed,3,7.174170689782163e-07,20.410684593522628,1.464297351692384e-05,3,6.0,18.0,7,1,bless,NNP,NOUN,2,NNP|VB,2,NOUN|VERB,0,3.0021238710242293,0.015625,6.0,0.09375,0,0,0,0,1,0,1,0,0,0,1
blessing,4,9.56556091970955e-07,19.995647094243783,1.9126958040900216e-05,4,5.584962500721156,22.339850002884624,8,1,bless,VB,VERB,2,NNP|VB,2,NOUN|VERB,0,2.794421520669811,0.020833333333333332,5.584962500721156,0.11635338543169074,0,1,0,0,1,0,1,0,0,1,1
blessings,14,3.3479463218983428e-06,18.188292172186177,6.089342587948313e-05,10,4.2630344058337934,42.63034405833793,9,1,bless,NN,NOUN,2,NN|NNP,1,NOUN,0,2.133139590636468,0.052083333333333336,4.2630344058337934,0.22203304197051008,0,1,0,0,1,0,1,0,1,1,1
blindness,19,4.543641436862037e-06,17.747719580800197,8.063927409713152e-05,11,4.125530882083859,45.380839702922444,9,1,blind,NN,NOUN,1,NN,1,NOUN,0,2.0642766702407713,0.057291666666666664,4.125530882083859,0.23635854011938773,0,0,0,0,0,1,0,1,0,0,-1
blockade,5,1.1956951149636938e-06,19.67371899935642,2.3523769700698883e-05,5,5.2630344058337934,26.315172029168966,8,1,blockad,NN,NOUN,1,NN,1,NOUN,0,2.633325973946023,0.026041666666666668,5.2630344058337934,0.1370581876519217,1,0,0,1,0,1,0,1,0,0,-1
bloodshed,1,2.3913902299273877e-07,21.995647094243783,5.260017556210532e-06,1,7.584962500721156,7.584962500721156,9,1,bloodsh,VB,VERB,1,VB,1,VERB,0,3.7950269986195235,0.005208333333333333,7.584962500721156,0.03950501302458935,1,0,1,1,0,1,0,1,1,0,-1
bondage,7,1.6739731609491714e-06,19.188292172186177,3.212068610069074e-05,7,4.777607578663552,33.44325305064487,7,1,bondag,NN,NOUN,1,NN,1,NOUN,0,2.3905138174965073,0.036458333333333336,4.777607578663552,0.17418360963877536,0,0,0,1,0,1,0,1,0,0,-1
bonus,12,2.8696682759128652e-06,18.410684593522628,5.283255751586963e-05,8,4.584962500721156,36.67970000576925,5,1,bonu,NN,NOUN,1,NN,1,NOUN,0,2.2940796866338644,0.041666666666666664,4.584962500721156,0.19104010419671483,0,1,0,0,1,0,1,0,1,0,1
bottom,20,4.782780459854775e-06,17.67371899935642,8.452951788308599e-05,15,3.678071905112638,55.17107857668957,6,1,bottom,NN,NOUN,1,NN,1,NOUN,1,1.8404350240273122,0.078125,3.678071905112638,0.2873493675869248,0,0,0,0,0,1,0,1,0,0,-1
bounty,3,7.174170689782163e-07,20.410684593522628,1.464297351692384e-05,1,7.584962500721156,7.584962500721156,6,1,bounti,NN,NOUN,1,NN,1,NOUN,0,3.795084214831498,0.005208333333333333,7.584962500721156,0.03950501302458935,0,1,0,0,1,0,1,0,0,1,1
bovine,1,2.3913902299273877e-07,21.995647094243783,5.260017556210532e-06,1,7.584962500721156,7.584962500721156,6,1,bovin,NN,NOUN,1,NN,1,NOUN,0,3.7950231485072803,0.005208333333333333,7.584962500721156,0.03950501302458935,0,0,1,0,0,1,0,0,0,0,-1
boy,2,4.782780459854775e-07,20.995647094243783,1.0041757066435586e-05,2,6.584962500721156,13.169925001442312,3,1,boi,NN,NOUN,2,NN|NNP,1,NOUN,0,3.294728043048901,0.010416666666666666,6.584962500721156,0.06859335938251204,0,0,1,0,0,1,0,0,0,0,-1
bribery,35,8.369865804745858e-06,16.866364077298815,0.00014116920394097727,21,3.192645077942396,67.0455466367903,7,1,briberi,NN,NOUN,2,NN|NNP,1,NOUN,0,1.5977449675914717,0.109375,3.192645077942396,0.34919555539994956,0,0,1,0,0,1,0,0,0,0,-1
brigade,16,3.82622436788382e-06,17.995647094243783,6.885538342783323e-05,4,5.584962500721156,22.339850002884624,7,1,brigad,NNP,NOUN,2,NN|NNP,1,NOUN,0,2.794510783423369,0.020833333333333332,5.584962500721156,0.11635338543169074,0,0,0,1,0,1,0,0,0,0,-1
brilliant,2,4.782780459854775e-07,20.995647094243783,1.0041757066435586e-05,1,7.584962500721156,7.584962500721156,9,1,brilliant,NN,NOUN,1,NN,1,NOUN,0,3.7951009123256045,0.005208333333333333,7.584962500721156,0.03950501302458935,0,1,0,0,1,0,1,0,0,1,1
broke,2,4.782780459854775e-07,20.995647094243783,1.0041757066435586e-05,1,7.584962500721156,7.584962500721156,5,1,broke,NN,NOUN,1,NN,1,NOUN,0,3.7950244719486173,0.005208333333333333,7.584962500721156,0.03950501302458935,0,0,0,1,0,1,0,1,0,0,-1
broken,9,2.152251206934649e-06,18.82572209280147,4.0517683095648255e-05,6,5.0,30.0,6,1,broken,NN,NOUN,1,NN,1,NOUN,0,2.5017488349387613,0.03125,5.0,0.15625,1,0,0,1,0,1,0,1,0,0,-1
brother,12,2.8696682759128652e-06,18.410684593522628,5.283255751586963e-05,8,4.584962500721156,36.67970000576925,7,1,brother,NN,NOUN,1,NN,1,NOUN,0,2.294271424965744,0.041666666666666664,4.584962500721156,0.19104010419671483,0,0,0,0,0,0,1,0,0,1,1
brotherhood,5,1.1956951149636938e-06,19.67371899935642,2.3523769700698883e-05,5,5.2630344058337934,26.315172029168966,11,1,brotherhood,NN,NOUN,1,NN,1,NOUN,0,2.6333150308061515,0.026041666666666668,5.2630344058337934,0.1370581876519217,0,0,0,0,0,0,1,0,0,1,1
brotherly,6,1.4348341379564326e-06,19.410684593522628,2.785111289589125e-05,6,5.0,30.0,9,1,brotherli,RB,ADV,1,RB,1,ADV,0,2.5017887663139713,0.03125,5.0,0.15625,0,1,0,0,1,0,1,0,0,1,1
brutal,3,7.174170689782163e-07,20.410684593522628,1.464297351692384e-05,3,6.0,18.0,6,1,brutal,NN,NOUN,1,NN,1,NOUN,0,3.0020299941685606,0.015625,6.0,0.09375,1,0,0,1,0,1,0,0,0,0,-1
brutality,3,7.174170689782163e-07,20.410684593522628,1.464297351692384e-05,3,6.0,18.0,9,1,brutal,NN,NOUN,1,NN,1,NOUN,0,3.0020557875605447,0.015625,6.0,0.09375,1,0,0,1,0,1,0,0,0,0,-1
bureaucracy,3,7.174170689782163e-07,20.410684593522628,1.464297351692384e-05,2,6.584962500721156,13.169925001442312,11,1,bureaucraci,NN,NOUN,1,NN,1,NOUN,0,3.2947108682574586,0.010416666666666666,6.584962500721156,0.06859335938251204,0,0,0,0,0,1,0,0,0,1,-1
burial,28,6.6958926437966855e-06,17.188292172186177,0.00011509095911516958,27,2.8300749985576874,76.41202496105755,6,1,burial,NN,NOUN,2,NN|NNP,1,NOUN,0,1.4160976278185087,0.140625,2.8300749985576874,0.3979792966721748,1,0,0,1,0,1,0,1,0,0,-1
burnt,1,2.3913902299273877e-07,21.995647094243783,5.260017556210532e-06,1,7.584962500721156,7.584962500721156,5,1,burnt,NN,NOUN,1,NN,1,NOUN,0,3.7950379110089973,0.005208333333333333,7.584962500721156,0.03950501302458935,0,0,1,0,0,1,0,0,0,0,-1
butler,1,2.3913902299273877e-07,21.995647094243783,5.260017556210532e-06,1,7.584962500721156,7.584962500721156,6,1,butler,NNP,NOUN,1,NNP,1,NOUN,0,3.795061885882061,0.005208333333333333,7.584962500721156,0.03950501302458935,0,0,0,0,0,0,1,0,0,1,1
cabinet,1952,0.0004667993728818261,11.064909756680896,0.005165092935412641,92,1.0614005446641432,97.64885010910118,7,1,cabinet,NNP,NOUN,2,NN|NNP,1,NOUN,0,0.5365017600218678,0.4791666666666667,1.0614005446641432,0.508587760984902,0,0,0,0,0,0,1,0,0,1,1
calls,43,1.0282977988687768e-05,16.569382339541683,0.00017038259388365895,24,3.0,72.0,5,1,call,NN,NOUN,2,NN|NNP,1,NOUN,0,1.5013997539598947,0.125,3.0,0.375,0,1,0,0,0,1,0,0,0,1,-1
campaigning,9,2.152251206934649e-06,18.82572209280147,4.0517683095648255e-05,4,5.584962500721156,22.339850002884624,11,1,campaign,VB,VERB,1,VB,1,VERB,0,2.794394493188239,0.020833333333333332,5.584962500721156,0.11635338543169074,1,0,0,1,0,1,0,0,0,0,-1
cancel,26,6.2176145978112084e-06,17.29520737610269,0.00010753493385382819,17,3.497499659470817,59.45749421100389,6,1,cancel,NN,NOUN,2,NN|NNP,1,NOUN,0,1.7501373037552037,0.08854166666666667,3.4974996594708165,0.3096744490156452,0,0,0,0,0,1,0,1,0,0,-1
candid,2,4.782780459854775e-07,20.995647094243783,1.0041757066435586e-05,2,6.584962500721156,13.169925001442312,6,1,candid,NN,NOUN,1,NN,1,NOUN,0,3.29469070489529,0.010416666666666666,6.584962500721156,0.06859335938251204,0,1,0,0,1,0,1,0,1,1,1
cane,2,4.782780459854775e-07,20.995647094243783,1.0041757066435586e-05,2,6.584962500721156,13.169925001442312,4,1,cane,NN,NOUN,1,NN,1,NOUN,0,3.294692687157142,0.010416666666666666,6.584962500721156,0.06859335938251204,1,0,0,1,0,0,0,0,0,0,0
cap,68,1.6261453563506237e-05,15.908184252993443,0.00025869019950975405,11,4.125530882083859,45.380839702922444,3,1,cap,NNP,NOUN,2,NN|NNP,1,NOUN,0,2.0645635076194657,0.057291666666666664,4.125530882083859,0.23635854011938773,0,1,0,0,0,0,0,0,0,1,0
captivity,1,2.3913902299273877e-07,21.995647094243783,5.260017556210532e-06,1,7.584962500721156,7.584962500721156,9,1,captiv,NN,NOUN,1,NN,1,NOUN,0,3.7950183628708754,0.005208333333333333,7.584962500721156,0.03950501302458935,0,0,0,0,0,1,0,1,0,0,-1
career,174,4.161019000073655e-05,14.552703598395054,0.0006055407617536207,40,2.263034405833794,90.52137623335176,6,1,career,NN,NOUN,2,NN|NNP,1,NOUN,0,1.132946258975101,0.20833333333333334,2.263034405833794,0.47146550121537373,0,1,0,0,0,0,1,0,0,0,1
carelessness,4,9.56556091970955e-07,19.995647094243783,1.9126958040900216e-05,3,6.0,18.0,12,1,careless,NN,NOUN,1,NN,1,NOUN,0,3.0020215855325723,0.015625,6.0,0.09375,1,0,1,0,0,1,0,0,0,0,-1
caretaker,33,7.89158775876038e-06,16.95125297488533,0.00013377230047225552,11,4.125530882083859,45.380839702922444,9,1,caretak,NN,NOUN,2,NN|NNP,1,NOUN,0,2.0644727240654395,0.057291666666666664,4.125530882083859,0.23635854011938773,0,0,0,0,0,0,1,0,0,1,1
case,6541,0.0015642083493955044,9.320351595149722,0.014578971784434902,191,0.007533672685407421,1.4389314829128175,4,1,case,NN,NOUN,2,NN|NNP,1,NOUN,0,0.003870593771257201,0.9947916666666666,0.007533672685407421,0.00749443480683759,0,0,0,1,0,1,0,1,0,0,-1
cash,43,1.0282977988687768e-05,16.569382339541683,0.00017038259388365895,23,3.0614005446641435,70.4122125272753,4,1,cash,NN,NOUN,2,NN|NNP,1,NOUN,0,1.5319242360710206,0.11979166666666667,3.0614005446641435,0.36673027357955884,1,1,0,1,1,0,1,0,0,1,1
catastrophe,23,5.500197528832992e-06,17.47208513818677,9.609991950061453e-05,15,3.678071905112638,55.17107857668957,11,1,catastroph,NN,NOUN,1,NN,1,NOUN,0,1.8404829932726219,0.078125,3.678071905112638,0.2873493675869248,1,0,1,1,0,1,0,1,1,0,-1
caution,5,1.1956951149636938e-06,19.67371899935642,2.3523769700698883e-05,5,5.2630344058337934,26.315172029168966,7,1,caution,NN,NOUN,1,NN,1,NOUN,0,2.6333272197545914,0.026041666666666668,5.2630344058337934,0.1370581876519217,1,1,0,1,0,1,0,0,0,0,-1
celebrated,23,5.500197528832992e-06,17.47208513818677,9.609991950061453e-05,12,4.0,48.0,10,1,celebr,VB,VERB,1,VB,1,VERB,0,2.0015797737956507,0.0625,4.0,0.25,0,1,0,0,1,0,1,0,0,0,1
celebrating,2,4.782780459854775e-07,20.995647094243783,1.0041757066435586e-05,2,6.584962500721156,13.169925001442312,11,1,celebr,NNP,NOUN,1,NNP,1,NOUN,0,3.294688741265516,0.010416666666666666,6.584962500721156,0.06859335938251204,0,1,0,0,1,0,1,0,0,0,1
celebration,12,2.8696682759128652e-06,18.410684593522628,5.283255751586963e-05,7,4.777607578663552,33.44325305064487,11,1,celebr,NN,NOUN,1,NN,1,NOUN,0,2.3905465981447542,0.036458333333333336,4.777607578663552,0.17418360963877536,0,1,0,0,1,0,1,0,1,1,1
cement,2,4.782780459854775e-07,20.995647094243783,1.0041757066435586e-05,2,6.584962500721156,13.169925001442312,6,1,cement,NN,NOUN,2,NN|NNP,1,NOUN,0,3.2947002930997638,0.010416666666666666,6.584962500721156,0.06859335938251204,0,1,0,0,0,0,0,0,0,1,0
censor,3,7.174170689782163e-07,20.410684593522628,1.464297351692384e-05,3,6.0,18.0,6,1,censor,NN,NOUN,1,NN,1,NOUN,0,3.002044405846771,0.015625,6.0,0.09375,1,0,1,1,0,1,0,0,0,1,-1
center,48,1.1478673103651461e-05,16.410684593522628,0.0001883728838561756,33,2.5405683813627027,83.83875658496919,6,1,center,NN,NOUN,2,NN|NNP,1,NOUN,0,1.2714731694941668,0.171875,2.5405683813627027,0.4366601905467145,0,0,0,0,0,0,1,0,0,1,1
ceremony,83,1.984853890839732e-05,15.620607662896857,0.0003100462389698176,51,1.9125371587496605,97.53939509623268,8,1,ceremoni,NN,NOUN,2,NN|NNP,1,NOUN,0,0.9572316025314563,0.265625,1.9125371587496605,0.5080176827928785,0,0,0,0,1,0,1,0,1,0,1
cess,9,2.152251206934649e-06,18.82572209280147,4.0517683095648255e-05,5,5.2630344058337934,26.315172029168966,4,1,cess,NN,NOUN,1,NN,1,NOUN,0,2.633330093173901,0.026041666666666668,5.2630344058337934,0.1370581876519217,0,0,1,0,0,1,0,0,0,0,-1
chairman,1824,0.0004361895779387555,11.162757080079041,0.004869078299392532,92,1.0614005446641432,97.64885010910118,8,1,chairman,NNP,NOUN,2,NN|NNP,1,NOUN,0,0.5350144843597341,0.4791666666666667,1.0614005446641432,0.508587760984902,0,0,0,0,0,0,1,0,0,1,1
challenge,127,3.0370655920077827e-05,15.006962407471617,0.00045577129168286324,48,2.0,96.0,9,1,challeng,NN,NOUN,2,NN|NNP,1,NOUN,0,1.0012355965236948,0.25,2.0,0.5,1,0,0,1,0,1,0,0,0,0,-1
champion,1,2.3913902299273877e-07,21.995647094243783,5.260017556210532e-06,1,7.584962500721156,7.584962500721156,8,1,champion,NN,NOUN,1,NN,1,NOUN,0,3.79505402210243,0.005208333333333333,7.584962500721156,0.03950501302458935,0,1,0,0,1,0,1,0,0,1,1
changeable,1,2.3913902299273877e-07,21.995647094243783,5.260017556210532e-06,1,7.584962500721156,7.584962500721156,10,1,changeabl,NN,NOUN,1,NN,1,NOUN,0,3.7950269986195235,0.005208333333333333,7.584962500721156,0.03950501302458935,0,1,0,0,0,0,0,0,1,0,0
chargeable,12,2.8696682759128652e-06,18.410684593522628,5.283255751586963e-05,9,4.415037499278844,39.7353374935096,10,1,chargeabl,NN,NOUN,1,NN,1,NOUN,0,2.2091288465246812,0.046875,4.415037499278844,0.2069548827786958,0,0,0,1,0,1,0,1,0,0,-1
charitable,55,1.3152646264600634e-05,16.214287380719124,0.00021326078635117658,25,2.9411063109464313,73.52765777366078,10,1,charit,NN,NOUN,2,NN|NNP,1,NOUN,0,1.4718510899359316,0.13020833333333334,2.9411063109464313,0.3829565509044833,0,1,0,0,1,0,1,0,0,1,1
charity,16,3.82622436788382e-06,17.995647094243783,6.885538342783323e-05,14,3.777607578663552,52.886506101289726,7,1,chariti,NN,NOUN,2,NN|NNP,1,NOUN,0,1.8902521972521764,0.07291666666666667,3.777607578663552,0.275450552610884,0,0,0,0,1,0,1,0,0,0,1
cherish,8,1.91311218394191e-06,18.995647094243783,3.634080389785852e-05,7,4.777607578663552,33.44325305064487,7,1,cherish,NN,NOUN,1,NN,1,NOUN,0,2.3904870049533637,0.036458333333333336,4.777607578663552,0.17418360963877536,0,1,0,0,1,0,1,0,1,1,1
child,423,0.00010115580672592851,13.271133241123833,0.0013424521891731676,115,0.7394724497767808,85.0393317243298,5,1,child,NN,NOUN,2,NN|NNP,1,NOUN,0,0.3706836424305228,0.5989583333333334,0.7394724497767808,0.4429131860642177,0,1,0,0,1,0,1,0,0,0,1
childhood,53,1.2674368218615156e-05,16.267726639680582,0.0002061831575110867,35,2.4556794837761897,85.94878193216664,9,1,childhood,NN,NOUN,2,NN|NNP,1,NOUN,0,1.2290071270276592,0.18229166666666666,2.4556794837761897,0.44764990589670123,0,0,0,0,1,0,1,0,0,0,1
chronic,5,1.1956951149636938e-06,19.67371899935642,2.3523769700698883e-05,4,5.584962500721156,22.339850002884624,7,1,chronic,NN,NOUN,1,NN,1,NOUN,0,2.79437744795394,0.020833333333333332,5.584962500721156,0.11635338543169074,0,0,0,0,0,1,0,1,0,0,-1
church,110,2.6305292529201268e-05,15.214287380719123,0.0004002162801731519,38,2.3370349872775704,88.80732951654768,6,1,church,NNP,NOUN,2,NN|NNP,1,NOUN,0,1.1701771497701006,0.19791666666666666,2.337034987277571,0.46253817456535257,0,1,0,0,1,0,1,0,0,1,1
circumvention,7,1.6739731609491714e-06,19.188292172186177,3.212068610069074e-05,1,7.584962500721156,7.584962500721156,13,1,circumvent,NN,NOUN,1,NN,1,NOUN,0,3.795080805807901,0.005208333333333333,7.584962500721156,0.03950501302458935,0,0,0,0,0,1,1,0,0,0,0
civilization,32,7.65244873576764e-06,16.995647094243783,0.0001300583181198988,22,3.1255308820838588,68.76167940584489,12,1,civil,NN,NOUN,1,NN,1,NOUN,0,1.5641754584825744,0.11458333333333333,3.125530882083859,0.3581337469054422,0,0,0,0,0,0,1,0,0,1,1
civilized,2,4.782780459854775e-07,20.995647094243783,1.0041757066435586e-05,2,6.584962500721156,13.169925001442312,9,1,civil,VB,VERB,1,VB,1,VERB,0,3.2947273296049886,0.010416666666666666,6.584962500721156,0.06859335938251204,0,0,0,0,1,0,1,0,0,1,1
claimant,5,1.1956951149636938e-06,19.67371899935642,2.3523769700698883e-05,5,5.2630344058337934,26.315172029168966,8,1,claimant,NN,NOUN,1,NN,1,NOUN,0,2.6333118139337133,0.026041666666666668,5.2630344058337934,0.1370581876519217,1,0,1,0,0,0,0,0,0,0,0
clash,1,2.3913902299273877e-07,21.995647094243783,5.260017556210532e-06,1,7.584962500721156,7.584962500721156,5,1,clash,NN,NOUN,1,NN,1,NOUN,0,3.7950148529802075,0.005208333333333333,7.584962500721156,0.03950501302458935,1,0,0,0,0,1,0,0,0,0,-1
claw,2,4.782780459854775e-07,20.995647094243783,1.0041757066435586e-05,1,7.584962500721156,7.584962500721156,4,1,claw,NN,NOUN,1,NN,1,NOUN,0,3.7950571540546583,0.005208333333333333,7.584962500721156,0.03950501302458935,1,0,0,1,0,1,0,0,0,0,-1
clean,38,9.087282873724075e-06,16.747719580800197,0.00015219126532053896,19,3.3370349872775704,63.40366475827384,5,1,clean,NN,NOUN,2,NN|NNP,1,NOUN,0,1.6698642576976612,0.09895833333333333,3.337034987277571,0.3302274206160096,0,0,0,0,1,0,1,0,0,1,1
clearance,1,2.3913902299273877e-07,21.995647094243783,5.260017556210532e-06,1,7.584962500721156,7.584962500721156,9,1,clearanc,NN,NOUN,1,NN,1,NOUN,0,3.7950148529802075,0.005208333333333333,7.584962500721156,0.03950501302458935,0,0,0,0,0,0,1,0,0,1,1
closure,24,5.7393365518257305e-06,17.410684593522628,9.992577847991352e-05,18,3.415037499278844,61.470674987019194,7,1,closur,NN,NOUN,2,NN|NNP,1,NOUN,0,1.7088882385721333,0.09375,3.415037499278844,0.3201597655573916,0,1,0,0,1,0,1,1,0,0,1
coerce,1,2.3913902299273877e-07,21.995647094243783,5.260017556210532e-06,1,7.584962500721156,7.584962500721156,6,1,coerc,NN,NOUN,1,NN,1,NOUN,0,3.7950321429669565,0.005208333333333333,7.584962500721156,0.03950501302458935,1,0,1,1,0,1,0,0,0,0,-1
coercion,44,1.0522117011680507e-05,16.536215475606486,0.00017399599416469347,32,2.584962500721156,82.718800023077,8,1,coercion,NN,NOUN,2,NN|NNP,1,NOUN,0,1.2936431485881792,0.16666666666666666,2.584962500721156,0.430827083453526,1,0,1,1,0,1,0,1,0,0,-1
coexist,2,4.782780459854775e-07,20.995647094243783,1.0041757066435586e-05,2,6.584962500721156,13.169925001442312,7,1,coexist,NN,NOUN,1,NN,1,NOUN,0,3.294690660291248,0.010416666666666666,6.584962500721156,0.06859335938251204,0,0,0,0,0,0,1,0,0,1,1
cohesive,2,4.782780459854775e-07,20.995647094243783,1.0041757066435586e-05,2,6.584962500721156,13.169925001442312,8,1,cohes,NN,NOUN,1,NN,1,NOUN,0,3.294717395191531,0.010416666666666666,6.584962500721156,0.06859335938251204,0,0,0,0,0,0,1,0,0,1,1
collapse,3,7.174170689782163e-07,20.410684593522628,1.464297351692384e-05,3,6.0,18.0,8,1,collaps,NN,NOUN,1,NN,1,NOUN,0,3.0020482112705316,0.015625,6.0,0.09375,0,0,1,1,0,1,0,1,0,0,-1
collectively,179,4.2805885115700244e-05,14.511831316979526,0.0006211917841730466,107,0.8434955143200092,90.25402003224099,12,1,collect,RB,ADV,1,RB,1,ADV,0,0.42240206734202795,0.5572916666666666,0.8434955143200094,0.4700730210012552,0,0,0,0,0,0,1,0,0,1,1
collision,2,4.782780459854775e-07,20.995647094243783,1.0041757066435586e-05,2,6.584962500721156,13.169925001442312,9,1,collis,NN,NOUN,1,NN,1,NOUN,0,3.2947138164054017,0.010416666666666666,6.584962500721156,0.06859335938251204,1,0,0,0,0,1,0,0,0,0,-1
collusion,1,2.3913902299273877e-07,21.995647094243783,5.260017556210532e-06,1,7.584962500721156,7.584962500721156,9,1,collus,NN,NOUN,1,NN,1,NOUN,0,3.7950148529802075,0.005208333333333333,7.584962500721156,0.03950501302458935,1,0,1,1,0,1,0,1,0,0,-1
colonel,9,2.152251206934649e-06,18.82572209280147,4.0517683095648255e-05,7,4.777607578663552,33.44325305064487,7,1,colonel,NN,NOUN,2,NN|NNP,1,NOUN,0,2.3904670393908125,0.036458333333333336,4.777607578663552,0.17418360963877536,0,0,0,0,0,0,1,0,0,1,1
combat,104,2.4870458391244834e-05,15.29520737610269,0.00038039881863282304,55,1.8036027871964966,99.19815329580732,6,1,combat,NN,NOUN,2,NN|NNP,1,NOUN,0,0.9028633150725084,0.2864583333333333,1.8036027871964966,0.5166570484156631,1,0,0,1,0,1,0,0,0,0,-1
combatant,1,2.3913902299273877e-07,21.995647094243783,5.260017556210532e-06,1,7.584962500721156,7.584962500721156,9,1,combat,NN,NOUN,1,NN,1,NOUN,0,3.7950183628708754,0.005208333333333333,7.584962500721156,0.03950501302458935,1,0,0,1,0,1,0,0,0,0,-1
combative,1,2.3913902299273877e-07,21.995647094243783,5.260017556210532e-06,1,7.584962500721156,7.584962500721156,9,1,comb,NN,NOUN,1,NN,1,NOUN,0,3.7950260112164234,0.005208333333333333,7.584962500721156,0.03950501302458935,1,0,0,1,0,1,0,0,0,0,-1
comfort,7,1.6739731609491714e-06,19.188292172186177,3.212068610069074e-05,6,5.0,30.0,7,1,comfort,NN,NOUN,2,NN|NNP,1,NOUN,0,2.501862841587458,0.03125,5.0,0.15625,0,1,0,0,1,0,1,0,0,1,1
commandant,5,1.1956951149636938e-06,19.67371899935642,2.3523769700698883e-05,2,6.584962500721156,13.169925001442312,10,1,command,NNP,NOUN,1,NNP,1,NOUN,0,3.2947339065786916,0.010416666666666666,6.584962500721156,0.06859335938251204,0,0,0,0,0,0,1,0,0,1,1
commanding,16,3.82622436788382e-06,17.995647094243783,6.885538342783323e-05,12,4.0,48.0,10,1,command,VB,VERB,2,NNP|VB,2,NOUN|VERB,0,2.001479629607231,0.0625,4.0,0.25,0,0,0,0,0,0,1,0,0,1,1
commemoration,3,7.174170689782163e-07,20.410684593522628,1.464297351692384e-05,3,6.0,18.0,13,1,commemor,NN,NOUN,1,NN,1,NOUN,0,3.002034331474556,0.015625,6.0,0.09375,0,1,0,0,1,0,1,0,0,0,1
commemorative,2,4.782780459854775e-07,20.995647094243783,1.0041757066435586e-05,2,6.584962500721156,13.169925001442312,13,1,commemor,NN,NOUN,1,NN,1,NOUN,0,3.294688766111362,0.010416666666666666,6.584962500721156,0.06859335938251204,0,1,0,0,0,0,1,0,0,0,1
commendable,1,2.3913902299273877e-07,21.995647094243783,5.260017556210532e-06,1,7.584962500721156,7.584962500721156,11,1,commend,NN,NOUN,1,NN,1,NOUN,0,3.7950148529802075,0.005208333333333333,7.584962500721156,0.03950501302458935,0,0,0,0,1,0,1,0,0,1,1
committal,3,7.174170689782163e-07,20.410684593522628,1.464297351692384e-05,3,6.0,18.0,9,1,committ,NN,NOUN,2,NN|NNP,1,NOUN,0,3.0020368130869723,0.015625,6.0,0.09375,0,0,0,0,0,1,0,1,0,0,-1
committed,819,0.00019585485983105306,12.317927452602774,0.002412525954638597,173,0.1503342730844314,26.007829243606633,9,1,commit,VB,VERB,2,NNP|VB,2,NOUN|VERB,0,0.07550633340166645,0.9010416666666666,0.1503342730844317,0.13545744397711815,0,0,0,0,0,0,1,0,0,1,1
commonwealth,532,0.00012722196023213703,12.940364658742594,0.0016462985580039018,33,2.5405683813627027,83.83875658496919,12,1,commonwealth,NNP,NOUN,2,NN|NNP,1,NOUN,0,1.2743621224804398,0.171875,2.5405683813627027,0.4366601905467145,0,0,0,0,0,0,1,0,0,1,1
commotion,14,3.3479463218983428e-06,18.188292172186177,6.089342587948313e-05,7,4.777607578663552,33.44325305064487,9,1,commot,NN,NOUN,2,NN|NNP,1,NOUN,0,2.3904974968719066,0.036458333333333336,4.777607578663552,0.17418360963877536,1,0,0,0,0,1,0,0,0,0,-1
communicate,158,3.7783965632852725e-05,14.69186634606668,0.000555116973102249,79,1.2811817525440532,101.21335845098021,11,1,commun,NN,NOUN,2,NN|NNP,1,NOUN,0,0.6413975694307036,0.4114583333333333,1.2811817525440532,0.5271529085988552,0,0,0,0,0,0,1,0,0,1,1
communism,6,1.4348341379564326e-06,19.410684593522628,2.785111289589125e-05,4,5.584962500721156,22.339850002884624,9,1,commun,NN,NOUN,2,NN|NNP,1,NOUN,0,2.7944832741562067,0.020833333333333332,5.584962500721156,0.11635338543169074,1,0,0,1,0,1,0,1,0,0,-1
companion,4,9.56556091970955e-07,19.995647094243783,1.9126958040900216e-05,3,6.0,18.0,9,1,companion,NN,NOUN,1,NN,1,NOUN,0,3.002025116014,0.015625,6.0,0.09375,0,0,0,0,1,0,1,0,0,1,1
compassion,5,1.1956951149636938e-06,19.67371899935642,2.3523769700698883e-05,5,5.2630344058337934,26.315172029168966,10,1,compass,NN,NOUN,1,NN,1,NOUN,0,2.6333646522741825,0.026041666666666668,5.2630344058337934,0.1370581876519217,0,0,0,1,0,0,1,0,0,0,1
compensate,25,5.9784755748184694e-06,17.35179090446906,0.00010373725810172555,17,3.497499659470817,59.45749421100389,10,1,compens,NN,NOUN,1,NN,1,NOUN,0,1.750070803014488,0.08854166666666667,3.4974996594708165,0.3096744490156452,0,1,0,0,1,0,1,0,1,1,1
competence,864,0.00020661611586572632,12.240759592080314,0.002529138202161767,124,0.6307661903342809,78.21500760145084,10,1,compet,NN,NOUN,2,NN|NNP,1,NOUN,0,0.3168760842985439,0.6458333333333334,0.6307661903342809,0.4073698312575565,0,0,0,0,0,0,1,0,0,1,1
competency,19,4.543641436862037e-06,17.747719580800197,8.063927409713152e-05,12,4.0,48.0,10,1,compet,NN,NOUN,1,NN,1,NOUN,0,2.001544191157122,0.0625,4.0,0.25,0,0,0,0,0,0,1,0,0,1,1
competent,1070,0.0002558787546022305,11.932252012955272,0.003053209784674953,165,0.21864028647534034,36.075647268431155,9,1,compet,NN,NOUN,2,NN|NNP,1,NOUN,0,0.10988428842788656,0.859375,0.21864028647534034,0.18789399618974562,0,0,0,0,0,0,1,0,0,1,1
competition,127,3.0370655920077827e-05,15.006962407471617,0.00045577129168286324,61,1.6542251631582698,100.90773495265447,11,1,competit,NN,NOUN,2,NN|NNP,1,NOUN,0,0.8281414177202976,0.3177083333333333,1.65422516315827,0.5255611195450753,0,1,0,0,0,1,0,0,0,0,-1
complain,8,1.91311218394191e-06,18.995647094243783,3.634080389785852e-05,7,4.777607578663552,33.44325305064487,8,1,complain,NN,NOUN,1,NN,1,NOUN,0,2.39052163012729,0.036458333333333336,4.777607578663552,0.17418360963877536,1,0,0,0,0,1,0,1,0,0,-1
complaint,249,5.954561672519196e-05,14.035645162175701,0.000835761147317709,64,1.584962500721156,101.43760004615399,9,1,complaint,NN,NOUN,2,NN|NNP,1,NOUN,0,0.7937642356320737,0.3333333333333333,1.584962500721156,0.5283208335737186,1,0,0,0,0,1,0,0,0,0,-1
complement,17,4.065363390876559e-06,17.908184252993443,7.280327665919162e-05,13,3.884522782580064,50.49879617354083,10,1,complement,NN,NOUN,1,NN,1,NOUN,0,1.943699280486225,0.06770833333333333,3.884522782580064,0.2630145634038585,0,1,0,0,1,0,1,0,1,1,1
completing,15,3.5870853448910818e-06,18.088756498635263,6.488591334355788e-05,14,3.777607578663552,52.886506101289726,10,1,complet,VB,VERB,2,NNP|VB,2,NOUN|VERB,0,1.8901952845137193,0.07291666666666667,3.777607578663552,0.275450552610884,0,1,0,0,1,0,1,0,0,0,1
completion,125,2.989237787409235e-05,15.029862809581696,0.00044927833849978333,63,1.6076825772212395,101.28400236493809,10,1,complet,NN,NOUN,2,NN|NNP,1,NOUN,0,0.8048233241798656,0.328125,1.6076825772212395,0.5275208456507192,0,1,0,0,1,0,1,0,0,0,1
compliance,374,8.943799459928431e-05,13.448752634356145,0.0012028294654786555,101,0.9267510179693613,93.6018528149055,10,1,complianc,NN,NOUN,2,NN|NNP,1,NOUN,0,0.46445661386302595,0.5260416666666666,0.9267510179693615,0.48750965007763286,0,0,0,0,0,0,1,0,0,1,1
complicity,3,7.174170689782163e-07,20.410684593522628,1.464297351692384e-05,3,6.0,18.0,10,1,complic,NN,NOUN,1,NN,1,NOUN,0,3.002020189080422,0.015625,6.0,0.09375,0,0,0,0,0,1,1,0,0,0,0
compulsion,15,3.5870853448910818e-06,18.088756498635263,6.488591334355788e-05,12,4.0,48.0,10,1,compuls,NN,NOUN,2,NN|NNP,1,NOUN,0,2.0015071085747755,0.0625,4.0,0.25,1,0,0,0,0,1,0,0,0,0,-1
comrade,15,3.5870853448910818e-06,18.088756498635263,6.488591334355788e-05,1,7.584962500721156,7.584962500721156,7,1,comrad,NNP,NOUN,1,NNP,1,NOUN,0,3.795710485226874,0.005208333333333333,7.584962500721156,0.03950501302458935,0,0,0,0,0,0,1,0,0,1,1
concealed,8,1.91311218394191e-06,18.995647094243783,3.634080389785852e-05,5,5.2630344058337934,26.315172029168966,9,1,conceal,VB,VERB,1,VB,1,VERB,0,2.633432924454939,0.026041666666666668,5.2630344058337934,0.1370581876519217,0,1,0,1,0,1,0,0,1,0,-1
concealment,21,5.021919482847514e-06,17.603329671465023,8.840250424011793e-05,15,3.678071905112638,55.17107857668957,11,1,conceal,NN,NOUN,2,NN|NNP,1,NOUN,0,1.8403861588678738,0.078125,3.678071905112638,0.2873493675869248,1,1,0,1,0,1,0,0,0,0,-1
concerned,1020,0.00024392180345259357,12.001293657384924,0.002927377192673503,138,0.4764380439429871,65.74845006413221,9,1,concern,VB,VERB,2,NNP|VB,2,NOUN|VERB,0,0.2393382033117688,0.71875,0.4764380439429871,0.342439844084022,0,0,0,1,0,0,0,1,0,0,0
conciliation,43,1.0282977988687768e-05,16.569382339541683,0.00017038259388365895,31,2.6307661903342807,81.5537519003627,12,1,concili,NN,NOUN,2,NN|NNP,1,NOUN,0,1.3164881114774794,0.16145833333333334,2.6307661903342807,0.42475912448105574,0,0,0,0,1,0,1,0,0,1,1
concord,10,2.3913902299273877e-06,18.67371899935642,4.465614917147038e-05,7,4.777607578663552,33.44325305064487,7,1,concord,NN,NOUN,2,NN|NNP,1,NOUN,0,2.3905262573601975,0.036458333333333336,4.777607578663552,0.17418360963877536,0,0,0,0,0,0,1,0,0,1,1
concordance,2,4.782780459854775e-07,20.995647094243783,1.0041757066435586e-05,2,6.584962500721156,13.169925001442312,11,1,concord,NN,NOUN,1,NN,1,NOUN,0,3.294700501220904,0.010416666666666666,6.584962500721156,0.06859335938251204,0,0,0,0,0,0,1,0,0,1,1
condemn,1,2.3913902299273877e-07,21.995647094243783,5.260017556210532e-06,1,7.584962500721156,7.584962500721156,7,1,condemn,NNP,NOUN,1,NNP,1,NOUN,0,3.795028491713277,0.005208333333333333,7.584962500721156,0.03950501302458935,1,0,0,0,0,1,0,0,0,0,-1
condemnation,26,6.2176145978112084e-06,17.29520737610269,0.00010753493385382819,16,3.584962500721156,57.3594000115385,12,1,condemn,NN,NOUN,2,NN|NNP,1,NOUN,0,1.7939316257399458,0.08333333333333333,3.584962500721156,0.29874687506009634,1,1,1,1,0,1,0,1,0,0,-1
confederate,1,2.3913902299273877e-07,21.995647094243783,5.260017556210532e-06,1,7.584962500721156,7.584962500721156,11,1,confeder,NN,NOUN,1,NN,1,NOUN,0,3.7950234326892507,0.005208333333333333,7.584962500721156,0.03950501302458935,0,0,0,0,0,0,1,0,0,1,1
confess,11,2.6305292529201267e-06,18.536215475606486,4.876005704701362e-05,10,4.2630344058337934,42.63034405833793,7,1,confess,NN,NOUN,1,NN,1,NOUN,0,2.133067087026434,0.052083333333333336,4.2630344058337934,0.22203304197051008,0,0,0,0,0,1,1,0,0,1,0
confession,39,9.326421896716812e-06,16.710244875381534,0.00015584679370525824,28,2.777607578663552,77.77301220257945,10,1,confess,NN,NOUN,2,NN|NNP,1,NOUN,0,1.3901581147915154,0.14583333333333334,2.777607578663552,0.4050677718884347,0,1,0,1,0,1,0,1,1,0,-1
confessional,4,9.56556091970955e-07,19.995647094243783,1.9126958040900216e-05,4,5.584962500721156,22.339850002884624,12,1,confession,NN,NOUN,1,NN,1,NOUN,0,2.794421032266566,0.020833333333333332,5.584962500721156,0.11635338543169074,0,0,0,1,0,0,0,0,0,1,0
confidence,840,0.00020087677931390058,12.28140157657766,0.002467048394163581,138,0.4764380439429871,65.74845006413221,10,1,confid,NN,NOUN,2,NN|NNP,1,NOUN,0,0.23946046358896644,0.71875,0.4764380439429871,0.342439844084022,0,0,0,1,1,0,1,0,0,1,1
confident,2,4.782780459854775e-07,20.995647094243783,1.0041757066435586e-05,2,6.584962500721156,13.169925001442312,9,1,confid,NN,NOUN,2,NN|NNP,1,NOUN,0,3.2947334881318837,0.010416666666666666,6.584962500721156,0.06859335938251204,0,0,0,0,1,0,1,0,0,1,1
confine,4,9.56556091970955e-07,19.995647094243783,1.9126958040900216e-05,4,5.584962500721156,22.339850002884624,7,1,confin,NN,NOUN,1,NN,1,NOUN,0,2.7943925917051953,0.020833333333333332,5.584962500721156,0.11635338543169074,1,0,0,1,0,1,0,1,0,0,-1
confined,29,6.9350316667894245e-06,17.13766609911621,0.00011885025709223451,23,3.0614005446641435,70.4122125272753,8,1,confin,VB,VERB,1,VB,1,VERB,0,1.531928830207427,0.11979166666666667,3.0614005446641435,0.36673027357955884,1,0,1,1,0,1,0,1,0,0,-1
confinement,19,4.543641436862037e-06,17.747719580800197,8.063927409713152e-05,16,3.584962500721156,57.3594000115385,11,1,confin,NN,NOUN,1,NN,1,NOUN,0,1.7938250042905255,0.08333333333333333,3.584962500721156,0.29874687506009634,1,0,0,1,0,1,0,1,0,0,-1
confirmed,149,3.563171442591808e-05,14.77647857378162,0.0005265112647616839,73,1.395137941841139,101.84506975440314,9,1,confirm,VB,VERB,1,VB,1,VERB,0,0.698606644440951,0.3802083333333333,1.3951379418411392,0.5304430716375165,0,0,0,0,0,0,1,0,0,1,1
confiscate,6,1.4348341379564326e-06,19.410684593522628,2.785111289589125e-05,5,5.2630344058337934,26.315172029168966,10,1,confisc,NN,NOUN,1,NN,1,NOUN,0,2.633393716106999,0.026041666666666668,5.2630344058337934,0.1370581876519217,1,0,0,0,0,1,0,1,0,0,-1
conflict,329,7.867673856461106e-05,13.633703320508541,0.0010726553118151202,98,0.970252656605948,95.0847603473829,8,1,conflict,NN,NOUN,2,NN|NNP,1,NOUN,0,0.4863252214923706,0.5104166666666666,0.9702526566059481,0.49523312680928594,1,0,0,1,0,1,0,1,0,0,-1
confusion,2,4.782780459854775e-07,20.995647094243783,1.0041757066435586e-05,2,6.584962500721156,13.169925001442312,9,1,confus,NN,NOUN,1,NN,1,NOUN,0,3.2947289901389083,0.010416666666666666,6.584962500721156,0.06859335938251204,1,0,0,1,0,1,0,0,0,0,-1
congregation,6,1.4348341379564326e-06,19.410684593522628,2.785111289589125e-05,4,5.584962500721156,22.339850002884624,12,1,congreg,NN,NOUN,1,NN,1,NOUN,0,2.794393333360967,0.020833333333333332,5.584962500721156,0.11635338543169074,0,0,0,0,0,0,1,0,0,1,1
congress,1604,0.000383578992880353,11.348188667788863,0.004352926780206687,41,2.2274104961030723,91.32383034022597,8,1,congress,NNP,NOUN,2,NN|NNP,1,NOUN,0,1.1242210959038272,0.21354166666666666,2.2274104961030727,0.475644949688677,0,0,1,0,0,0,0,0,0,1,0
conquest,5,1.1956951149636938e-06,19.67371899935642,2.3523769700698883e-05,5,5.2630344058337934,26.315172029168966,8,1,conquest,NN,NOUN,1,NN,1,NOUN,0,2.633359160563202,0.026041666666666668,5.2630344058337934,0.1370581876519217,1,0,0,1,0,1,0,0,0,0,-1
conscience,304,7.26982629897926e-05,13.747719580800197,0.000999435333594934,134,0.5188733102633837,69.52902357529341,10,1,conscienc,NN,NOUN,2,NN|NNP,1,NOUN,0,0.26006266615703627,0.6979166666666666,0.5188733102633839,0.36213033112132,0,0,0,0,0,0,1,0,0,1,1
conscientious,56,1.3391785287593371e-05,16.188292172186177,0.00021679013294274578,46,2.0614005446641435,94.8244250545506,13,1,conscienti,NN,NOUN,2,NN|NNP,1,NOUN,0,1.0316279668718835,0.23958333333333334,2.0614005446641435,0.49387721382578437,0,0,0,0,0,0,1,0,0,1,1
conservation,256,6.121958988614112e-05,13.995647094243783,0.0008568077753007671,85,1.1755715645834544,99.92358298959363,12,1,conserv,NN,NOUN,2,NN|NNP,1,NOUN,0,0.5887011733891986,0.4427083333333333,1.1755715645834544,0.5204353280708001,0,1,0,0,0,0,1,0,0,1,1
considerate,1,2.3913902299273877e-07,21.995647094243783,5.260017556210532e-06,1,7.584962500721156,7.584962500721156,11,1,consider,NN,NOUN,1,NN,1,NOUN,0,3.7950209665887713,0.005208333333333333,7.584962500721156,0.03950501302458935,0,0,0,0,0,0,1,0,0,1,1
consistency,17,4.065363390876559e-06,17.908184252993443,7.280327665919162e-05,10,4.2630344058337934,42.63034405833793,11,1,consist,NN,NOUN,1,NN,1,NOUN,0,2.1331367857227437,0.052083333333333336,4.2630344058337934,0.22203304197051008,0,0,0,0,0,0,1,0,0,1,1
conspire,1,2.3913902299273877e-07,21.995647094243783,5.260017556210532e-06,1,7.584962500721156,7.584962500721156,8,1,conspir,NN,NOUN,1,NN,1,NOUN,0,3.7950454676512337,0.005208333333333333,7.584962500721156,0.03950501302458935,0,0,0,1,0,1,0,0,0,0,-1
constant,26,6.2176145978112084e-06,17.29520737610269,0.00010753493385382819,19,3.3370349872775704,63.40366475827384,8,1,constant,NN,NOUN,1,NN,1,NOUN,0,1.669852904577417,0.09895833333333333,3.337034987277571,0.3302274206160096,0,0,0,0,0,0,1,0,0,1,1
constitutional,5342,0.0012774806608272106,9.612482833608672,0.012279760922468623,176,0.12553088208385882,22.093435246759153,14,1,constitut,NNP,NOUN,2,NN|NNP,1,NOUN,0,0.06449981764914256,0.9166666666666666,0.12553088208385912,0.11506997524353753,0,0,0,0,0,0,1,0,0,1,1
constrain,2,4.782780459854775e-07,20.995647094243783,1.0041757066435586e-05,2,6.584962500721156,13.169925001442312,9,1,constrain,NN,NOUN,1,NN,1,NOUN,0,3.2947222830646905,0.010416666666666666,6.584962500721156,0.06859335938251204,0,0,0,1,0,1,0,0,0,0,-1
constraint,17,4.065363390876559e-06,17.908184252993443,7.280327665919162e-05,12,4.0,48.0,10,1,constraint,NN,NOUN,1,NN,1,NOUN,0,2.001461040888936,0.0625,4.0,0.25,1,0,0,1,0,1,0,1,0,0,-1
contagious,36,8.609004827738597e-06,16.82572209280147,0.0001448527227271158,36,2.415037499278844,86.94134997403839,10,1,contagi,NN,NOUN,1,NN,1,NOUN,0,1.2084716257056793,0.1875,2.415037499278844,0.45281953111478324,0,0,1,1,0,1,0,0,0,0,-1
contamination,9,2.152251206934649e-06,18.82572209280147,4.0517683095648255e-05,5,5.2630344058337934,26.315172029168966,13,1,contamin,NN,NOUN,1,NN,1,NOUN,0,2.6333420806360954,0.026041666666666668,5.2630344058337934,0.1370581876519217,0,0,1,0,0,1,0,0,0,0,-1
contempt,137,3.276204615000521e-05,14.897615011283255,0.00048807635052467243,55,1.8036027871964966,99.19815329580732,8,1,contempt,NN,NOUN,2,NN|NNP,1,NOUN,0,0.9028170721114547,0.2864583333333333,1.8036027871964966,0.5166570484156631,1,0,1,1,0,1,0,0,0,0,-1
contemptuous,2,4.782780459854775e-07,20.995647094243783,1.0041757066435586e-05,2,6.584962500721156,13.169925001442312,12,1,contemptu,NN,NOUN,1,NN,1,NOUN,0,3.2946971791712376,0.010416666666666666,6.584962500721156,0.06859335938251204,1,0,0,0,0,1,0,0,0,0,-1
content,124,2.965323885109961e-05,15.041450783856908,0.00044602773276076834,56,1.777607578663552,99.5460244051589,7,1,content,NN,NOUN,2,NN|NNP,1,NOUN,0,0.889880312122648,0.2916666666666667,1.777607578663552,0.5184688771102026,0,0,0,0,1,0,1,0,0,1,1
contentious,28,6.6958926437966855e-06,17.188292172186177,0.00011509095911516958,10,4.2630344058337934,42.63034405833793,11,1,contenti,NN,NOUN,2,NN|NNP,1,NOUN,0,2.1331306031370807,0.052083333333333336,4.2630344058337934,0.22203304197051008,1,0,1,1,0,1,0,0,0,0,-1
continue,1176,0.0002812274910394608,11.795974749407417,0.0033173523831406806,156,0.29956028185890793,46.731403969989636,8,1,continu,NN,NOUN,2,NN|NNP,1,NOUN,0,0.15057471799024083,0.8125,0.29956028185890793,0.24339272901036269,0,1,0,0,0,0,1,0,0,1,1
contraband,2,4.782780459854775e-07,20.995647094243783,1.0041757066435586e-05,2,6.584962500721156,13.169925001442312,10,1,contraband,NN,NOUN,1,NN,1,NOUN,0,3.294687661846485,0.010416666666666666,6.584962500721156,0.06859335938251204,1,0,1,1,0,1,0,0,0,0,-1
contradict,57,1.363092431058611e-05,16.16275708007904,0.00022031331840894716,26,2.884522782580064,74.99759234708166,10,1,contradict,NN,NOUN,1,NN,1,NOUN,0,1.4437496163663666,0.13541666666666666,2.884522782580064,0.3906124601410503,1,0,0,0,0,1,0,0,0,0,-1
contributor,1,2.3913902299273877e-07,21.995647094243783,5.260017556210532e-06,1,7.584962500721156,7.584962500721156,11,1,contributor,NN,NOUN,1,NN,1,NOUN,0,3.7950461877497688,0.005208333333333333,7.584962500721156,0.03950501302458935,0,0,0,0,0,0,1,0,0,1,1
controversial,2,4.782780459854775e-07,20.995647094243783,1.0041757066435586e-05,2,6.584962500721156,13.169925001442312,13,1,controversi,NN,NOUN,1,NN,1,NOUN,0,3.294699644882271,0.010416666666666666,6.584962500721156,0.06859335938251204,1,0,0,0,0,1,0,0,0,0,-1
convict,14,3.3479463218983428e-06,18.188292172186177,6.089342587948313e-05,12,4.0,48.0,7,1,convict,NN,NOUN,1,NN,1,NOUN,0,2.0014774276219565,0.0625,4.0,0.25,1,0,1,1,0,1,0,1,0,0,-1
cooperating,6,1.4348341379564326e-06,19.410684593522628,2.785111289589125e-05,5,5.2630344058337934,26.315172029168966,11,1,cooper,VB,VERB,2,NNP|VB,2,NOUN|VERB,0,2.6333955969021487,0.026041666666666668,5.2630344058337934,0.1370581876519217,0,0,0,0,0,0,1,0,0,1,1
cooperation,361,8.63291873003787e-05,13.499792067356612,0.0011654260778989956,98,0.970252656605948,95.0847603473829,11,1,cooper,NN,NOUN,2,NN|NNP,1,NOUN,0,0.4863556303360476,0.5104166666666666,0.9702526566059481,0.49523312680928594,0,0,0,0,0,0,1,0,0,1,1
cooperative,112,2.6783570575186742e-05,15.188292172186179,0.00040679669531030484,38,2.3370349872775704,88.80732951654768,11,1,cooper,NN,NOUN,2,NN|NNP,1,NOUN,0,1.170040729340155,0.19791666666666666,2.337034987277571,0.46253817456535257,0,0,0,0,0,0,1,0,0,1,1
coronation,1,2.3913902299273877e-07,21.995647094243783,5.260017556210532e-06,1,7.584962500721156,7.584962500721156,10,1,coron,NNP,NOUN,1,NNP,1,NOUN,0,3.7950519984471414,0.005208333333333333,7.584962500721156,0.03950501302458935,0,0,0,0,1,0,1,0,0,1,1
corporation,161,3.850138270183094e-05,14.664730216129165,0.000564612390270293,42,2.192645077942396,92.09109327358063,11,1,corpor,NN,NOUN,2,NN|NNP,1,NOUN,0,1.0976598804661646,0.21875,2.192645077942396,0.4796411107998991,0,0,0,0,0,0,1,0,0,1,1
correspondence,187,4.4718997299642156e-05,14.448752634356145,0.0006461337300389699,132,0.5405683813627028,71.35502633987677,14,1,correspond,NN,NOUN,2,NN|NNP,1,NOUN,0,0.27077270294216244,0.6875,0.5405683813627028,0.37164076218685815,0,1,0,0,0,0,1,0,0,0,1
corrupting,1,2.3913902299273877e-07,21.995647094243783,5.260017556210532e-06,1,7.584962500721156,7.584962500721156,10,1,corrupt,VB,VERB,1,VB,1,VERB,0,3.7950269986195235,0.005208333333333333,7.584962500721156,0.03950501302458935,1,0,1,1,0,1,0,1,0,0,-1
corruption,249,5.954561672519196e-05,14.035645162175701,0.000835761147317709,61,1.6542251631582698,100.90773495265447,10,1,corrupt,NN,NOUN,2,NN|NNP,1,NOUN,0,0.8284233219520146,0.3177083333333333,1.65422516315827,0.5255611195450753,0,0,1,0,0,1,0,0,0,0,-1
council,9571,0.002288799589063503,8.771193140913214,0.02007550325651878,180,0.09310940439148145,16.759692790466662,7,1,council,NNP,NOUN,2,NN|NNP,1,NOUN,0,0.048992998147231494,0.9375,0.09310940439148145,0.08729006661701386,0,1,0,0,0,0,1,0,0,1,1
counsel,186,4.4479858276649417e-05,14.456488283135752,0.000643022550011921,74,1.3755091350922064,101.78767599682327,7,1,counsel,NN,NOUN,2,NN|NNP,1,NOUN,0,0.688930138642503,0.3854166666666667,1.3755091350922062,0.5301441458167878,0,0,0,0,0,0,1,0,0,1,1
counsellor,13,3.1088072989056042e-06,18.29520737610269,5.6876274225819694e-05,7,4.777607578663552,33.44325305064487,10,1,counsellor,NN,NOUN,2,NN|NNP,1,NOUN,0,2.3904988484348277,0.036458333333333336,4.777607578663552,0.17418360963877536,1,0,0,1,0,1,0,0,0,1,-1
counselor,3,7.174170689782163e-07,20.410684593522628,1.464297351692384e-05,1,7.584962500721156,7.584962500721156,9,1,counselor,NN,NOUN,1,NN,1,NOUN,0,3.7951254694120298,0.005208333333333333,7.584962500721156,0.03950501302458935,0,0,0,0,0,0,1,0,0,1,1
count,43,1.0282977988687768e-05,16.569382339541683,0.00017038259388365895,30,2.678071905112638,80.34215715337913,5,1,count,NN,NOUN,2,NN|NNP,1,NOUN,0,1.340158578264731,0.15625,2.678071905112638,0.4184487351738497,0,0,0,0,0,0,1,0,0,1,1
coup,17,4.065363390876559e-06,17.908184252993443,7.280327665919162e-05,15,3.678071905112638,55.17107857668957,4,1,coup,NN,NOUN,1,NN,1,NOUN,0,1.8404363530159564,0.078125,3.678071905112638,0.2873493675869248,1,0,0,0,0,0,0,0,1,0,0
courageous,2,4.782780459854775e-07,20.995647094243783,1.0041757066435586e-05,2,6.584962500721156,13.169925001442312,10,1,courag,NN,NOUN,1,NN,1,NOUN,0,3.294737558472175,0.010416666666666666,6.584962500721156,0.06859335938251204,0,0,0,1,0,0,1,0,0,0,1
court,17707,0.004234434680132426,7.883614909817597,0.0333826523789407,191,0.007533672685407421,1.4389314829128175,5,1,court,NNP,NOUN,2,NN|NNP,1,NOUN,0,0.004046213869106229,0.9947916666666666,0.007533672685407421,0.00749443480683759,1,1,0,1,0,0,0,0,0,0,0
covenant,23,5.500197528832992e-06,17.47208513818677,9.609991950061453e-05,15,3.678071905112638,55.17107857668957,8,1,coven,NN,NOUN,2,NN|NNP,1,NOUN,0,1.8406177341258239,0.078125,3.678071905112638,0.2873493675869248,0,0,0,0,0,0,1,0,0,1,1
cradle,3,7.174170689782163e-07,20.410684593522628,1.464297351692384e-05,3,6.0,18.0,6,1,cradl,NN,NOUN,2,NN|NNP,1,NOUN,0,3.002067855573839,0.015625,6.0,0.09375,0,1,0,0,1,0,1,0,0,1,1
create,431,0.00010306891890987042,13.244103035154684,0.0013650553817643267,114,0.7520724865564145,85.73626346743124,6,1,creat,NN,NOUN,2,NN|NNP,1,NOUN,0,0.3771362441731454,0.59375,0.7520724865564145,0.44654303889287106,0,0,0,0,1,0,1,0,0,0,1
credence,9,2.152251206934649e-06,18.82572209280147,4.0517683095648255e-05,9,4.415037499278844,39.7353374935096,8,1,credenc,NN,NOUN,2,NN|NNP,1,NOUN,0,2.209128857328307,0.046875,4.415037499278844,0.2069548827786958,0,0,0,0,0,0,1,0,0,1,1
credential,7,1.6739731609491714e-06,19.188292172186177,3.212068610069074e-05,6,5.0,30.0,10,1,credenti,NN,NOUN,1,NN,1,NOUN,0,2.5017578769999944,0.03125,5.0,0.15625,0,0,0,0,0,0,1,0,0,1,1
credibility,7,1.6739731609491714e-06,19.188292172186177,3.212068610069074e-05,3,6.0,18.0,11,1,credibl,NN,NOUN,1,NN,1,NOUN,0,3.0020915868133584,0.015625,6.0,0.09375,0,0,0,0,0,0,1,0,0,1,1
credible,10,2.3913902299273877e-06,18.67371899935642,4.465614917147038e-05,3,6.0,18.0,8,1,credibl,NN,NOUN,1,NN,1,NOUN,0,3.0020796673098915,0.015625,6.0,0.09375,0,0,0,0,0,0,1,0,0,1,1
credit,259,6.193700695511934e-05,13.97883880655723,0.0008658074363862273,80,1.2630344058337937,101.04275246670349,6,1,credit,NN,NOUN,2,NN|NNP,1,NOUN,0,0.6326106091050074,0.4166666666666667,1.2630344058337937,0.5262643357640807,0,0,0,0,0,0,1,0,0,1,1
crime,580,0.0001387006333357885,12.815738004228848,0.0017775509778520753,138,0.4764380439429871,65.74845006413221,5,1,crime,NN,NOUN,2,NN|NNP,1,NOUN,0,0.23911770192724593,0.71875,0.4764380439429871,0.342439844084022,1,0,0,0,0,1,0,0,0,0,-1
criminal,2385,0.000570346569837682,10.775873543350908,0.0061459825124548185,180,0.09310940439148145,16.759692790466662,8,1,crimin,NN,NOUN,2,NN|NNP,1,NOUN,0,0.04708033489408034,0.9375,0.09310940439148145,0.08729006661701386,1,0,1,1,0,1,0,0,0,0,-1
criminality,4,9.56556091970955e-07,19.995647094243783,1.9126958040900216e-05,4,5.584962500721156,22.339850002884624,11,1,crimin,NN,NOUN,2,NN|NNP,1,NOUN,0,2.7943854539771116,0.020833333333333332,5.584962500721156,0.11635338543169074,1,0,1,1,0,1,0,0,0,0,-1
crippled,1,2.3913902299273877e-07,21.995647094243783,5.260017556210532e-06,1,7.584962500721156,7.584962500721156,8,1,crippl,VB,VERB,1,VB,1,VERB,0,3.7950162628195123,0.005208333333333333,7.584962500721156,0.03950501302458935,0,0,0,0,0,1,0,1,0,0,-1
criticism,13,3.1088072989056042e-06,18.29520737610269,5.6876274225819694e-05,10,4.2630344058337934,42.63034405833793,9,1,critic,NN,NOUN,2,NN|NNP,1,NOUN,0,2.1331153585297327,0.052083333333333336,4.2630344058337934,0.22203304197051008,1,0,0,0,0,1,0,1,0,0,-1
criticize,2,4.782780459854775e-07,20.995647094243783,1.0041757066435586e-05,2,6.584962500721156,13.169925001442312,9,1,critic,NN,NOUN,1,NN,1,NOUN,0,3.2947170146047497,0.010416666666666666,6.584962500721156,0.06859335938251204,1,0,1,1,0,1,0,1,0,0,-1
cross,21,5.021919482847514e-06,17.603329671465023,8.840250424011793e-05,17,3.497499659470817,59.45749421100389,5,1,cross,NN,NOUN,2,NN|NNP,1,NOUN,0,1.7500605457774496,0.08854166666666667,3.4974996594708165,0.3096744490156452,1,0,0,1,0,1,0,1,0,0,-1
crowning,1,2.3913902299273877e-07,21.995647094243783,5.260017556210532e-06,1,7.584962500721156,7.584962500721156,8,1,crown,NNP,NOUN,1,NNP,1,NOUN,0,3.795032222392449,0.005208333333333333,7.584962500721156,0.03950501302458935,0,1,0,0,1,0,1,0,1,1,1
crucial,3,7.174170689782163e-07,20.410684593522628,1.464297351692384e-05,3,6.0,18.0,7,1,crucial,NN,NOUN,1,NN,1,NOUN,0,3.0020295009882005,0.015625,6.0,0.09375,0,0,0,0,0,0,1,0,0,1,1
crude,8,1.91311218394191e-06,18.995647094243783,3.634080389785852e-05,5,5.2630344058337934,26.315172029168966,5,1,crude,NN,NOUN,1,NN,1,NOUN,0,2.6333568101103992,0.026041666666666668,5.2630344058337934,0.1370581876519217,0,0,1,0,0,1,0,0,0,0,-1
cruel,129,3.08489339660633e-05,14.984419838820529,0.00046225337812754336,91,1.07716786052246,98.02227530754385,5,1,cruel,NN,NOUN,2,NN|NNP,1,NOUN,0,0.5393624266482008,0.4739583333333333,1.07716786052246,0.5105326838934575,1,0,1,1,0,1,0,1,0,0,-1
cruelty,15,3.5870853448910818e-06,18.088756498635263,6.488591334355788e-05,13,3.884522782580064,50.49879617354083,7,1,cruelti,NN,NOUN,1,NN,1,NOUN,0,1.9436611298187805,0.06770833333333333,3.884522782580064,0.2630145634038585,1,0,1,1,0,1,0,1,0,0,-1
cult,24,5.7393365518257305e-06,17.410684593522628,9.992577847991352e-05,15,3.678071905112638,55.17107857668957,4,1,cult,NN,NOUN,1,NN,1,NOUN,0,1.8404473412260287,0.078125,3.678071905112638,0.2873493675869248,0,0,0,1,0,1,0,0,0,0,-1
cultivate,7,1.6739731609491714e-06,19.188292172186177,3.212068610069074e-05,7,4.777607578663552,33.44325305064487,9,1,cultiv,NN,NOUN,1,NN,1,NOUN,0,2.39048910457396,0.036458333333333336,4.777607578663552,0.17418360963877536,0,1,0,0,0,0,1,0,0,1,1
cutting,3,7.174170689782163e-07,20.410684593522628,1.464297351692384e-05,3,6.0,18.0,7,1,cut,VB,VERB,2,NNP|VB,2,NOUN|VERB,0,3.002017252538454,0.015625,6.0,0.09375,1,0,1,1,0,1,0,1,0,0,-1
damage,169,4.0414494885772854e-05,14.594767657961599,0.0005898401628717321,82,1.2274104961030725,100.64766068045195,6,1,damag,NN,NOUN,2,NN|NNP,1,NOUN,0,0.6146779168144269,0.4270833333333333,1.2274104961030727,0.5242065660440206,1,0,1,0,0,1,0,1,0,0,-1
damages,183,4.37624412076712e-05,14.47994725595974,0.0006336778404791181,58,1.726981505593584,100.16492732442786,7,1,damag,NN,NOUN,2,NN|NNP,1,NOUN,0,0.8646167897789664,0.3020833333333333,1.7269815055935842,0.5216923298147286,0,0,0,0,0,1,0,1,0,0,-1
dame,1,2.3913902299273877e-07,21.995647094243783,5.260017556210532e-06,1,7.584962500721156,7.584962500721156,4,1,dame,NNP,NOUN,1,NNP,1,NOUN,0,3.7950389266583486,0.005208333333333333,7.584962500721156,0.03950501302458935,1,0,1,0,0,0,1,0,0,1,1
dance,2,4.782780459854775e-07,20.995647094243783,1.0041757066435586e-05,2,6.584962500721156,13.169925001442312,5,1,danc,NN,NOUN,2,NN|NNP,1,NOUN,0,3.294691678029404,0.010416666666666666,6.584962500721156,0.06859335938251204,0,0,0,0,1,0,1,0,0,1,1
danger,193,4.615383143759858e-05,14.403190056975703,0.0006647624060533525,85,1.1755715645834544,99.92358298959363,6,1,danger,NN,NOUN,2,NN|NNP,1,NOUN,0,0.5887489087534368,0.4427083333333333,1.1755715645834544,0.5204353280708001,0,0,0,1,0,1,0,1,0,0,-1
dangerous,72,1.7218009655477193e-05,15.82572209280147,0.0002724874357987545,55,1.8036027871964966,99.19815329580732,9,1,danger,NN,NOUN,2,NN|NNP,1,NOUN,0,0.9026974681284051,0.2864583333333333,1.8036027871964966,0.5166570484156631,0,0,0,1,0,1,0,0,0,0,-1
darkness,2,4.782780459854775e-07,20.995647094243783,1.0041757066435586e-05,2,6.584962500721156,13.169925001442312,8,1,dark,NN,NOUN,1,NN,1,NOUN,0,3.294710591659758,0.010416666666666666,6.584962500721156,0.06859335938251204,1,0,0,1,0,1,0,1,0,0,-1
daughter,4,9.56556091970955e-07,19.995647094243783,1.9126958040900216e-05,2,6.584962500721156,13.169925001442312,8,1,daughter,NN,NOUN,1,NN,1,NOUN,0,3.2947907570770885,0.010416666666666666,6.584962500721156,0.06859335938251204,0,0,0,0,1,0,1,0,0,0,1
dawn,3,7.174170689782163e-07,20.410684593522628,1.464297351692384e-05,3,6.0,18.0,4,1,dawn,NNP,NOUN,2,NN|NNP,1,NOUN,0,3.00204688719557,0.015625,6.0,0.09375,0,1,0,0,1,0,1,0,1,1,1
deal,144,3.4436019310954386e-05,14.82572209280147,0.0005105388522865545,64,1.584962500721156,101.43760004615399,4,1,deal,NN,NOUN,2,NN|NNP,1,NOUN,0,0.7935408076588465,0.3333333333333333,1.584962500721156,0.5283208335737186,0,1,0,0,1,0,1,0,1,1,1
death,896,0.00021426856460149394,12.188292172186179,0.0026115678686779572,164,0.2274104961030724,37.29532136090388,5,1,death,NN,NOUN,2,NN|NNP,1,NOUN,0,0.11424314271137258,0.8541666666666666,0.22741049610307268,0.19424646542137458,1,1,1,1,0,1,0,1,1,0,-1
debt,497,0.00011885209442739118,13.038545052681496,0.0015496583877970952,96,1.0,96.0,4,1,debt,NN,NOUN,2,NN|NNP,1,NOUN,0,0.5012743709579689,0.5,1.0,0.5,0,0,0,0,0,1,0,1,0,0,-1
decay,1,2.3913902299273877e-07,21.995647094243783,5.260017556210532e-06,1,7.584962500721156,7.584962500721156,5,1,decai,NN,NOUN,1,NN,1,NOUN,0,3.795033869620727,0.005208333333333333,7.584962500721156,0.03950501302458935,0,0,0,1,0,1,0,1,0,0,-1
deceased,59,1.4109202356571588e-05,16.11300404488194,0.00022734163464149579,43,2.158697746019058,92.8240030788195,8,1,deceas,VB,VERB,1,VB,1,VERB,0,1.0803516009410776,0.22395833333333334,2.158697746019058,0.48345834936885157,0,0,0,0,0,1,0,1,0,0,-1
deceit,5,1.1956951149636938e-06,19.67371899935642,2.3523769700698883e-05,4,5.584962500721156,22.339850002884624,6,1,deceit,NN,NOUN,1,NN,1,NOUN,0,2.794403673506135,0.020833333333333332,5.584962500721156,0.11635338543169074,1,0,1,1,0,1,0,1,1,0,-1
decomposition,1,2.3913902299273877e-07,21.995647094243783,5.260017556210532e-06,1,7.584962500721156,7.584962500721156,13,1,decomposit,NN,NOUN,1,NN,1,NOUN,0,3.7950138134882234,0.005208333333333333,7.584962500721156,0.03950501302458935,0,0,1,1,0,1,0,1,0,0,-1
defamation,24,5.7393365518257305e-06,17.410684593522628,9.992577847991352e-05,19,3.3370349872775704,63.40366475827384,10,1,defam,NN,NOUN,1,NN,1,NOUN,0,1.6697875180731332,0.09895833333333333,3.337034987277571,0.3302274206160096,0,0,1,1,0,1,0,0,0,0,-1
defamatory,14,3.3479463218983428e-06,18.188292172186177,6.089342587948313e-05,9,4.415037499278844,39.7353374935096,10,1,defamatori,NN,NOUN,2,NN|NNP,1,NOUN,0,2.2091996978375734,0.046875,4.415037499278844,0.2069548827786958,1,0,0,0,0,1,0,0,0,0,-1
default,110,2.6305292529201268e-05,15.214287380719123,0.0004002162801731519,55,1.8036027871964966,99.19815329580732,7,1,default,NN,NOUN,2,NN|NNP,1,NOUN,0,0.9027629581257045,0.2864583333333333,1.8036027871964966,0.5166570484156631,0,0,1,1,0,1,0,1,0,0,-1
defeated,18,4.304502413869298e-06,17.82572209280147,7.673086377742721e-05,14,3.777607578663552,52.886506101289726,8,1,defeat,VB,VERB,1,VB,1,VERB,0,1.8902004311988876,0.07291666666666667,3.777607578663552,0.275450552610884,0,0,0,0,0,1,0,1,0,0,-1
defect,27,6.456753620803947e-06,17.240759592080313,0.00011131933692157495,17,3.497499659470817,59.45749421100389,6,1,defect,NN,NOUN,1,NN,1,NOUN,0,1.7500493994618067,0.08854166666666667,3.4974996594708165,0.3096744490156452,1,0,0,0,0,1,0,0,0,0,-1
defection,7,1.6739731609491714e-06,19.188292172186177,3.212068610069074e-05,3,6.0,18.0,9,1,defect,NN,NOUN,1,NN,1,NOUN,0,3.002040336998606,0.015625,6.0,0.09375,0,0,0,1,0,1,0,0,0,0,-1
defective,2,4.782780459854775e-07,20.995647094243783,1.0041757066435586e-05,2,6.584962500721156,13.169925001442312,9,1,defect,NN,NOUN,1,NN,1,NOUN,0,3.2946883502761892,0.010416666666666666,6.584962500721156,0.06859335938251204,0,0,1,0,0,1,0,0,0,0,-1
defend,542,0.00012961335046206442,12.913498052889912,0.0016737617488204067,154,0.3181759600262548,48.99909784404324,6,1,defend,NN,NOUN,2,NN|NNP,1,NOUN,0,0.15962728334499646,0.8020833333333334,0.3181759600262548,0.2552036346043919,0,0,0,1,0,0,1,0,0,0,1
defendant,97,2.319648523029566e-05,15.395734252056656,0.0003571269221873892,43,2.158697746019058,92.8240030788195,9,1,defend,NN,NOUN,1,NN,1,NOUN,0,1.0805579346411818,0.22395833333333334,2.158697746019058,0.48345834936885157,1,0,0,1,0,0,0,1,0,0,0
defended,22,5.261058505840253e-06,17.536215475606486,9.225905558818699e-05,19,3.3370349872775704,63.40366475827384,8,1,defend,VB,VERB,1,VB,1,VERB,0,1.6698136739325629,0.09895833333333333,3.337034987277571,0.3302274206160096,0,0,0,0,0,0,1,0,0,1,1
defender,125,2.989237787409235e-05,15.029862809581696,0.00044927833849978333,28,2.777607578663552,77.77301220257945,8,1,defend,NNP,NOUN,2,NN|NNP,1,NOUN,0,1.3904173648897151,0.14583333333333334,2.777607578663552,0.4050677718884347,0,0,0,0,0,0,1,0,0,1,1
defense,988,0.00023626935471682592,12.047279862659105,0.0028464030392434778,99,0.9556058806415466,94.60498218351312,7,1,defens,NN,NOUN,2,NN|NNP,1,NOUN,0,0.48071295169313194,0.515625,0.9556058806415466,0.49273428220579746,1,1,0,1,0,0,1,0,0,0,1
defenseless,1,2.3913902299273877e-07,21.995647094243783,5.260017556210532e-06,1,7.584962500721156,7.584962500721156,11,1,defenseless,NN,NOUN,1,NN,1,NOUN,0,3.795014008894317,0.005208333333333333,7.584962500721156,0.03950501302458935,0,0,0,1,0,1,0,1,0,0,-1
deference,4,9.56556091970955e-07,19.995647094243783,1.9126958040900216e-05,4,5.584962500721156,22.339850002884624,9,1,defer,NN,NOUN,1,NN,1,NOUN,0,2.7944024737777498,0.020833333333333332,5.584962500721156,0.11635338543169074,0,0,0,0,0,0,1,0,0,1,1
defiance,3,7.174170689782163e-07,20.410684593522628,1.464297351692384e-05,3,6.0,18.0,8,1,defianc,NN,NOUN,1,NN,1,NOUN,0,3.0020337871897826,0.015625,6.0,0.09375,1,0,1,1,0,1,0,0,0,0,-1
definitive,188,4.495813632263489e-05,14.441058242566145,0.000649243065112399,42,2.192645077942396,92.09109327358063,10,1,definit,NN,NOUN,1,NN,1,NOUN,0,1.0980875108049855,0.21875,2.192645077942396,0.4796411107998991,0,0,0,0,0,0,1,0,0,1,1
deflation,1,2.3913902299273877e-07,21.995647094243783,5.260017556210532e-06,1,7.584962500721156,7.584962500721156,9,1,deflat,NN,NOUN,1,NN,1,NOUN,0,3.795017656726204,0.005208333333333333,7.584962500721156,0.03950501302458935,0,0,0,1,0,1,0,0,0,0,-1
defunct,3,7.174170689782163e-07,20.410684593522628,1.464297351692384e-05,2,6.584962500721156,13.169925001442312,7,1,defunct,NN,NOUN,1,NN,1,NOUN,0,3.294737606997329,0.010416666666666666,6.584962500721156,0.06859335938251204,0,0,0,0,0,1,0,1,0,0,-1
defy,1,2.3913902299273877e-07,21.995647094243783,5.260017556210532e-06,1,7.584962500721156,7.584962500721156,4,1,defi,NN,NOUN,1,NN,1,NOUN,0,3.79502871342147,0.005208333333333333,7.584962500721156,0.03950501302458935,1,0,0,1,0,1,0,1,1,0,-1
degrade,3,7.174170689782163e-07,20.410684593522628,1.464297351692384e-05,3,6.0,18.0,7,1,degrad,NN,NOUN,1,NN,1,NOUN,0,3.002047766030602,0.015625,6.0,0.09375,0,0,1,0,0,1,0,0,0,0,-1
degrading,162,3.874052172482368e-05,14.655797091359158,0.0005677732256124072,114,0.7520724865564145,85.73626346743124,9,1,degrad,VB,VERB,2,NNP|VB,2,NOUN|VERB,0,0.37664429112959646,0.59375,0.7520724865564145,0.44654303889287106,0,0,1,1,0,1,0,1,0,0,-1
delay,304,7.26982629897926e-05,13.747719580800197,0.000999435333594934,102,0.9125371587496606,93.07879019246538,5,1,delai,NN,NOUN,2,NN|NNP,1,NOUN,0,0.45720352269782705,0.53125,0.9125371587496606,0.4847853655857572,1,0,1,1,0,1,0,1,0,0,-1
delegate,339,8.106812879453845e-05,13.590505631107439,0.0011017568608855178,127,0.5962778139489903,75.72728237152177,8,1,deleg,NN,NOUN,2,NN|NNP,1,NOUN,0,0.29883886001740856,0.6614583333333334,0.5962778139489903,0.3944129290183425,0,0,0,0,0,0,1,0,0,1,1
delinquent,9,2.152251206934649e-06,18.82572209280147,4.0517683095648255e-05,7,4.777607578663552,33.44325305064487,10,1,delinqu,NN,NOUN,2,NN|NNP,1,NOUN,0,2.3904818378349906,0.036458333333333336,4.777607578663552,0.17418360963877536,1,0,1,0,0,1,0,0,0,0,-1
deliverance,1,2.3913902299273877e-07,21.995647094243783,5.260017556210532e-06,1,7.584962500721156,7.584962500721156,11,1,deliver,NN,NOUN,1,NN,1,NOUN,0,3.795054414958878,0.005208333333333333,7.584962500721156,0.03950501302458935,0,1,0,0,1,0,1,0,0,1,1
delivery,67,1.6022314540513498e-05,15.92955790378601,0.00025522838722578234,35,2.4556794837761897,85.94878193216664,8,1,deliveri,NN,NOUN,2,NN|NNP,1,NOUN,0,1.2290036989868796,0.18229166666666666,2.4556794837761897,0.44764990589670123,0,1,0,0,0,0,1,0,0,0,1
demand,420,0.00010043838965695029,13.28140157657766,0.0013339625867387409,91,1.07716786052246,98.02227530754385,6,1,demand,NN,NOUN,2,NN|NNP,1,NOUN,0,0.5401638243830038,0.4739583333333333,1.07716786052246,0.5105326838934575,1,0,0,0,0,1,0,0,0,0,-1
demise,13,3.1088072989056042e-06,18.29520737610269,5.6876274225819694e-05,7,4.777607578663552,33.44325305064487,6,1,demis,NN,NOUN,2,NN|NNP,1,NOUN,0,2.3906614138577478,0.036458333333333336,4.777607578663552,0.17418360963877536,0,0,0,1,0,1,0,1,0,0,-1
demolish,1,2.3913902299273877e-07,21.995647094243783,5.260017556210532e-06,1,7.584962500721156,7.584962500721156,8,1,demolish,NN,NOUN,1,NN,1,NOUN,0,3.795034125396867,0.005208333333333333,7.584962500721156,0.03950501302458935,1,0,0,0,0,1,0,1,0,0,-1
demonstrative,1,2.3913902299273877e-07,21.995647094243783,5.260017556210532e-06,1,7.584962500721156,7.584962500721156,13,1,demonstr,NN,NOUN,1,NN,1,NOUN,0,3.7950234326892507,0.005208333333333333,7.584962500721156,0.03950501302458935,0,0,0,0,1,0,1,1,0,0,1
denied,105,2.5109597414237573e-05,15.28140157657766,0.00038370984151316035,60,1.6780719051126378,100.68431430675827,6,1,deni,VB,VERB,1,VB,1,VERB,0,0.8401211439850971,0.3125,1.6780719051126378,0.5243974703476993,0,0,0,0,0,1,0,1,0,0,-1
denounce,26,6.2176145978112084e-06,17.29520737610269,0.00010753493385382819,20,3.263034405833794,65.26068811667588,8,1,denounc,NN,NOUN,1,NN,1,NOUN,0,1.6328492144235778,0.10416666666666667,3.263034405833794,0.3398994172743535,1,0,1,0,0,1,0,0,0,0,-1
denunciation,33,7.89158775876038e-06,16.95125297488533,0.00013377230047225552,19,3.3370349872775704,63.40366475827384,12,1,denunci,NN,NOUN,2,NN|NNP,1,NOUN,0,1.6698492439534574,0.09895833333333333,3.337034987277571,0.3302274206160096,1,0,1,1,0,1,0,0,0,0,-1
deny,56,1.3391785287593371e-05,16.188292172186177,0.00021679013294274578,38,2.3370349872775704,88.80732951654768,4,1,deni,NN,NOUN,1,NN,1,NOUN,0,1.1697032177798288,0.19791666666666666,2.337034987277571,0.46253817456535257,1,0,0,0,0,1,0,0,0,0,-1
denying,4,9.56556091970955e-07,19.995647094243783,1.9126958040900216e-05,4,5.584962500721156,22.339850002884624,7,1,deni,VB,VERB,2,NNP|VB,2,NOUN|VERB,0,2.794395098232739,0.020833333333333332,5.584962500721156,0.11635338543169074,0,1,0,0,0,1,0,0,0,0,-1
depart,26,6.2176145978112084e-06,17.29520737610269,0.00010753493385382819,19,3.3370349872775704,63.40366475827384,6,1,depart,NN,NOUN,1,NN,1,NOUN,0,1.669823280872668,0.09895833333333333,3.337034987277571,0.3302274206160096,0,1,0,0,0,0,0,1,0,0,0
departed,3,7.174170689782163e-07,20.410684593522628,1.464297351692384e-05,3,6.0,18.0,8,1,depart,VB,VERB,1,VB,1,VERB,0,3.002088097241432,0.015625,6.0,0.09375,0,0,0,0,0,1,0,1,0,0,-1
departure,25,5.9784755748184694e-06,17.35179090446906,0.00010373725810172555,22,3.1255308820838588,68.76167940584489,9,1,departur,NN,NOUN,2,NN|NNP,1,NOUN,0,1.5639982642093688,0.11458333333333333,3.125530882083859,0.3581337469054422,0,0,0,0,0,1,0,1,0,0,-1
depend,56,1.3391785287593371e-05,16.188292172186177,0.00021679013294274578,42,2.192645077942396,92.09109327358063,6,1,depend,NN,NOUN,1,NN,1,NOUN,0,1.097288273476616,0.21875,2.192645077942396,0.4796411107998991,0,1,0,0,0,0,0,0,0,1,0
dependence,16,3.82622436788382e-06,17.995647094243783,6.885538342783323e-05,11,4.125530882083859,45.380839702922444,10,1,depend,NN,NOUN,1,NN,1,NOUN,0,2.0642644989387797,0.057291666666666664,4.125530882083859,0.23635854011938773,0,0,0,1,0,1,0,1,0,0,-1
dependent,50,1.1956951149636939e-05,16.35179090446906,0.00019551756505381416,29,2.726981505593584,79.08246366221394,9,1,depend,NN,NOUN,2,NN|NNP,1,NOUN,0,1.3646411980875834,0.15104166666666666,2.726981505593584,0.4118878315740309,0,0,0,0,0,1,1,0,0,1,0
deport,2,4.782780459854775e-07,20.995647094243783,1.0041757066435586e-05,2,6.584962500721156,13.169925001442312,6,1,deport,NN,NOUN,1,NN,1,NOUN,0,3.294732787511849,0.010416666666666666,6.584962500721156,0.06859335938251204,0,0,0,1,0,1,0,1,0,0,-1
deportation,26,6.2176145978112084e-06,17.29520737610269,0.00010753493385382819,20,3.263034405833794,65.26068811667588,11,1,deport,NN,NOUN,2,NN|NNP,1,NOUN,0,1.6327516812963117,0.10416666666666667,3.263034405833794,0.3398994172743535,1,0,0,1,0,1,0,1,0,0,-1
depraved,1,2.3913902299273877e-07,21.995647094243783,5.260017556210532e-06,1,7.584962500721156,7.584962500721156,8,1,deprav,VB,VERB,1,VB,1,VERB,0,3.795034728814654,0.005208333333333333,7.584962500721156,0.03950501302458935,1,1,1,1,0,1,0,1,0,0,-1
depreciation,1,2.3913902299273877e-07,21.995647094243783,5.260017556210532e-06,1,7.584962500721156,7.584962500721156,12,1,depreci,NN,NOUN,1,NN,1,NOUN,0,3.7950138134882234,0.005208333333333333,7.584962500721156,0.03950501302458935,0,0,0,1,0,1,0,0,0,0,-1
depressed,2,4.782780459854775e-07,20.995647094243783,1.0041757066435586e-05,1,7.584962500721156,7.584962500721156,9,1,depress,VB,VERB,1,VB,1,VERB,0,3.795022131409592,0.005208333333333333,7.584962500721156,0.03950501302458935,1,0,0,1,0,1,0,1,0,0,-1
deprivation,223,5.3328002127380745e-05,14.194747194323478,0.0007569775085765143,87,1.142019004872428,99.35565342390123,11,1,depriv,NN,NOUN,2,NN|NNP,1,NOUN,0,0.5719713957370869,0.453125,1.142019004872428,0.5174773615828189,1,0,1,1,0,1,0,1,0,0,-1
depth,4,9.56556091970955e-07,19.995647094243783,1.9126958040900216e-05,4,5.584962500721156,22.339850002884624,5,1,depth,NN,NOUN,1,NN,1,NOUN,0,2.7944014381202273,0.020833333333333332,5.584962500721156,0.11635338543169074,0,0,0,0,0,0,1,0,0,1,1
derogation,71,1.6978870632484454e-05,15.845899974739101,0.0002690454857263839,35,2.4556794837761897,85.94878193216664,10,1,derog,NN,NOUN,2,NN|NNP,1,NOUN,0,1.2290453991433397,0.18229166666666666,2.4556794837761897,0.44764990589670123,1,0,1,1,0,1,0,1,0,0,-1
derogatory,4,9.56556091970955e-07,19.995647094243783,1.9126958040900216e-05,4,5.584962500721156,22.339850002884624,10,1,derogatori,NN,NOUN,2,NN|NNP,1,NOUN,0,2.794383855153203,0.020833333333333332,5.584962500721156,0.11635338543169074,1,0,1,1,0,1,0,1,0,0,-1
descent,108,2.582701448321579e-05,15.240759592080314,0.00039362331871986827,36,2.415037499278844,86.94134997403839,7,1,descent,NN,NOUN,2,NN|NNP,1,NOUN,0,1.2089066784657745,0.1875,2.415037499278844,0.45281953111478324,0,0,0,1,0,0,0,1,0,0,0
desecration,4,9.56556091970955e-07,19.995647094243783,1.9126958040900216e-05,4,5.584962500721156,22.339850002884624,11,1,desecr,NN,NOUN,2,NN|NNP,1,NOUN,0,2.7943928530164484,0.020833333333333332,5.584962500721156,0.11635338543169074,1,0,1,1,0,1,0,1,0,0,-1
deserted,1,2.3913902299273877e-07,21.995647094243783,5.260017556210532e-06,1,7.584962500721156,7.584962500721156,8,1,desert,VB,VERB,1,VB,1,VERB,0,3.7950166660926072,0.005208333333333333,7.584962500721156,0.03950501302458935,1,0,1,1,0,1,0,1,0,0,-1
deserve,7,1.6739731609491714e-06,19.188292172186177,3.212068610069074e-05,6,5.0,30.0,7,1,deserv,NN,NOUN,1,NN,1,NOUN,0,2.5017407244617442,0.03125,5.0,0.15625,1,1,0,0,0,0,1,0,0,1,1
desist,7,1.6739731609491714e-06,19.188292172186177,3.212068610069074e-05,5,5.2630344058337934,26.315172029168966,6,1,desist,NN,NOUN,1,NN,1,NOUN,0,2.6333434894406467,0.026041666666666668,5.2630344058337934,0.1370581876519217,1,0,1,0,0,1,0,0,0,0,-1
despotic,3,7.174170689782163e-07,20.410684593522628,1.464297351692384e-05,1,7.584962500721156,7.584962500721156,8,1,despot,NN,NOUN,1,NN,1,NOUN,0,3.7950667321000613,0.005208333333333333,7.584962500721156,0.03950501302458935,0,0,0,1,0,1,0,0,0,0,-1
despotism,3,7.174170689782163e-07,20.410684593522628,1.464297351692384e-05,3,6.0,18.0,9,1,despot,NN,NOUN,1,NN,1,NOUN,0,3.002113618157517,0.015625,6.0,0.09375,1,0,1,1,0,1,0,1,0,0,-1
destination,19,4.543641436862037e-06,17.747719580800197,8.063927409713152e-05,12,4.0,48.0,11,1,destin,NN,NOUN,1,NN,1,NOUN,0,2.001454165059177,0.0625,4.0,0.25,0,1,0,1,1,0,1,1,1,0,1
destitute,7,1.6739731609491714e-06,19.188292172186177,3.212068610069074e-05,6,5.0,30.0,9,1,destitut,NN,NOUN,1,NN,1,NOUN,0,2.5017231492078515,0.03125,5.0,0.15625,0,0,0,1,0,1,0,1,0,0,-1
destroyed,10,2.3913902299273877e-06,18.67371899935642,4.465614917147038e-05,8,4.584962500721156,36.67970000576925,9,1,destroi,VB,VERB,1,VB,1,VERB,0,2.2940773179747036,0.041666666666666664,4.584962500721156,0.19104010419671483,1,0,0,1,0,1,0,1,0,0,-1
destroying,7,1.6739731609491714e-06,19.188292172186177,3.212068610069074e-05,6,5.0,30.0,10,1,destroi,VB,VERB,2,NNP|VB,2,NOUN|VERB,0,2.501728465664392,0.03125,5.0,0.15625,1,0,0,1,0,1,0,1,0,0,-1
destruction,41,9.80469994270229e-06,16.6380950896257,0.00016313152997192836,27,2.8300749985576874,76.41202496105755,11,1,destruct,NN,NOUN,1,NN,1,NOUN,0,1.4162093659875234,0.140625,2.8300749985576874,0.3979792966721748,1,0,0,0,0,1,0,0,0,0,-1
destructive,7,1.6739731609491714e-06,19.188292172186177,3.212068610069074e-05,6,5.0,30.0,11,1,destruct,NN,NOUN,1,NN,1,NOUN,0,2.5018277752276044,0.03125,5.0,0.15625,1,0,1,1,0,1,0,0,0,0,-1
detainee,71,1.6978870632484454e-05,15.845899974739101,0.0002690454857263839,26,2.884522782580064,74.99759234708166,8,1,detaine,NN,NOUN,2,NN|NNP,1,NOUN,0,1.4436261852602346,0.13541666666666666,2.884522782580064,0.3906124601410503,1,1,0,1,0,1,0,1,0,0,-1
detention,955,0.00022837776695806554,12.096290171320671,0.0027625237378030108,150,0.35614381022527536,53.4215715337913,9,1,detent,NN,NOUN,2,NN|NNP,1,NOUN,0,0.17890780581958662,0.78125,0.35614381022527536,0.2782373517384964,0,0,0,0,0,1,0,1,0,0,-1
deteriorate,1,2.3913902299273877e-07,21.995647094243783,5.260017556210532e-06,1,7.584962500721156,7.584962500721156,11,1,deterior,NN,NOUN,1,NN,1,NOUN,0,3.7950323183714603,0.005208333333333333,7.584962500721156,0.03950501302458935,0,0,0,1,0,1,0,1,0,0,-1
deterioration,4,9.56556091970955e-07,19.995647094243783,1.9126958040900216e-05,3,6.0,18.0,13,1,deterior,NN,NOUN,2,NN|NNP,1,NOUN,0,3.0020290394258224,0.015625,6.0,0.09375,1,0,1,1,0,1,0,1,0,0,-1
determinate,2,4.782780459854775e-07,20.995647094243783,1.0041757066435586e-05,1,7.584962500721156,7.584962500721156,11,1,determin,NN,NOUN,1,NN,1,NOUN,0,3.7950937182091717,0.005208333333333333,7.584962500721156,0.03950501302458935,0,1,0,0,0,0,0,0,0,1,0
determination,751,0.00017959340626754684,12.44297799672951,0.002234676802544789,135,0.5081469036703253,68.59983199549391,13,1,determin,NN,NOUN,2,NN|NNP,1,NOUN,0,0.25500929266777245,0.703125,0.5081469036703253,0.3572907916431975,0,0,0,0,0,0,1,0,0,1,1
detract,6,1.4348341379564326e-06,19.410684593522628,2.785111289589125e-05,4,5.584962500721156,22.339850002884624,7,1,detract,NN,NOUN,1,NN,1,NOUN,0,2.7944049833697537,0.020833333333333332,5.584962500721156,0.11635338543169074,1,0,0,0,0,1,0,0,0,0,-1
devastating,1,2.3913902299273877e-07,21.995647094243783,5.260017556210532e-06,1,7.584962500721156,7.584962500721156,11,1,devast,VB,VERB,1,VB,1,VERB,0,3.7950269986195235,0.005208333333333333,7.584962500721156,0.03950501302458935,1,0,1,1,0,1,0,1,0,1,-1
devastation,1,2.3913902299273877e-07,21.995647094243783,5.260017556210532e-06,1,7.584962500721156,7.584962500721156,11,1,devast,NN,NOUN,1,NN,1,NOUN,0,3.7950264923365076,0.005208333333333333,7.584962500721156,0.03950501302458935,1,0,0,1,0,1,0,1,1,0,-1
develop,369,8.824229948432062e-05,13.468170088183387,0.0011884622984272473,111,0.7905466343710503,87.75067641518659,7,1,develop,NN,NOUN,2,NN|NNP,1,NOUN,0,0.39632802732459266,0.578125,0.7905466343710503,0.45703477299576345,0,1,0,0,0,0,1,0,0,0,1
devout,1,2.3913902299273877e-07,21.995647094243783,5.260017556210532e-06,1,7.584962500721156,7.584962500721156,6,1,devout,NN,NOUN,1,NN,1,NOUN,0,3.795046577723513,0.005208333333333333,7.584962500721156,0.03950501302458935,0,1,0,0,1,0,1,0,0,1,1
diagnosis,6,1.4348341379564326e-06,19.410684593522628,2.785111289589125e-05,6,5.0,30.0,9,1,diagnosi,NN,NOUN,1,NN,1,NOUN,0,2.5017239962691034,0.03125,5.0,0.15625,0,1,0,1,0,1,0,0,0,1,-1
diamond,1,2.3913902299273877e-07,21.995647094243783,5.260017556210532e-06,1,7.584962500721156,7.584962500721156,7,1,diamond,NN,NOUN,1,NN,1,NOUN,0,3.7950454676512337,0.005208333333333333,7.584962500721156,0.03950501302458935,0,0,0,0,1,0,1,0,0,0,1
dictatorial,2,4.782780459854775e-07,20.995647094243783,1.0041757066435586e-05,1,7.584962500721156,7.584962500721156,11,1,dictatori,NN,NOUN,1,NN,1,NOUN,0,3.79506869013874,0.005208333333333333,7.584962500721156,0.03950501302458935,1,0,0,0,0,1,0,0,0,0,-1
dictatorship,23,5.500197528832992e-06,17.47208513818677,9.609991950061453e-05,16,3.584962500721156,57.3594000115385,12,1,dictatorship,NN,NOUN,2,NN|NNP,1,NOUN,0,1.7939075742824702,0.08333333333333333,3.584962500721156,0.29874687506009634,1,1,1,1,0,1,0,1,0,0,-1
die,23,5.500197528832992e-06,17.47208513818677,9.609991950061453e-05,18,3.415037499278844,61.470674987019194,3,1,die,NN,NOUN,1,NN,1,NOUN,0,1.7088832077368157,0.09375,3.415037499278844,0.3201597655573916,0,0,0,1,0,1,0,1,0,0,-1
difficulties,27,6.456753620803947e-06,17.240759592080313,0.00011131933692157495,17,3.497499659470817,59.45749421100389,12,1,difficulti,NN,NOUN,1,NN,1,NOUN,0,1.750104899327999,0.08854166666666667,3.4974996594708165,0.3096744490156452,0,0,0,0,0,1,0,1,0,0,-1
difficulty,16,3.82622436788382e-06,17.995647094243783,6.885538342783323e-05,9,4.415037499278844,39.7353374935096,10,1,difficulti,NN,NOUN,1,NN,1,NOUN,0,2.2090711773380654,0.046875,4.415037499278844,0.2069548827786958,1,0,0,1,0,1,0,1,0,0,-1
dignity,650,0.0001554403649452802,12.651351186327966,0.0019665306454537228,157,0.2903417518295291,45.58365503723607,7,1,digniti,NN,NOUN,2,NN|NNP,1,NOUN,0,0.145755300321983,0.8177083333333334,0.2903417518295291,0.23741486998560454,0,0,0,0,0,0,1,0,0,1,1
dilapidated,1,2.3913902299273877e-07,21.995647094243783,5.260017556210532e-06,1,7.584962500721156,7.584962500721156,11,1,dilapid,VB,VERB,1,VB,1,VERB,0,3.795018701659025,0.005208333333333333,7.584962500721156,0.03950501302458935,0,0,1,0,0,1,0,1,0,0,-1
diligence,12,2.8696682759128652e-06,18.410684593522628,5.283255751586963e-05,6,5.0,30.0,9,1,dilig,NN,NOUN,1,NN,1,NOUN,0,2.5017741483741127,0.03125,5.0,0.15625,0,0,0,0,0,0,1,0,0,1,1
diminish,30,7.1741706897821635e-06,17.088756498635263,0.00012259765599733358,22,3.1255308820838588,68.76167940584489,8,1,diminish,NN,NOUN,1,NN,1,NOUN,0,1.5640781224357683,0.11458333333333333,3.125530882083859,0.3581337469054422,0,0,0,0,0,1,0,1,0,0,-1
diplomacy,5,1.1956951149636938e-06,19.67371899935642,2.3523769700698883e-05,5,5.2630344058337934,26.315172029168966,9,1,diplomaci,NN,NOUN,1,NN,1,NOUN,0,2.633350620509319,0.026041666666666668,5.2630344058337934,0.1370581876519217,0,1,0,0,0,0,1,0,0,1,1
diplomatic,308,7.365481908176354e-05,13.72886055354888,0.0010111967402704027,106,0.857042046157957,90.84645689274345,10,1,diplomat,NN,NOUN,2,NN|NNP,1,NOUN,0,0.42954344924769033,0.5520833333333334,0.8570420461579569,0.4731586296497054,0,0,0,0,0,0,1,0,0,1,1
dire,3,7.174170689782163e-07,20.410684593522628,1.464297351692384e-05,3,6.0,18.0,4,1,dire,NN,NOUN,1,NN,1,NOUN,0,3.002035205253028,0.015625,6.0,0.09375,0,0,1,1,0,1,0,1,1,0,-1
director,944,0.0002257472377051454,12.113004044881942,0.0027344772034433515,67,1.5188733102633836,101.7645117876467,8,1,director,NNP,NOUN,2,NN|NNP,1,NOUN,0,0.762411267956488,0.3489583333333333,1.5188733102633838,0.5300234988939933,0,0,0,0,0,0,1,0,0,1,1
disability,266,6.361098011606851e-05,13.940364658742594,0.0008867602591180194,121,0.6660992634465617,80.59801087703396,10,1,disabl,NN,NOUN,2,NN|NNP,1,NOUN,0,0.33370756781324457,0.6302083333333334,0.6660992634465616,0.4197813066512185,0,0,0,0,0,1,0,1,0,0,-1
disabled,172,4.113191195475107e-05,14.569382339541685,0.0005992665516251337,68,1.4974996594708168,101.82997684401553,8,1,disabl,VB,VERB,2,NNP|VB,2,NOUN|VERB,0,0.7498560417762633,0.3541666666666667,1.4974996594708165,0.5303644627292475,0,0,0,1,0,1,0,1,0,0,-1
disagree,12,2.8696682759128652e-06,18.410684593522628,5.283255751586963e-05,10,4.2630344058337934,42.63034405833793,8,1,disagre,NN,NOUN,1,NN,1,NOUN,0,2.133117563830696,0.052083333333333336,4.2630344058337934,0.22203304197051008,1,0,0,0,0,1,0,0,0,0,-1
disagreeing,2,4.782780459854775e-07,20.995647094243783,1.0041757066435586e-05,1,7.584962500721156,7.584962500721156,11,1,disagre,VB,VERB,1,VB,1,VERB,0,3.795021678510213,0.005208333333333333,7.584962500721156,0.03950501302458935,1,0,0,0,0,1,0,1,0,0,-1
disagreement,60,1.4348341379564327e-05,16.088756498635263,0.00023084697061510282,34,2.497499659470817,84.91498842200778,12,1,disagr,NN,NOUN,2,NN|NNP,1,NOUN,0,1.2499774825735857,0.17708333333333334,2.4974996594708165,0.44226556469795714,1,0,0,0,0,1,0,1,0,0,-1
disallowed,13,3.1088072989056042e-06,18.29520737610269,5.6876274225819694e-05,5,5.2630344058337934,26.315172029168966,10,1,disallow,VB,VERB,1,VB,1,VERB,0,2.633361963071892,0.026041666666666668,5.2630344058337934,0.1370581876519217,1,0,1,1,0,1,0,1,0,0,-1
disapproval,27,6.456753620803947e-06,17.240759592080313,0.00011131933692157495,15,3.678071905112638,55.17107857668957,11,1,disapprov,NN,NOUN,2,NN|NNP,1,NOUN,0,1.840493588831854,0.078125,3.678071905112638,0.2873493675869248,0,0,0,0,0,1,0,1,0,0,-1
disapprove,44,1.0522117011680507e-05,16.536215475606486,0.00017399599416469347,14,3.777607578663552,52.886506101289726,10,1,disapprov,NN,NOUN,1,NN,1,NOUN,0,1.890403686194792,0.07291666666666667,3.777607578663552,0.275450552610884,1,0,1,1,0,1,0,1,0,0,-1
disapproved,8,1.91311218394191e-06,18.995647094243783,3.634080389785852e-05,7,4.777607578663552,33.44325305064487,11,1,disapprov,VB,VERB,1,VB,1,VERB,0,2.3904709937269923,0.036458333333333336,4.777607578663552,0.17418360963877536,1,0,0,0,0,1,0,1,0,0,-1
disapproving,19,4.543641436862037e-06,17.747719580800197,8.063927409713152e-05,6,5.0,30.0,12,1,disapprov,VB,VERB,1,VB,1,VERB,0,2.5017707989134395,0.03125,5.0,0.15625,1,0,1,0,0,1,0,1,0,0,-1
disaster,98,2.34356242532884e-05,15.380937250128575,0.00036046186605742024,52,1.8845227825800641,97.99518469416333,8,1,disast,NN,NOUN,2,NN|NNP,1,NOUN,0,0.9433317895867623,0.2708333333333333,1.8845227825800641,0.5103915869487673,1,0,1,1,0,1,0,1,1,0,-1
disastrous,3,7.174170689782163e-07,20.410684593522628,1.464297351692384e-05,1,7.584962500721156,7.584962500721156,10,1,disastr,NN,NOUN,1,NN,1,NOUN,0,3.7950302951821135,0.005208333333333333,7.584962500721156,0.03950501302458935,1,0,0,1,0,1,0,1,0,0,-1
discipline,312,7.46113751737345e-05,13.710244875381534,0.0010229402241208625,107,0.8434955143200092,90.25402003224099,10,1,disciplin,NN,NOUN,2,NN|NNP,1,NOUN,0,0.42260686371549605,0.5572916666666666,0.8434955143200094,0.4700730210012552,0,0,0,1,0,1,0,0,0,0,-1
discord,8,1.91311218394191e-06,18.995647094243783,3.634080389785852e-05,7,4.777607578663552,33.44325305064487,7,1,discord,NN,NOUN,1,NN,1,NOUN,0,2.3905650992599665,0.036458333333333336,4.777607578663552,0.17418360963877536,1,0,1,0,0,1,0,0,0,0,-1
discourage,9,2.152251206934649e-06,18.82572209280147,4.0517683095648255e-05,8,4.584962500721156,36.67970000576925,10,1,discourag,NN,NOUN,1,NN,1,NOUN,0,2.294063167119453,0.041666666666666664,4.584962500721156,0.19104010419671483,0,0,0,1,0,1,0,1,0,0,-1
discretion,283,6.767634350694508e-05,13.8509888514119,0.0009373842794190184,59,1.702319451359315,100.43684763019958,10,1,discret,NN,NOUN,2,NN|NNP,1,NOUN,0,0.8525313551483431,0.3072916666666667,1.7023194513593147,0.5231085814072894,0,1,0,0,0,0,1,0,0,1,1
discriminate,36,8.609004827738597e-06,16.82572209280147,0.0001448527227271158,27,2.8300749985576874,76.41202496105755,12,1,discrimin,NN,NOUN,2,NN|NNP,1,NOUN,0,1.4161795741712166,0.140625,2.8300749985576874,0.3979792966721748,1,0,0,0,0,1,0,1,0,0,-1
discrimination,447,0.00010689514327775423,13.191516073060464,0.001410109000680596,148,0.37550913509220646,55.57535199364656,14,1,discrimin,NN,NOUN,2,NN|NNP,1,NOUN,0,0.1882828228203345,0.7708333333333334,0.37550913509220624,0.2894549583002423,1,0,1,1,0,1,0,1,0,0,-1
disease,80,1.91311218394191e-05,15.67371899935642,0.0002998558278535057,54,1.8300749985576876,98.82404992211514,7,1,diseas,NN,NOUN,1,NN,1,NOUN,0,0.9159923054503388,0.28125,1.8300749985576876,0.5147085933443496,1,0,1,1,0,1,0,1,0,0,-1
dishonest,8,1.91311218394191e-06,18.995647094243783,3.634080389785852e-05,6,5.0,30.0,9,1,dishonest,NN,NOUN,1,NN,1,NOUN,0,2.5017297689169684,0.03125,5.0,0.15625,1,0,1,0,0,1,0,1,0,0,-1
dishonesty,43,1.0282977988687768e-05,16.569382339541683,0.00017038259388365895,17,3.497499659470817,59.45749421100389,10,1,dishonesti,NN,NOUN,1,NN,1,NOUN,0,1.7501456216964062,0.08854166666666667,3.4974996594708165,0.3096744490156452,0,0,1,0,0,1,0,0,0,0,-1
dishonor,2,4.782780459854775e-07,20.995647094243783,1.0041757066435586e-05,2,6.584962500721156,13.169925001442312,8,1,dishonor,NN,NOUN,2,NN|NNP,1,NOUN,0,3.294691343016306,0.010416666666666666,6.584962500721156,0.06859335938251204,1,0,1,1,0,1,0,1,0,0,-1
disinformation,1,2.3913902299273877e-07,21.995647094243783,5.260017556210532e-06,1,7.584962500721156,7.584962500721156,14,1,disinform,NN,NOUN,1,NN,1,NOUN,0,3.795027669967648,0.005208333333333333,7.584962500721156,0.03950501302458935,1,0,0,1,0,1,0,0,0,0,-1
disintegrate,2,4.782780459854775e-07,20.995647094243783,1.0041757066435586e-05,1,7.584962500721156,7.584962500721156,12,1,disintegr,NN,NOUN,1,NN,1,NOUN,0,3.79502192637903,0.005208333333333333,7.584962500721156,0.03950501302458935,0,0,1,1,0,1,0,0,0,0,-1
dislike,2,4.782780459854775e-07,20.995647094243783,1.0041757066435586e-05,2,6.584962500721156,13.169925001442312,7,1,dislik,NN,NOUN,1,NN,1,NOUN,0,3.2947157244693694,0.010416666666666666,6.584962500721156,0.06859335938251204,1,0,1,0,0,1,0,0,0,0,-1
dismemberment,2,4.782780459854775e-07,20.995647094243783,1.0041757066435586e-05,2,6.584962500721156,13.169925001442312,13,1,dismember,NN,NOUN,1,NN,1,NOUN,0,3.2946950697062616,0.010416666666666666,6.584962500721156,0.06859335938251204,0,0,1,1,0,1,0,1,0,0,-1
dismissal,323,7.724190442665462e-05,13.660256739549858,0.0010551442455198749,100,0.9411063109464314,94.11063109464314,9,1,dismiss,NN,NOUN,2,NN|NNP,1,NOUN,0,0.4716580593419144,0.5208333333333334,0.9411063109464314,0.4901595369512664,1,0,1,1,0,1,0,1,1,0,-1
disobedience,9,2.152251206934649e-06,18.82572209280147,4.0517683095648255e-05,8,4.584962500721156,36.67970000576925,12,1,disobedi,NN,NOUN,1,NN,1,NOUN,0,2.2941342009358414,0.041666666666666664,4.584962500721156,0.19104010419671483,1,0,1,0,0,1,0,0,0,0,-1
disobey,5,1.1956951149636938e-06,19.67371899935642,2.3523769700698883e-05,5,5.2630344058337934,26.315172029168966,7,1,disobei,NN,NOUN,1,NN,1,NOUN,0,2.633345736636309,0.026041666666666668,5.2630344058337934,0.1370581876519217,1,0,1,0,0,1,0,0,0,0,-1
disorder,22,5.261058505840253e-06,17.536215475606486,9.225905558818699e-05,17,3.497499659470817,59.45749421100389,8,1,disord,NN,NOUN,1,NN,1,NOUN,0,1.7501685629237984,0.08854166666666667,3.4974996594708165,0.3096744490156452,0,0,0,1,0,1,0,0,0,0,-1
disparage,2,4.782780459854775e-07,20.995647094243783,1.0041757066435586e-05,2,6.584962500721156,13.169925001442312,9,1,disparag,NN,NOUN,1,NN,1,NOUN,0,3.294738463368603,0.010416666666666666,6.584962500721156,0.06859335938251204,1,0,1,0,0,1,0,1,0,0,-1
disparity,6,1.4348341379564326e-06,19.410684593522628,2.785111289589125e-05,6,5.0,30.0,9,1,dispar,NN,NOUN,1,NN,1,NOUN,0,2.5017367754590674,0.03125,5.0,0.15625,1,0,1,0,0,1,0,1,0,0,-1
displaced,31,7.4133097127749025e-06,17.041450783856906,0.0001263335526157419,17,3.497499659470817,59.45749421100389,9,1,displac,VB,VERB,2,NNP|VB,2,NOUN|VERB,0,1.7502352199686582,0.08854166666666667,3.4974996594708165,0.3096744490156452,1,0,0,1,0,0,0,1,0,0,0
disposed,55,1.3152646264600634e-05,16.214287380719124,0.00021326078635117658,39,2.299560281858908,89.68285099249741,8,1,dispos,VB,VERB,1,VB,1,VERB,0,1.150883896927898,0.203125,2.299560281858908,0.46709818225259064,0,1,0,0,0,0,1,0,0,1,1
dispossessed,8,1.91311218394191e-06,18.995647094243783,3.634080389785852e-05,7,4.777607578663552,33.44325305064487,12,1,dispossess,VB,VERB,1,VB,1,VERB,0,2.3905005252378833,0.036458333333333336,4.777607578663552,0.17418360963877536,1,0,0,1,0,1,0,1,0,0,-1
dispute,207,4.950177775949693e-05,14.302160136744456,0.0007079823525698603,84,1.1926450779423958,100.18218654716125,7,1,disput,NN,NOUN,2,NN|NNP,1,NOUN,0,0.5972582816391515,0.4375,1.1926450779423958,0.5217822215997981,1,0,0,0,0,1,0,0,0,0,-1
disqualified,463,0.00011072136764563805,13.140778710983547,0.001454964990808783,66,1.5405683813627027,101.67751316993838,12,1,disqualifi,VB,VERB,1,VB,1,VERB,0,0.7719830071069432,0.34375,1.5405683813627027,0.529570381093429,1,0,1,0,0,1,0,1,0,0,-1
disqualify,43,1.0282977988687768e-05,16.569382339541683,0.00017038259388365895,20,3.263034405833794,65.26068811667588,10,1,disqualifi,NN,NOUN,1,NN,1,NOUN,0,1.6328369605113393,0.10416666666666667,3.263034405833794,0.3398994172743535,0,0,0,0,0,1,0,1,0,0,-1
disregarded,14,3.3479463218983428e-06,18.188292172186177,6.089342587948313e-05,10,4.2630344058337934,42.63034405833793,11,1,disregard,VB,VERB,1,VB,1,VERB,0,2.1330278723463656,0.052083333333333336,4.2630344058337934,0.22203304197051008,0,0,1,0,0,1,0,0,0,0,-1
disrespect,7,1.6739731609491714e-06,19.188292172186177,3.212068610069074e-05,7,4.777607578663552,33.44325305064487,10,1,disrespect,NN,NOUN,1,NN,1,NOUN,0,2.390453725602003,0.036458333333333336,4.777607578663552,0.17418360963877536,1,0,0,0,0,1,0,0,0,0,-1
disruption,15,3.5870853448910818e-06,18.088756498635263,6.488591334355788e-05,12,4.0,48.0,10,1,disrupt,NN,NOUN,1,NN,1,NOUN,0,2.0014579396676075,0.0625,4.0,0.25,1,0,0,1,0,1,0,0,1,0,-1
dissension,1,2.3913902299273877e-07,21.995647094243783,5.260017556210532e-06,1,7.584962500721156,7.584962500721156,10,1,dissens,NN,NOUN,1,NN,1,NOUN,0,3.7950687141287083,0.005208333333333333,7.584962500721156,0.03950501302458935,1,0,0,0,0,1,0,0,0,0,-1
dissident,1,2.3913902299273877e-07,21.995647094243783,5.260017556210532e-06,1,7.584962500721156,7.584962500721156,9,1,dissid,NN,NOUN,1,NN,1,NOUN,0,3.7950175347793276,0.005208333333333333,7.584962500721156,0.03950501302458935,1,0,0,1,0,1,0,0,0,0,-1
dissolution,1291,0.00030872847868362575,11.661373808936592,0.003600198195394072,159,0.27207954543680074,43.26064772445132,11,1,dissolut,NN,NOUN,2,NN|NNP,1,NOUN,0,0.136916451987581,0.828125,0.27207954543680074,0.2253158735648506,1,0,0,1,0,1,0,1,1,0,-1
distorted,2,4.782780459854775e-07,20.995647094243783,1.0041757066435586e-05,2,6.584962500721156,13.169925001442312,9,1,distort,VB,VERB,1,VB,1,VERB,0,3.294691982571542,0.010416666666666666,6.584962500721156,0.06859335938251204,0,0,1,0,0,1,0,0,0,0,-1
distress,4,9.56556091970955e-07,19.995647094243783,1.9126958040900216e-05,3,6.0,18.0,8,1,distress,NN,NOUN,2,NN|NNP,1,NOUN,0,3.0020530771615896,0.015625,6.0,0.09375,1,0,1,1,0,1,0,1,1,0,-1
disturbance,52,1.2435229195622417e-05,16.29520737610269,0.00020263463851203395,28,2.777607578663552,77.77301220257945,11,1,disturb,NN,NOUN,1,NN,1,NOUN,0,1.390004837060819,0.14583333333333334,2.777607578663552,0.4050677718884347,1,0,0,1,0,1,0,1,1,0,-1
disturbed,8,1.91311218394191e-06,18.995647094243783,3.634080389785852e-05,7,4.777607578663552,33.44325305064487,9,1,disturb,VB,VERB,1,VB,1,VERB,0,2.3904967046082897,0.036458333333333336,4.777607578663552,0.17418360963877536,1,0,0,0,0,1,0,1,0,0,-1
divergent,8,1.91311218394191e-06,18.995647094243783,3.634080389785852e-05,8,4.584962500721156,36.67970000576925,9,1,diverg,NN,NOUN,1,NN,1,NOUN,0,2.2940779946244074,0.041666666666666664,4.584962500721156,0.19104010419671483,0,0,0,0,0,1,0,0,1,0,-1
diverse,51,1.2196090172629678e-05,16.323221752272286,0.00019907948439854301,32,2.584962500721156,82.718800023077,7,1,divers,NN,NOUN,2,NN|NNP,1,NOUN,0,1.2935796209417816,0.16666666666666666,2.584962500721156,0.430827083453526,0,0,0,0,0,1,1,0,0,0,0
diversion,12,2.8696682759128652e-06,18.410684593522628,5.283255751586963e-05,9,4.415037499278844,39.7353374935096,9,1,divers,NN,NOUN,1,NN,1,NOUN,0,2.2091053734953436,0.046875,4.415037499278844,0.2069548827786958,0,0,0,0,0,0,1,0,1,0,1
divorce,60,1.4348341379564327e-05,16.088756498635263,0.00023084697061510282,45,2.0931094043914813,94.18992319761666,7,1,divorc,NN,NOUN,2,NN|NNP,1,NOUN,0,1.047505541888588,0.234375,2.0931094043914813,0.49057251665425344,1,0,1,1,0,1,0,1,1,1,-1
doctor,16,3.82622436788382e-06,17.995647094243783,6.885538342783323e-05,12,4.0,48.0,6,1,doctor,NN,NOUN,2,NN|NNP,1,NOUN,0,2.001501234472483,0.0625,4.0,0.25,0,0,0,0,0,0,1,0,0,1,1
dominant,12,2.8696682759128652e-06,18.410684593522628,5.283255751586963e-05,11,4.125530882083859,45.380839702922444,8,1,domin,NN,NOUN,1,NN,1,NOUN,0,2.0642746717307188,0.057291666666666664,4.125530882083859,0.23635854011938773,0,0,0,1,0,1,0,0,0,0,-1
dominate,1,2.3913902299273877e-07,21.995647094243783,5.260017556210532e-06,1,7.584962500721156,7.584962500721156,8,1,domin,NN,NOUN,1,NN,1,NOUN,0,3.795013599099198,0.005208333333333333,7.584962500721156,0.03950501302458935,1,0,0,1,0,1,1,0,0,0,0
domination,28,6.6958926437966855e-06,17.188292172186177,0.00011509095911516958,21,3.192645077942396,67.0455466367903,10,1,domin,NN,NOUN,1,NN,1,NOUN,0,1.597655075388982,0.109375,3.192645077942396,0.34919555539994956,1,0,0,1,0,1,0,1,0,0,-1
dominion,75,1.793542672445541e-05,15.766828403747901,0.0002827847955124827,12,4.0,48.0,8,1,dominion,NNP,NOUN,2,NN|NNP,1,NOUN,0,2.0019583750757155,0.0625,4.0,0.25,0,0,0,1,0,0,0,0,0,1,0
doubt,107,2.558787546022305e-05,15.254180107842636,0.0003903220608472892,42,2.192645077942396,92.09109327358063,5,1,doubt,NN,NOUN,1,NN,1,NOUN,0,1.0974926612045504,0.21875,2.192645077942396,0.4796411107998991,0,0,0,1,0,1,0,1,0,1,-1
downfall,2,4.782780459854775e-07,20.995647094243783,1.0041757066435586e-05,1,7.584962500721156,7.584962500721156,8,1,downfal,NN,NOUN,1,NN,1,NOUN,0,3.7950468653597924,0.005208333333333333,7.584962500721156,0.03950501302458935,0,0,0,1,0,1,0,1,0,0,-1
dumps,2,4.782780459854775e-07,20.995647094243783,1.0041757066435586e-05,2,6.584962500721156,13.169925001442312,5,1,dump,NN,NOUN,1,NN,1,NOUN,0,3.29469123829007,0.010416666666666666,6.584962500721156,0.06859335938251204,1,0,0,0,0,1,0,1,0,0,-1
durability,2,4.782780459854775e-07,20.995647094243783,1.0041757066435586e-05,2,6.584962500721156,13.169925001442312,10,1,durabl,NN,NOUN,1,NN,1,NOUN,0,3.2947666324308673,0.010416666666666666,6.584962500721156,0.06859335938251204,0,0,0,0,0,0,1,0,0,1,1
durable,13,3.1088072989056042e-06,18.29520737610269,5.6876274225819694e-05,12,4.0,48.0,7,1,durabl,NN,NOUN,1,NN,1,NOUN,0,2.001475415222754,0.0625,4.0,0.25,0,0,0,0,0,0,1,0,0,1,1
duress,7,1.6739731609491714e-06,19.188292172186177,3.212068610069074e-05,6,5.0,30.0,6,1,duress,NN,NOUN,2,NN|NNP,1,NOUN,0,2.5017831208141033,0.03125,5.0,0.15625,1,0,1,1,0,1,0,1,0,0,-1
dutiful,2,4.782780459854775e-07,20.995647094243783,1.0041757066435586e-05,2,6.584962500721156,13.169925001442312,7,1,duti,NN,NOUN,1,NN,1,NOUN,0,3.294692882609581,0.010416666666666666,6.584962500721156,0.06859335938251204,0,1,0,0,0,0,1,0,0,1,1
dying,2,4.782780459854775e-07,20.995647094243783,1.0041757066435586e-05,2,6.584962500721156,13.169925001442312,5,1,dy,VB,VERB,1,VB,1,VERB,0,3.294715735274876,0.010416666666666666,6.584962500721156,0.06859335938251204,1,0,1,1,0,1,0,1,0,0,-1
eager,1,2.3913902299273877e-07,21.995647094243783,5.260017556210532e-06,1,7.584962500721156,7.584962500721156,5,1,eager,NNP,NOUN,1,NNP,1,NOUN,0,3.7950424199659225,0.005208333333333333,7.584962500721156,0.03950501302458935,0,1,0,0,1,0,1,0,1,1,1
earthquake,15,3.5870853448910818e-06,18.088756498635263,6.488591334355788e-05,12,4.0,48.0,10,1,earthquak,NN,NOUN,1,NN,1,NOUN,0,2.0014367580968764,0.0625,4.0,0.25,1,0,0,1,0,1,0,1,1,0,-1
edict,18,4.304502413869298e-06,17.82572209280147,7.673086377742721e-05,7,4.777607578663552,33.44325305064487,5,1,edict,NN,NOUN,1,NN,1,NOUN,0,2.3906703640418363,0.036458333333333336,4.777607578663552,0.17418360963877536,0,0,0,1,0,1,0,0,0,0,-1
edification,3,7.174170689782163e-07,20.410684593522628,1.464297351692384e-05,3,6.0,18.0,11,1,edif,NN,NOUN,1,NN,1,NOUN,0,3.002070226139841,0.015625,6.0,0.09375,0,1,0,0,1,0,1,0,0,1,1
educational,533,0.00012746109925512977,12.937655371484606,0.001649047775433462,124,0.6307661903342809,78.21500760145084,11,1,educ,NN,NOUN,2,NN|NNP,1,NOUN,0,0.31633385366649225,0.6458333333333334,0.6307661903342809,0.4073698312575565,0,0,0,0,0,0,1,0,0,1,1
effective,807,0.0001929851915551402,12.339222230966001,0.002381287165884418,143,0.4250911639427668,60.788036443815656,9,1,effect,NN,NOUN,2,NN|NNP,1,NOUN,0,0.2134950143212501,0.7447916666666666,0.4250911639427668,0.3166043564782065,0,0,0,0,0,0,1,0,0,1,1
efficient,197,4.711038752956954e-05,14.373595274787407,0.0006771456435884243,70,1.4556794837761897,101.89756386433328,9,1,effici,NN,NOUN,2,NN|NNP,1,NOUN,0,0.728842932838587,0.3645833333333333,1.4556794837761897,0.5307164784600692,0,1,0,0,0,0,1,0,0,1,1
elder,10,2.3913902299273877e-06,18.67371899935642,4.465614917147038e-05,6,5.0,30.0,5,1,elder,NN,NOUN,2,NN|NNP,1,NOUN,0,2.501912436281614,0.03125,5.0,0.15625,0,0,0,0,0,0,1,0,0,1,1
elders,16,3.82622436788382e-06,17.995647094243783,6.885538342783323e-05,4,5.584962500721156,22.339850002884624,6,1,elder,NNP,NOUN,2,NN|NNP,1,NOUN,0,2.794742752849777,0.020833333333333332,5.584962500721156,0.11635338543169074,0,0,0,0,0,0,1,0,0,1,1
elect,803,0.00019202863546316924,12.346390916726468,0.002370860600633851,162,0.24511249783653138,39.70822464951809,5,1,elect,NN,NOUN,2,NN|NNP,1,NOUN,0,0.1231582567697631,0.84375,0.24511249783653138,0.20681367004957335,0,0,0,0,0,0,1,0,0,1,1
electric,30,7.1741706897821635e-06,17.088756498635263,0.00012259765599733358,13,3.884522782580064,50.49879617354083,8,1,electr,NN,NOUN,2,NN|NNP,1,NOUN,0,1.943689697864623,0.06770833333333333,3.884522782580064,0.2630145634038585,0,0,0,0,1,0,1,0,1,0,1
elevation,1,2.3913902299273877e-07,21.995647094243783,5.260017556210532e-06,1,7.584962500721156,7.584962500721156,9,1,elev,NN,NOUN,1,NN,1,NOUN,0,3.7950280063907607,0.005208333333333333,7.584962500721156,0.03950501302458935,0,1,0,1,1,0,1,0,0,1,1
elimination,74,1.769628770146267e-05,15.786193728614833,0.00027935702593259384,49,1.970252656605948,96.54238017369146,11,1,elimin,NN,NOUN,2,NN|NNP,1,NOUN,0,0.986145705390344,0.2552083333333333,1.9702526566059482,0.5028248967379764,1,0,1,1,0,1,0,1,0,0,-1
elucidate,3,7.174170689782163e-07,20.410684593522628,1.464297351692384e-05,2,6.584962500721156,13.169925001442312,9,1,elucid,NN,NOUN,1,NN,1,NOUN,0,3.2947561413799122,0.010416666666666666,6.584962500721156,0.06859335938251204,0,0,0,0,0,0,1,0,0,1,1
emancipation,9,2.152251206934649e-06,18.82572209280147,4.0517683095648255e-05,7,4.777607578663552,33.44325305064487,12,1,emancip,NN,NOUN,2,NN|NNP,1,NOUN,0,2.3905261257032215,0.036458333333333336,4.777607578663552,0.17418360963877536,0,1,0,0,1,0,1,0,0,0,1
embarrassment,1,2.3913902299273877e-07,21.995647094243783,5.260017556210532e-06,1,7.584962500721156,7.584962500721156,13,1,embarrass,NN,NOUN,1,NN,1,NOUN,0,3.79502871342147,0.005208333333333333,7.584962500721156,0.03950501302458935,0,0,0,1,0,1,0,1,1,0,-1
embrace,8,1.91311218394191e-06,18.995647094243783,3.634080389785852e-05,8,4.584962500721156,36.67970000576925,7,1,embrac,NN,NOUN,1,NN,1,NOUN,0,2.294161624777532,0.041666666666666664,4.584962500721156,0.19104010419671483,0,1,0,0,1,0,1,0,1,1,1
emergency,1826,0.000436667855984741,11.16117604425956,0.004873726813515075,161,0.25404562260653923,40.90134523965282,9,1,emerg,NN,NOUN,2,NN|NNP,1,NOUN,0,0.12821059691915546,0.8385416666666666,0.25404562260653923,0.2130278397898584,0,0,0,1,0,1,0,1,1,0,-1
eminence,4,9.56556091970955e-07,19.995647094243783,1.9126958040900216e-05,3,6.0,18.0,8,1,emin,NN,NOUN,1,NN,1,NOUN,0,3.002027425905816,0.015625,6.0,0.09375,0,0,0,0,0,0,1,0,0,1,1
enable,281,6.71980654609596e-05,13.861220774022856,0.0009314472209416009,83,1.2099230693742313,100.4236147580612,6,1,enabl,NN,NOUN,1,NN,1,NOUN,0,0.6060233880618028,0.4322916666666667,1.2099230693742313,0.5230396601982354,0,0,0,0,0,0,1,0,0,1,1
encourage,268,6.408925816205399e-05,13.92955790378601,0.0008927350325790213,84,1.1926450779423958,100.18218654716125,9,1,encourag,NN,NOUN,2,NN|NNP,1,NOUN,0,0.5975333984844976,0.4375,1.1926450779423958,0.5217822215997981,0,0,0,0,1,0,1,0,0,1,1
encroachment,11,2.6305292529201267e-06,18.536215475606486,4.876005704701362e-05,7,4.777607578663552,33.44325305064487,12,1,encroach,NN,NOUN,1,NN,1,NOUN,0,2.3905646875343853,0.036458333333333336,4.777607578663552,0.17418360963877536,0,0,0,1,0,1,0,0,0,0,-1
encumbrance,7,1.6739731609491714e-06,19.188292172186177,3.212068610069074e-05,7,4.777607578663552,33.44325305064487,11,1,encumbr,NN,NOUN,1,NN,1,NOUN,0,2.390465157170876,0.036458333333333336,4.777607578663552,0.17418360963877536,1,0,0,1,0,1,0,1,0,0,-1
endanger,62,1.4826619425549805e-05,16.041450783856906,0.00023784048580593393,45,2.0931094043914813,94.18992319761666,8,1,endang,NN,NOUN,1,NN,1,NOUN,0,1.047527559618179,0.234375,2.0931094043914813,0.49057251665425344,0,1,0,1,0,1,0,0,0,0,-1
endangered,10,2.3913902299273877e-06,18.67371899935642,4.465614917147038e-05,10,4.2630344058337934,42.63034405833793,10,1,endang,VB,VERB,1,VB,1,VERB,0,2.133050947994992,0.052083333333333336,4.2630344058337934,0.22203304197051008,0,0,0,1,0,1,0,0,0,0,-1
endeavor,31,7.4133097127749025e-06,17.041450783856906,0.0001263335526157419,17,3.497499659470817,59.45749421100389,8,1,endeavor,NN,NOUN,1,NN,1,NOUN,0,1.7505259965053435,0.08854166666666667,3.4974996594708165,0.3096744490156452,0,1,0,0,0,0,1,0,0,0,1
endemic,8,1.91311218394191e-06,18.995647094243783,3.634080389785852e-05,6,5.0,30.0,7,1,endem,NN,NOUN,1,NN,1,NOUN,0,2.501734110806306,0.03125,5.0,0.15625,0,0,1,1,0,1,0,1,0,0,-1
endow,8,1.91311218394191e-06,18.995647094243783,3.634080389785852e-05,4,5.584962500721156,22.339850002884624,5,1,endow,NN,NOUN,1,NN,1,NOUN,0,2.7944325223943487,0.020833333333333332,5.584962500721156,0.11635338543169074,0,0,0,0,0,0,1,0,0,1,1
endowment,20,4.782780459854775e-06,17.67371899935642,8.452951788308599e-05,13,3.884522782580064,50.49879617354083,9,1,endow,NN,NOUN,2,NN|NNP,1,NOUN,0,1.9437268296876233,0.06770833333333333,3.884522782580064,0.2630145634038585,0,0,0,0,0,0,1,0,0,1,1
enemy,96,2.2957346207302922e-05,15.410684593522626,0.0003537884215050482,50,1.9411063109464315,97.05531554732157,5,1,enemi,NN,NOUN,2,NN|NNP,1,NOUN,0,0.9715585358345963,0.2604166666666667,1.9411063109464315,0.5054964351422999,1,0,1,1,0,1,0,0,0,0,-1
enforce,148,3.539257540292534e-05,14.786193728614833,0.0005233214764622623,66,1.5405683813627027,101.67751316993838,7,1,enforc,NN,NOUN,2,NN|NNP,1,NOUN,0,0.771413826898704,0.34375,1.5405683813627027,0.529570381093429,1,0,0,1,0,1,1,0,0,0,0
engaged,151,3.610999247190356e-05,14.757242354918704,0.0005328839103421707,68,1.4974996594708168,101.82997684401553,7,1,engag,VB,VERB,2,NNP|VB,2,NOUN|VERB,0,0.7496998139054628,0.3541666666666667,1.4974996594708165,0.5303644627292475,0,1,0,0,1,0,1,0,0,1,1
engaging,31,7.4133097127749025e-06,17.041450783856906,0.0001263335526157419,24,3.0,72.0,8,1,engag,VB,VERB,1,VB,1,VERB,0,1.5011960920761285,0.125,3.0,0.375,0,0,0,0,1,0,1,0,0,1,1
enjoy,743,0.00017768029408360493,12.458428693705185,0.0022136172741171593,153,0.3275746580285044,50.11892267836117,5,1,enjoi,NN,NOUN,2,NN|NNP,1,NOUN,0,0.16455197191421286,0.796875,0.3275746580285044,0.2610360556164644,0,1,0,0,1,0,1,0,0,1,1
enjoying,64,1.530489747153528e-05,15.995647094243783,0.00024481173876826233,40,2.263034405833794,90.52137623335176,8,1,enjoi,VB,VERB,1,VB,1,VERB,0,1.1327175558353737,0.20833333333333334,2.263034405833794,0.47146550121537373,0,1,0,0,1,0,1,0,0,1,1
enlighten,1,2.3913902299273877e-07,21.995647094243783,5.260017556210532e-06,1,7.584962500721156,7.584962500721156,9,1,enlighten,NNP,NOUN,1,NNP,1,NOUN,0,3.795064761365797,0.005208333333333333,7.584962500721156,0.03950501302458935,0,0,0,0,1,0,1,0,0,1,1
enlightenment,2,4.782780459854775e-07,20.995647094243783,1.0041757066435586e-05,2,6.584962500721156,13.169925001442312,13,1,enlighten,NN,NOUN,1,NN,1,NOUN,0,3.2947114300618074,0.010416666666666666,6.584962500721156,0.06859335938251204,0,0,0,0,1,0,1,0,0,1,1
enmity,8,1.91311218394191e-06,18.995647094243783,3.634080389785852e-05,6,5.0,30.0,6,1,enmiti,NN,NOUN,1,NN,1,NOUN,0,2.501807121541075,0.03125,5.0,0.15625,1,0,0,1,0,1,0,1,0,0,-1
ensemble,6,1.4348341379564326e-06,19.410684593522628,2.785111289589125e-05,3,6.0,18.0,8,1,ensembl,NN,NOUN,1,NN,1,NOUN,0,3.0021008587599414,0.015625,6.0,0.09375,0,0,0,0,0,0,1,0,0,1,1
enslaved,2,4.782780459854775e-07,20.995647094243783,1.0041757066435586e-05,2,6.584962500721156,13.169925001442312,8,1,enslav,VB,VERB,1,VB,1,VERB,0,3.294721856691462,0.010416666666666666,6.584962500721156,0.06859335938251204,1,0,1,1,0,1,0,1,0,0,-1
entertain,39,9.326421896716812e-06,16.710244875381534,0.00015584679370525824,22,3.1255308820838588,68.76167940584489,9,1,entertain,NN,NOUN,1,NN,1,NOUN,0,1.564041900297867,0.11458333333333333,3.125530882083859,0.3581337469054422,0,0,0,0,1,0,1,0,0,0,1
entertained,14,3.3479463218983428e-06,18.188292172186177,6.089342587948313e-05,6,5.0,30.0,11,1,entertain,VB,VERB,1,VB,1,VERB,0,2.5017929872370988,0.03125,5.0,0.15625,0,0,0,0,1,0,1,0,0,0,1
entertaining,3,7.174170689782163e-07,20.410684593522628,1.464297351692384e-05,3,6.0,18.0,12,1,entertain,VB,VERB,1,VB,1,VERB,0,3.0020264953839315,0.015625,6.0,0.09375,0,1,0,0,1,0,1,0,0,0,1
entertainment,23,5.500197528832992e-06,17.47208513818677,9.609991950061453e-05,17,3.497499659470817,59.45749421100389,13,1,entertain,NN,NOUN,1,NN,1,NOUN,0,1.7500409668787589,0.08854166666666667,3.4974996594708165,0.3096744490156452,0,1,0,0,1,0,1,0,1,1,1
enthusiasm,6,1.4348341379564326e-06,19.410684593522628,2.785111289589125e-05,4,5.584962500721156,22.339850002884624,10,1,enthusiasm,NN,NOUN,1,NN,1,NOUN,0,2.7944755983422795,0.020833333333333332,5.584962500721156,0.11635338543169074,0,1,0,0,1,0,1,0,1,0,1
epidemic,28,6.6958926437966855e-06,17.188292172186177,0.00011509095911516958,23,3.0614005446641435,70.4122125272753,8,1,epidem,NN,NOUN,1,NN,1,NOUN,0,1.531939906155124,0.11979166666666667,3.0614005446641435,0.36673027357955884,1,1,1,1,0,1,0,1,1,0,-1
equality,749,0.00017911512822156136,12.44682518578503,0.0022294146891032453,163,0.23623434649007874,38.50619847788283,8,1,equal,NN,NOUN,2,NN|NNP,1,NOUN,0,0.11863853014557728,0.8489583333333334,0.23623434649007846,0.2005531170723062,0,0,0,0,1,0,1,0,0,1,1
eradicate,22,5.261058505840253e-06,17.536215475606486,9.225905558818699e-05,19,3.3370349872775704,63.40366475827384,9,1,erad,NN,NOUN,1,NN,1,NOUN,0,1.6697846046654463,0.09895833333333333,3.337034987277571,0.3302274206160096,1,0,0,0,0,1,0,0,0,0,-1
eradication,32,7.65244873576764e-06,16.995647094243783,0.0001300583181198988,18,3.415037499278844,61.470674987019194,11,1,erad,NN,NOUN,2,NN|NNP,1,NOUN,0,1.7088493808415046,0.09375,3.415037499278844,0.3201597655573916,1,0,1,1,0,1,0,0,0,0,-1
error,27,6.456753620803947e-06,17.240759592080313,0.00011131933692157495,22,3.1255308820838588,68.76167940584489,5,1,error,NN,NOUN,1,NN,1,NOUN,0,1.5639868197365283,0.11458333333333333,3.125530882083859,0.3581337469054422,0,0,0,0,0,1,0,1,0,0,-1
eruption,2,4.782780459854775e-07,20.995647094243783,1.0041757066435586e-05,2,6.584962500721156,13.169925001442312,8,1,erupt,NN,NOUN,1,NN,1,NOUN,0,3.2946944803060014,0.010416666666666666,6.584962500721156,0.06859335938251204,1,0,0,1,0,1,0,0,1,0,-1
escape,36,8.609004827738597e-06,16.82572209280147,0.0001448527227271158,35,2.4556794837761897,85.94878193216664,6,1,escap,NN,NOUN,1,NN,1,NOUN,0,1.2288485104304476,0.18229166666666666,2.4556794837761897,0.44764990589670123,0,1,0,1,0,1,1,0,0,0,0
established,4293,0.0010266238257078276,9.92787663679596,0.010192194694022829,187,0.03806804083351967,7.118723635868178,11,1,establish,VB,VERB,2,NNP|VB,2,NOUN|VERB,0,0.01940927835182789,0.9739583333333334,0.038068040833519355,0.03707668560347979,0,0,0,0,1,0,1,0,0,0,1
esteem,19,4.543641436862037e-06,17.747719580800197,8.063927409713152e-05,9,4.415037499278844,39.7353374935096,6,1,esteem,NN,NOUN,1,NN,1,NOUN,0,2.209215876326969,0.046875,4.415037499278844,0.2069548827786958,0,0,0,0,1,0,1,1,0,1,1
evade,14,3.3479463218983428e-06,18.188292172186177,6.089342587948313e-05,12,4.0,48.0,5,1,evad,NN,NOUN,1,NN,1,NOUN,0,2.0014630216146436,0.0625,4.0,0.25,1,0,1,1,0,1,0,0,0,0,-1
evasion,10,2.3913902299273877e-06,18.67371899935642,4.465614917147038e-05,8,4.584962500721156,36.67970000576925,7,1,evas,NN,NOUN,1,NN,1,NOUN,0,2.2940979073705665,0.041666666666666664,4.584962500721156,0.19104010419671483,0,0,0,1,0,1,0,1,0,0,-1
eventuality,4,9.56556091970955e-07,19.995647094243783,1.9126958040900216e-05,3,6.0,18.0,11,1,eventu,NN,NOUN,1,NN,1,NOUN,0,3.0020382864384025,0.015625,6.0,0.09375,0,1,0,1,0,0,0,0,0,0,0
eviction,5,1.1956951149636938e-06,19.67371899935642,2.3523769700698883e-05,3,6.0,18.0,8,1,evict,NNP,NOUN,2,NN|NNP,1,NOUN,0,3.002041716125191,0.015625,6.0,0.09375,1,0,1,1,0,1,0,1,0,0,-1
evident,11,2.6305292529201267e-06,18.536215475606486,4.876005704701362e-05,8,4.584962500721156,36.67970000576925,7,1,evid,NN,NOUN,1,NN,1,NOUN,0,2.294141016052924,0.041666666666666664,4.584962500721156,0.19104010419671483,0,0,0,0,0,0,1,0,0,1,1
evil,7,1.6739731609491714e-06,19.188292172186177,3.212068610069074e-05,6,5.0,30.0,4,1,evil,NN,NOUN,1,NN,1,NOUN,0,2.5018024669982273,0.03125,5.0,0.15625,1,0,1,1,0,1,0,1,0,0,-1
exalt,4,9.56556091970955e-07,19.995647094243783,1.9126958040900216e-05,4,5.584962500721156,22.339850002884624,5,1,exalt,NN,NOUN,1,NN,1,NOUN,0,2.7943780169119528,0.020833333333333332,5.584962500721156,0.11635338543169074,0,1,0,0,1,0,1,0,0,1,1
exalted,3,7.174170689782163e-07,20.410684593522628,1.464297351692384e-05,1,7.584962500721156,7.584962500721156,7,1,exalt,NNP,NOUN,2,NNP|VB,2,NOUN|VERB,0,3.7950667321000613,0.005208333333333333,7.584962500721156,0.03950501302458935,0,0,0,0,1,0,1,0,0,1,1
examination,335,8.011157270256749e-05,13.607629808898647,0.0010901286247452086,99,0.9556058806415466,94.60498218351312,11,1,examin,NN,NOUN,2,NN|NNP,1,NOUN,0,0.47879751603621007,0.515625,0.9556058806415466,0.49273428220579746,0,0,0,1,0,1,0,0,1,0,-1
exceed,378,9.039455069125525e-05,13.43340467002271,0.0012143065794005129,127,0.5962778139489903,75.72728237152177,6,1,exce,VB,VERB,1,VB,1,VERB,0,0.2988426297716457,0.6614583333333334,0.5962778139489903,0.3944129290183425,0,1,0,0,1,0,1,0,0,0,1
excellence,7,1.6739731609491714e-06,19.188292172186177,3.212068610069074e-05,7,4.777607578663552,33.44325305064487,10,1,excel,NN,NOUN,1,NN,1,NOUN,0,2.390469074145637,0.036458333333333336,4.777607578663552,0.17418360963877536,0,0,1,0,1,0,1,0,0,1,1
excellent,13,3.1088072989056042e-06,18.29520737610269,5.6876274225819694e-05,5,5.2630344058337934,26.315172029168966,9,1,excel,NNP,NOUN,2,NN|NNP,1,NOUN,0,2.6334711866624576,0.026041666666666668,5.2630344058337934,0.1370581876519217,0,0,0,0,1,0,1,0,0,1,1
exchange,173,4.137105097774381e-05,14.561018866607057,0.0006024046538182899,76,1.3370349872775706,101.61465903309536,8,1,exchang,NN,NOUN,2,NN|NNP,1,NOUN,0,0.6694465443965463,0.3958333333333333,1.3370349872775709,0.5292430157973718,0,0,0,0,0,0,1,0,0,1,1
excite,2,4.782780459854775e-07,20.995647094243783,1.0041757066435586e-05,2,6.584962500721156,13.169925001442312,6,1,excit,NN,NOUN,1,NN,1,NOUN,0,3.2946895718008413,0.010416666666666666,6.584962500721156,0.06859335938251204,1,1,0,1,1,0,1,0,1,0,1
excitement,2,4.782780459854775e-07,20.995647094243783,1.0041757066435586e-05,1,7.584962500721156,7.584962500721156,10,1,excit,NN,NOUN,1,NN,1,NOUN,0,3.7950281312217267,0.005208333333333333,7.584962500721156,0.03950501302458935,0,1,0,0,1,0,1,0,1,0,1
exciting,1,2.3913902299273877e-07,21.995647094243783,5.260017556210532e-06,1,7.584962500721156,7.584962500721156,8,1,excit,VB,VERB,1,VB,1,VERB,0,3.795017631550491,0.005208333333333333,7.584962500721156,0.03950501302458935,0,1,0,0,1,0,1,0,1,0,1
excluded,123,2.941409982810687e-05,15.053132588904543,0.00044277434469576705,59,1.702319451359315,100.43684763019958,8,1,exclud,VB,VERB,2,NNP|VB,2,NOUN|VERB,0,0.8522325328458789,0.3072916666666667,1.7023194513593147,0.5231085814072894,0,0,1,0,0,1,0,1,0,0,-1
excluding,151,3.610999247190356e-05,14.757242354918704,0.0005328839103421707,64,1.584962500721156,101.43760004615399,9,1,exclud,VB,VERB,2,NNP|VB,2,NOUN|VERB,0,0.7934261068140688,0.3333333333333333,1.584962500721156,0.5283208335737186,0,0,0,0,0,1,0,1,0,0,-1
exclusion,149,3.563171442591808e-05,14.77647857378162,0.0005265112647616839,69,1.4764380439429872,101.87422503206612,9,1,exclus,NN,NOUN,2,NN|NNP,1,NOUN,0,0.7391250870015655,0.359375,1.4764380439429872,0.530594922042011,0,0,1,1,0,1,0,1,0,0,-1
execution,1110,0.00026544431552194005,11.879303133006314,0.003153293489018499,156,0.29956028185890793,46.731403969989636,9,1,execut,NN,NOUN,2,NN|NNP,1,NOUN,0,0.15058137400056562,0.8125,0.29956028185890793,0.24339272901036269,1,0,0,1,0,1,0,1,0,1,-1
exhausted,42,1.0043838965695029e-05,16.603329671465023,0.00016676116951454083,35,2.4556794837761897,85.94878193216664,9,1,exhaust,VB,VERB,1,VB,1,VERB,0,1.2289243264009857,0.18229166666666666,2.4556794837761897,0.44764990589670123,0,0,0,0,0,1,0,1,0,0,-1
exhaustion,13,3.1088072989056042e-06,18.29520737610269,5.6876274225819694e-05,10,4.2630344058337934,42.63034405833793,10,1,exhaust,NN,NOUN,1,NN,1,NOUN,0,2.133031103870844,0.052083333333333336,4.2630344058337934,0.22203304197051008,0,1,0,0,0,1,0,1,0,0,-1
exigent,1,2.3913902299273877e-07,21.995647094243783,5.260017556210532e-06,1,7.584962500721156,7.584962500721156,7,1,exig,NN,NOUN,1,NN,1,NOUN,0,3.795021510409928,0.005208333333333333,7.584962500721156,0.03950501302458935,0,1,1,1,0,1,0,0,1,0,-1
exile,20,4.782780459854775e-06,17.67371899935642,8.452951788308599e-05,19,3.3370349872775704,63.40366475827384,5,1,exil,NN,NOUN,1,NN,1,NOUN,0,1.6698304341078476,0.09895833333333333,3.337034987277571,0.3302274206160096,1,0,0,1,0,1,0,1,0,0,-1
expect,10,2.3913902299273877e-06,18.67371899935642,4.465614917147038e-05,10,4.2630344058337934,42.63034405833793,6,1,expect,NN,NOUN,1,NN,1,NOUN,0,2.1330707921967615,0.052083333333333336,4.2630344058337934,0.22203304197051008,0,1,0,0,0,0,1,0,1,1,1
expectation,2,4.782780459854775e-07,20.995647094243783,1.0041757066435586e-05,2,6.584962500721156,13.169925001442312,11,1,expect,NN,NOUN,1,NN,1,NOUN,0,3.2946979567390184,0.010416666666666666,6.584962500721156,0.06859335938251204,0,1,0,0,0,0,1,0,0,0,1
expedient,171,4.089277293175833e-05,14.577794579357885,0.0005961264435794995,48,2.0,96.0,9,1,expedi,NN,NOUN,1,NN,1,NOUN,0,1.0012755835899814,0.25,2.0,0.5,0,0,0,0,1,0,1,0,0,1,1
expedition,4,9.56556091970955e-07,19.995647094243783,1.9126958040900216e-05,4,5.584962500721156,22.339850002884624,10,1,expedit,NN,NOUN,1,NN,1,NOUN,0,2.7943776602166164,0.020833333333333332,5.584962500721156,0.11635338543169074,0,1,0,0,0,0,1,0,0,0,1
expel,13,3.1088072989056042e-06,18.29520737610269,5.6876274225819694e-05,12,4.0,48.0,5,1,expel,NN,NOUN,1,NN,1,NOUN,0,2.001590977576216,0.0625,4.0,0.25,1,0,1,1,0,1,0,1,0,0,-1
experienced,17,4.065363390876559e-06,17.908184252993443,7.280327665919162e-05,14,3.777607578663552,52.886506101289726,11,1,experienc,VB,VERB,1,VB,1,VERB,0,1.890258276153361,0.07291666666666667,3.777607578663552,0.275450552610884,0,0,0,0,0,0,1,0,0,1,1
experiment,4,9.56556091970955e-07,19.995647094243783,1.9126958040900216e-05,4,5.584962500721156,22.339850002884624,10,1,experi,NN,NOUN,1,NN,1,NOUN,0,2.7944090889423427,0.020833333333333332,5.584962500721156,0.11635338543169074,0,1,0,0,0,0,0,0,1,0,0
expert,32,7.65244873576764e-06,16.995647094243783,0.0001300583181198988,18,3.415037499278844,61.470674987019194,6,1,expert,NN,NOUN,2,NN|NNP,1,NOUN,0,1.7088344345694975,0.09375,3.415037499278844,0.3201597655573916,0,0,0,0,0,0,1,0,0,1,1
expertise,37,8.848143850731336e-06,16.786193728614833,0.00014852665681702824,25,2.9411063109464313,73.52765777366078,9,1,expertis,NN,NOUN,1,NN,1,NOUN,0,1.471790463180312,0.13020833333333334,2.9411063109464313,0.3829565509044833,0,0,0,0,0,0,1,0,0,1,1
expire,94,2.2479068161317444e-05,15.441058242566145,0.0003471006007175169,55,1.8036027871964966,99.19815329580732,6,1,expir,NN,NOUN,1,NN,1,NOUN,0,0.9029092521592917,0.2864583333333333,1.8036027871964966,0.5166570484156631,0,0,0,0,0,1,0,1,0,0,-1
explain,42,1.0043838965695029e-05,16.603329671465023,0.00016676116951454083,26,2.884522782580064,74.99759234708166,7,1,explain,NN,NOUN,1,NN,1,NOUN,0,1.4435276193968367,0.13541666666666666,2.884522782580064,0.3906124601410503,0,0,0,0,0,0,1,0,0,1,1
explosive,8,1.91311218394191e-06,18.995647094243783,3.634080389785852e-05,3,6.0,18.0,9,1,explos,NN,NOUN,1,NN,1,NOUN,0,3.002090719019628,0.015625,6.0,0.09375,1,1,0,1,0,1,0,0,1,0,-1
expose,25,5.9784755748184694e-06,17.35179090446906,0.00010373725810172555,19,3.3370349872775704,63.40366475827384,6,1,expos,NN,NOUN,1,NN,1,NOUN,0,1.6697914549753285,0.09895833333333333,3.337034987277571,0.3302274206160096,0,1,0,1,0,0,0,0,0,0,0
expulsion,112,2.6783570575186742e-05,15.188292172186179,0.00040679669531030484,61,1.6542251631582698,100.90773495265447,9,1,expuls,NN,NOUN,2,NN|NNP,1,NOUN,0,0.8280224071476971,0.3177083333333333,1.65422516315827,0.5255611195450753,1,0,1,1,0,1,0,1,0,0,-1
exterminate,1,2.3913902299273877e-07,21.995647094243783,5.260017556210532e-06,1,7.584962500721156,7.584962500721156,11,1,extermin,NN,NOUN,1,NN,1,NOUN,0,3.795025467926145,0.005208333333333333,7.584962500721156,0.03950501302458935,0,0,0,1,0,1,0,1,0,0,-1
extermination,1,2.3913902299273877e-07,21.995647094243783,5.260017556210532e-06,1,7.584962500721156,7.584962500721156,13,1,extermin,NN,NOUN,1,NN,1,NOUN,0,3.795032064042729,0.005208333333333333,7.584962500721156,0.03950501302458935,1,0,0,1,0,1,0,0,0,0,-1
extinct,5,1.1956951149636938e-06,19.67371899935642,2.3523769700698883e-05,5,5.2630344058337934,26.315172029168966,7,1,extinct,NN,NOUN,1,NN,1,NOUN,0,2.6333172928830737,0.026041666666666668,5.2630344058337934,0.1370581876519217,0,0,0,0,0,1,0,1,0,0,-1
extrajudicial,6,1.4348341379564326e-06,19.410684593522628,2.785111289589125e-05,5,5.2630344058337934,26.315172029168966,13,1,extrajudici,NN,NOUN,2,NN|NNP,1,NOUN,0,2.6333380740928285,0.026041666666666668,5.2630344058337934,0.1370581876519217,0,0,0,1,0,1,0,0,0,0,-1
fabrication,7,1.6739731609491714e-06,19.188292172186177,3.212068610069074e-05,5,5.2630344058337934,26.315172029168966,11,1,fabric,NN,NOUN,1,NN,1,NOUN,0,2.6333440675486712,0.026041666666666668,5.2630344058337934,0.1370581876519217,0,0,0,0,0,1,0,0,0,1,-1
facts,259,6.193700695511934e-05,13.97883880655723,0.0008658074363862273,79,1.2811817525440532,101.21335845098021,5,1,fact,NN,NOUN,1,NN,1,NOUN,0,0.6416373079441368,0.4114583333333333,1.2811817525440532,0.5271529085988552,0,0,0,0,0,0,1,0,0,1,1
faculty,55,1.3152646264600634e-05,16.214287380719124,0.00021326078635117658,22,3.1255308820838588,68.76167940584489,7,1,faculti,NN,NOUN,2,NN|NNP,1,NOUN,0,1.5640997614045353,0.11458333333333333,3.125530882083859,0.3581337469054422,0,0,0,0,0,0,1,0,0,1,1
failing,57,1.363092431058611e-05,16.16275708007904,0.00022031331840894716,36,2.415037499278844,86.94134997403839,7,1,fail,VB,VERB,2,NNP|VB,2,NOUN|VERB,0,1.2086327776371495,0.1875,2.415037499278844,0.45281953111478324,1,1,0,1,0,1,0,1,0,0,-1
failure,240,5.739336551825731e-05,14.088756498635265,0.0008086011514238968,91,1.07716786052246,98.02227530754385,7,1,failur,NN,NOUN,2,NN|NNP,1,NOUN,0,0.5394465583003978,0.4739583333333333,1.07716786052246,0.5105326838934575,0,0,1,1,0,1,0,1,0,0,-1
fairly,57,1.363092431058611e-05,16.16275708007904,0.00022031331840894716,36,2.415037499278844,86.94134997403839,6,1,fairli,RB,ADV,2,NNP|RB,2,ADV|NOUN,0,1.2086316508990897,0.1875,2.415037499278844,0.45281953111478324,0,0,0,0,0,0,1,0,0,1,1
faith,242,5.7871643564242786e-05,14.076783856969188,0.0008146466179014076,92,1.0614005446641432,97.64885010910118,5,1,faith,NN,NOUN,2,NN|NNP,1,NOUN,0,0.5315831940158978,0.4791666666666667,1.0614005446641432,0.508587760984902,0,1,0,0,1,0,1,0,0,1,1
faithful,135,3.2283768104019735e-05,14.918831497192953,0.00048163609643832284,61,1.6542251631582698,100.90773495265447,8,1,faith,NN,NOUN,2,NN|NNP,1,NOUN,0,0.8282117344560751,0.3177083333333333,1.65422516315827,0.5255611195450753,0,0,0,0,0,0,1,0,0,1,1
fall,160,3.82622436788382e-05,14.67371899935642,0.0005614494120281733,63,1.6076825772212395,101.28400236493809,4,1,fall,NN,NOUN,1,NN,1,NOUN,0,0.8049518916113366,0.328125,1.6076825772212395,0.5275208456507192,0,0,0,0,0,1,0,1,0,0,-1
falling,144,3.4436019310954386e-05,14.82572209280147,0.0005105388522865545,65,1.5625946876927017,101.5686547000256,7,1,fall,VB,VERB,1,VB,1,VERB,0,0.7823187990465968,0.3385416666666667,1.5625946876927015,0.5290034098959667,0,0,0,0,0,1,0,1,0,0,-1
falsehood,1,2.3913902299273877e-07,21.995647094243783,5.260017556210532e-06,1,7.584962500721156,7.584962500721156,9,1,falsehood,NN,NOUN,1,NN,1,NOUN,0,3.7950175347793276,0.005208333333333333,7.584962500721156,0.03950501302458935,1,0,0,0,0,1,0,0,0,1,-1
falsity,1,2.3913902299273877e-07,21.995647094243783,5.260017556210532e-06,1,7.584962500721156,7.584962500721156,7,1,falsiti,NN,NOUN,1,NN,1,NOUN,0,3.7950352994464738,0.005208333333333333,7.584962500721156,0.03950501302458935,0,0,1,0,0,1,0,0,0,0,-1
familiar,7,1.6739731609491714e-06,19.188292172186177,3.212068610069074e-05,7,4.777607578663552,33.44325305064487,8,1,familiar,NN,NOUN,1,NN,1,NOUN,0,2.3905427716738075,0.036458333333333336,4.777607578663552,0.17418360963877536,0,0,0,0,0,0,1,0,0,1,1
famine,1,2.3913902299273877e-07,21.995647094243783,5.260017556210532e-06,1,7.584962500721156,7.584962500721156,6,1,famin,NN,NOUN,1,NN,1,NOUN,0,3.7950377677947453,0.005208333333333333,7.584962500721156,0.03950501302458935,0,0,0,0,0,1,0,1,0,0,-1
fate,8,1.91311218394191e-06,18.995647094243783,3.634080389785852e-05,8,4.584962500721156,36.67970000576925,4,1,fate,NN,NOUN,1,NN,1,NOUN,0,2.2941023833839953,0.041666666666666664,4.584962500721156,0.19104010419671483,0,1,0,0,0,1,0,0,0,0,-1
fault,32,7.65244873576764e-06,16.995647094243783,0.0001300583181198988,18,3.415037499278844,61.470674987019194,5,1,fault,NN,NOUN,1,NN,1,NOUN,0,1.7088443433820055,0.09375,3.415037499278844,0.3201597655573916,0,0,0,0,0,1,0,1,0,0,-1
favorable,170,4.065363390876559e-05,14.586256158106082,0.0005929843179511223,49,1.970252656605948,96.54238017369146,9,1,favor,NN,NOUN,1,NN,1,NOUN,0,0.986471005519315,0.2552083333333333,1.9702526566059482,0.5028248967379764,0,1,0,0,1,0,1,0,1,1,1
fear,121,2.8935821782121393e-05,15.076783856969188,0.0004362591307328252,48,2.0,96.0,4,1,fear,NN,NOUN,1,NN,1,NOUN,0,1.0011156634937786,0.25,2.0,0.5,1,0,0,1,0,1,0,0,0,0,-1
fearing,1,2.3913902299273877e-07,21.995647094243783,5.260017556210532e-06,1,7.584962500721156,7.584962500721156,7,1,fear,VB,VERB,1,VB,1,VERB,0,3.7950368014346623,0.005208333333333333,7.584962500721156,0.03950501302458935,0,0,0,1,0,1,0,0,0,0,-1
fearless,1,2.3913902299273877e-07,21.995647094243783,5.260017556210532e-06,1,7.584962500721156,7.584962500721156,8,1,fearless,NN,NOUN,1,NN,1,NOUN,0,3.7950183628708754,0.005208333333333333,7.584962500721156,0.03950501302458935,0,0,0,1,0,0,1,0,0,0,1
fee,99,2.367476327628114e-05,15.366290474164172,0.0003637932894104106,51,1.9125371587496605,97.53939509623268,3,1,fee,NN,NOUN,2,NN|NNP,1,NOUN,0,0.9572491948207759,0.265625,1.9125371587496605,0.5080176827928785,1,0,0,0,0,1,0,0,0,0,-1
feeling,4,9.56556091970955e-07,19.995647094243783,1.9126958040900216e-05,4,5.584962500721156,22.339850002884624,7,1,feel,VB,VERB,1,VB,1,VERB,0,2.794370027972956,0.020833333333333332,5.584962500721156,0.11635338543169074,1,1,1,1,1,1,1,1,1,1,0
felicity,1,2.3913902299273877e-07,21.995647094243783,5.260017556210532e-06,1,7.584962500721156,7.584962500721156,8,1,felic,NN,NOUN,1,NN,1,NOUN,0,3.7950269986195235,0.005208333333333333,7.584962500721156,0.03950501302458935,0,0,0,0,1,0,1,0,0,0,1
fell,4,9.56556091970955e-07,19.995647094243783,1.9126958040900216e-05,4,5.584962500721156,22.339850002884624,4,1,fell,NN,NOUN,1,NN,1,NOUN,0,2.794391125557721,0.020833333333333332,5.584962500721156,0.11635338543169074,0,0,0,0,0,1,0,1,0,0,-1
fellow,10,2.3913902299273877e-06,18.67371899935642,4.465614917147038e-05,8,4.584962500721156,36.67970000576925,6,1,fellow,NN,NOUN,2,NN|NNP,1,NOUN,0,2.294094199204553,0.041666666666666664,4.584962500721156,0.19104010419671483,0,0,0,0,0,0,1,0,0,1,1
festival,4,9.56556091970955e-07,19.995647094243783,1.9126958040900216e-05,1,7.584962500721156,7.584962500721156,8,1,festiv,NN,NOUN,1,NN,1,NOUN,0,3.7950845357744782,0.005208333333333333,7.584962500721156,0.03950501302458935,0,1,0,0,1,0,1,0,1,0,1
festive,1,2.3913902299273877e-07,21.995647094243783,5.260017556210532e-06,1,7.584962500721156,7.584962500721156,7,1,festiv,NN,NOUN,1,NN,1,NOUN,0,3.7950148529802075,0.005208333333333333,7.584962500721156,0.03950501302458935,0,0,0,0,1,0,1,0,0,0,1
feudalism,5,1.1956951149636938e-06,19.67371899935642,2.3523769700698883e-05,2,6.584962500721156,13.169925001442312,9,1,feudal,NN,NOUN,1,NN,1,NOUN,0,3.2947773052007556,0.010416666666666666,6.584962500721156,0.06859335938251204,1,0,0,0,0,1,0,1,0,0,-1
fidelity,13,3.1088072989056042e-06,18.29520737610269,5.6876274225819694e-05,8,4.584962500721156,36.67970000576925,8,1,fidel,NN,NOUN,2,NN|NNP,1,NOUN,0,2.2942081062567454,0.041666666666666664,4.584962500721156,0.19104010419671483,0,0,0,0,1,0,1,0,0,1,1
fight,48,1.1478673103651461e-05,16.410684593522628,0.0001883728838561756,21,3.192645077942396,67.0455466367903,5,1,fight,NN,NOUN,2,NN|NNP,1,NOUN,0,1.5978533665341805,0.109375,3.192645077942396,0.34919555539994956,1,0,0,1,0,1,0,0,0,0,-1
fighting,20,4.782780459854775e-06,17.67371899935642,8.452951788308599e-05,13,3.884522782580064,50.49879617354083,8,1,fight,VB,VERB,2,NNP|VB,2,NOUN|VERB,0,1.943762122632064,0.06770833333333333,3.884522782580064,0.2630145634038585,1,0,0,0,0,1,0,0,0,0,-1
finally,73,1.7457148678469932e-05,15.805822535363765,0.00027592459398535584,45,2.0931094043914813,94.18992319761666,7,1,final,RB,ADV,2,NNP|RB,2,ADV|NOUN,0,1.0476734414966413,0.234375,2.0931094043914813,0.49057251665425344,0,1,1,0,1,0,1,0,1,1,1
firearms,14,3.3479463218983428e-06,18.188292172186177,6.089342587948313e-05,8,4.584962500721156,36.67970000576925,8,1,firearm,NN,NOUN,2,NN|NNP,1,NOUN,0,2.29422113070155,0.041666666666666664,4.584962500721156,0.19104010419671483,1,0,0,1,0,1,0,0,0,0,-1
firmness,4,9.56556091970955e-07,19.995647094243783,1.9126958040900216e-05,4,5.584962500721156,22.339850002884624,8,1,firm,NN,NOUN,1,NN,1,NOUN,0,2.7943967969103074,0.020833333333333332,5.584962500721156,0.11635338543169074,0,0,0,0,0,0,1,0,0,1,1
fitting,3,7.174170689782163e-07,20.410684593522628,1.464297351692384e-05,3,6.0,18.0,7,1,fit,VB,VERB,1,VB,1,VERB,0,3.002075056693077,0.015625,6.0,0.09375,0,1,0,0,1,0,1,0,0,1,1
flagrant,40,9.56556091970955e-06,16.67371899935642,0.00015949347484646242,22,3.1255308820838588,68.76167940584489,8,1,flagrant,NN,NOUN,2,NN|NNP,1,NOUN,0,1.5642339510464591,0.11458333333333333,3.125530882083859,0.3581337469054422,1,0,1,0,0,1,0,0,0,0,-1
flaw,1,2.3913902299273877e-07,21.995647094243783,5.260017556210532e-06,1,7.584962500721156,7.584962500721156,4,1,flaw,NN,NOUN,1,NN,1,NOUN,0,3.795014008894317,0.005208333333333333,7.584962500721156,0.03950501302458935,0,0,0,0,0,1,0,1,0,0,-1
flee,2,4.782780459854775e-07,20.995647094243783,1.0041757066435586e-05,2,6.584962500721156,13.169925001442312,4,1,flee,NN,NOUN,1,NN,1,NOUN,0,3.294738463368603,0.010416666666666666,6.584962500721156,0.06859335938251204,0,0,0,1,0,1,0,0,0,0,-1
flying,2,4.782780459854775e-07,20.995647094243783,1.0041757066435586e-05,2,6.584962500721156,13.169925001442312,6,1,fly,NNP,NOUN,2,NNP|VB,2,NOUN|VERB,0,3.294731653526504,0.010416666666666666,6.584962500721156,0.06859335938251204,0,0,0,1,0,0,1,0,0,0,1
foe,1,2.3913902299273877e-07,21.995647094243783,5.260017556210532e-06,1,7.584962500721156,7.584962500721156,3,1,foe,NN,NOUN,1,NN,1,NOUN,0,3.7950210298609695,0.005208333333333333,7.584962500721156,0.03950501302458935,1,0,0,1,0,1,0,0,0,0,-1
food,171,4.089277293175833e-05,14.577794579357885,0.0005961264435794995,53,1.857042046157957,98.42322844637172,4,1,food,NN,NOUN,2,NN|NNP,1,NOUN,0,0.9296273206181285,0.2760416666666667,1.8570420461579569,0.5126209814915194,0,0,0,0,1,0,1,0,0,1,1
forbid,15,3.5870853448910818e-06,18.088756498635263,6.488591334355788e-05,13,3.884522782580064,50.49879617354083,6,1,forbid,NN,NOUN,1,NN,1,NOUN,0,1.9437218994254941,0.06770833333333333,3.884522782580064,0.2630145634038585,0,0,0,0,0,1,0,1,0,0,-1
forbidding,6,1.4348341379564326e-06,19.410684593522628,2.785111289589125e-05,5,5.2630344058337934,26.315172029168966,10,1,forbid,VB,VERB,2,NNP|VB,2,NOUN|VERB,0,2.63334141736989,0.026041666666666668,5.2630344058337934,0.1370581876519217,1,0,0,1,0,1,0,0,0,0,-1
force,4859,0.0011619765127217178,9.749203377126497,0.011328345341968242,190,0.015106892390208387,2.8703095541395935,5,1,forc,NN,NOUN,2,NN|NNP,1,NOUN,0,0.0077112454164659115,0.9895833333333334,0.015106892390208387,0.014949528927810382,1,0,0,1,0,1,0,0,0,0,-1
forced,316,7.556793126570545e-05,13.69186634606668,0.0010346660149387924,120,0.6780719051126377,81.36862861351652,6,1,forc,VB,VERB,2,NNP|VB,2,NOUN|VERB,0,0.33979374336718476,0.625,0.6780719051126377,0.4237949406953986,0,0,0,1,0,1,0,0,0,0,-1
forcibly,8,1.91311218394191e-06,18.995647094243783,3.634080389785852e-05,8,4.584962500721156,36.67970000576925,8,1,forcibl,RB,ADV,1,RB,1,ADV,0,2.294121038643232,0.041666666666666664,4.584962500721156,0.19104010419671483,1,0,0,1,0,1,0,0,0,0,-1
forecast,4,9.56556091970955e-07,19.995647094243783,1.9126958040900216e-05,4,5.584962500721156,22.339850002884624,8,1,forecast,NN,NOUN,1,NN,1,NOUN,0,2.794383729397223,0.020833333333333332,5.584962500721156,0.11635338543169074,0,1,0,0,0,0,0,0,0,1,0
forefathers,6,1.4348341379564326e-06,19.410684593522628,2.785111289589125e-05,5,5.2630344058337934,26.315172029168966,11,1,forefath,NN,NOUN,2,NN|NNP,1,NOUN,0,2.63334495263732,0.026041666666666668,5.2630344058337934,0.1370581876519217,0,0,0,0,1,0,1,0,0,1,1
foreigner,38,9.087282873724075e-06,16.747719580800197,0.00015219126532053896,26,2.884522782580064,74.99759234708166,9,1,foreign,NN,NOUN,1,NN,1,NOUN,0,1.4435037596582905,0.13541666666666666,2.884522782580064,0.3906124601410503,0,0,0,1,0,1,0,0,0,0,-1
foresee,8,1.91311218394191e-06,18.995647094243783,3.634080389785852e-05,4,5.584962500721156,22.339850002884624,7,1,forese,NN,NOUN,1,NN,1,NOUN,0,2.7944656863398105,0.020833333333333332,5.584962500721156,0.11635338543169074,0,1,0,0,0,0,1,0,1,1,1
foreseen,42,1.0043838965695029e-05,16.603329671465023,0.00016676116951454083,17,3.497499659470817,59.45749421100389,8,1,foreseen,NN,NOUN,1,NN,1,NOUN,0,1.7503753175246415,0.08854166666666667,3.4974996594708165,0.3096744490156452,0,1,0,0,0,0,1,0,0,0,1
forfeit,22,5.261058505840253e-06,17.536215475606486,9.225905558818699e-05,16,3.584962500721156,57.3594000115385,7,1,forfeit,NN,NOUN,1,NN,1,NOUN,0,1.7940100481526562,0.08333333333333333,3.584962500721156,0.29874687506009634,1,0,0,0,0,1,0,1,0,0,-1
forfeiture,145,3.4675158333947125e-05,14.815738004228848,0.0005137380611309131,59,1.702319451359315,100.43684763019958,10,1,forfeitur,NN,NOUN,2,NN|NNP,1,NOUN,0,0.8522624849683754,0.3072916666666667,1.7023194513593147,0.5231085814072894,0,0,0,1,0,1,0,1,0,0,-1
forgiving,1,2.3913902299273877e-07,21.995647094243783,5.260017556210532e-06,1,7.584962500721156,7.584962500721156,9,1,forgiv,VB,VERB,1,VB,1,VERB,0,3.7950169188266165,0.005208333333333333,7.584962500721156,0.03950501302458935,0,0,0,0,0,0,1,0,0,1,1
forgotten,1,2.3913902299273877e-07,21.995647094243783,5.260017556210532e-06,1,7.584962500721156,7.584962500721156,9,1,forgotten,NN,NOUN,1,NN,1,NOUN,0,3.7950271091298364,0.005208333333333333,7.584962500721156,0.03950501302458935,0,0,0,1,0,1,0,1,0,0,-1
formative,2,4.782780459854775e-07,20.995647094243783,1.0041757066435586e-05,2,6.584962500721156,13.169925001442312,9,1,form,NN,NOUN,1,NN,1,NOUN,0,3.294687661846485,0.010416666666666666,6.584962500721156,0.06859335938251204,0,0,0,0,0,0,1,0,0,1,1
formula,31,7.4133097127749025e-06,17.041450783856906,0.0001263335526157419,11,4.125530882083859,45.380839702922444,7,1,formula,NN,NOUN,2,NN|NNP,1,NOUN,0,2.064381504539022,0.057291666666666664,4.125530882083859,0.23635854011938773,0,0,0,0,0,0,1,0,0,1,1
fortitude,1,2.3913902299273877e-07,21.995647094243783,5.260017556210532e-06,1,7.584962500721156,7.584962500721156,9,1,fortitud,NN,NOUN,1,NN,1,NOUN,0,3.795017631550491,0.005208333333333333,7.584962500721156,0.03950501302458935,0,0,0,0,1,0,1,0,0,1,1
fortress,4,9.56556091970955e-07,19.995647094243783,1.9126958040900216e-05,4,5.584962500721156,22.339850002884624,8,1,fortress,NN,NOUN,2,NN|NNP,1,NOUN,0,2.7944285258157318,0.020833333333333332,5.584962500721156,0.11635338543169074,0,0,0,1,0,0,1,1,0,1,1
fortune,2,4.782780459854775e-07,20.995647094243783,1.0041757066435586e-05,2,6.584962500721156,13.169925001442312,7,1,fortun,NN,NOUN,1,NN,1,NOUN,0,3.2947374907336715,0.010416666666666666,6.584962500721156,0.06859335938251204,0,1,0,0,1,0,1,0,1,1,1
found,289,6.911117764490151e-05,13.820721411743104,0.0009551663326676716,115,0.7394724497767808,85.0393317243298,5,1,found,NN,NOUN,1,NN,1,NOUN,1,0.37046196036836787,0.5989583333333334,0.7394724497767808,0.4429131860642177,0,0,0,0,1,0,1,0,0,1,1
fragile,1,2.3913902299273877e-07,21.995647094243783,5.260017556210532e-06,1,7.584962500721156,7.584962500721156,7,1,fragil,NN,NOUN,1,NN,1,NOUN,0,3.7950148529802075,0.005208333333333333,7.584962500721156,0.03950501302458935,0,0,0,1,0,1,0,1,0,0,-1
fraternal,12,2.8696682759128652e-06,18.410684593522628,5.283255751586963e-05,11,4.125530882083859,45.380839702922444,9,1,fratern,NN,NOUN,1,NN,1,NOUN,0,2.0642848029981935,0.057291666666666664,4.125530882083859,0.23635854011938773,0,0,0,0,1,0,1,0,0,1,1
fraud,50,1.1956951149636939e-05,16.35179090446906,0.00019551756505381416,28,2.777607578663552,77.77301220257945,5,1,fraud,NN,NOUN,1,NN,1,NOUN,0,1.3899323937783634,0.14583333333333334,2.777607578663552,0.4050677718884347,1,0,0,0,0,1,0,0,0,0,-1
fraudulent,16,3.82622436788382e-06,17.995647094243783,6.885538342783323e-05,16,3.584962500721156,57.3594000115385,10,1,fraudul,NN,NOUN,1,NN,1,NOUN,0,1.7937913688464973,0.08333333333333333,3.584962500721156,0.29874687506009634,1,0,1,0,0,1,0,0,0,0,-1
freedom,2860,0.0006839376057592329,10.51384766257803,0.007190815797660926,190,0.015106892390208387,2.8703095541395935,7,1,freedom,NN,NOUN,2,NN|NNP,1,NOUN,0,0.007669056821733823,0.9895833333333334,0.015106892390208387,0.014949528927810382,0,0,0,0,1,0,1,0,0,1,1
freely,595,0.00014228771868067959,12.778901236048476,0.0018182807041230542,151,0.34655776139607736,52.33022197080768,6,1,freeli,RB,ADV,2,NNP|RB,2,ADV|NOUN,0,0.1739342120291031,0.7864583333333334,0.3465577613960771,0.2725532394312898,0,0,0,0,1,0,1,0,0,1,1
friend,12,2.8696682759128652e-06,18.410684593522628,5.283255751586963e-05,8,4.584962500721156,36.67970000576925,6,1,friend,NN,NOUN,1,NN,1,NOUN,0,2.294096695693371,0.041666666666666664,4.584962500721156,0.19104010419671483,0,0,0,0,1,0,1,0,0,1,1
friendliness,1,2.3913902299273877e-07,21.995647094243783,5.260017556210532e-06,1,7.584962500721156,7.584962500721156,12,1,friendli,NN,NOUN,1,NN,1,NOUN,0,3.7950162628195123,0.005208333333333333,7.584962500721156,0.03950501302458935,0,0,0,0,1,0,1,0,0,1,1
friendly,28,6.6958926437966855e-06,17.188292172186177,0.00011509095911516958,24,3.0,72.0,8,1,friendli,RB,ADV,1,RB,1,ADV,0,1.5012345890383754,0.125,3.0,0.375,0,1,0,0,1,0,1,0,0,1,1
friendship,46,1.1000395057665985e-05,16.47208513818677,0.00018119944394356306,31,2.6307661903342807,81.5537519003627,10,1,friendship,NN,NOUN,2,NN|NNP,1,NOUN,0,1.3166303407736182,0.16145833333333334,2.6307661903342807,0.42475912448105574,0,0,0,0,1,0,1,0,0,1,1
fruitless,1,2.3913902299273877e-07,21.995647094243783,5.260017556210532e-06,1,7.584962500721156,7.584962500721156,9,1,fruitless,NN,NOUN,1,NN,1,NOUN,0,3.795015801913936,0.005208333333333333,7.584962500721156,0.03950501302458935,0,0,0,0,0,1,0,1,0,0,-1
frustrate,2,4.782780459854775e-07,20.995647094243783,1.0041757066435586e-05,2,6.584962500721156,13.169925001442312,9,1,frustrat,NN,NOUN,1,NN,1,NOUN,0,3.294688011952133,0.010416666666666666,6.584962500721156,0.06859335938251204,1,0,1,0,0,1,0,1,0,0,-1
frustrated,3,7.174170689782163e-07,20.410684593522628,1.464297351692384e-05,3,6.0,18.0,10,1,frustrat,VB,VERB,1,VB,1,VERB,0,3.0020361105163764,0.015625,6.0,0.09375,1,0,0,0,0,1,0,0,0,0,-1
frustration,1,2.3913902299273877e-07,21.995647094243783,5.260017556210532e-06,1,7.584962500721156,7.584962500721156,11,1,frustrat,NN,NOUN,1,NN,1,NOUN,0,3.795015801913936,0.005208333333333333,7.584962500721156,0.03950501302458935,1,0,0,0,0,1,0,0,0,0,-1
fugitive,8,1.91311218394191e-06,18.995647094243783,3.634080389785852e-05,7,4.777607578663552,33.44325305064487,8,1,fugit,NN,NOUN,1,NN,1,NOUN,0,2.3904472163989703,0.036458333333333336,4.777607578663552,0.17418360963877536,1,0,1,1,0,1,0,1,0,1,-1
fulfill,229,5.476283626533718e-05,14.156443306146839,0.0007752469868740478,79,1.2811817525440532,101.21335845098021,7,1,fulfil,NN,NOUN,2,NN|NNP,1,NOUN,0,0.6418112589732192,0.4114583333333333,1.2811817525440532,0.5271529085988552,0,0,0,0,1,0,1,0,0,0,1
fulfillment,182,4.352330218467846e-05,14.487852454045086,0.0006305591803644397,65,1.5625946876927017,101.5686547000256,11,1,fulfil,NN,NOUN,2,NN|NNP,1,NOUN,0,0.7824697071975512,0.3385416666666667,1.5625946876927015,0.5290034098959667,0,1,0,0,1,0,1,0,0,1,1
fully,186,4.4479858276649417e-05,14.456488283135752,0.000643022550011921,89,1.1092290697547584,98.7213872081735,5,1,fulli,RB,ADV,2,NNP|RB,2,ADV|NOUN,0,0.5555433781642997,0.4635416666666667,1.1092290697547584,0.514173891709237,0,0,0,0,0,0,1,0,0,1,1
fun,1,2.3913902299273877e-07,21.995647094243783,5.260017556210532e-06,1,7.584962500721156,7.584962500721156,3,1,fun,NNP,NOUN,1,NNP,1,NOUN,0,3.795015608440359,0.005208333333333333,7.584962500721156,0.03950501302458935,0,1,0,0,1,0,1,0,0,0,1
fundamental,1565,0.0003742525709836362,11.383700152423803,0.0042603790493514196,175,0.13375138888882745,23.406493055544804,11,1,fundament,NN,NOUN,2,NN|NNP,1,NOUN,0,0.06746057497465811,0.9114583333333334,0.13375138888882745,0.12190881799762919,0,0,0,0,0,0,1,0,0,1,1
fury,1,2.3913902299273877e-07,21.995647094243783,5.260017556210532e-06,1,7.584962500721156,7.584962500721156,4,1,furi,NN,NOUN,1,NN,1,NOUN,0,3.795025467926145,0.005208333333333333,7.584962500721156,0.03950501302458935,1,0,0,1,0,1,0,1,0,0,-1
gain,40,9.56556091970955e-06,16.67371899935642,0.00015949347484646242,28,2.777607578663552,77.77301220257945,4,1,gain,NN,NOUN,2,NN|NNP,1,NOUN,0,1.389993067794183,0.14583333333333334,2.777607578663552,0.4050677718884347,0,1,0,0,1,0,1,0,0,0,1
gall,1,2.3913902299273877e-07,21.995647094243783,5.260017556210532e-06,1,7.584962500721156,7.584962500721156,4,1,gall,NNP,NOUN,1,NNP,1,NOUN,0,3.795031139787504,0.005208333333333333,7.584962500721156,0.03950501302458935,1,0,1,0,0,1,0,0,0,0,-1
gambling,27,6.456753620803947e-06,17.240759592080313,0.00011131933692157495,13,3.884522782580064,50.49879617354083,8,1,gambl,VB,VERB,2,NNP|VB,2,NOUN|VERB,0,1.9437911694874337,0.06770833333333333,3.884522782580064,0.2630145634038585,0,1,0,0,0,1,0,0,1,0,-1
garden,2,4.782780459854775e-07,20.995647094243783,1.0041757066435586e-05,1,7.584962500721156,7.584962500721156,6,1,garden,NN,NOUN,1,NN,1,NOUN,0,3.79502192637903,0.005208333333333333,7.584962500721156,0.03950501302458935,0,0,0,0,1,0,1,0,0,0,1
gazette,681,0.0001628536746580551,12.58413610623171,0.0020493728072969435,106,0.857042046157957,90.84645689274345,7,1,gazett,NNP,NOUN,2,NN|NNP,1,NOUN,0,0.4300123549434754,0.5520833333333334,0.8570420461579569,0.4731586296497054,0,0,0,0,0,0,1,0,0,1,1
gem,2,4.782780459854775e-07,20.995647094243783,1.0041757066435586e-05,1,7.584962500721156,7.584962500721156,3,1,gem,NNP,NOUN,1,NNP,1,NOUN,0,3.795062364333676,0.005208333333333333,7.584962500721156,0.03950501302458935,0,0,0,0,1,0,1,0,0,0,1
general,5449,0.0013030685362874336,9.583871318667255,0.012488441171182856,192,0.0,0.0,7,1,gener,NN,NOUN,2,NN|NNP,1,NOUN,0,0.0,1.0,0.0,0.0,0,0,0,0,0,0,1,0,0,1,1
genuine,24,5.7393365518257305e-06,17.410684593522628,9.992577847991352e-05,18,3.415037499278844,61.470674987019194,7,1,genuin,NN,NOUN,1,NN,1,NOUN,0,1.7088236548062616,0.09375,3.415037499278844,0.3201597655573916,0,0,0,0,0,0,1,0,0,1,1
germ,1,2.3913902299273877e-07,21.995647094243783,5.260017556210532e-06,1,7.584962500721156,7.584962500721156,4,1,germ,NN,NOUN,1,NN,1,NOUN,0,3.7950162628195123,0.005208333333333333,7.584962500721156,0.03950501302458935,0,1,1,0,0,0,0,0,0,0,0
gift,21,5.021919482847514e-06,17.603329671465023,8.840250424011793e-05,11,4.125530882083859,45.380839702922444,4,1,gift,NN,NOUN,1,NN,1,NOUN,0,2.064307842556592,0.057291666666666664,4.125530882083859,0.23635854011938773,0,1,0,0,1,0,1,0,1,0,1
glad,1,2.3913902299273877e-07,21.995647094243783,5.260017556210532e-06,1,7.584962500721156,7.584962500721156,4,1,glad,NN,NOUN,1,NN,1,NOUN,0,3.7950269986195235,0.005208333333333333,7.584962500721156,0.03950501302458935,0,1,0,0,1,0,1,0,0,0,1
glorify,1,2.3913902299273877e-07,21.995647094243783,5.260017556210532e-06,1,7.584962500721156,7.584962500721156,7,1,glorifi,NN,NOUN,1,NN,1,NOUN,0,3.795032222392449,0.005208333333333333,7.584962500721156,0.03950501302458935,0,1,0,0,1,0,1,0,1,1,1
glory,10,2.3913902299273877e-06,18.67371899935642,4.465614917147038e-05,10,4.2630344058337934,42.63034405833793,5,1,glori,NN,NOUN,2,NN|NNP,1,NOUN,0,2.1330328158840763,0.052083333333333336,4.2630344058337934,0.22203304197051008,0,1,0,0,1,0,1,0,0,1,1
god,415,9.92426945419866e-05,13.298679568009495,0.0013197967941797246,106,0.857042046157957,90.84645689274345,3,1,god,NNP,NOUN,2,NN|NNP,1,NOUN,0,0.4297468411728323,0.5520833333333334,0.8570420461579569,0.4731586296497054,0,1,0,1,1,0,1,0,0,1,1
good,716,0.00017122354046280097,12.511831316979526,0.002142320055766584,160,0.2630344058337938,42.08550493340701,4,1,good,NN,NOUN,2,NN|NNP,1,NOUN,0,0.1320261502993105,0.8333333333333334,0.2630344058337938,0.21919533819482817,0,1,0,0,1,0,1,0,1,1,1
gore,3,7.174170689782163e-07,20.410684593522628,1.464297351692384e-05,1,7.584962500721156,7.584962500721156,4,1,gore,NNP,NOUN,1,NNP,1,NOUN,0,3.795072736661471,0.005208333333333333,7.584962500721156,0.03950501302458935,1,0,1,1,0,1,0,1,0,0,-1
gospel,1,2.3913902299273877e-07,21.995647094243783,5.260017556210532e-06,1,7.584962500721156,7.584962500721156,6,1,gospel,NNP,NOUN,1,NNP,1,NOUN,0,3.7950175347793276,0.005208333333333333,7.584962500721156,0.03950501302458935,0,0,0,0,0,0,1,0,0,1,1
govern,137,3.276204615000521e-05,14.897615011283255,0.00048807635052467243,56,1.777607578663552,99.5460244051589,6,1,govern,NN,NOUN,2,NN|NNP,1,NOUN,0,0.8901730964832827,0.2916666666666667,1.777607578663552,0.5184688771102026,0,0,0,0,0,0,1,0,0,1,1
government,11986,0.0028663203295909673,8.446584435673353,0.02421061668357718,192,0.0,0.0,10,1,govern,NNP,NOUN,2,NN|NNP,1,NOUN,0,0.0,1.0,0.0,0.0,0,0,0,1,0,1,0,0,0,0,-1
graduation,6,1.4348341379564326e-06,19.410684593522628,2.785111289589125e-05,4,5.584962500721156,22.339850002884624,10,1,graduat,NN,NOUN,1,NN,1,NOUN,0,2.79440532191849,0.020833333333333332,5.584962500721156,0.11635338543169074,0,1,0,1,1,0,1,0,1,1,1
grandchildren,2,4.782780459854775e-07,20.995647094243783,1.0041757066435586e-05,2,6.584962500721156,13.169925001442312,13,1,grandchildren,NN,NOUN,1,NN,1,NOUN,0,3.294721291348234,0.010416666666666666,6.584962500721156,0.06859335938251204,0,1,0,0,1,0,1,0,0,1,1
grant,833,0.0001992028061529514,12.293474408878234,0.0024488945996180398,154,0.3181759600262548,48.99909784404324,5,1,grant,NN,NOUN,2,NN|NNP,1,NOUN,0,0.15974076862009215,0.8020833333333334,0.3181759600262548,0.2552036346043919,0,1,0,0,1,0,1,0,0,1,1
grated,1,2.3913902299273877e-07,21.995647094243783,5.260017556210532e-06,1,7.584962500721156,7.584962500721156,6,1,grate,VB,VERB,1,VB,1,VERB,0,3.795018701659025,0.005208333333333333,7.584962500721156,0.03950501302458935,1,0,0,0,0,1,0,0,0,0,-1
gratitude,7,1.6739731609491714e-06,19.188292172186177,3.212068610069074e-05,6,5.0,30.0,9,1,gratitud,NN,NOUN,2,NN|NNP,1,NOUN,0,2.5018331323329353,0.03125,5.0,0.15625,0,0,0,0,1,0,1,0,0,0,1
grave,148,3.539257540292534e-05,14.786193728614833,0.0005233214764622623,72,1.4150374992788437,101.88269994807675,5,1,grave,NN,NOUN,2,NN|NNP,1,NOUN,0,0.7085210095108966,0.375,1.4150374992788437,0.5306390622295664,0,0,0,1,0,1,0,1,0,0,-1
greatness,2,4.782780459854775e-07,20.995647094243783,1.0041757066435586e-05,2,6.584962500721156,13.169925001442312,9,1,great,NN,NOUN,1,NN,1,NOUN,0,3.294718816520359,0.010416666666666666,6.584962500721156,0.06859335938251204,0,0,0,0,1,0,1,0,1,1,1
green,78,1.8652843793433624e-05,15.710244875381534,0.00029304074361708284,54,1.8300749985576876,98.82404992211514,5,1,green,NN,NOUN,2,NN|NNP,1,NOUN,0,0.9161206671301413,0.28125,1.8300749985576876,0.5147085933443496,0,0,0,0,1,0,1,0,0,1,1
grief,3,7.174170689782163e-07,20.410684593522628,1.464297351692384e-05,3,6.0,18.0,5,1,grief,NN,NOUN,1,NN,1,NOUN,0,3.002046565993428,0.015625,6.0,0.09375,0,0,0,0,0,1,0,1,0,0,-1
grievance,9,2.152251206934649e-06,18.82572209280147,4.0517683095648255e-05,6,5.0,30.0,9,1,grievanc,NN,NOUN,1,NN,1,NOUN,0,2.501756093591852,0.03125,5.0,0.15625,1,0,1,0,0,1,0,1,0,0,-1
gross,128,3.060979494307056e-05,14.995647094243783,0.0004590136825934541,44,2.1255308820838588,93.52335881168979,5,1,gross,NN,NOUN,2,NN|NNP,1,NOUN,0,1.0640253954272196,0.22916666666666666,2.125530882083859,0.4871008271442177,0,0,1,0,0,1,0,0,0,0,-1
grounded,10,2.3913902299273877e-06,18.67371899935642,4.465614917147038e-05,6,5.0,30.0,8,1,ground,VB,VERB,1,VB,1,VERB,0,2.5018227378057025,0.03125,5.0,0.15625,0,0,0,1,0,1,0,1,0,0,-1
grow,7,1.6739731609491714e-06,19.188292172186177,3.212068610069074e-05,7,4.777607578663552,33.44325305064487,4,1,grow,NN,NOUN,1,NN,1,NOUN,0,2.3904748288123225,0.036458333333333336,4.777607578663552,0.17418360963877536,0,1,0,0,1,0,1,0,0,1,1
guarantee,992,0.00023722591080879688,12.041450783856908,0.002856544129659756,148,0.37550913509220646,55.57535199364656,9,1,guarante,NN,NOUN,2,NN|NNP,1,NOUN,0,0.18882237799204815,0.7708333333333334,0.37550913509220624,0.2894549583002423,0,0,0,0,0,0,1,0,0,1,1
guard,55,1.3152646264600634e-05,16.214287380719124,0.00021326078635117658,30,2.678071905112638,80.34215715337913,5,1,guard,NN,NOUN,2,NN|NNP,1,NOUN,0,1.3403076257473865,0.15625,2.678071905112638,0.4184487351738497,0,0,0,1,0,0,1,0,0,1,1
guardian,156,3.730568758686725e-05,14.710244875381534,0.0005487757996472984,60,1.6780719051126378,100.68431430675827,8,1,guardian,NN,NOUN,2,NN|NNP,1,NOUN,0,0.8402122579478633,0.3125,1.6780719051126378,0.5243974703476993,0,0,0,0,0,0,1,0,0,1,1
guardianship,40,9.56556091970955e-06,16.67371899935642,0.00015949347484646242,26,2.884522782580064,74.99759234708166,12,1,guardianship,NN,NOUN,1,NN,1,NOUN,0,1.4434883685042603,0.13541666666666666,2.884522782580064,0.3906124601410503,0,0,0,0,0,0,1,0,0,1,1
guidance,58,1.3870063333578849e-05,16.13766609911621,0.00022383045085089015,36,2.415037499278844,86.94134997403839,8,1,guidanc,NN,NOUN,2,NN|NNP,1,NOUN,0,1.2088060520627957,0.1875,2.415037499278844,0.45281953111478324,0,0,0,0,0,0,1,0,0,1,1
guide,71,1.6978870632484454e-05,15.845899974739101,0.0002690454857263839,35,2.4556794837761897,85.94878193216664,5,1,guid,NN,NOUN,2,NN|NNP,1,NOUN,0,1.2290861171268643,0.18229166666666666,2.4556794837761897,0.44764990589670123,0,0,0,0,0,0,1,0,0,1,1
guilt,61,1.4587480402557066e-05,16.064909756680898,0.0002343465562444304,42,2.192645077942396,92.09109327358063,5,1,guilt,NN,NOUN,1,NN,1,NOUN,0,1.0974721100056535,0.21875,2.192645077942396,0.4796411107998991,0,0,1,0,0,1,0,1,0,0,-1
guilty,384,9.182938482921169e-05,13.410684593522626,0.0012314949163617695,127,0.5962778139489903,75.72728237152177,6,1,guilti,NN,NOUN,1,NN,1,NOUN,0,0.2988598721490358,0.6614583333333334,0.5962778139489903,0.3944129290183425,1,0,0,0,0,1,0,1,0,0,-1
gun,3,7.174170689782163e-07,20.410684593522628,1.464297351692384e-05,1,7.584962500721156,7.584962500721156,3,1,gun,NN,NOUN,1,NN,1,NOUN,0,3.7950512469133417,0.005208333333333333,7.584962500721156,0.03950501302458935,1,0,0,1,0,1,0,0,0,0,-1
handicap,7,1.6739731609491714e-06,19.188292172186177,3.212068610069074e-05,7,4.777607578663552,33.44325305064487,8,1,handicap,NN,NOUN,1,NN,1,NOUN,0,2.3905517335544735,0.036458333333333336,4.777607578663552,0.17418360963877536,0,0,0,0,0,1,0,1,0,0,-1
happiness,30,7.1741706897821635e-06,17.088756498635263,0.00012259765599733358,21,3.192645077942396,67.0455466367903,9,1,happi,NN,NOUN,2,NN|NNP,1,NOUN,0,1.5976566224187154,0.109375,3.192645077942396,0.34919555539994956,0,1,0,0,1,0,1,0,0,0,1
happy,7,1.6739731609491714e-06,19.188292172186177,3.212068610069074e-05,6,5.0,30.0,5,1,happi,NN,NOUN,1,NN,1,NOUN,0,2.5017607100240395,0.03125,5.0,0.15625,0,1,0,0,1,0,1,0,0,1,1
hardship,18,4.304502413869298e-06,17.82572209280147,7.673086377742721e-05,17,3.497499659470817,59.45749421100389,8,1,hardship,NN,NOUN,1,NN,1,NOUN,0,1.7500218883180352,0.08854166666666667,3.4974996594708165,0.3096744490156452,0,0,0,0,0,1,0,1,0,0,-1
harm,69,1.6500592586498976e-05,15.887122637465614,0.0002621469380125652,40,2.263034405833794,90.52137623335176,4,1,harm,NN,NOUN,1,NN,1,NOUN,0,1.1326661947136756,0.20833333333333334,2.263034405833794,0.47146550121537373,0,0,0,1,0,1,0,0,0,0,-1
harmful,74,1.769628770146267e-05,15.786193728614833,0.00027935702593259384,48,2.0,96.0,7,1,harm,NN,NOUN,2,NN|NNP,1,NOUN,0,1.0010526685786256,0.25,2.0,0.5,1,0,1,1,0,1,0,1,0,0,-1
harmoniously,10,2.3913902299273877e-06,18.67371899935642,4.465614917147038e-05,9,4.415037499278844,39.7353374935096,12,1,harmoni,RB,ADV,1,RB,1,ADV,0,2.2090667644771407,0.046875,4.415037499278844,0.2069548827786958,0,0,0,0,1,0,1,0,0,1,1
harmony,111,2.6544431552194007e-05,15.201231227893677,0.00040350804183789774,61,1.6542251631582698,100.90773495265447,7,1,harmoni,NN,NOUN,2,NN|NNP,1,NOUN,0,0.8281463191592889,0.3177083333333333,1.65422516315827,0.5255611195450753,0,0,0,0,1,0,1,0,0,1,1
harshness,1,2.3913902299273877e-07,21.995647094243783,5.260017556210532e-06,1,7.584962500721156,7.584962500721156,9,1,harsh,NN,NOUN,1,NN,1,NOUN,0,3.7950317532647486,0.005208333333333333,7.584962500721156,0.03950501302458935,1,0,0,1,0,1,0,0,0,0,-1
hate,6,1.4348341379564326e-06,19.410684593522628,2.785111289589125e-05,6,5.0,30.0,4,1,hate,NN,NOUN,1,NN,1,NOUN,0,2.5017134186777152,0.03125,5.0,0.15625,1,0,1,1,0,1,0,1,0,0,-1
hatred,50,1.1956951149636939e-05,16.35179090446906,0.00019551756505381416,36,2.415037499278844,86.94134997403839,6,1,hatr,VB,VERB,1,VB,1,VERB,0,1.2086521410137683,0.1875,2.415037499278844,0.45281953111478324,1,0,1,1,0,1,0,1,0,0,-1
haven,1,2.3913902299273877e-07,21.995647094243783,5.260017556210532e-06,1,7.584962500721156,7.584962500721156,5,1,haven,NN,NOUN,1,NN,1,NOUN,0,3.7950278097191,0.005208333333333333,7.584962500721156,0.03950501302458935,0,0,0,0,0,0,1,0,0,1,1
hazard,4,9.56556091970955e-07,19.995647094243783,1.9126958040900216e-05,4,5.584962500721156,22.339850002884624,6,1,hazard,NN,NOUN,2,NN|NNP,1,NOUN,0,2.7943666776905283,0.020833333333333332,5.584962500721156,0.11635338543169074,0,0,0,1,0,1,0,0,0,0,-1
hazardous,23,5.500197528832992e-06,17.47208513818677,9.609991950061453e-05,21,3.192645077942396,67.0455466367903,9,1,hazard,NN,NOUN,1,NN,1,NOUN,0,1.5975139545574353,0.109375,3.192645077942396,0.34919555539994956,0,0,0,1,0,1,0,0,0,0,-1
heal,2,4.782780459854775e-07,20.995647094243783,1.0041757066435586e-05,2,6.584962500721156,13.169925001442312,4,1,heal,NN,NOUN,2,NN|NNP,1,NOUN,0,3.294695176663827,0.010416666666666666,6.584962500721156,0.06859335938251204,0,0,0,0,1,0,1,0,0,1,1
healing,8,1.91311218394191e-06,18.995647094243783,3.634080389785852e-05,6,5.0,30.0,7,1,heal,VB,VERB,1,VB,1,VERB,0,2.5017323671688634,0.03125,5.0,0.15625,0,1,0,0,1,0,1,0,0,1,1
healthful,6,1.4348341379564326e-06,19.410684593522628,2.785111289589125e-05,4,5.584962500721156,22.339850002884624,9,1,health,NN,NOUN,1,NN,1,NOUN,0,2.794465417971193,0.020833333333333332,5.584962500721156,0.11635338543169074,0,0,0,0,1,0,1,0,0,0,1
hearing,401,9.589474822008825e-05,13.348188667788863,0.001280021191491848,128,0.5849625007211562,74.87520009230799,7,1,hear,VB,VERB,2,NNP|VB,2,NOUN|VERB,0,0.2931809950306655,0.6666666666666666,0.5849625007211562,0.3899750004807708,0,0,0,1,0,1,0,0,0,0,-1
heartily,3,7.174170689782163e-07,20.410684593522628,1.464297351692384e-05,1,7.584962500721156,7.584962500721156,8,1,heartili,RB,ADV,1,RB,1,ADV,0,3.795040824854116,0.005208333333333333,7.584962500721156,0.03950501302458935,0,0,0,0,1,0,1,0,0,0,1
heavenly,1,2.3913902299273877e-07,21.995647094243783,5.260017556210532e-06,1,7.584962500721156,7.584962500721156,8,1,heavenli,RB,ADV,1,RB,1,ADV,0,3.7950379110089973,0.005208333333333333,7.584962500721156,0.03950501302458935,0,1,0,0,1,0,1,0,0,1,1
heavens,1,2.3913902299273877e-07,21.995647094243783,5.260017556210532e-06,1,7.584962500721156,7.584962500721156,7,1,heaven,NN,NOUN,1,NN,1,NOUN,0,3.7950271091298364,0.005208333333333333,7.584962500721156,0.03950501302458935,0,0,0,0,1,0,1,0,0,1,1
helmet,1,2.3913902299273877e-07,21.995647094243783,5.260017556210532e-06,1,7.584962500721156,7.584962500721156,6,1,helmet,NN,NOUN,1,NN,1,NOUN,0,3.795032463724734,0.005208333333333333,7.584962500721156,0.03950501302458935,0,0,0,1,0,0,1,0,0,0,1
helpless,7,1.6739731609491714e-06,19.188292172186177,3.212068610069074e-05,3,6.0,18.0,8,1,helpless,NN,NOUN,1,NN,1,NOUN,0,3.002101451397404,0.015625,6.0,0.09375,0,0,0,1,0,1,0,1,0,0,-1
hero,1,2.3913902299273877e-07,21.995647094243783,5.260017556210532e-06,1,7.584962500721156,7.584962500721156,4,1,hero,NN,NOUN,1,NN,1,NOUN,0,3.7950193229031783,0.005208333333333333,7.584962500721156,0.03950501302458935,0,1,0,0,1,0,1,0,1,1,1
heroic,18,4.304502413869298e-06,17.82572209280147,7.673086377742721e-05,15,3.678071905112638,55.17107857668957,6,1,heroic,NN,NOUN,1,NN,1,NOUN,0,1.8404996294887963,0.078125,3.678071905112638,0.2873493675869248,0,0,0,0,1,0,1,0,1,1,1
heroism,5,1.1956951149636938e-06,19.67371899935642,2.3523769700698883e-05,5,5.2630344058337934,26.315172029168966,7,1,heroism,NN,NOUN,1,NN,1,NOUN,0,2.6333418191834217,0.026041666666666668,5.2630344058337934,0.1370581876519217,0,1,0,0,1,0,1,0,1,1,1
highest,517,0.00012363487488724594,12.981626623928848,0.0016049817834823841,135,0.5081469036703253,68.59983199549391,7,1,highest,NN,NOUN,2,NN|NNP,1,NOUN,0,0.25500321847526486,0.703125,0.5081469036703253,0.3572907916431975,0,1,0,1,1,1,1,0,1,0,0
hindering,4,9.56556091970955e-07,19.995647094243783,1.9126958040900216e-05,4,5.584962500721156,22.339850002884624,9,1,hinder,VB,VERB,1,VB,1,VERB,0,2.7944185105905377,0.020833333333333332,5.584962500721156,0.11635338543169074,0,0,0,0,0,1,0,1,0,0,-1
hire,5,1.1956951149636938e-06,19.67371899935642,2.3523769700698883e-05,4,5.584962500721156,22.339850002884624,4,1,hire,NN,NOUN,1,NN,1,NOUN,0,2.7943978624002725,0.020833333333333332,5.584962500721156,0.11635338543169074,0,1,0,0,1,0,1,0,0,1,1
holiday,45,1.0761256034673246e-05,16.50379399791411,0.0001776015527550573,31,2.6307661903342807,81.5537519003627,7,1,holidai,NN,NOUN,2,NN|NNP,1,NOUN,0,1.3165875501822717,0.16145833333333334,2.6307661903342807,0.42475912448105574,0,1,0,0,1,0,1,0,0,0,1
holiness,1,2.3913902299273877e-07,21.995647094243783,5.260017556210532e-06,1,7.584962500721156,7.584962500721156,8,1,holi,NNP,NOUN,1,NNP,1,NOUN,0,3.7950347481064655,0.005208333333333333,7.584962500721156,0.03950501302458935,0,1,0,1,1,0,1,0,1,1,1
homeless,5,1.1956951149636938e-06,19.67371899935642,2.3523769700698883e-05,5,5.2630344058337934,26.315172029168966,8,1,homeless,NN,NOUN,1,NN,1,NOUN,0,2.633319152982571,0.026041666666666668,5.2630344058337934,0.1370581876519217,1,1,1,1,0,1,0,1,0,0,-1
homicide,5,1.1956951149636938e-06,19.67371899935642,2.3523769700698883e-05,4,5.584962500721156,22.339850002884624,8,1,homicid,NN,NOUN,1,NN,1,NOUN,0,2.794400922248204,0.020833333333333332,5.584962500721156,0.11635338543169074,1,0,1,1,0,1,0,1,0,0,-1
honest,27,6.456753620803947e-06,17.240759592080313,0.00011131933692157495,18,3.415037499278844,61.470674987019194,6,1,honest,NN,NOUN,1,NN,1,NOUN,0,1.708844196816752,0.09375,3.415037499278844,0.3201597655573916,1,0,1,1,1,0,1,1,0,1,1
honesty,49,1.17178121266442e-05,16.380937250128575,0.0001919487451553543,27,2.8300749985576874,76.41202496105755,7,1,honesti,NN,NOUN,1,NN,1,NOUN,0,1.4163210240321822,0.140625,2.8300749985576874,0.3979792966721748,0,0,0,0,0,0,1,0,0,1,1
honor,179,4.2805885115700244e-05,14.511831316979526,0.0006211917841730466,71,1.435215381216474,101.90029206636966,5,1,honor,NN,NOUN,2,NN|NNP,1,NOUN,0,0.7189323287212637,0.3697916666666667,1.435215381216474,0.5307306878456753,0,0,0,0,0,0,1,0,0,1,1
honorable,3,7.174170689782163e-07,20.410684593522628,1.464297351692384e-05,3,6.0,18.0,9,1,honor,NN,NOUN,1,NN,1,NOUN,0,3.0020450690387843,0.015625,6.0,0.09375,0,0,0,0,0,0,1,0,0,1,1
hood,1,2.3913902299273877e-07,21.995647094243783,5.260017556210532e-06,1,7.584962500721156,7.584962500721156,4,1,hood,NN,NOUN,1,NN,1,NOUN,0,3.7950883343726254,0.005208333333333333,7.584962500721156,0.03950501302458935,1,0,1,1,0,1,0,0,0,0,-1
hope,9,2.152251206934649e-06,18.82572209280147,4.0517683095648255e-05,8,4.584962500721156,36.67970000576925,4,1,hope,NN,NOUN,1,NN,1,NOUN,0,2.294170387649548,0.041666666666666664,4.584962500721156,0.19104010419671483,0,1,0,0,1,0,1,0,1,1,1
horrors,1,2.3913902299273877e-07,21.995647094243783,5.260017556210532e-06,1,7.584962500721156,7.584962500721156,7,1,horror,NN,NOUN,1,NN,1,NOUN,0,3.795095608952098,0.005208333333333333,7.584962500721156,0.03950501302458935,0,0,0,1,0,1,0,1,0,0,-1
hospital,17,4.065363390876559e-06,17.908184252993443,7.280327665919162e-05,16,3.584962500721156,57.3594000115385,8,1,hospit,NN,NOUN,1,NN,1,NOUN,0,1.7938051453640622,0.08333333333333333,3.584962500721156,0.29874687506009634,0,0,0,1,0,0,0,1,0,1,0
hostage,2,4.782780459854775e-07,20.995647094243783,1.0041757066435586e-05,2,6.584962500721156,13.169925001442312,7,1,hostag,NN,NOUN,1,NN,1,NOUN,0,3.2947002607335523,0.010416666666666666,6.584962500721156,0.06859335938251204,1,0,0,1,0,1,0,0,0,0,-1
hostile,26,6.2176145978112084e-06,17.29520737610269,0.00010753493385382819,11,4.125530882083859,45.380839702922444,7,1,hostil,NN,NOUN,2,NN|NNP,1,NOUN,0,2.0644299469532394,0.057291666666666664,4.125530882083859,0.23635854011938773,1,0,1,1,0,1,0,0,0,0,-1
hostilities,21,5.021919482847514e-06,17.603329671465023,8.840250424011793e-05,15,3.678071905112638,55.17107857668957,11,1,hostil,NN,NOUN,1,NN,1,NOUN,0,1.840466902025912,0.078125,3.678071905112638,0.2873493675869248,1,0,0,1,0,1,0,0,0,0,-1
hostility,16,3.82622436788382e-06,17.995647094243783,6.885538342783323e-05,11,4.125530882083859,45.380839702922444,9,1,hostil,NN,NOUN,1,NN,1,NOUN,0,2.0642982930763334,0.057291666666666664,4.125530882083859,0.23635854011938773,1,0,1,0,0,1,0,0,0,0,-1
humanitarian,49,1.17178121266442e-05,16.380937250128575,0.0001919487451553543,28,2.777607578663552,77.77301220257945,12,1,humanitarian,NN,NOUN,2,NN|NNP,1,NOUN,0,1.390076930926874,0.14583333333333334,2.777607578663552,0.4050677718884347,0,1,0,0,1,0,1,0,1,1,1
humanity,100,2.3913902299273878e-05,15.351790904469057,0.0003671212278083544,54,1.8300749985576876,98.82404992211514,8,1,human,NN,NOUN,2,NN|NNP,1,NOUN,0,0.9161285208296644,0.28125,1.8300749985576876,0.5147085933443496,0,0,0,0,1,0,1,0,0,1,1
humble,2,4.782780459854775e-07,20.995647094243783,1.0041757066435586e-05,2,6.584962500721156,13.169925001442312,6,1,humbl,NN,NOUN,1,NN,1,NOUN,0,3.294739415955578,0.010416666666666666,6.584962500721156,0.06859335938251204,0,0,1,0,0,1,1,1,0,0,0
humiliate,1,2.3913902299273877e-07,21.995647094243783,5.260017556210532e-06,1,7.584962500721156,7.584962500721156,9,1,humili,NN,NOUN,1,NN,1,NOUN,0,3.795024409383311,0.005208333333333333,7.584962500721156,0.03950501302458935,1,0,0,0,0,1,0,1,0,0,-1
humiliating,19,4.543641436862037e-06,17.747719580800197,8.063927409713152e-05,18,3.415037499278844,61.470674987019194,11,1,humili,VB,VERB,1,VB,1,VERB,0,1.7088781307331509,0.09375,3.415037499278844,0.3201597655573916,0,0,1,0,0,1,0,0,0,0,-1
humiliation,3,7.174170689782163e-07,20.410684593522628,1.464297351692384e-05,3,6.0,18.0,11,1,humili,NN,NOUN,1,NN,1,NOUN,0,3.002049220621419,0.015625,6.0,0.09375,0,0,1,0,0,1,0,1,0,0,-1
hunter,1,2.3913902299273877e-07,21.995647094243783,5.260017556210532e-06,1,7.584962500721156,7.584962500721156,6,1,hunter,NN,NOUN,1,NN,1,NOUN,0,3.795016747313848,0.005208333333333333,7.584962500721156,0.03950501302458935,0,1,0,1,0,1,0,1,0,0,-1
hunting,20,4.782780459854775e-06,17.67371899935642,8.452951788308599e-05,13,3.884522782580064,50.49879617354083,7,1,hunt,VB,VERB,2,NNP|VB,2,NOUN|VERB,0,1.943706398760316,0.06770833333333333,3.884522782580064,0.2630145634038585,1,1,0,1,0,1,0,0,0,0,-1
hurricane,10,2.3913902299273877e-06,18.67371899935642,4.465614917147038e-05,9,4.415037499278844,39.7353374935096,9,1,hurrican,NN,NOUN,1,NN,1,NOUN,0,2.2090638640340585,0.046875,4.415037499278844,0.2069548827786958,0,0,0,1,0,1,0,0,0,0,-1
hurting,1,2.3913902299273877e-07,21.995647094243783,5.260017556210532e-06,1,7.584962500721156,7.584962500721156,7,1,hurt,NNP,NOUN,1,NNP,1,NOUN,0,3.7950183628708754,0.005208333333333333,7.584962500721156,0.03950501302458935,1,0,0,1,0,1,0,1,0,0,-1
husbandry,21,5.021919482847514e-06,17.603329671465023,8.840250424011793e-05,15,3.678071905112638,55.17107857668957,9,1,husbandri,NN,NOUN,2,NN|NNP,1,NOUN,0,1.840406268269403,0.078125,3.678071905112638,0.2873493675869248,0,0,0,0,0,0,1,0,0,1,1
hymn,11,2.6305292529201267e-06,18.536215475606486,4.876005704701362e-05,9,4.415037499278844,39.7353374935096,4,1,hymn,NN,NOUN,2,NN|NNP,1,NOUN,0,2.209197572282402,0.046875,4.415037499278844,0.2069548827786958,0,1,0,0,1,0,1,1,0,1,1
hypothesis,1,2.3913902299273877e-07,21.995647094243783,5.260017556210532e-06,1,7.584962500721156,7.584962500721156,10,1,hypothesi,NN,NOUN,1,NN,1,NOUN,0,3.7950178392957135,0.005208333333333333,7.584962500721156,0.03950501302458935,0,1,0,0,0,0,0,0,1,0,0
idiot,1,2.3913902299273877e-07,21.995647094243783,5.260017556210532e-06,1,7.584962500721156,7.584962500721156,5,1,idiot,NNP,NOUN,1,NNP,1,NOUN,0,3.7950519984471414,0.005208333333333333,7.584962500721156,0.03950501302458935,0,0,1,0,0,1,0,0,0,0,-1
ill,44,1.0522117011680507e-05,16.536215475606486,0.00017399599416469347,30,2.678071905112638,80.34215715337913,3,1,ill,NN,NOUN,1,NN,1,NOUN,0,1.3401687645699243,0.15625,2.678071905112638,0.4184487351738497,1,0,1,1,0,1,0,1,0,0,-1
illegal,178,4.2566746092707505e-05,14.519913663277384,0.000618065478192763,80,1.2630344058337937,101.04275246670349,7,1,illeg,NN,NOUN,2,NN|NNP,1,NOUN,0,0.6324833713130462,0.4166666666666667,1.2630344058337937,0.5262643357640807,1,0,1,1,0,1,0,1,0,0,-1
illegality,68,1.6261453563506237e-05,15.908184252993443,0.00025869019950975405,17,3.497499659470817,59.45749421100389,10,1,illeg,NN,NOUN,1,NN,1,NOUN,0,1.7503155656082747,0.08854166666666667,3.4974996594708165,0.3096744490156452,1,0,1,1,0,1,0,0,0,0,-1
illegitimate,13,3.1088072989056042e-06,18.29520737610269,5.6876274225819694e-05,12,4.0,48.0,12,1,illegitim,NN,NOUN,2,NN|NNP,1,NOUN,0,2.0014681416245397,0.0625,4.0,0.25,1,0,1,1,0,1,0,1,1,0,-1
illicit,35,8.369865804745858e-06,16.866364077298815,0.00014116920394097727,21,3.192645077942396,67.0455466367903,7,1,illicit,NN,NOUN,2,NN|NNP,1,NOUN,0,1.5976003029770134,0.109375,3.192645077942396,0.34919555539994956,1,0,1,1,0,1,0,0,0,0,-1
illiterate,3,7.174170689782163e-07,20.410684593522628,1.464297351692384e-05,3,6.0,18.0,10,1,illiter,NN,NOUN,1,NN,1,NOUN,0,3.0020177639025563,0.015625,6.0,0.09375,0,0,1,0,0,1,0,0,0,0,-1
illness,288,6.887203862190877e-05,13.82572209280147,0.0009522056659512002,93,1.0458036896131246,97.2597431340206,7,1,ill,NN,NOUN,2,NN|NNP,1,NOUN,0,0.5239315687097981,0.484375,1.0458036896131246,0.5065611621563573,0,0,0,1,0,1,0,1,0,0,-1
illumination,1,2.3913902299273877e-07,21.995647094243783,5.260017556210532e-06,1,7.584962500721156,7.584962500721156,12,1,illumin,NN,NOUN,1,NN,1,NOUN,0,3.795013599099198,0.005208333333333333,7.584962500721156,0.03950501302458935,0,0,0,0,1,0,1,0,1,1,1
immaturity,1,2.3913902299273877e-07,21.995647094243783,5.260017556210532e-06,1,7.584962500721156,7.584962500721156,10,1,immatur,NN,NOUN,1,NN,1,NOUN,0,3.7950172445153805,0.005208333333333333,7.584962500721156,0.03950501302458935,1,1,0,0,0,1,0,0,0,0,-1
immediately,1640,0.0003921879977080916,11.316166994738337,0.00443806487539682,163,0.23623434649007874,38.50619847788283,11,1,immedi,RB,ADV,2,NNP|RB,2,ADV|NOUN,0,0.11895968862542365,0.8489583333333334,0.23623434649007846,0.2005531170723062,0,1,0,0,0,1,1,0,0,0,0
imminent,88,2.1044234023361013e-05,15.536215475606486,0.0003269477543060259,50,1.9411063109464315,97.05531554732157,8,1,immin,NN,NOUN,2,NN|NNP,1,NOUN,0,0.9715390434613203,0.2604166666666667,1.9411063109464315,0.5054964351422999,0,1,0,1,0,0,0,0,0,0,0
immoral,2,4.782780459854775e-07,20.995647094243783,1.0041757066435586e-05,1,7.584962500721156,7.584962500721156,7,1,immor,NN,NOUN,1,NN,1,NOUN,0,3.7950397334992463,0.005208333333333333,7.584962500721156,0.03950501302458935,1,0,1,1,0,1,0,1,0,0,-1
immorality,2,4.782780459854775e-07,20.995647094243783,1.0041757066435586e-05,2,6.584962500721156,13.169925001442312,10,1,immor,NN,NOUN,1,NN,1,NOUN,0,3.2947130795839783,0.010416666666666666,6.584962500721156,0.06859335938251204,1,0,1,0,0,1,0,0,0,0,-1
immovable,72,1.7218009655477193e-05,15.82572209280147,0.0002724874357987545,37,2.3755091350922064,87.89383799841164,9,1,immov,NN,NOUN,2,NN|NNP,1,NOUN,0,1.188924077547862,0.19270833333333334,2.3755091350922064,0.4577804062417273,0,0,0,0,0,1,1,0,0,1,0
impart,34,8.130726781753119e-06,16.908184252993443,0.00013747582653663015,30,2.678071905112638,80.34215715337913,6,1,impart,NN,NOUN,1,NN,1,NOUN,0,1.3401186945732062,0.15625,2.678071905112638,0.4184487351738497,0,0,0,0,0,0,1,0,0,1,1
impartial,262,6.265442402409756e-05,13.962224092706332,0.0008747951086238933,100,0.9411063109464314,94.11063109464314,9,1,imparti,NN,NOUN,2,NN|NNP,1,NOUN,0,0.47140235619077314,0.5208333333333334,0.9411063109464314,0.4901595369512664,0,0,0,0,0,0,1,0,0,1,1
impartiality,131,3.132721201204878e-05,14.962224092706332,0.0004687247663239955,62,1.630766190334281,101.10750380072542,12,1,imparti,NN,NOUN,2,NN|NNP,1,NOUN,0,0.8164026513643644,0.3229166666666667,1.630766190334281,0.526601582295445,0,0,0,0,0,0,1,0,0,1,1
impeach,47,1.1239534080658722e-05,16.441058242566147,0.0001847898344394172,22,3.1255308820838588,68.76167940584489,7,1,impeach,NN,NOUN,2,NN|NNP,1,NOUN,0,1.5643536967311533,0.11458333333333333,3.125530882083859,0.3581337469054422,0,0,1,1,0,1,0,0,0,0,-1
impeccable,2,4.782780459854775e-07,20.995647094243783,1.0041757066435586e-05,2,6.584962500721156,13.169925001442312,10,1,impecc,NN,NOUN,1,NN,1,NOUN,0,3.294710686731326,0.010416666666666666,6.584962500721156,0.06859335938251204,0,0,0,0,0,0,1,0,0,1,1
impending,5,1.1956951149636938e-06,19.67371899935642,2.3523769700698883e-05,5,5.2630344058337934,26.315172029168966,9,1,impend,VB,VERB,1,VB,1,VERB,0,2.633346671594349,0.026041666666666668,5.2630344058337934,0.1370581876519217,0,1,0,1,0,0,0,0,0,0,0
implicate,1,2.3913902299273877e-07,21.995647094243783,5.260017556210532e-06,1,7.584962500721156,7.584962500721156,9,1,implic,NN,NOUN,1,NN,1,NOUN,0,3.7950223877251807,0.005208333333333333,7.584962500721156,0.03950501302458935,1,0,0,0,0,1,0,0,0,0,-1
importance,217,5.189316798942432e-05,14.234095861799304,0.0007386523277339207,90,1.0931094043914815,98.37984639523334,10,1,import,NN,NOUN,2,NN|NNP,1,NOUN,0,0.5474169491616138,0.46875,1.0931094043914815,0.512395033308507,0,1,0,0,0,0,1,0,0,0,1
important,152,3.63491314948963e-05,14.747719580800197,0.0005360667982923633,66,1.5405683813627027,101.67751316993838,9,1,import,NN,NOUN,2,NN|NNP,1,NOUN,0,0.7716118452883568,0.34375,1.5405683813627027,0.529570381093429,0,0,0,0,0,0,1,0,0,1,1
impossible,49,1.17178121266442e-05,16.380937250128575,0.0001919487451553543,34,2.497499659470817,84.91498842200778,10,1,imposs,NN,NOUN,1,NN,1,NOUN,0,1.2499472747142206,0.17708333333333334,2.4974996594708165,0.44226556469795714,0,0,0,0,0,1,0,1,0,0,-1
imprisoned,101,2.4153041322266617e-05,15.337435611491987,0.0003704457161019695,51,1.9125371587496605,97.53939509623268,10,1,imprison,VB,VERB,2,NNP|VB,2,NOUN|VERB,0,0.9573643409664391,0.265625,1.9125371587496605,0.5080176827928785,1,0,1,1,0,1,0,1,0,0,-1
imprisonment,576,0.00013774407724381754,12.82572209280147,0.001766667254658583,107,0.8434955143200092,90.25402003224099,12,1,imprison,NN,NOUN,2,NN|NNP,1,NOUN,0,0.42294175340023116,0.5572916666666666,0.8434955143200094,0.4700730210012552,1,0,1,1,0,1,0,1,0,0,-1
improve,119,2.8457543736135915e-05,15.10082933093584,0.0004297325111370307,64,1.584962500721156,101.43760004615399,7,1,improv,NN,NOUN,2,NN|NNP,1,NOUN,0,0.7935512221926726,0.3333333333333333,1.584962500721156,0.5283208335737186,0,1,0,0,1,0,1,0,0,1,1
improvement,172,4.113191195475107e-05,14.569382339541685,0.0005992665516251337,82,1.2274104961030725,100.64766068045195,11,1,improv,NN,NOUN,2,NN|NNP,1,NOUN,0,0.6145320502199578,0.4270833333333333,1.2274104961030727,0.5242065660440206,0,0,0,0,1,0,1,0,0,1,1
inability,428,0.0001023515018408922,13.254180107842636,0.0013565852397073724,81,1.2451124978365313,100.85411232475904,9,1,inabl,NN,NOUN,2,NN|NNP,1,NOUN,0,0.6239793744203151,0.421875,1.2451124978365313,0.5252818350247866,0,0,0,0,0,1,0,1,0,0,-1
inadequate,13,3.1088072989056042e-06,18.29520737610269,5.6876274225819694e-05,11,4.125530882083859,45.380839702922444,10,1,inadequ,NN,NOUN,1,NN,1,NOUN,0,2.0642829385221484,0.057291666666666664,4.125530882083859,0.23635854011938773,0,0,0,0,0,1,0,1,0,0,-1
inadmissible,31,7.4133097127749025e-06,17.041450783856906,0.0001263335526157419,19,3.3370349872775704,63.40366475827384,12,1,inadmiss,NN,NOUN,1,NN,1,NOUN,0,1.669895593766751,0.09895833333333333,3.337034987277571,0.3302274206160096,1,0,1,0,0,1,0,0,0,0,-1
inappropriate,26,6.2176145978112084e-06,17.29520737610269,0.00010753493385382819,14,3.777607578663552,52.886506101289726,13,1,inappropri,NN,NOUN,1,NN,1,NOUN,0,1.8902752492139754,0.07291666666666667,3.777607578663552,0.275450552610884,1,0,1,0,0,1,0,1,0,0,-1
inauguration,41,9.80469994270229e-06,16.6380950896257,0.00016313152997192836,18,3.415037499278844,61.470674987019194,12,1,inaugur,NN,NOUN,2,NN|NNP,1,NOUN,0,1.7090463763330972,0.09375,3.415037499278844,0.3201597655573916,0,1,0,0,1,0,1,0,0,1,1
incarceration,9,2.152251206934649e-06,18.82572209280147,4.0517683095648255e-05,5,5.2630344058337934,26.315172029168966,13,1,incarcer,NN,NOUN,2,NN|NNP,1,NOUN,0,2.6333348048426077,0.026041666666666668,5.2630344058337934,0.1370581876519217,1,0,1,1,0,1,0,1,0,0,-1
incest,1,2.3913902299273877e-07,21.995647094243783,5.260017556210532e-06,1,7.584962500721156,7.584962500721156,6,1,incest,NN,NOUN,1,NN,1,NOUN,0,3.7950166660926072,0.005208333333333333,7.584962500721156,0.03950501302458935,1,0,1,1,0,1,0,1,0,0,-1
incite,8,1.91311218394191e-06,18.995647094243783,3.634080389785852e-05,8,4.584962500721156,36.67970000576925,6,1,incit,NN,NOUN,1,NN,1,NOUN,0,2.2940972076811685,0.041666666666666664,4.584962500721156,0.19104010419671483,1,1,0,1,0,1,0,0,0,0,-1
income,338,8.082898977154571e-05,13.594767657961599,0.0010988513359719186,100,0.9411063109464314,94.11063109464314,6,1,incom,NN,NOUN,2,NN|NNP,1,NOUN,0,0.4715427474464431,0.5208333333333334,0.9411063109464314,0.4901595369512664,0,1,0,0,1,1,1,1,0,1,0
incompatible,275,6.576323132300317e-05,13.89235928583176,0.0009136064373364252,90,1.0931094043914815,98.37984639523334,12,1,incompat,NN,NOUN,2,NN|NNP,1,NOUN,0,0.5477966233100273,0.46875,1.0931094043914815,0.512395033308507,1,0,1,0,0,1,0,1,0,0,-1
incompetent,20,4.782780459854775e-06,17.67371899935642,8.452951788308599e-05,14,3.777607578663552,52.886506101289726,11,1,incompet,NN,NOUN,1,NN,1,NOUN,0,1.8903082828958928,0.07291666666666667,3.777607578663552,0.275450552610884,1,0,0,0,0,1,0,1,0,0,-1
inconvenient,2,4.782780459854775e-07,20.995647094243783,1.0041757066435586e-05,2,6.584962500721156,13.169925001442312,12,1,inconveni,NN,NOUN,1,NN,1,NOUN,0,3.2946887910649463,0.010416666666666666,6.584962500721156,0.06859335938251204,1,0,1,0,0,1,0,1,0,0,-1
incurable,8,1.91311218394191e-06,18.995647094243783,3.634080389785852e-05,7,4.777607578663552,33.44325305064487,9,1,incur,NN,NOUN,1,NN,1,NOUN,0,2.3905160379868344,0.036458333333333336,4.777607578663552,0.17418360963877536,1,0,1,1,0,1,0,1,0,0,-1
indecent,1,2.3913902299273877e-07,21.995647094243783,5.260017556210532e-06,1,7.584962500721156,7.584962500721156,8,1,indec,NN,NOUN,1,NN,1,NOUN,0,3.795033268176327,0.005208333333333333,7.584962500721156,0.03950501302458935,0,0,1,0,0,1,0,0,0,0,-1
indemnity,51,1.2196090172629678e-05,16.323221752272286,0.00019907948439854301,26,2.884522782580064,74.99759234708166,9,1,indemn,NN,NOUN,2,NN|NNP,1,NOUN,0,1.443573135537459,0.13541666666666666,2.884522782580064,0.3906124601410503,0,0,0,0,0,0,1,0,0,1,1
independence,1313,0.000313989537189466,11.636995893350896,0.0036538949548289646,173,0.1503342730844314,26.007829243606633,12,1,independ,NN,NOUN,2,NN|NNP,1,NOUN,0,0.07574894336514258,0.9010416666666666,0.1503342730844317,0.13545744397711815,0,1,0,0,1,0,1,0,1,1,1
indict,6,1.4348341379564326e-06,19.410684593522628,2.785111289589125e-05,4,5.584962500721156,22.339850002884624,6,1,indict,NN,NOUN,1,NN,1,NOUN,0,2.794425132810927,0.020833333333333332,5.584962500721156,0.11635338543169074,1,0,0,1,0,1,0,0,0,0,-1
indictment,59,1.4109202356571588e-05,16.11300404488194,0.00022734163464149579,32,2.584962500721156,82.718800023077,10,1,indict,NN,NOUN,2,NN|NNP,1,NOUN,0,1.293786430485379,0.16666666666666666,2.584962500721156,0.430827083453526,0,0,0,1,0,1,0,0,0,0,-1
indigent,12,2.8696682759128652e-06,18.410684593522628,5.283255751586963e-05,11,4.125530882083859,45.380839702922444,8,1,indig,NN,NOUN,1,NN,1,NOUN,0,2.0642732617880584,0.057291666666666664,4.125530882083859,0.23635854011938773,0,0,0,0,0,1,0,1,0,0,-1
indignation,1,2.3913902299273877e-07,21.995647094243783,5.260017556210532e-06,1,7.584962500721156,7.584962500721156,11,1,indign,NN,NOUN,1,NN,1,NOUN,0,3.795021510409928,0.005208333333333333,7.584962500721156,0.03950501302458935,1,0,1,0,0,1,0,0,0,0,-1
indomitable,1,2.3913902299273877e-07,21.995647094243783,5.260017556210532e-06,1,7.584962500721156,7.584962500721156,11,1,indomit,NN,NOUN,1,NN,1,NOUN,0,3.795017631550491,0.005208333333333333,7.584962500721156,0.03950501302458935,0,0,0,1,0,0,1,0,0,0,1
ineffectual,1,2.3913902299273877e-07,21.995647094243783,5.260017556210532e-06,1,7.584962500721156,7.584962500721156,11,1,ineffectu,NN,NOUN,1,NN,1,NOUN,0,3.795015801913936,0.005208333333333333,7.584962500721156,0.03950501302458935,0,0,1,0,0,1,0,0,0,0,-1
inefficiency,12,2.8696682759128652e-06,18.410684593522628,5.283255751586963e-05,7,4.777607578663552,33.44325305064487,12,1,ineffici,NN,NOUN,1,NN,1,NOUN,0,2.39050257722963,0.036458333333333336,4.777607578663552,0.17418360963877536,0,0,1,0,0,1,0,1,0,0,-1
inefficient,9,2.152251206934649e-06,18.82572209280147,4.0517683095648255e-05,2,6.584962500721156,13.169925001442312,11,1,ineffici,NN,NOUN,1,NN,1,NOUN,0,3.2947433543312226,0.010416666666666666,6.584962500721156,0.06859335938251204,0,0,0,0,0,1,0,1,0,0,-1
ineptitude,4,9.56556091970955e-07,19.995647094243783,1.9126958040900216e-05,4,5.584962500721156,22.339850002884624,10,1,ineptitud,NN,NOUN,1,NN,1,NOUN,0,2.794388710111164,0.020833333333333332,5.584962500721156,0.11635338543169074,0,0,1,1,0,1,0,1,0,0,-1
inequality,19,4.543641436862037e-06,17.747719580800197,8.063927409713152e-05,12,4.0,48.0,10,1,inequ,NN,NOUN,2,NN|NNP,1,NOUN,0,2.001495428710126,0.0625,4.0,0.25,1,0,0,1,0,1,0,1,0,0,-1
inexcusable,1,2.3913902299273877e-07,21.995647094243783,5.260017556210532e-06,1,7.584962500721156,7.584962500721156,11,1,inexcus,NN,NOUN,1,NN,1,NOUN,0,3.7950138134882234,0.005208333333333333,7.584962500721156,0.03950501302458935,1,0,1,0,0,1,0,1,0,0,-1
infamous,12,2.8696682759128652e-06,18.410684593522628,5.283255751586963e-05,6,5.0,30.0,8,1,infam,NN,NOUN,1,NN,1,NOUN,0,2.5018728268960992,0.03125,5.0,0.15625,1,0,1,1,0,1,0,0,0,0,-1
infamy,3,7.174170689782163e-07,20.410684593522628,1.464297351692384e-05,3,6.0,18.0,6,1,infami,NN,NOUN,1,NN,1,NOUN,0,3.0020385320333087,0.015625,6.0,0.09375,0,0,0,0,0,1,0,1,0,0,-1
infant,13,3.1088072989056042e-06,18.29520737610269,5.6876274225819694e-05,7,4.777607578663552,33.44325305064487,6,1,infant,NN,NOUN,1,NN,1,NOUN,0,2.390486144634005,0.036458333333333336,4.777607578663552,0.17418360963877536,0,1,0,1,1,0,1,0,1,0,1
infectious,46,1.1000395057665985e-05,16.47208513818677,0.00018119944394356306,34,2.497499659470817,84.91498842200778,10,1,infecti,NN,NOUN,1,NN,1,NOUN,0,1.2498205989349547,0.17708333333333334,2.4974996594708165,0.44226556469795714,0,0,1,1,0,1,0,1,0,0,-1
inferior,90,2.152251206934649e-05,15.503793997914109,0.0003336805934407681,41,2.2274104961030723,91.32383034022597,8,1,inferior,NN,NOUN,2,NN|NNP,1,NOUN,0,1.1150662224225205,0.21354166666666666,2.2274104961030727,0.475644949688677,0,0,0,0,0,1,0,1,0,0,-1
infidel,1,2.3913902299273877e-07,21.995647094243783,5.260017556210532e-06,1,7.584962500721156,7.584962500721156,7,1,infidel,NN,NOUN,1,NN,1,NOUN,0,3.7950379110089973,0.005208333333333333,7.584962500721156,0.03950501302458935,1,0,1,1,0,1,0,0,0,0,-1
infiltration,2,4.782780459854775e-07,20.995647094243783,1.0041757066435586e-05,2,6.584962500721156,13.169925001442312,12,1,infiltr,NN,NOUN,1,NN,1,NOUN,0,3.2947245786697246,0.010416666666666666,6.584962500721156,0.06859335938251204,0,0,0,0,0,1,1,0,0,0,0
infirmity,274,6.552409230001043e-05,13.897615011283255,0.0009106286087493345,48,2.0,96.0,9,1,infirm,NN,NOUN,1,NN,1,NOUN,0,1.0016079507572186,0.25,2.0,0.5,0,0,0,1,0,1,0,0,0,0,-1
inflation,9,2.152251206934649e-06,18.82572209280147,4.0517683095648255e-05,6,5.0,30.0,9,1,inflat,NN,NOUN,1,NN,1,NOUN,0,2.5017527685031538,0.03125,5.0,0.15625,0,0,0,1,0,1,0,0,0,0,-1
inflict,8,1.91311218394191e-06,18.995647094243783,3.634080389785852e-05,8,4.584962500721156,36.67970000576925,7,1,inflict,NN,NOUN,1,NN,1,NOUN,0,2.2941067159564916,0.041666666666666664,4.584962500721156,0.19104010419671483,1,0,0,1,0,1,0,1,0,0,-1
infliction,20,4.782780459854775e-06,17.67371899935642,8.452951788308599e-05,17,3.497499659470817,59.45749421100389,10,1,inflict,NN,NOUN,2,NN|NNP,1,NOUN,0,1.7500870217284816,0.08854166666666667,3.4974996594708165,0.3096744490156452,0,0,0,1,0,1,0,1,0,0,-1
influence,99,2.367476327628114e-05,15.366290474164172,0.0003637932894104106,52,1.8845227825800641,97.99518469416333,9,1,influenc,NN,NOUN,2,NN|NNP,1,NOUN,0,0.9432824564238493,0.2708333333333333,1.8845227825800641,0.5103915869487673,0,0,0,0,0,1,1,0,0,0,0
infraction,36,8.609004827738597e-06,16.82572209280147,0.0001448527227271158,19,3.3370349872775704,63.40366475827384,10,1,infract,NN,NOUN,1,NN,1,NOUN,0,1.669857141553101,0.09895833333333333,3.337034987277571,0.3302274206160096,1,0,0,0,0,1,0,0,0,0,-1
inheritance,133,3.180549005803426e-05,14.940364658742594,0.00047518561961704396,85,1.1755715645834544,99.92358298959363,11,1,inherit,NN,NOUN,2,NN|NNP,1,NOUN,0,0.5887014810132914,0.4427083333333333,1.1755715645834544,0.5204353280708001,0,1,0,0,1,0,1,0,1,1,1
inhibit,3,7.174170689782163e-07,20.410684593522628,1.464297351692384e-05,3,6.0,18.0,7,1,inhibit,NN,NOUN,1,NN,1,NOUN,0,3.00202808274854,0.015625,6.0,0.09375,1,0,1,0,0,1,0,1,0,0,-1
inhuman,178,4.2566746092707505e-05,14.519913663277384,0.000618065478192763,110,0.8036027871964965,88.39630659161462,7,1,inhuman,NN,NOUN,2,NN|NNP,1,NOUN,0,0.40247303914353544,0.5729166666666666,0.8036027871964967,0.46039743016465956,1,0,1,1,0,1,0,1,0,0,-1
inimical,7,1.6739731609491714e-06,19.188292172186177,3.212068610069074e-05,4,5.584962500721156,22.339850002884624,8,1,inim,NN,NOUN,1,NN,1,NOUN,0,2.794406017637382,0.020833333333333332,5.584962500721156,0.11635338543169074,1,0,0,0,0,1,0,1,0,0,-1
injure,10,2.3913902299273877e-06,18.67371899935642,4.465614917147038e-05,9,4.415037499278844,39.7353374935096,6,1,injur,NN,NOUN,1,NN,1,NOUN,0,2.209102709835427,0.046875,4.415037499278844,0.2069548827786958,1,0,0,1,0,1,0,1,0,0,-1
injured,41,9.80469994270229e-06,16.6380950896257,0.00016313152997192836,23,3.0614005446641435,70.4122125272753,7,1,injur,VB,VERB,2,NNP|VB,2,NOUN|VERB,0,1.5319697599867936,0.11979166666666667,3.0614005446641435,0.36673027357955884,0,0,0,1,0,1,0,1,0,0,-1
injurious,46,1.1000395057665985e-05,16.47208513818677,0.00018119944394356306,34,2.497499659470817,84.91498842200778,9,1,injuri,NN,NOUN,1,NN,1,NOUN,0,1.2497818435087493,0.17708333333333334,2.4974996594708165,0.44226556469795714,1,0,0,1,0,1,0,1,0,0,-1
injury,33,7.89158775876038e-06,16.95125297488533,0.00013377230047225552,19,3.3370349872775704,63.40366475827384,6,1,injuri,NN,NOUN,1,NN,1,NOUN,0,1.669823781096932,0.09895833333333333,3.337034987277571,0.3302274206160096,1,0,0,1,0,1,0,1,0,0,-1
injustice,78,1.8652843793433624e-05,15.710244875381534,0.00029304074361708284,37,2.3755091350922064,87.89383799841164,9,1,injustic,NN,NOUN,1,NN,1,NOUN,0,1.188911775787517,0.19270833333333334,2.3755091350922064,0.4577804062417273,1,0,0,0,0,1,0,0,0,0,-1
inmate,4,9.56556091970955e-07,19.995647094243783,1.9126958040900216e-05,4,5.584962500721156,22.339850002884624,6,1,inmat,NN,NOUN,1,NN,1,NOUN,0,2.7943755153011627,0.020833333333333332,5.584962500721156,0.11635338543169074,0,0,1,1,0,1,0,0,0,0,-1
innocent,133,3.180549005803426e-05,14.940364658742594,0.00047518561961704396,130,0.5625946876927017,73.13730940005122,8,1,innoc,NN,NOUN,1,NN,1,NOUN,0,0.28172334235458657,0.6770833333333334,0.5625946876927015,0.38092348645859997,0,0,0,0,0,0,1,0,0,1,1
inoperative,16,3.82622436788382e-06,17.995647094243783,6.885538342783323e-05,10,4.2630344058337934,42.63034405833793,11,1,inop,NN,NOUN,1,NN,1,NOUN,0,2.1331497946870557,0.052083333333333336,4.2630344058337934,0.22203304197051008,1,0,0,0,0,1,0,0,0,0,-1
inquiry,380,9.087282873724073e-05,13.425791485912836,0.0012200396503612618,94,1.0303736490435187,96.85512301009075,7,1,inquiri,NN,NOUN,2,NN|NNP,1,NOUN,0,0.5162282661160377,0.4895833333333333,1.030373649043519,0.5044537656775561,0,1,0,0,0,0,1,0,0,0,1
insane,47,1.1239534080658722e-05,16.441058242566147,0.0001847898344394172,23,3.0614005446641435,70.4122125272753,6,1,insan,NN,NOUN,1,NN,1,NOUN,0,1.5320675023080907,0.11979166666666667,3.0614005446641435,0.36673027357955884,1,0,0,1,0,1,0,0,0,0,-1
insanity,6,1.4348341379564326e-06,19.410684593522628,2.785111289589125e-05,6,5.0,30.0,8,1,insan,NN,NOUN,1,NN,1,NOUN,0,2.5017778012795833,0.03125,5.0,0.15625,1,0,1,1,0,1,0,1,0,0,-1
insecure,1,2.3913902299273877e-07,21.995647094243783,5.260017556210532e-06,1,7.584962500721156,7.584962500721156,8,1,insecur,NN,NOUN,1,NN,1,NOUN,0,3.7950172341712953,0.005208333333333333,7.584962500721156,0.03950501302458935,1,0,0,1,0,1,0,1,0,0,-1
insecurity,4,9.56556091970955e-07,19.995647094243783,1.9126958040900216e-05,4,5.584962500721156,22.339850002884624,10,1,insecur,NN,NOUN,1,NN,1,NOUN,0,2.794380497598875,0.020833333333333332,5.584962500721156,0.11635338543169074,0,0,0,1,0,1,0,0,0,0,-1
inseparable,19,4.543641436862037e-06,17.747719580800197,8.063927409713152e-05,18,3.415037499278844,61.470674987019194,11,1,insepar,NN,NOUN,1,NN,1,NOUN,0,1.7088554392247037,0.09375,3.415037499278844,0.3201597655573916,0,0,0,0,1,0,1,0,0,1,1
insolvency,16,3.82622436788382e-06,17.995647094243783,6.885538342783323e-05,14,3.777607578663552,52.886506101289726,10,1,insolv,NN,NOUN,2,NN|NNP,1,NOUN,0,1.8902068545117912,0.07291666666666667,3.777607578663552,0.275450552610884,0,0,0,1,0,1,0,1,1,0,-1
insolvent,56,1.3391785287593371e-05,16.188292172186177,0.00021679013294274578,26,2.884522782580064,74.99759234708166,9,1,insolv,NN,NOUN,2,NN|NNP,1,NOUN,0,1.4435356442639338,0.13541666666666666,2.884522782580064,0.3906124601410503,0,0,0,1,0,1,0,1,0,1,-1
inspiration,6,1.4348341379564326e-06,19.410684593522628,2.785111289589125e-05,5,5.2630344058337934,26.315172029168966,11,1,inspir,NN,NOUN,1,NN,1,NOUN,0,2.633358242472886,0.026041666666666668,5.2630344058337934,0.1370581876519217,0,1,0,0,1,0,1,0,0,0,1
inspire,2,4.782780459854775e-07,20.995647094243783,1.0041757066435586e-05,2,6.584962500721156,13.169925001442312,7,1,inspir,NN,NOUN,1,NN,1,NOUN,0,3.294719470760604,0.010416666666666666,6.584962500721156,0.06859335938251204,0,1,0,0,1,0,1,0,0,1,1
inspired,32,7.65244873576764e-06,16.995647094243783,0.0001300583181198988,27,2.8300749985576874,76.41202496105755,8,1,inspir,VB,VERB,2,NNP|VB,2,NOUN|VERB,0,1.416271215930595,0.140625,2.8300749985576874,0.3979792966721748,0,0,0,0,1,0,1,0,1,1,1
instability,6,1.4348341379564326e-06,19.410684593522628,2.785111289589125e-05,6,5.0,30.0,11,1,instabl,NN,NOUN,1,NN,1,NOUN,0,2.5017012647714885,0.03125,5.0,0.15625,0,0,1,1,0,1,0,0,0,0,-1
instruct,28,6.6958926437966855e-06,17.188292172186177,0.00011509095911516958,21,3.192645077942396,67.0455466367903,8,1,instruct,NN,NOUN,1,NN,1,NOUN,0,1.597593678815171,0.109375,3.192645077942396,0.34919555539994956,0,0,0,0,0,0,1,0,0,1,1
instruction,266,6.361098011606851e-05,13.940364658742594,0.0008867602591180194,94,1.0303736490435187,96.85512301009075,11,1,instruct,NN,NOUN,2,NN|NNP,1,NOUN,0,0.5161277116255577,0.4895833333333333,1.030373649043519,0.5044537656775561,0,0,0,0,0,0,1,0,0,1,1
instructions,263,6.28935630470903e-05,13.95672810495148,0.000877788358999863,96,1.0,96.0,12,1,instruct,NN,NOUN,2,NN|NNP,1,NOUN,0,0.5008782301434799,0.5,1.0,0.5,0,1,0,0,0,0,0,0,0,1,0
instructor,6,1.4348341379564326e-06,19.410684593522628,2.785111289589125e-05,1,7.584962500721156,7.584962500721156,10,1,instructor,NN,NOUN,1,NN,1,NOUN,0,3.7950534584849716,0.005208333333333333,7.584962500721156,0.03950501302458935,0,1,0,0,0,0,1,0,0,1,1
insufficiency,7,1.6739731609491714e-06,19.188292172186177,3.212068610069074e-05,7,4.777607578663552,33.44325305064487,13,1,insuffici,NN,NOUN,1,NN,1,NOUN,0,2.3904968261354878,0.036458333333333336,4.777607578663552,0.17418360963877536,1,0,0,0,0,1,0,0,0,0,-1
insult,13,3.1088072989056042e-06,18.29520737610269,5.6876274225819694e-05,9,4.415037499278844,39.7353374935096,6,1,insult,NN,NOUN,2,NN|NNP,1,NOUN,0,2.2091484675947206,0.046875,4.415037499278844,0.2069548827786958,1,0,1,0,0,1,0,1,1,0,-1
insulting,6,1.4348341379564326e-06,19.410684593522628,2.785111289589125e-05,3,6.0,18.0,9,1,insult,VB,VERB,1,VB,1,VERB,0,3.0020498409692937,0.015625,6.0,0.09375,1,0,1,1,0,1,0,1,0,0,-1
insure,19,4.543641436862037e-06,17.747719580800197,8.063927409713152e-05,10,4.2630344058337934,42.63034405833793,6,1,insur,NN,NOUN,1,NN,1,NOUN,0,2.1331573300621174,0.052083333333333336,4.2630344058337934,0.22203304197051008,0,0,0,0,0,0,1,0,0,1,1
insurmountable,11,2.6305292529201267e-06,18.536215475606486,4.876005704701362e-05,7,4.777607578663552,33.44325305064487,14,1,insurmount,NN,NOUN,1,NN,1,NOUN,0,2.390551219943435,0.036458333333333336,4.777607578663552,0.17418360963877536,0,0,0,1,0,1,0,1,0,0,-1
insurrection,55,1.3152646264600634e-05,16.214287380719124,0.00021326078635117658,46,2.0614005446641435,94.8244250545506,12,1,insurrect,NN,NOUN,1,NN,1,NOUN,0,1.0316721746851922,0.23958333333333334,2.0614005446641435,0.49387721382578437,1,0,0,0,0,1,0,0,0,0,-1
intact,6,1.4348341379564326e-06,19.410684593522628,2.785111289589125e-05,4,5.584962500721156,22.339850002884624,6,1,intact,NN,NOUN,1,NN,1,NOUN,0,2.7944291229341167,0.020833333333333332,5.584962500721156,0.11635338543169074,0,0,0,0,0,0,1,0,0,1,1
integrity,922,0.00022048617919930515,12.147024153814444,0.0026782509443162195,158,0.2811817525440533,44.426716901960425,9,1,integr,NN,NOUN,2,NN|NNP,1,NOUN,0,0.14137182559497502,0.8229166666666666,0.2811817525440533,0.23138915053104386,0,0,0,0,0,0,1,0,0,1,1
intelligence,127,3.0370655920077827e-05,15.006962407471617,0.00045577129168286324,28,2.777607578663552,77.77301220257945,12,1,intellig,NN,NOUN,2,NN|NNP,1,NOUN,0,1.3903780609154968,0.14583333333333334,2.777607578663552,0.4050677718884347,0,0,0,1,1,0,1,0,0,1,1
intended,141,3.371860224197617e-05,14.856095741844989,0.0005009267831879871,63,1.6076825772212395,101.28400236493809,8,1,intend,VB,VERB,1,VB,1,VERB,0,0.8047932460900545,0.328125,1.6076825772212395,0.5275208456507192,0,1,0,0,0,0,1,0,0,0,1
intense,1,2.3913902299273877e-07,21.995647094243783,5.260017556210532e-06,1,7.584962500721156,7.584962500721156,7,1,intens,NN,NOUN,1,NN,1,NOUN,0,3.7950269986195235,0.005208333333333333,7.584962500721156,0.03950501302458935,1,0,1,1,1,1,1,0,1,1,0
inter,43,1.0282977988687768e-05,16.569382339541683,0.00017038259388365895,17,3.497499659470817,59.45749421100389,5,1,inter,NN,NOUN,2,NN|NNP,1,NOUN,0,1.7502006833876622,0.08854166666666667,3.4974996594708165,0.3096744490156452,0,0,0,0,0,1,0,1,0,0,-1
intercede,1,2.3913902299273877e-07,21.995647094243783,5.260017556210532e-06,1,7.584962500721156,7.584962500721156,9,1,interced,NN,NOUN,1,NN,1,NOUN,0,3.7950234326892507,0.005208333333333333,7.584962500721156,0.03950501302458935,0,0,0,1,0,0,0,1,0,0,0
interested,143,3.419688028796165e-05,14.835775757465393,0.0005073372475570876,67,1.5188733102633836,101.7645117876467,10,1,interest,VB,VERB,2,NNP|VB,2,NOUN|VERB,0,0.7603895396824999,0.3489583333333333,1.5188733102633838,0.5300234988939933,0,0,1,0,0,0,1,1,0,0,1
interior,89,2.1283373046353752e-05,15.519913663277384,0.0003303161121427352,34,2.497499659470817,84.91498842200778,8,1,interior,NNP,NOUN,2,NN|NNP,1,NOUN,0,1.250536772498875,0.17708333333333334,2.4974996594708165,0.44226556469795714,0,0,1,0,0,0,1,0,0,1,1
interment,1,2.3913902299273877e-07,21.995647094243783,5.260017556210532e-06,1,7.584962500721156,7.584962500721156,9,1,inter,NN,NOUN,1,NN,1,NOUN,0,3.7950153270899225,0.005208333333333333,7.584962500721156,0.03950501302458935,0,0,0,0,0,1,0,1,0,0,-1
interrupt,12,2.8696682759128652e-06,18.410684593522628,5.283255751586963e-05,11,4.125530882083859,45.380839702922444,9,1,interrupt,NN,NOUN,1,NN,1,NOUN,0,2.064268182821345,0.057291666666666664,4.125530882083859,0.23635854011938773,1,0,0,0,0,1,0,0,1,0,-1
interrupted,42,1.0043838965695029e-05,16.603329671465023,0.00016676116951454083,30,2.678071905112638,80.34215715337913,11,1,interrupt,VB,VERB,1,VB,1,VERB,0,1.340184878913706,0.15625,2.678071905112638,0.4184487351738497,0,0,0,0,0,1,0,1,0,0,-1
intervention,173,4.137105097774381e-05,14.561018866607057,0.0006024046538182899,69,1.4764380439429872,101.87422503206612,12,1,intervent,NN,NOUN,2,NN|NNP,1,NOUN,0,0.7391611454147667,0.359375,1.4764380439429872,0.530594922042011,0,0,0,0,0,1,1,1,0,0,0
intimate,10,2.3913902299273877e-06,18.67371899935642,4.465614917147038e-05,4,5.584962500721156,22.339850002884624,8,1,intim,NN,NOUN,2,NN|NNP,1,NOUN,0,2.7944838787063144,0.020833333333333332,5.584962500721156,0.11635338543169074,0,1,0,0,1,0,1,0,0,1,1
intimidate,1,2.3913902299273877e-07,21.995647094243783,5.260017556210532e-06,1,7.584962500721156,7.584962500721156,10,1,intimid,NN,NOUN,1,NN,1,NOUN,0,3.7950138134882234,0.005208333333333333,7.584962500721156,0.03950501302458935,0,0,0,1,0,1,0,0,0,0,-1
intimidation,15,3.5870853448910818e-06,18.088756498635263,6.488591334355788e-05,12,4.0,48.0,12,1,intimid,NN,NOUN,2,NN|NNP,1,NOUN,0,2.00146897468816,0.0625,4.0,0.25,1,0,0,1,0,1,0,0,0,0,-1
intolerable,1,2.3913902299273877e-07,21.995647094243783,5.260017556210532e-06,1,7.584962500721156,7.584962500721156,11,1,intoler,NN,NOUN,1,NN,1,NOUN,0,3.795017349133367,0.005208333333333333,7.584962500721156,0.03950501302458935,1,0,0,0,0,1,0,0,0,0,-1
intolerance,18,4.304502413869298e-06,17.82572209280147,7.673086377742721e-05,14,3.777607578663552,52.886506101289726,11,1,intoler,NN,NOUN,2,NN|NNP,1,NOUN,0,1.8902938879231235,0.07291666666666667,3.777607578663552,0.275450552610884,1,0,1,1,0,1,0,0,0,0,-1
intrusion,10,2.3913902299273877e-06,18.67371899935642,4.465614917147038e-05,9,4.415037499278844,39.7353374935096,9,1,intrus,NN,NOUN,1,NN,1,NOUN,0,2.2091411779471084,0.046875,4.415037499278844,0.2069548827786958,0,0,0,1,0,1,0,0,0,0,-1
intrusive,1,2.3913902299273877e-07,21.995647094243783,5.260017556210532e-06,1,7.584962500721156,7.584962500721156,9,1,intrus,NN,NOUN,1,NN,1,NOUN,0,3.795014696266622,0.005208333333333333,7.584962500721156,0.03950501302458935,1,0,1,1,0,1,0,0,1,0,-1
invade,3,7.174170689782163e-07,20.410684593522628,1.464297351692384e-05,3,6.0,18.0,6,1,invad,NN,NOUN,1,NN,1,NOUN,0,3.0020923663503365,0.015625,6.0,0.09375,1,0,0,1,0,1,0,1,1,0,-1
invasion,49,1.17178121266442e-05,16.380937250128575,0.0001919487451553543,33,2.5405683813627027,83.83875658496919,8,1,invas,NN,NOUN,2,NN|NNP,1,NOUN,0,1.2715466656789582,0.171875,2.5405683813627027,0.4366601905467145,1,0,0,0,0,1,0,0,0,0,-1
invitation,24,5.7393365518257305e-06,17.410684593522628,9.992577847991352e-05,16,3.584962500721156,57.3594000115385,10,1,invit,NN,NOUN,1,NN,1,NOUN,0,1.7939696727728178,0.08333333333333333,3.584962500721156,0.29874687506009634,0,1,0,0,0,0,1,0,0,0,1
invite,43,1.0282977988687768e-05,16.569382339541683,0.00017038259388365895,27,2.8300749985576874,76.41202496105755,6,1,invit,NN,NOUN,2,NN|NNP,1,NOUN,0,1.4163804717326143,0.140625,2.8300749985576874,0.3979792966721748,0,1,0,0,1,0,1,0,1,1,1
inviting,2,4.782780459854775e-07,20.995647094243783,1.0041757066435586e-05,1,7.584962500721156,7.584962500721156,8,1,invit,NNP,NOUN,1,NNP,1,NOUN,0,3.7950929656935393,0.005208333333333333,7.584962500721156,0.03950501302458935,0,1,0,0,1,0,1,0,1,1,1
invocation,6,1.4348341379564326e-06,19.410684593522628,2.785111289589125e-05,5,5.2630344058337934,26.315172029168966,10,1,invoc,NN,NOUN,1,NN,1,NOUN,0,2.6333882606493466,0.026041666666666668,5.2630344058337934,0.1370581876519217,0,1,0,0,0,0,0,0,0,1,0
ire,3,7.174170689782163e-07,20.410684593522628,1.464297351692384e-05,2,6.584962500721156,13.169925001442312,3,1,ir,NN,NOUN,2,NN|NNP,1,NOUN,0,3.2947253814009407,0.010416666666666666,6.584962500721156,0.06859335938251204,1,0,0,0,0,1,0,0,0,0,-1
iron,3,7.174170689782163e-07,20.410684593522628,1.464297351692384e-05,3,6.0,18.0,4,1,iron,NN,NOUN,1,NN,1,NOUN,0,3.0020131358324633,0.015625,6.0,0.09375,0,0,0,0,0,0,1,0,0,1,1
irrational,1,2.3913902299273877e-07,21.995647094243783,5.260017556210532e-06,1,7.584962500721156,7.584962500721156,10,1,irrat,NN,NOUN,1,NN,1,NOUN,0,3.795025216115018,0.005208333333333333,7.584962500721156,0.03950501302458935,0,0,1,1,0,1,0,0,0,0,-1
irreparable,10,2.3913902299273877e-06,18.67371899935642,4.465614917147038e-05,7,4.777607578663552,33.44325305064487,11,1,irrepar,NN,NOUN,1,NN,1,NOUN,0,2.3904716238817794,0.036458333333333336,4.777607578663552,0.17418360963877536,0,0,0,1,0,1,0,1,0,0,-1
isolated,3,7.174170689782163e-07,20.410684593522628,1.464297351692384e-05,2,6.584962500721156,13.169925001442312,8,1,isol,VB,VERB,1,VB,1,VERB,0,3.2947027406879115,0.010416666666666666,6.584962500721156,0.06859335938251204,0,0,0,1,0,1,0,1,0,0,-1
isolation,13,3.1088072989056042e-06,18.29520737610269,5.6876274225819694e-05,11,4.125530882083859,45.380839702922444,9,1,isol,NN,NOUN,1,NN,1,NOUN,0,2.064220954337557,0.057291666666666664,4.125530882083859,0.23635854011938773,0,0,0,0,0,1,0,1,0,0,-1
jail,6,1.4348341379564326e-06,19.410684593522628,2.785111289589125e-05,4,5.584962500721156,22.339850002884624,4,1,jail,NN,NOUN,1,NN,1,NOUN,0,2.794407154972325,0.020833333333333332,5.584962500721156,0.11635338543169074,0,0,0,1,0,1,0,1,0,0,-1
jealous,2,4.782780459854775e-07,20.995647094243783,1.0041757066435586e-05,2,6.584962500721156,13.169925001442312,7,1,jealou,NN,NOUN,2,NN|NNP,1,NOUN,0,3.294744229662534,0.010416666666666666,6.584962500721156,0.06859335938251204,1,0,1,0,0,1,0,0,0,0,-1
jeopardize,22,5.261058505840253e-06,17.536215475606486,9.225905558818699e-05,11,4.125530882083859,45.380839702922444,10,1,jeopard,NN,NOUN,1,NN,1,NOUN,0,2.0642801320856576,0.057291666666666664,4.125530882083859,0.23635854011938773,1,0,0,1,0,1,0,0,0,0,-1
jeopardy,19,4.543641436862037e-06,17.747719580800197,8.063927409713152e-05,17,3.497499659470817,59.45749421100389,8,1,jeopardi,NN,NOUN,2,NN|NNP,1,NOUN,0,1.7502167873754706,0.08854166666666667,3.4974996594708165,0.3096744490156452,0,1,0,1,0,1,0,0,0,0,-1
john,7,1.6739731609491714e-06,19.188292172186177,3.212068610069074e-05,4,5.584962500721156,22.339850002884624,4,1,john,NNP,NOUN,1,NNP,1,NOUN,0,2.794527928403019,0.020833333333333332,5.584962500721156,0.11635338543169074,0,0,1,0,0,1,0,0,0,0,-1
journey,11,2.6305292529201267e-06,18.536215475606486,4.876005704701362e-05,10,4.2630344058337934,42.63034405833793,7,1,journei,NN,NOUN,1,NN,1,NOUN,0,2.1330303985452663,0.052083333333333336,4.2630344058337934,0.22203304197051008,0,1,0,1,1,0,1,0,0,0,1
joy,1,2.3913902299273877e-07,21.995647094243783,5.260017556210532e-06,1,7.584962500721156,7.584962500721156,3,1,joi,NN,NOUN,1,NN,1,NOUN,0,3.7950193229031783,0.005208333333333333,7.584962500721156,0.03950501302458935,0,0,0,0,1,0,1,0,0,0,1
joyful,1,2.3913902299273877e-07,21.995647094243783,5.260017556210532e-06,1,7.584962500721156,7.584962500721156,6,1,joy,NN,NOUN,1,NN,1,NOUN,0,3.79505402210243,0.005208333333333333,7.584962500721156,0.03950501302458935,0,0,0,0,1,0,1,0,0,1,1
judicial,4093,0.0009787960211092798,9.996704142800699,0.009784734239179978,191,0.007533672685407421,1.4389314829128175,8,1,judici,NNP,NOUN,2,NN|NNP,1,NOUN,0,0.003840103104059427,0.9947916666666666,0.007533672685407421,0.00749443480683759,0,1,0,0,0,0,1,0,0,1,1
judiciary,836,0.00019992022322192963,12.288287962162899,0.0024566772724109575,125,0.6191782160590692,77.39727700738365,9,1,judiciari,NNP,NOUN,2,NN|NNP,1,NOUN,0,0.31114126773016254,0.6510416666666666,0.6191782160590692,0.4031108177467898,0,1,0,0,0,0,0,0,0,1,0
judicious,1,2.3913902299273877e-07,21.995647094243783,5.260017556210532e-06,1,7.584962500721156,7.584962500721156,9,1,judici,NN,NOUN,1,NN,1,NOUN,0,3.7950172445153805,0.005208333333333333,7.584962500721156,0.03950501302458935,0,0,0,0,0,0,1,0,0,1,1
justice,5076,0.001213869680711142,9.686170740402677,0.011757748983966202,187,0.03806804083351967,7.118723635868178,7,1,justic,NNP,NOUN,2,NN|NNP,1,NOUN,0,0.019447170901068084,0.9739583333333334,0.038068040833519355,0.03707668560347979,0,0,0,0,0,0,1,0,0,1,1
justifiable,303,7.245912396679986e-05,13.752473110770831,0.0009964921539834253,55,1.8036027871964966,99.19815329580732,11,1,justifi,NN,NOUN,2,NN|NNP,1,NOUN,0,0.9033595590684134,0.2864583333333333,1.8036027871964966,0.5166570484156631,0,0,0,0,0,0,1,0,0,1,1
khan,12,2.8696682759128652e-06,18.410684593522628,5.283255751586963e-05,3,6.0,18.0,4,1,khan,NNP,NOUN,2,NN|NNP,1,NOUN,0,3.0022024425509692,0.015625,6.0,0.09375,0,0,0,1,0,0,0,0,0,1,0
kidnap,2,4.782780459854775e-07,20.995647094243783,1.0041757066435586e-05,1,7.584962500721156,7.584962500721156,6,1,kidnap,NN,NOUN,1,NN,1,NOUN,0,3.795029593862496,0.005208333333333333,7.584962500721156,0.03950501302458935,1,0,0,1,0,1,0,1,1,0,-1
killing,5,1.1956951149636938e-06,19.67371899935642,2.3523769700698883e-05,3,6.0,18.0,7,1,kill,VB,VERB,1,VB,1,VERB,0,3.002050134491984,0.015625,6.0,0.09375,1,0,0,1,0,1,0,1,0,0,-1
kind,221,5.2849724081395274e-05,14.20774453485235,0.0007508753784858984,78,1.2995602818589078,101.36570198499481,4,1,kind,NN,NOUN,2,NN|NNP,1,NOUN,0,0.6507948699247386,0.40625,1.2995602818589078,0.5279463645051813,0,0,0,0,1,0,1,0,0,1,1
labor,499,0.00011933037247337666,13.032751088906522,0.0015552030417920206,70,1.4556794837761897,101.89756386433328,5,1,labor,NN,NOUN,2,NN|NNP,1,NOUN,0,0.7299063380497972,0.3645833333333333,1.4556794837761897,0.5307164784600692,0,1,0,0,1,0,1,0,1,1,1
lagging,1,2.3913902299273877e-07,21.995647094243783,5.260017556210532e-06,1,7.584962500721156,7.584962500721156,7,1,lag,VB,VERB,1,VB,1,VERB,0,3.7950167309590808,0.005208333333333333,7.584962500721156,0.03950501302458935,1,1,1,0,0,1,0,1,0,0,-1
landslide,1,2.3913902299273877e-07,21.995647094243783,5.260017556210532e-06,1,7.584962500721156,7.584962500721156,9,1,landslid,NN,NOUN,1,NN,1,NOUN,0,3.7950424515153967,0.005208333333333333,7.584962500721156,0.03950501302458935,0,0,0,1,0,1,0,1,0,0,-1
larceny,3,7.174170689782163e-07,20.410684593522628,1.464297351692384e-05,1,7.584962500721156,7.584962500721156,7,1,larceni,NN,NOUN,1,NN,1,NOUN,0,3.795141731582916,0.005208333333333333,7.584962500721156,0.03950501302458935,0,0,1,0,0,1,0,0,0,0,-1
larger,19,4.543641436862037e-06,17.747719580800197,8.063927409713152e-05,14,3.777607578663552,52.886506101289726,6,1,larger,NN,NOUN,2,NN|NNP,1,NOUN,0,1.8902068108472883,0.07291666666666667,3.777607578663552,0.275450552610884,0,0,1,0,0,0,0,0,1,1,0
late,5,1.1956951149636938e-06,19.67371899935642,2.3523769700698883e-05,4,5.584962500721156,22.339850002884624,4,1,late,NN,NOUN,1,NN,1,NOUN,0,2.794419262816035,0.020833333333333332,5.584962500721156,0.11635338543169074,0,0,0,0,0,1,0,1,0,0,-1
launch,5,1.1956951149636938e-06,19.67371899935642,2.3523769700698883e-05,5,5.2630344058337934,26.315172029168966,6,1,launch,NN,NOUN,1,NN,1,NOUN,0,2.6333224939482753,0.026041666666666668,5.2630344058337934,0.1370581876519217,0,1,0,0,0,0,1,0,0,0,1
lawful,566,0.00013535268701389015,12.8509888514119,0.0017394158718241467,107,0.8434955143200092,90.25402003224099,6,1,law,NN,NOUN,2,NN|NNP,1,NOUN,0,0.42322376324902705,0.5572916666666666,0.8434955143200094,0.4700730210012552,0,0,0,0,0,0,1,0,0,1,1
lawsuit,21,5.021919482847514e-06,17.603329671465023,8.840250424011793e-05,12,4.0,48.0,7,1,lawsuit,NN,NOUN,1,NN,1,NOUN,0,2.0015141401310945,0.0625,4.0,0.25,1,0,1,1,0,1,0,1,1,0,-1
lawyer,158,3.7783965632852725e-05,14.69186634606668,0.000555116973102249,49,1.970252656605948,96.54238017369146,6,1,lawyer,NN,NOUN,2,NN|NNP,1,NOUN,0,0.9863926004251141,0.2552083333333333,1.9702526566059482,0.5028248967379764,1,0,1,1,0,1,0,0,0,0,-1
leader,753,0.0001800716843135323,12.439141039571854,0.002239937078409287,56,1.777607578663552,99.5460244051589,6,1,leader,NNP,NOUN,2,NN|NNP,1,NOUN,0,0.8917826917423827,0.2916666666666667,1.777607578663552,0.5184688771102026,0,0,0,0,0,0,1,0,0,1,1
leave,708,0.00016931042827885906,12.528041544160786,0.0021211280793372016,137,0.4869304177606295,66.70946723320624,5,1,leav,NN,NOUN,2,NN|NNP,1,NOUN,0,0.24428124464318826,0.7135416666666666,0.4869304177606295,0.34744514183961583,0,0,0,0,0,1,0,1,1,0,-1
legal,3546,0.0008479869755322518,10.203670273345093,0.00865257949442225,181,0.08511661363795076,15.406107068469087,5,1,legal,NN,NOUN,2,NN|NNP,1,NOUN,0,0.04324970812117183,0.9427083333333334,0.08511661363795076,0.08024014098160984,0,0,0,0,0,0,1,0,0,1,1
legalized,1,2.3913902299273877e-07,21.995647094243783,5.260017556210532e-06,1,7.584962500721156,7.584962500721156,9,1,legal,VB,VERB,1,VB,1,VERB,0,3.7950138134882234,0.005208333333333333,7.584962500721156,0.03950501302458935,1,0,0,1,1,0,1,0,0,1,1
leisure,60,1.4348341379564327e-05,16.088756498635263,0.00023084697061510282,40,2.263034405833794,90.52137623335176,7,1,leisur,NN,NOUN,2,NN|NNP,1,NOUN,0,1.1325563707165343,0.20833333333333334,2.263034405833794,0.47146550121537373,0,1,0,0,1,0,1,0,1,1,1
lesser,34,8.130726781753119e-06,16.908184252993443,0.00013747582653663015,26,2.884522782580064,74.99759234708166,6,1,lesser,NN,NOUN,1,NN,1,NOUN,0,1.4434275950853632,0.13541666666666666,2.884522782580064,0.3906124601410503,0,0,1,0,0,1,0,0,0,0,-1
lesson,1,2.3913902299273877e-07,21.995647094243783,5.260017556210532e-06,1,7.584962500721156,7.584962500721156,6,1,lesson,NN,NOUN,1,NN,1,NOUN,0,3.795025467926145,0.005208333333333333,7.584962500721156,0.03950501302458935,0,1,0,0,0,0,1,0,0,1,1
lethal,1,2.3913902299273877e-07,21.995647094243783,5.260017556210532e-06,1,7.584962500721156,7.584962500721156,6,1,lethal,NN,NOUN,1,NN,1,NOUN,0,3.7950183628708754,0.005208333333333333,7.584962500721156,0.03950501302458935,0,0,1,1,0,1,0,1,0,0,-1
level,743,0.00017768029408360493,12.458428693705185,0.0022136172741171593,117,0.7145977811377516,83.60794039311693,5,1,level,NN,NOUN,2,NN|NNP,1,NOUN,0,0.3586750666582443,0.609375,0.7145977811377516,0.4354580228808174,0,0,0,0,0,0,1,0,0,1,1
liar,1,2.3913902299273877e-07,21.995647094243783,5.260017556210532e-06,1,7.584962500721156,7.584962500721156,4,1,liar,NN,NOUN,1,NN,1,NOUN,0,3.7950162628195123,0.005208333333333333,7.584962500721156,0.03950501302458935,0,0,1,0,0,1,0,0,0,0,-1
libel,6,1.4348341379564326e-06,19.410684593522628,2.785111289589125e-05,5,5.2630344058337934,26.315172029168966,5,1,libel,NN,NOUN,1,NN,1,NOUN,0,2.6333738829754094,0.026041666666666668,5.2630344058337934,0.1370581876519217,1,0,0,1,0,1,0,0,0,1,-1
liberal,20,4.782780459854775e-06,17.67371899935642,8.452951788308599e-05,12,4.0,48.0,7,1,liber,NN,NOUN,2,NN|NNP,1,NOUN,0,2.001581301952341,0.0625,4.0,0.25,0,0,0,0,0,1,1,0,0,0,0
liberate,4,9.56556091970955e-07,19.995647094243783,1.9126958040900216e-05,3,6.0,18.0,8,1,liber,NN,NOUN,1,NN,1,NOUN,0,3.002059516300768,0.015625,6.0,0.09375,1,1,0,0,1,0,1,0,1,1,1
liberation,106,2.534873643723031e-05,15.267726639680584,0.0003870175785849431,33,2.5405683813627027,83.83875658496919,10,1,liber,NN,NOUN,2,NN|NNP,1,NOUN,0,1.2719359912167199,0.171875,2.5405683813627027,0.4366601905467145,0,1,0,0,1,0,1,0,1,0,1
liberty,644,0.00015400553080732377,12.664730216129165,0.0019504384994665242,152,0.3370349872775706,51.22931806619073,7,1,liberti,NN,NOUN,2,NN|NNP,1,NOUN,0,0.1692476205909925,0.7916666666666666,0.33703498727757086,0.2668193649280769,0,1,0,0,1,0,1,0,1,1,1
lie,224,5.3567141150373484e-05,14.188292172186179,0.0007600262494702363,59,1.702319451359315,100.43684763019958,3,1,lie,NN,NOUN,1,NN,1,NOUN,0,0.8523712717143671,0.3072916666666667,1.7023194513593147,0.5231085814072894,1,0,1,0,0,1,0,1,0,0,-1
limited,367,8.776402143833514e-05,13.47601084140057,0.0011827089043879163,132,0.5405683813627028,71.35502633987677,7,1,limit,VB,VERB,2,NNP|VB,2,NOUN|VERB,0,0.271020176787961,0.6875,0.5405683813627028,0.37164076218685815,1,0,0,0,0,1,0,1,0,0,-1
lion,6,1.4348341379564326e-06,19.410684593522628,2.785111289589125e-05,6,5.0,30.0,4,1,lion,NN,NOUN,2,NN|NNP,1,NOUN,0,2.501746968006868,0.03125,5.0,0.15625,0,0,0,1,0,0,1,0,0,0,1
liquor,11,2.6305292529201267e-06,18.536215475606486,4.876005704701362e-05,8,4.584962500721156,36.67970000576925,6,1,liquor,NN,NOUN,2,NN|NNP,1,NOUN,0,2.2940577310671704,0.041666666666666664,4.584962500721156,0.19104010419671483,1,0,0,0,1,1,0,1,0,0,-1
litigate,4,9.56556091970955e-07,19.995647094243783,1.9126958040900216e-05,4,5.584962500721156,22.339850002884624,8,1,litig,NN,NOUN,1,NN,1,NOUN,0,2.7944156227444377,0.020833333333333332,5.584962500721156,0.11635338543169074,1,1,1,1,0,1,0,1,0,0,-1
lord,15,3.5870853448910818e-06,18.088756498635263,6.488591334355788e-05,12,4.0,48.0,4,1,lord,NNP,NOUN,1,NNP,1,NOUN,0,2.0015221010355275,0.0625,4.0,0.25,0,0,1,0,0,1,1,0,0,1,0
lose,87,2.0805095000368274e-05,15.552703598395054,0.0003235754758771786,52,1.8845227825800641,97.99518469416333,4,1,lose,NN,NOUN,1,NN,1,NOUN,0,0.9433068485270478,0.2708333333333333,1.8845227825800641,0.5103915869487673,1,0,1,1,0,1,0,1,1,0,-1
losing,17,4.065363390876559e-06,17.908184252993443,7.280327665919162e-05,15,3.678071905112638,55.17107857668957,6,1,lose,VB,VERB,1,VB,1,VERB,0,1.840400864667594,0.078125,3.678071905112638,0.2873493675869248,1,0,0,0,0,1,0,1,0,0,-1
loss,297,7.102428982884342e-05,13.781327973443016,0.0009788090322121641,100,0.9411063109464314,94.11063109464314,4,1,loss,NN,NOUN,2,NN|NNP,1,NOUN,0,0.4714854702695637,0.5208333333333334,0.9411063109464314,0.4901595369512664,1,0,0,1,0,1,0,1,0,0,-1
lost,128,3.060979494307056e-05,14.995647094243783,0.0004590136825934541,76,1.3370349872775706,101.61465903309536,4,1,lost,NN,NOUN,1,NN,1,NOUN,0,0.6693808349404128,0.3958333333333333,1.3370349872775709,0.5292430157973718,0,0,0,0,0,1,0,1,0,0,-1
love,36,8.609004827738597e-06,16.82572209280147,0.0001448527227271158,32,2.584962500721156,82.718800023077,4,1,love,NN,NOUN,1,NN,1,NOUN,0,1.2937443354284106,0.16666666666666666,2.584962500721156,0.430827083453526,0,0,0,0,1,0,1,0,0,0,1
loving,4,9.56556091970955e-07,19.995647094243783,1.9126958040900216e-05,4,5.584962500721156,22.339850002884624,6,1,love,VB,VERB,2,NNP|VB,2,NOUN|VERB,0,2.7944477144878785,0.020833333333333332,5.584962500721156,0.11635338543169074,0,0,0,0,1,0,1,0,0,1,1
lower,251,6.002389477117744e-05,14.02410354029301,0.0008417813151626446,78,1.2995602818589078,101.36570198499481,5,1,lower,NN,NOUN,2,NN|NNP,1,NOUN,0,0.6512005628632735,0.40625,1.2995602818589078,0.5279463645051813,0,0,0,0,0,1,0,1,0,0,-1
lowest,23,5.500197528832992e-06,17.47208513818677,9.609991950061453e-05,16,3.584962500721156,57.3594000115385,6,1,lowest,NN,NOUN,1,NN,1,NOUN,0,1.7939292175056243,0.08333333333333333,3.584962500721156,0.29874687506009634,0,0,0,0,0,1,0,1,0,0,-1
loyal,76,1.817456574744815e-05,15.747719580800197,0.0002862079648936298,35,2.4556794837761897,85.94878193216664,5,1,loyal,NN,NOUN,1,NN,1,NOUN,0,1.229225288074556,0.18229166666666666,2.4556794837761897,0.44764990589670123,0,0,0,1,1,0,1,0,1,1,1
loyalty,108,2.582701448321579e-05,15.240759592080314,0.00039362331871986827,55,1.8036027871964966,99.19815329580732,7,1,loyalti,NN,NOUN,2,NN|NNP,1,NOUN,0,0.9028991007016695,0.2864583333333333,1.8036027871964966,0.5166570484156631,0,0,0,0,0,0,1,0,0,1,1
luck,1,2.3913902299273877e-07,21.995647094243783,5.260017556210532e-06,1,7.584962500721156,7.584962500721156,4,1,luck,NN,NOUN,1,NN,1,NOUN,0,3.7950231485072803,0.005208333333333333,7.584962500721156,0.03950501302458935,0,1,0,0,1,0,1,0,1,0,1
lunacy,2,4.782780459854775e-07,20.995647094243783,1.0041757066435586e-05,2,6.584962500721156,13.169925001442312,6,1,lunaci,NNP,NOUN,1,NNP,1,NOUN,0,3.294684053295221,0.010416666666666666,6.584962500721156,0.06859335938251204,1,0,1,1,0,1,0,1,0,0,-1
lunatic,20,4.782780459854775e-06,17.67371899935642,8.452951788308599e-05,6,5.0,30.0,7,1,lunat,NN,NOUN,2,NN|NNP,1,NOUN,0,2.5018001507698346,0.03125,5.0,0.15625,1,0,1,1,0,1,0,0,0,0,-1
luxury,2,4.782780459854775e-07,20.995647094243783,1.0041757066435586e-05,2,6.584962500721156,13.169925001442312,6,1,luxuri,NN,NOUN,1,NN,1,NOUN,0,3.2946964764596935,0.010416666666666666,6.584962500721156,0.06859335938251204,0,0,0,0,1,0,1,0,0,0,1
lying,15,3.5870853448910818e-06,18.088756498635263,6.488591334355788e-05,10,4.2630344058337934,42.63034405833793,5,1,ly,VB,VERB,1,VB,1,VERB,0,2.133098359649748,0.052083333333333336,4.2630344058337934,0.22203304197051008,1,0,1,0,0,1,0,0,0,0,-1
magnificent,1,2.3913902299273877e-07,21.995647094243783,5.260017556210532e-06,1,7.584962500721156,7.584962500721156,11,1,magnific,NN,NOUN,1,NN,1,NOUN,0,3.7950145291291424,0.005208333333333333,7.584962500721156,0.03950501302458935,0,1,0,0,1,0,1,0,1,1,1
mainstay,1,2.3913902299273877e-07,21.995647094243783,5.260017556210532e-06,1,7.584962500721156,7.584962500721156,8,1,mainstai,NN,NOUN,1,NN,1,NOUN,0,3.7950504250442134,0.005208333333333333,7.584962500721156,0.03950501302458935,0,0,0,0,0,0,1,0,0,1,1
majesty,499,0.00011933037247337666,13.032751088906522,0.0015552030417920206,31,2.6307661903342807,81.5537519003627,7,1,majesti,NNP,NOUN,2,NN|NNP,1,NOUN,0,1.3203380254093064,0.16145833333333334,2.6307661903342807,0.42475912448105574,0,0,0,0,0,0,1,0,0,1,1
majority,3321,0.0007941806953588855,10.298245086741074,0.008178667443964253,190,0.015106892390208387,2.8703095541395935,8,1,major,NN,NOUN,2,NN|NNP,1,NOUN,0,0.007699745471690896,0.9895833333333334,0.015106892390208387,0.014949528927810382,0,0,0,0,1,0,1,0,0,1,1
malfeasance,17,4.065363390876559e-06,17.908184252993443,7.280327665919162e-05,3,6.0,18.0,11,1,malfeas,NN,NOUN,1,NN,1,NOUN,0,3.0021406637677384,0.015625,6.0,0.09375,0,0,1,0,0,1,0,0,0,0,-1
malice,2,4.782780459854775e-07,20.995647094243783,1.0041757066435586e-05,2,6.584962500721156,13.169925001442312,6,1,malic,NN,NOUN,1,NN,1,NOUN,0,3.294683353475166,0.010416666666666666,6.584962500721156,0.06859335938251204,1,0,0,1,0,1,0,0,0,0,-1
malicious,2,4.782780459854775e-07,20.995647094243783,1.0041757066435586e-05,1,7.584962500721156,7.584962500721156,9,1,malici,NN,NOUN,1,NN,1,NOUN,0,3.7950253726794507,0.005208333333333333,7.584962500721156,0.03950501302458935,1,0,1,1,0,1,0,1,0,0,-1
malign,1,2.3913902299273877e-07,21.995647094243783,5.260017556210532e-06,1,7.584962500721156,7.584962500721156,6,1,malign,NN,NOUN,1,NN,1,NOUN,0,3.7950269986195235,0.005208333333333333,7.584962500721156,0.03950501302458935,1,0,1,0,0,1,0,0,0,0,-1
malpractice,3,7.174170689782163e-07,20.410684593522628,1.464297351692384e-05,3,6.0,18.0,11,1,malpractic,NN,NOUN,1,NN,1,NOUN,0,3.002017635792295,0.015625,6.0,0.09375,1,0,0,0,0,1,0,0,0,0,-1
manage,204,4.878436069051871e-05,14.323221752272287,0.0006987492162131347,102,0.9125371587496606,93.07879019246538,6,1,manag,NN,NOUN,2,NN|NNP,1,NOUN,0,0.45708428098634396,0.53125,0.9125371587496606,0.4847853655857572,0,0,0,0,0,0,1,0,0,1,1
management,940,0.00022479068161317445,12.119130147678783,0.0027242675264554854,145,0.4050534107062217,58.732744552402146,10,1,manag,NN,NOUN,2,NN|NNP,1,NOUN,0,0.20351668411870294,0.7552083333333334,0.4050534107062217,0.30589971121042786,0,0,0,0,0,0,1,0,0,1,1
mandamus,22,5.261058505840253e-06,17.536215475606486,9.225905558818699e-05,13,3.884522782580064,50.49879617354083,8,1,mandamu,NN,NOUN,2,NN|NNP,1,NOUN,0,1.9436733336667011,0.06770833333333333,3.884522782580064,0.2630145634038585,0,0,0,1,0,1,0,0,0,0,-1
mandarin,4,9.56556091970955e-07,19.995647094243783,1.9126958040900216e-05,1,7.584962500721156,7.584962500721156,8,1,mandarin,NNP,NOUN,1,NNP,1,NOUN,0,3.7950492312670523,0.005208333333333333,7.584962500721156,0.03950501302458935,0,0,0,0,0,0,1,0,0,1,1
mange,2,4.782780459854775e-07,20.995647094243783,1.0041757066435586e-05,2,6.584962500721156,13.169925001442312,5,1,mang,NN,NOUN,1,NN,1,NOUN,0,3.2947350046974138,0.010416666666666666,6.584962500721156,0.06859335938251204,0,0,1,1,0,1,0,0,0,0,-1
manipulation,6,1.4348341379564326e-06,19.410684593522628,2.785111289589125e-05,6,5.0,30.0,12,1,manipul,NN,NOUN,1,NN,1,NOUN,0,2.5017559388577655,0.03125,5.0,0.15625,1,0,0,1,0,1,0,0,0,0,-1
margin,3,7.174170689782163e-07,20.410684593522628,1.464297351692384e-05,3,6.0,18.0,6,1,margin,NN,NOUN,1,NN,1,NOUN,0,3.0020299493531315,0.015625,6.0,0.09375,0,0,0,0,0,1,0,1,0,0,-1
marriage,437,0.00010450375304782685,13.224157624743183,0.0013819741026816982,134,0.5188733102633837,69.52902357529341,8,1,marriag,NN,NOUN,2,NN|NNP,1,NOUN,0,0.2601560844634105,0.6979166666666666,0.5188733102633839,0.36213033112132,0,1,0,0,1,0,1,0,0,1,1
marry,42,1.0043838965695029e-05,16.603329671465023,0.00016676116951454083,34,2.497499659470817,84.91498842200778,5,1,marri,NN,NOUN,1,NN,1,NOUN,0,1.2498870467604992,0.17708333333333334,2.4974996594708165,0.44226556469795714,0,1,0,1,1,0,1,0,1,1,1
marshal,31,7.4133097127749025e-06,17.041450783856906,0.0001263335526157419,3,6.0,18.0,7,1,marshal,NNP,NOUN,2,NN|NNP,1,NOUN,0,3.0024367106303216,0.015625,6.0,0.09375,0,0,0,0,0,0,1,0,0,1,1
martyrdom,3,7.174170689782163e-07,20.410684593522628,1.464297351692384e-05,3,6.0,18.0,9,1,martyrdom,NN,NOUN,2,NN|NNP,1,NOUN,0,3.0020517143248564,0.015625,6.0,0.09375,0,0,0,1,0,1,0,1,0,0,-1
mastery,8,1.91311218394191e-06,18.995647094243783,3.634080389785852e-05,3,6.0,18.0,7,1,masteri,NN,NOUN,1,NN,1,NOUN,0,3.002159793596277,0.015625,6.0,0.09375,1,0,0,0,1,0,1,0,0,1,1
mate,2,4.782780459854775e-07,20.995647094243783,1.0041757066435586e-05,2,6.584962500721156,13.169925001442312,4,1,mate,NN,NOUN,1,NN,1,NOUN,0,3.294693793624827,0.010416666666666666,6.584962500721156,0.06859335938251204,0,0,0,0,0,0,1,0,0,1,1
materialist,1,2.3913902299273877e-07,21.995647094243783,5.260017556210532e-06,1,7.584962500721156,7.584962500721156,11,1,materialist,NN,NOUN,1,NN,1,NOUN,0,3.7950269986195235,0.005208333333333333,7.584962500721156,0.03950501302458935,0,0,1,0,0,1,0,0,0,0,-1
maternal,12,2.8696682759128652e-06,18.410684593522628,5.283255751586963e-05,12,4.0,48.0,8,1,matern,NN,NOUN,2,NN|NNP,1,NOUN,0,2.001439746721839,0.0625,4.0,0.25,0,1,0,0,0,1,1,0,0,0,0
matrimony,23,5.500197528832992e-06,17.47208513818677,9.609991950061453e-05,10,4.2630344058337934,42.63034405833793,9,1,matrimoni,NN,NOUN,2,NN|NNP,1,NOUN,0,2.1331384778494913,0.052083333333333336,4.2630344058337934,0.22203304197051008,0,1,0,0,1,0,1,0,0,1,1
measured,13,3.1088072989056042e-06,18.29520737610269,5.6876274225819694e-05,8,4.584962500721156,36.67970000576925,8,1,measur,VB,VERB,1,VB,1,VERB,0,2.2941804805135066,0.041666666666666664,4.584962500721156,0.19104010419671483,0,0,0,0,0,0,1,0,0,1,1
medal,2,4.782780459854775e-07,20.995647094243783,1.0041757066435586e-05,1,7.584962500721156,7.584962500721156,5,1,medal,NN,NOUN,1,NN,1,NOUN,0,3.7951009123256045,0.005208333333333333,7.584962500721156,0.03950501302458935,0,1,0,0,1,0,1,0,1,1,1
mediate,6,1.4348341379564326e-06,19.410684593522628,2.785111289589125e-05,5,5.2630344058337934,26.315172029168966,7,1,mediat,NN,NOUN,1,NN,1,NOUN,0,2.6333231834774296,0.026041666666666668,5.2630344058337934,0.1370581876519217,0,1,0,0,0,0,1,0,0,1,1
mediator,38,9.087282873724075e-06,16.747719580800197,0.00015219126532053896,11,4.125530882083859,45.380839702922444,8,1,mediat,NNP,NOUN,2,NN|NNP,1,NOUN,0,2.0646447625843742,0.057291666666666664,4.125530882083859,0.23635854011938773,0,1,0,0,0,0,1,0,0,1,1
medical,426,0.00010187322379490672,13.260937474017945,0.0013509344510208951,124,0.6307661903342809,78.21500760145084,7,1,medic,NN,NOUN,2,NN|NNP,1,NOUN,0,0.3162212570877693,0.6458333333333334,0.6307661903342809,0.4073698312575565,0,1,0,1,0,0,1,0,0,1,1
menace,7,1.6739731609491714e-06,19.188292172186177,3.212068610069074e-05,6,5.0,30.0,6,1,menac,NN,NOUN,1,NN,1,NOUN,0,2.501758898450746,0.03125,5.0,0.15625,1,0,0,1,0,1,0,0,0,0,-1
menacing,1,2.3913902299273877e-07,21.995647094243783,5.260017556210532e-06,1,7.584962500721156,7.584962500721156,8,1,menac,VB,VERB,1,VB,1,VERB,0,3.795031646314889,0.005208333333333333,7.584962500721156,0.03950501302458935,1,0,0,1,0,1,0,0,0,0,-1
mentor,6,1.4348341379564326e-06,19.410684593522628,2.785111289589125e-05,1,7.584962500721156,7.584962500721156,6,1,mentor,NNP,NOUN,1,NNP,1,NOUN,0,3.7950678076960087,0.005208333333333333,7.584962500721156,0.03950501302458935,0,0,0,0,0,0,1,0,0,1,1
merge,22,5.261058505840253e-06,17.536215475606486,9.225905558818699e-05,12,4.0,48.0,5,1,merg,NN,NOUN,1,NN,1,NOUN,0,2.001461470389238,0.0625,4.0,0.25,0,1,0,0,0,0,1,0,0,0,1
merit,130,3.108807298905604e-05,14.973279281215328,0.00046549039917994267,59,1.702319451359315,100.43684763019958,5,1,merit,NN,NOUN,2,NN|NNP,1,NOUN,0,0.852132512292818,0.3072916666666667,1.7023194513593147,0.5231085814072894,0,0,0,0,0,0,1,0,0,1,1
meritorious,5,1.1956951149636938e-06,19.67371899935642,2.3523769700698883e-05,4,5.584962500721156,22.339850002884624,11,1,meritori,NN,NOUN,1,NN,1,NOUN,0,2.794403874731517,0.020833333333333332,5.584962500721156,0.11635338543169074,0,0,0,0,1,0,1,0,0,1,1
mighty,2,4.782780459854775e-07,20.995647094243783,1.0041757066435586e-05,2,6.584962500721156,13.169925001442312,6,1,mighti,NN,NOUN,2,NN|NNP,1,NOUN,0,3.2947366109546348,0.010416666666666666,6.584962500721156,0.06859335938251204,1,0,0,1,1,0,1,0,0,1,1
militia,23,5.500197528832992e-06,17.47208513818677,9.609991950061453e-05,14,3.777607578663552,52.886506101289726,7,1,militia,NN,NOUN,2,NN|NNP,1,NOUN,0,1.8904379513688754,0.07291666666666667,3.777607578663552,0.275450552610884,1,0,0,1,0,1,0,1,0,0,-1
ministry,554,0.0001324830187379773,12.881904928194594,0.0017066336519828463,93,1.0458036896131246,97.2597431340206,8,1,ministri,NNP,NOUN,2,NN|NNP,1,NOUN,0,0.524385951822754,0.484375,1.0458036896131246,0.5065611621563573,0,0,0,0,1,0,1,0,0,1,1
mire,2,4.782780459854775e-07,20.995647094243783,1.0041757066435586e-05,1,7.584962500721156,7.584962500721156,4,1,mire,NN,NOUN,1,NN,1,NOUN,0,3.795027357151506,0.005208333333333333,7.584962500721156,0.03950501302458935,0,0,1,0,0,1,0,0,0,0,-1
misbehavior,33,7.89158775876038e-06,16.95125297488533,0.00013377230047225552,7,4.777607578663552,33.44325305064487,11,1,misbehavior,NN,NOUN,1,NN,1,NOUN,0,2.3906222801196964,0.036458333333333336,4.777607578663552,0.17418360963877536,1,0,1,0,0,1,0,0,1,0,-1
miscarriage,7,1.6739731609491714e-06,19.188292172186177,3.212068610069074e-05,7,4.777607578663552,33.44325305064487,11,1,miscarriag,NN,NOUN,1,NN,1,NOUN,0,2.390478710206765,0.036458333333333336,4.777607578663552,0.17418360963877536,0,0,0,1,0,1,0,1,0,0,-1
misconduct,186,4.4479858276649417e-05,14.456488283135752,0.000643022550011921,43,2.158697746019058,92.8240030788195,10,1,misconduct,NN,NOUN,2,NN|NNP,1,NOUN,0,1.0807419605657158,0.22395833333333334,2.158697746019058,0.48345834936885157,0,0,1,0,0,1,0,0,0,0,-1
misery,1,2.3913902299273877e-07,21.995647094243783,5.260017556210532e-06,1,7.584962500721156,7.584962500721156,6,1,miseri,NN,NOUN,1,NN,1,NOUN,0,3.795064761365797,0.005208333333333333,7.584962500721156,0.03950501302458935,1,0,1,1,0,1,0,1,0,0,-1
misguided,1,2.3913902299273877e-07,21.995647094243783,5.260017556210532e-06,1,7.584962500721156,7.584962500721156,9,1,misguid,VB,VERB,1,VB,1,VERB,0,3.7950231485072803,0.005208333333333333,7.584962500721156,0.03950501302458935,0,0,1,0,0,1,0,0,0,0,-1
mislead,1,2.3913902299273877e-07,21.995647094243783,5.260017556210532e-06,1,7.584962500721156,7.584962500721156,7,1,mislead,NN,NOUN,1,NN,1,NOUN,0,3.7950144051947343,0.005208333333333333,7.584962500721156,0.03950501302458935,1,0,0,1,0,1,0,0,0,1,-1
misleading,10,2.3913902299273877e-06,18.67371899935642,4.465614917147038e-05,9,4.415037499278844,39.7353374935096,10,1,mislead,VB,VERB,1,VB,1,VERB,0,2.2090543400086537,0.046875,4.415037499278844,0.2069548827786958,1,0,1,0,0,1,0,0,0,0,-1
misrepresentation,2,4.782780459854775e-07,20.995647094243783,1.0041757066435586e-05,2,6.584962500721156,13.169925001442312,17,1,misrepresent,NN,NOUN,1,NN,1,NOUN,0,3.2946897563821405,0.010416666666666666,6.584962500721156,0.06859335938251204,0,0,0,0,0,1,0,1,0,0,-1
missing,11,2.6305292529201267e-06,18.536215475606486,4.876005704701362e-05,8,4.584962500721156,36.67970000576925,7,1,miss,VB,VERB,1,VB,1,VERB,0,2.2941429319574067,0.041666666666666664,4.584962500721156,0.19104010419671483,0,0,0,1,0,1,0,1,0,0,-1
misstatement,1,2.3913902299273877e-07,21.995647094243783,5.260017556210532e-06,1,7.584962500721156,7.584962500721156,12,1,misstat,NN,NOUN,1,NN,1,NOUN,0,3.7950148529802075,0.005208333333333333,7.584962500721156,0.03950501302458935,1,0,1,0,0,1,0,0,0,0,-1
mistake,7,1.6739731609491714e-06,19.188292172186177,3.212068610069074e-05,5,5.2630344058337934,26.315172029168966,7,1,mistak,NN,NOUN,1,NN,1,NOUN,0,2.633318726937501,0.026041666666666668,5.2630344058337934,0.1370581876519217,0,0,0,0,0,1,0,1,0,0,-1
mistrust,1,2.3913902299273877e-07,21.995647094243783,5.260017556210532e-06,1,7.584962500721156,7.584962500721156,8,1,mistrust,NN,NOUN,1,NN,1,NOUN,0,3.7950300399761088,0.005208333333333333,7.584962500721156,0.03950501302458935,0,0,1,1,0,1,0,0,0,0,-1
mite,2,4.782780459854775e-07,20.995647094243783,1.0041757066435586e-05,1,7.584962500721156,7.584962500721156,4,1,mite,NN,NOUN,1,NN,1,NOUN,0,3.7950285467121727,0.005208333333333333,7.584962500721156,0.03950501302458935,0,0,1,0,0,1,0,0,0,0,-1
mockery,1,2.3913902299273877e-07,21.995647094243783,5.260017556210532e-06,1,7.584962500721156,7.584962500721156,7,1,mockeri,NN,NOUN,1,NN,1,NOUN,0,3.7950203730433323,0.005208333333333333,7.584962500721156,0.03950501302458935,0,0,1,0,0,1,0,0,0,0,-1
moderator,2,4.782780459854775e-07,20.995647094243783,1.0041757066435586e-05,2,6.584962500721156,13.169925001442312,9,1,moder,NN,NOUN,1,NN,1,NOUN,0,3.2947293644691538,0.010416666666666666,6.584962500721156,0.06859335938251204,0,0,0,0,0,0,1,0,0,1,1
modest,1,2.3913902299273877e-07,21.995647094243783,5.260017556210532e-06,1,7.584962500721156,7.584962500721156,6,1,modest,NN,NOUN,1,NN,1,NOUN,0,3.7950277020500565,0.005208333333333333,7.584962500721156,0.03950501302458935,0,0,0,0,0,0,1,0,0,1,1
molestation,2,4.782780459854775e-07,20.995647094243783,1.0041757066435586e-05,2,6.584962500721156,13.169925001442312,11,1,molest,NN,NOUN,1,NN,1,NOUN,0,3.2946924037196044,0.010416666666666666,6.584962500721156,0.06859335938251204,1,0,1,1,0,1,0,1,0,0,-1
monetary,237,5.667594844927909e-05,14.106903845345524,0.0007995221551177399,83,1.2099230693742313,100.4236147580612,8,1,monetari,NN,NOUN,2,NN|NNP,1,NOUN,0,0.6060263803426116,0.4322916666666667,1.2099230693742313,0.5230396601982354,0,1,0,0,0,0,1,0,0,0,1
money,700,0.00016739731609491715,12.544435982411454,0.0020999049153801828,99,0.9556058806415466,94.60498218351312,5,1,monei,NN,NOUN,2,NN|NNP,1,NOUN,0,0.4794792628856617,0.515625,0.9556058806415466,0.49273428220579746,1,1,0,0,1,0,1,0,1,1,1
monk,2,4.782780459854775e-07,20.995647094243783,1.0041757066435586e-05,2,6.584962500721156,13.169925001442312,4,1,monk,NN,NOUN,1,NN,1,NOUN,0,3.294704945884226,0.010416666666666666,6.584962500721156,0.06859335938251204,0,0,0,0,0,0,1,0,0,1,1
moral,382,9.135110678322621e-05,13.418218266208035,0.0012257690896770065,129,0.573735245297902,74.01184664342935,5,1,moral,NN,NOUN,2,NN|NNP,1,NOUN,0,0.28761529125923924,0.671875,0.573735245297902,0.3854783679345279,1,0,0,0,0,0,1,0,0,1,1
morality,338,8.082898977154571e-05,13.594767657961599,0.0010988513359719186,100,0.9411063109464314,94.11063109464314,8,1,moral,NN,NOUN,2,NN|NNP,1,NOUN,0,0.47154278985023906,0.5208333333333334,0.9411063109464314,0.4901595369512664,0,0,0,0,0,0,1,0,0,1,1
morals,157,3.7544826609859986e-05,14.701026345352156,0.0005519474851232303,69,1.4764380439429872,101.87422503206612,6,1,moral,NN,NOUN,2,NN|NNP,1,NOUN,0,0.7395299040422142,0.359375,1.4764380439429872,0.530594922042011,1,1,1,0,1,0,1,0,1,1,1
mortality,2,4.782780459854775e-07,20.995647094243783,1.0041757066435586e-05,2,6.584962500721156,13.169925001442312,9,1,mortal,NN,NOUN,1,NN,1,NOUN,0,3.2946926971845265,0.010416666666666666,6.584962500721156,0.06859335938251204,1,0,0,1,0,1,0,1,0,0,-1
mother,207,4.950177775949693e-05,14.302160136744456,0.0007079823525698603,91,1.07716786052246,98.02227530754385,6,1,mother,NN,NOUN,2,NN|NNP,1,NOUN,0,0.5394003620089377,0.4739583333333333,1.07716786052246,0.5105326838934575,0,1,0,0,1,1,1,1,0,1,0
motherhood,43,1.0282977988687768e-05,16.569382339541683,0.00017038259388365895,32,2.584962500721156,82.718800023077,10,1,motherhood,NN,NOUN,2,NN|NNP,1,NOUN,0,1.2936735261950285,0.16666666666666666,2.584962500721156,0.430827083453526,0,0,0,0,1,0,1,0,0,1,1
mourning,1,2.3913902299273877e-07,21.995647094243783,5.260017556210532e-06,1,7.584962500721156,7.584962500721156,8,1,mourn,VB,VERB,1,VB,1,VERB,0,3.7950166660926072,0.005208333333333333,7.584962500721156,0.03950501302458935,0,0,0,0,0,1,0,1,0,0,-1
murder,10,2.3913902299273877e-06,18.67371899935642,4.465614917147038e-05,8,4.584962500721156,36.67970000576925,6,1,murder,NN,NOUN,1,NN,1,NOUN,0,2.2940777875200546,0.041666666666666664,4.584962500721156,0.19104010419671483,1,0,1,1,0,1,0,1,1,0,-1
music,14,3.3479463218983428e-06,18.188292172186177,6.089342587948313e-05,12,4.0,48.0,5,1,music,NN,NOUN,2,NN|NNP,1,NOUN,0,2.001450377811455,0.0625,4.0,0.25,0,0,0,0,1,0,1,1,0,0,1
musical,4,9.56556091970955e-07,19.995647094243783,1.9126958040900216e-05,2,6.584962500721156,13.169925001442312,7,1,music,NN,NOUN,1,NN,1,NOUN,0,3.2946999952771776,0.010416666666666666,6.584962500721156,0.06859335938251204,1,1,0,0,1,0,1,1,1,1,1
mutilation,3,7.174170689782163e-07,20.410684593522628,1.464297351692384e-05,3,6.0,18.0,10,1,mutil,NN,NOUN,1,NN,1,NOUN,0,3.0020433552712444,0.015625,6.0,0.09375,1,0,1,1,0,1,0,1,0,0,-1
mutiny,41,9.80469994270229e-06,16.6380950896257,0.00016313152997192836,31,2.6307661903342807,81.5537519003627,6,1,mutini,NN,NOUN,1,NN,1,NOUN,0,1.3164649442145493,0.16145833333333334,2.6307661903342807,0.42475912448105574,1,0,1,1,0,1,0,0,1,0,-1
navigable,6,1.4348341379564326e-06,19.410684593522628,2.785111289589125e-05,4,5.584962500721156,22.339850002884624,9,1,navig,NN,NOUN,1,NN,1,NOUN,0,2.794453154776838,0.020833333333333332,5.584962500721156,0.11635338543169074,0,1,0,0,0,0,1,0,0,0,1
negation,4,9.56556091970955e-07,19.995647094243783,1.9126958040900216e-05,4,5.584962500721156,22.339850002884624,8,1,negat,NN,NOUN,1,NN,1,NOUN,0,2.79438293298786,0.020833333333333332,5.584962500721156,0.11635338543169074,1,0,0,0,0,1,0,0,0,0,-1
negative,17,4.065363390876559e-06,17.908184252993443,7.280327665919162e-05,14,3.777607578663552,52.886506101289726,8,1,neg,NN,NOUN,2,NN|NNP,1,NOUN,0,1.890191174615491,0.07291666666666667,3.777607578663552,0.275450552610884,0,0,0,0,0,1,0,1,0,0,-1
neglected,4,9.56556091970955e-07,19.995647094243783,1.9126958040900216e-05,3,6.0,18.0,9,1,neglect,VB,VERB,1,VB,1,VERB,0,3.0020812712932963,0.015625,6.0,0.09375,1,0,1,0,0,1,0,1,0,0,-1
negotiate,45,1.0761256034673246e-05,16.50379399791411,0.0001776015527550573,36,2.415037499278844,86.94134997403839,9,1,negoti,NN,NOUN,2,NN|NNP,1,NOUN,0,1.2086884042469925,0.1875,2.415037499278844,0.45281953111478324,0,0,0,0,0,0,1,0,0,1,1
negro,1,2.3913902299273877e-07,21.995647094243783,5.260017556210532e-06,1,7.584962500721156,7.584962500721156,5,1,negro,NNP,NOUN,1,NNP,1,NOUN,0,3.795046577723513,0.005208333333333333,7.584962500721156,0.03950501302458935,0,0,0,0,0,1,0,1,0,0,-1
nepotism,10,2.3913902299273877e-06,18.67371899935642,4.465614917147038e-05,8,4.584962500721156,36.67970000576925,8,1,nepot,NN,NOUN,2,NN|NNP,1,NOUN,0,2.2941211254761775,0.041666666666666664,4.584962500721156,0.19104010419671483,1,0,1,0,0,1,0,1,0,0,-1
nervous,1,2.3913902299273877e-07,21.995647094243783,5.260017556210532e-06,1,7.584962500721156,7.584962500721156,7,1,nervou,NN,NOUN,1,NN,1,NOUN,0,3.7950169994983445,0.005208333333333333,7.584962500721156,0.03950501302458935,0,1,0,1,0,1,0,0,0,0,-1
neutral,24,5.7393365518257305e-06,17.410684593522628,9.992577847991352e-05,15,3.678071905112638,55.17107857668957,7,1,neutral,NN,NOUN,1,NN,1,NOUN,0,1.8404731531897205,0.078125,3.678071905112638,0.2873493675869248,0,1,0,0,0,0,0,0,0,1,0
nobility,24,5.7393365518257305e-06,17.410684593522628,9.992577847991352e-05,18,3.415037499278844,61.470674987019194,8,1,nobil,NN,NOUN,2,NN|NNP,1,NOUN,0,1.7088944437418447,0.09375,3.415037499278844,0.3201597655573916,0,1,0,0,0,0,1,0,0,1,1
noble,30,7.1741706897821635e-06,17.088756498635263,0.00012259765599733358,20,3.263034405833794,65.26068811667588,5,1,nobl,NN,NOUN,2,NN|NNP,1,NOUN,0,1.6329921731692754,0.10416666666666667,3.263034405833794,0.3398994172743535,0,0,0,0,0,0,1,0,0,1,1
noncompliance,20,4.782780459854775e-06,17.67371899935642,8.452951788308599e-05,9,4.415037499278844,39.7353374935096,13,1,noncompli,NN,NOUN,2,NN|NNP,1,NOUN,0,2.209109897374842,0.046875,4.415037499278844,0.2069548827786958,1,1,0,1,0,1,0,1,0,0,-1
notable,44,1.0522117011680507e-05,16.536215475606486,0.00017399599416469347,15,3.678071905112638,55.17107857668957,7,1,notabl,NN,NOUN,1,NN,1,NOUN,0,1.8405575782865007,0.078125,3.678071905112638,0.2873493675869248,0,0,0,0,1,0,1,0,0,1,1
notoriety,1,2.3913902299273877e-07,21.995647094243783,5.260017556210532e-06,1,7.584962500721156,7.584962500721156,9,1,notorieti,NN,NOUN,1,NN,1,NOUN,0,3.7950178392957135,0.005208333333333333,7.584962500721156,0.03950501302458935,1,0,1,1,0,1,1,0,0,0,0
nuisance,6,1.4348341379564326e-06,19.410684593522628,2.785111289589125e-05,5,5.2630344058337934,26.315172029168966,8,1,nuisanc,NN,NOUN,1,NN,1,NOUN,0,2.633348203222965,0.026041666666666668,5.2630344058337934,0.1370581876519217,1,0,0,0,0,1,0,0,0,0,-1
nullify,8,1.91311218394191e-06,18.995647094243783,3.634080389785852e-05,7,4.777607578663552,33.44325305064487,7,1,nullifi,NN,NOUN,1,NN,1,NOUN,0,2.390475421303324,0.036458333333333336,4.777607578663552,0.17418360963877536,0,0,0,0,0,1,0,0,1,0,-1
nurse,1,2.3913902299273877e-07,21.995647094243783,5.260017556210532e-06,1,7.584962500721156,7.584962500721156,5,1,nurs,NN,NOUN,1,NN,1,NOUN,0,3.7950138134882234,0.005208333333333333,7.584962500721156,0.03950501302458935,0,0,0,0,0,0,1,0,0,1,1
nursery,1,2.3913902299273877e-07,21.995647094243783,5.260017556210532e-06,1,7.584962500721156,7.584962500721156,7,1,nurseri,NN,NOUN,1,NN,1,NOUN,0,3.795017631550491,0.005208333333333333,7.584962500721156,0.03950501302458935,0,0,0,0,1,0,1,0,0,1,1
nurture,2,4.782780459854775e-07,20.995647094243783,1.0041757066435586e-05,2,6.584962500721156,13.169925001442312,7,1,nurtur,NN,NOUN,1,NN,1,NOUN,0,3.294707829005306,0.010416666666666666,6.584962500721156,0.06859335938251204,1,1,1,1,1,0,1,0,0,1,1
nutritious,1,2.3913902299273877e-07,21.995647094243783,5.260017556210532e-06,1,7.584962500721156,7.584962500721156,10,1,nutriti,NN,NOUN,1,NN,1,NOUN,0,3.795023325776785,0.005208333333333333,7.584962500721156,0.03950501302458935,0,0,0,0,0,0,1,1,0,0,1
oath,1814,0.00043379818770882813,11.17068835371526,0.004845824363301793,167,0.20125820824710391,33.61012077726635,4,1,oath,NN,NOUN,2,NN|NNP,1,NOUN,0,0.10150512432060814,0.8697916666666666,0.20125820824710391,0.1750527123815956,0,0,0,0,0,0,1,0,0,1,1
obedience,89,2.1283373046353752e-05,15.519913663277384,0.0003303161121427352,48,2.0,96.0,9,1,obedi,NN,NOUN,2,NN|NNP,1,NOUN,0,1.001083192566601,0.25,2.0,0.5,0,0,0,0,0,0,1,0,0,1,1
obey,107,2.558787546022305e-05,15.254180107842636,0.0003903220608472892,49,1.970252656605948,96.54238017369146,4,1,obei,NN,NOUN,1,NN,1,NOUN,0,0.9862272691728755,0.2552083333333333,1.9702526566059482,0.5028248967379764,0,0,0,1,0,0,0,0,0,1,0
obi,3,7.174170689782163e-07,20.410684593522628,1.464297351692384e-05,1,7.584962500721156,7.584962500721156,3,1,obi,NNP,NOUN,1,NNP,1,NOUN,0,3.79502745164592,0.005208333333333333,7.584962500721156,0.03950501302458935,0,0,1,1,0,1,0,0,0,0,-1
objection,132,3.156635103504152e-05,14.95125297488533,0.0004719564998189391,63,1.6076825772212395,101.28400236493809,9,1,object,NN,NOUN,2,NN|NNP,1,NOUN,0,0.8047931467382409,0.328125,1.6076825772212395,0.5275208456507192,1,0,0,0,0,1,0,0,0,0,-1
objective,201,4.8066943621540495e-05,14.344595403064854,0.0006895008585129273,80,1.2630344058337937,101.04275246670349,9,1,object,NN,NOUN,2,NN|NNP,1,NOUN,0,0.6324830689366919,0.4166666666666667,1.2630344058337937,0.5262643357640807,0,1,0,0,0,0,1,0,0,1,1
oblige,13,3.1088072989056042e-06,18.29520737610269,5.6876274225819694e-05,9,4.415037499278844,39.7353374935096,6,1,oblig,NN,NOUN,1,NN,1,NOUN,0,2.2091377495763584,0.046875,4.415037499278844,0.2069548827786958,0,0,0,0,0,1,0,0,0,1,-1
obliging,2,4.782780459854775e-07,20.995647094243783,1.0041757066435586e-05,2,6.584962500721156,13.169925001442312,8,1,oblig,VB,VERB,1,VB,1,VERB,0,3.294703291206424,0.010416666666666666,6.584962500721156,0.06859335938251204,1,1,1,1,1,0,1,0,1,1,1
obligor,1,2.3913902299273877e-07,21.995647094243783,5.260017556210532e-06,1,7.584962500721156,7.584962500721156,7,1,obligor,NN,NOUN,1,NN,1,NOUN,0,3.7950210298609695,0.005208333333333333,7.584962500721156,0.03950501302458935,0,0,0,1,0,1,0,0,0,0,-1
obliterate,2,4.782780459854775e-07,20.995647094243783,1.0041757066435586e-05,2,6.584962500721156,13.169925001442312,10,1,obliter,NN,NOUN,1,NN,1,NOUN,0,3.294742431331406,0.010416666666666666,6.584962500721156,0.06859335938251204,1,0,0,1,0,1,0,1,0,0,-1
obnoxious,1,2.3913902299273877e-07,21.995647094243783,5.260017556210532e-06,1,7.584962500721156,7.584962500721156,9,1,obnoxi,NNP,NOUN,1,NNP,1,NOUN,0,3.7950144051947343,0.005208333333333333,7.584962500721156,0.03950501302458935,1,0,1,0,0,1,0,1,0,0,-1
obscene,3,7.174170689782163e-07,20.410684593522628,1.464297351692384e-05,3,6.0,18.0,7,1,obscen,NN,NOUN,1,NN,1,NOUN,0,3.002033298466744,0.015625,6.0,0.09375,0,0,1,0,0,1,0,0,0,0,-1
obscenity,1,2.3913902299273877e-07,21.995647094243783,5.260017556210532e-06,1,7.584962500721156,7.584962500721156,9,1,obscen,NN,NOUN,1,NN,1,NOUN,0,3.7950454676512337,0.005208333333333333,7.584962500721156,0.03950501302458935,1,0,1,0,0,1,0,0,0,0,-1
obstacle,13,3.1088072989056042e-06,18.29520737610269,5.6876274225819694e-05,10,4.2630344058337934,42.63034405833793,8,1,obstacl,NN,NOUN,1,NN,1,NOUN,0,2.1330696900230834,0.052083333333333336,4.2630344058337934,0.22203304197051008,1,0,0,1,0,1,0,1,0,0,-1
obstruct,23,5.500197528832992e-06,17.47208513818677,9.609991950061453e-05,18,3.415037499278844,61.470674987019194,8,1,obstruct,NN,NOUN,1,NN,1,NOUN,0,1.7088797581564972,0.09375,3.415037499278844,0.3201597655573916,1,0,0,1,0,1,0,0,0,0,-1
obvious,5,1.1956951149636938e-06,19.67371899935642,2.3523769700698883e-05,3,6.0,18.0,7,1,obviou,NN,NOUN,1,NN,1,NOUN,0,3.0020365884587217,0.015625,6.0,0.09375,0,0,0,0,0,0,1,0,0,1,1
occupant,11,2.6305292529201267e-06,18.536215475606486,4.876005704701362e-05,10,4.2630344058337934,42.63034405833793,8,1,occup,NN,NOUN,1,NN,1,NOUN,0,2.133049585796853,0.052083333333333336,4.2630344058337934,0.22203304197051008,0,0,0,0,0,0,1,0,0,1,1
offend,9,2.152251206934649e-06,18.82572209280147,4.0517683095648255e-05,6,5.0,30.0,6,1,offend,NN,NOUN,1,NN,1,NOUN,0,2.5017792751467405,0.03125,5.0,0.15625,1,0,1,0,0,1,0,0,0,0,-1
offended,11,2.6305292529201267e-06,18.536215475606486,4.876005704701362e-05,4,5.584962500721156,22.339850002884624,8,1,offend,VB,VERB,1,VB,1,VERB,0,2.7944217200798516,0.020833333333333332,5.584962500721156,0.11635338543169074,1,0,0,0,0,1,0,1,0,0,-1
offender,70,1.6739731609491715e-05,15.866364077298815,0.0002655986762724628,35,2.4556794837761897,85.94878193216664,8,1,offend,NN,NOUN,1,NN,1,NOUN,0,1.2290402547279227,0.18229166666666666,2.4556794837761897,0.44764990589670123,1,0,1,1,0,1,0,1,0,0,-1
offense,204,4.878436069051871e-05,14.323221752272287,0.0006987492162131347,60,1.6780719051126378,100.68431430675827,7,1,offens,NN,NOUN,2,NN|NNP,1,NOUN,0,0.840634923483675,0.3125,1.6780719051126378,0.5243974703476993,1,0,1,1,0,1,0,1,0,0,-1
offensive,14,3.3479463218983428e-06,18.188292172186177,6.089342587948313e-05,12,4.0,48.0,9,1,offens,NN,NOUN,2,NN|NNP,1,NOUN,0,2.001463214186416,0.0625,4.0,0.25,1,0,1,0,0,1,0,0,0,0,-1
officer,1734,0.00041466706586940907,11.235758911021948,0.004659099180449538,87,1.142019004872428,99.35565342390123,7,1,offic,NN,NOUN,2,NN|NNP,1,NOUN,0,0.5747592945637526,0.453125,1.142019004872428,0.5174773615828189,0,0,0,0,0,0,1,0,0,1,1
offset,9,2.152251206934649e-06,18.82572209280147,4.0517683095648255e-05,5,5.2630344058337934,26.315172029168966,6,1,offset,NN,NOUN,1,NN,1,NOUN,0,2.6333309323951526,0.026041666666666668,5.2630344058337934,0.1370581876519217,0,1,0,0,0,0,1,0,0,0,1
omen,2,4.782780459854775e-07,20.995647094243783,1.0041757066435586e-05,1,7.584962500721156,7.584962500721156,4,1,omen,NN,NOUN,1,NN,1,NOUN,0,3.7950470863804178,0.005208333333333333,7.584962500721156,0.03950501302458935,0,1,0,1,0,1,0,0,0,0,-1
omnipotence,1,2.3913902299273877e-07,21.995647094243783,5.260017556210532e-06,1,7.584962500721156,7.584962500721156,11,1,omnipot,NN,NOUN,1,NN,1,NOUN,0,3.7950395795285563,0.005208333333333333,7.584962500721156,0.03950501302458935,0,0,0,1,0,1,1,0,0,0,0
omniscient,2,4.782780459854775e-07,20.995647094243783,1.0041757066435586e-05,1,7.584962500721156,7.584962500721156,10,1,omnisci,NNP,NOUN,1,NNP,1,NOUN,0,3.7951016980385,0.005208333333333333,7.584962500721156,0.03950501302458935,0,0,0,0,0,0,1,0,0,1,1
opera,1,2.3913902299273877e-07,21.995647094243783,5.260017556210532e-06,1,7.584962500721156,7.584962500721156,5,1,opera,NN,NOUN,1,NN,1,NOUN,0,3.7950178392957135,0.005208333333333333,7.584962500721156,0.03950501302458935,1,1,0,1,1,0,1,1,1,1,1
operation,1042,0.0002491828619584338,11.970507531965275,0.0029828453259100954,125,0.6191782160590692,77.39727700738365,9,1,oper,NN,NOUN,2,NN|NNP,1,NOUN,0,0.3110330079100572,0.6510416666666666,0.6191782160590692,0.4031108177467898,0,0,0,1,0,0,0,0,0,1,0
opium,8,1.91311218394191e-06,18.995647094243783,3.634080389785852e-05,4,5.584962500721156,22.339850002884624,5,1,opium,NN,NOUN,2,NN|NNP,1,NOUN,0,2.794390176281724,0.020833333333333332,5.584962500721156,0.11635338543169074,1,0,1,1,0,1,0,1,0,0,-1
opponent,1,2.3913902299273877e-07,21.995647094243783,5.260017556210532e-06,1,7.584962500721156,7.584962500721156,8,1,oppon,NN,NOUN,1,NN,1,NOUN,0,3.7950461106784896,0.005208333333333333,7.584962500721156,0.03950501302458935,1,1,1,1,0,1,0,0,0,0,-1
opportune,4,9.56556091970955e-07,19.995647094243783,1.9126958040900216e-05,3,6.0,18.0,9,1,opportun,NN,NOUN,1,NN,1,NOUN,0,3.002028485190403,0.015625,6.0,0.09375,0,0,0,0,1,0,1,0,0,0,1
opportunity,309,7.389395810475628e-05,13.724184066339408,0.001014134282420048,108,0.8300749985576875,89.64809984423025,11,1,opportun,NN,NOUN,2,NN|NNP,1,NOUN,0,0.41587890308288594,0.5625,0.8300749985576875,0.46691718668869925,0,1,0,0,0,0,1,0,0,0,1
opposed,18,4.304502413869298e-06,17.82572209280147,7.673086377742721e-05,14,3.777607578663552,52.886506101289726,7,1,oppos,VB,VERB,2,NNP|VB,2,NOUN|VERB,0,1.8901958903570995,0.07291666666666667,3.777607578663552,0.275450552610884,1,0,0,1,0,1,0,0,0,0,-1
opposition,642,0.0001535272527613383,12.66921760712148,0.001945070173856937,60,1.6780719051126378,100.68431430675827,10,1,opposit,NNP,NOUN,2,NN|NNP,1,NOUN,0,0.8415695059445686,0.3125,1.6780719051126378,0.5243974703476993,1,0,0,0,0,1,0,0,0,0,-1
oppress,2,4.782780459854775e-07,20.995647094243783,1.0041757066435586e-05,2,6.584962500721156,13.169925001442312,7,1,oppress,NN,NOUN,1,NN,1,NOUN,0,3.294729968051799,0.010416666666666666,6.584962500721156,0.06859335938251204,1,0,1,1,0,1,0,1,0,0,-1
oppression,43,1.0282977988687768e-05,16.569382339541683,0.00017038259388365895,31,2.6307661903342807,81.5537519003627,10,1,oppress,NN,NOUN,2,NN|NNP,1,NOUN,0,1.3165731159383716,0.16145833333333334,2.6307661903342807,0.42475912448105574,1,0,1,1,0,1,0,1,0,0,-1
oppressive,11,2.6305292529201267e-06,18.536215475606486,4.876005704701362e-05,6,5.0,30.0,10,1,oppress,NN,NOUN,1,NN,1,NOUN,0,2.501761746973617,0.03125,5.0,0.15625,1,0,1,1,0,1,0,1,0,0,-1
orc,1,2.3913902299273877e-07,21.995647094243783,5.260017556210532e-06,1,7.584962500721156,7.584962500721156,3,1,orc,NNP,NOUN,1,NNP,1,NOUN,0,3.795015608440359,0.005208333333333333,7.584962500721156,0.03950501302458935,1,0,1,1,0,1,0,0,0,0,-1
ordained,5,1.1956951149636938e-06,19.67371899935642,2.3523769700698883e-05,4,5.584962500721156,22.339850002884624,8,1,ordain,VB,VERB,1,VB,1,VERB,0,2.7944374558889855,0.020833333333333332,5.584962500721156,0.11635338543169074,0,0,0,0,0,0,1,0,0,1,1
ordnance,4,9.56556091970955e-07,19.995647094243783,1.9126958040900216e-05,3,6.0,18.0,8,1,ordnanc,NN,NOUN,2,NN|NNP,1,NOUN,0,3.002063971096742,0.015625,6.0,0.09375,0,0,0,1,0,1,0,0,0,0,-1
organ,641,0.00015328811373834555,12.671466547625041,0.001942385205383988,84,1.1926450779423958,100.18218654716125,5,1,organ,NN,NOUN,2,NN|NNP,1,NOUN,0,0.5985553867132246,0.4375,1.1926450779423958,0.5217822215997981,0,1,0,0,1,0,0,0,0,0,0
organization,1729,0.00041347137075444537,11.239924940601501,0.0046473871723675805,144,0.41503749927884376,59.765399896153504,12,1,organ,NN,NOUN,2,NN|NNP,1,NOUN,0,0.20959771252155246,0.75,0.41503749927884376,0.31127812445913283,0,1,0,0,1,0,1,0,1,1,1
originality,2,4.782780459854775e-07,20.995647094243783,1.0041757066435586e-05,2,6.584962500721156,13.169925001442312,11,1,origin,NN,NOUN,1,NN,1,NOUN,0,3.2947047675206087,0.010416666666666666,6.584962500721156,0.06859335938251204,0,0,0,0,0,0,1,0,1,0,1
orphan,3,7.174170689782163e-07,20.410684593522628,1.464297351692384e-05,3,6.0,18.0,6,1,orphan,NN,NOUN,1,NN,1,NOUN,0,3.0020348523126255,0.015625,6.0,0.09375,0,0,0,1,0,1,0,1,0,0,-1
oust,3,7.174170689782163e-07,20.410684593522628,1.464297351692384e-05,2,6.584962500721156,13.169925001442312,4,1,oust,NN,NOUN,1,NN,1,NOUN,0,3.2947050025513067,0.010416666666666666,6.584962500721156,0.06859335938251204,1,0,0,0,0,1,0,1,0,0,-1
outburst,1,2.3913902299273877e-07,21.995647094243783,5.260017556210532e-06,1,7.584962500721156,7.584962500721156,8,1,outburst,NN,NOUN,1,NN,1,NOUN,0,3.7950269986195235,0.005208333333333333,7.584962500721156,0.03950501302458935,1,0,0,1,1,1,1,1,1,0,0
outrage,1,2.3913902299273877e-07,21.995647094243783,5.260017556210532e-06,1,7.584962500721156,7.584962500721156,7,1,outrag,NN,NOUN,1,NN,1,NOUN,0,3.7950269986195235,0.005208333333333333,7.584962500721156,0.03950501302458935,1,0,1,0,0,1,0,0,0,0,-1
outstanding,39,9.326421896716812e-06,16.710244875381534,0.00015584679370525824,25,2.9411063109464313,73.52765777366078,11,1,outstand,VB,VERB,1,VB,1,VERB,0,1.471800412963285,0.13020833333333334,2.9411063109464313,0.3829565509044833,0,0,0,0,1,1,1,0,0,0,0
overpowering,1,2.3913902299273877e-07,21.995647094243783,5.260017556210532e-06,1,7.584962500721156,7.584962500721156,12,1,overpow,VB,VERB,1,VB,1,VERB,0,3.7950687141287083,0.005208333333333333,7.584962500721156,0.03950501302458935,1,0,0,1,0,1,0,0,0,0,-1
overthrow,31,7.4133097127749025e-06,17.041450783856906,0.0001263335526157419,19,3.3370349872775704,63.40366475827384,9,1,overthrow,NN,NOUN,1,NN,1,NOUN,0,1.6698725659311509,0.09895833333333333,3.337034987277571,0.3302274206160096,0,1,0,1,0,1,0,0,0,0,-1
owing,100,2.3913902299273878e-05,15.351790904469057,0.0003671212278083544,48,2.0,96.0,5,1,ow,VB,VERB,1,VB,1,VERB,0,1.0011142861547258,0.25,2.0,0.5,1,1,1,1,0,1,0,1,0,1,-1
pain,7,1.6739731609491714e-06,19.188292172186177,3.212068610069074e-05,6,5.0,30.0,4,1,pain,NN,NOUN,1,NN,1,NOUN,0,2.5017448123958688,0.03125,5.0,0.15625,0,0,0,1,0,1,0,1,0,0,-1
painful,1,2.3913902299273877e-07,21.995647094243783,5.260017556210532e-06,1,7.584962500721156,7.584962500721156,7,1,pain,NN,NOUN,1,NN,1,NOUN,0,3.7950178392957135,0.005208333333333333,7.584962500721156,0.03950501302458935,1,0,1,1,0,1,0,1,0,0,-1
parade,1,2.3913902299273877e-07,21.995647094243783,5.260017556210532e-06,1,7.584962500721156,7.584962500721156,6,1,parad,NN,NOUN,1,NN,1,NOUN,0,3.7950519984471414,0.005208333333333333,7.584962500721156,0.03950501302458935,0,1,0,1,1,1,1,0,1,0,0
paralysis,2,4.782780459854775e-07,20.995647094243783,1.0041757066435586e-05,2,6.584962500721156,13.169925001442312,9,1,paralysi,NN,NOUN,1,NN,1,NOUN,0,3.2946913178892543,0.010416666666666666,6.584962500721156,0.06859335938251204,1,1,0,1,0,1,0,1,0,0,-1
paralyzed,1,2.3913902299273877e-07,21.995647094243783,5.260017556210532e-06,1,7.584962500721156,7.584962500721156,9,1,paralyz,VB,VERB,1,VB,1,VERB,0,3.795017810352839,0.005208333333333333,7.584962500721156,0.03950501302458935,1,0,0,1,0,1,0,1,1,0,-1
parrot,1,2.3913902299273877e-07,21.995647094243783,5.260017556210532e-06,1,7.584962500721156,7.584962500721156,6,1,parrot,NN,NOUN,1,NN,1,NOUN,0,3.7950477122727055,0.005208333333333333,7.584962500721156,0.03950501302458935,0,0,1,0,0,1,0,0,0,0,-1
partnership,35,8.369865804745858e-06,16.866364077298815,0.00014116920394097727,18,3.415037499278844,61.470674987019194,11,1,partnership,NN,NOUN,1,NN,1,NOUN,0,1.7088694383387277,0.09375,3.415037499278844,0.3201597655573916,0,0,0,0,0,0,1,0,0,1,1
patient,2,4.782780459854775e-07,20.995647094243783,1.0041757066435586e-05,2,6.584962500721156,13.169925001442312,7,1,patient,NN,NOUN,1,NN,1,NOUN,0,3.2946893162464352,0.010416666666666666,6.584962500721156,0.06859335938251204,0,1,0,0,0,0,1,0,0,0,1
patriarchal,3,7.174170689782163e-07,20.410684593522628,1.464297351692384e-05,2,6.584962500721156,13.169925001442312,11,1,patriarch,NNP,NOUN,2,NN|NNP,1,NOUN,0,3.294721464136447,0.010416666666666666,6.584962500721156,0.06859335938251204,0,0,0,0,0,0,1,0,0,1,1
patronage,10,2.3913902299273877e-06,18.67371899935642,4.465614917147038e-05,10,4.2630344058337934,42.63034405833793,9,1,patronag,NN,NOUN,2,NN|NNP,1,NOUN,0,2.1330922689863705,0.052083333333333336,4.2630344058337934,0.22203304197051008,0,0,0,0,0,0,1,0,0,1,1
pawn,3,7.174170689782163e-07,20.410684593522628,1.464297351692384e-05,1,7.584962500721156,7.584962500721156,4,1,pawn,NNP,NOUN,2,NN|NNP,1,NOUN,0,3.7950292408316053,0.005208333333333333,7.584962500721156,0.03950501302458935,0,0,0,0,0,1,0,0,0,1,-1
pay,323,7.724190442665462e-05,13.660256739549858,0.0010551442455198749,125,0.6191782160590692,77.39727700738365,3,1,pai,NN,NOUN,2,NN|NNP,1,NOUN,0,0.3102969002840754,0.6510416666666666,0.6191782160590692,0.4031108177467898,0,1,0,0,1,0,1,0,0,1,1
peace,876,0.00020948578414163918,12.220860034642609,0.002560096447242327,180,0.09310940439148145,16.759692790466662,5,1,peac,NN,NOUN,2,NN|NNP,1,NOUN,0,0.046802642270625756,0.9375,0.09310940439148145,0.08729006661701386,0,1,0,0,1,0,1,0,0,1,1
peaceful,252,6.0263033794170176e-05,14.018367170743867,0.0008447893345496234,124,0.6307661903342809,78.21500760145084,8,1,peac,NN,NOUN,2,NN|NNP,1,NOUN,0,0.31606261778493255,0.6458333333333334,0.6307661903342809,0.4073698312575565,0,1,0,0,1,0,1,0,1,1,1
penal,270,6.456753620803947e-05,13.918831497192953,0.0008987046566686062,73,1.395137941841139,101.84506975440314,5,1,penal,NN,NOUN,2,NN|NNP,1,NOUN,0,0.6989035023798834,0.3802083333333333,1.3951379418411392,0.5304430716375165,0,0,0,1,0,1,0,1,0,0,-1
penalty,541,0.00012937421143907168,12.916162310416967,0.0016710183137292533,135,0.5081469036703253,68.59983199549391,7,1,penalti,NN,NOUN,2,NN|NNP,1,NOUN,0,0.2548318115884578,0.703125,0.5081469036703253,0.3572907916431975,1,0,0,1,0,1,0,1,0,0,-1
penetration,3,7.174170689782163e-07,20.410684593522628,1.464297351692384e-05,2,6.584962500721156,13.169925001442312,11,1,penetr,NN,NOUN,2,NN|NNP,1,NOUN,0,3.294735721936958,0.010416666666666666,6.584962500721156,0.06859335938251204,1,0,0,1,0,1,0,0,0,0,-1
penitentiary,40,9.56556091970955e-06,16.67371899935642,0.00015949347484646242,26,2.884522782580064,74.99759234708166,12,1,penitentiari,NN,NOUN,2,NN|NNP,1,NOUN,0,1.4434770882915344,0.13541666666666666,2.884522782580064,0.3906124601410503,1,0,0,0,0,1,0,0,0,0,-1
perceive,2,4.782780459854775e-07,20.995647094243783,1.0041757066435586e-05,2,6.584962500721156,13.169925001442312,8,1,perceiv,NN,NOUN,1,NN,1,NOUN,0,3.2947006634105045,0.010416666666666666,6.584962500721156,0.06859335938251204,0,0,0,0,0,0,1,0,0,1,1
perfect,9,2.152251206934649e-06,18.82572209280147,4.0517683095648255e-05,8,4.584962500721156,36.67970000576925,7,1,perfect,NN,NOUN,1,NN,1,NOUN,0,2.2941441295233607,0.041666666666666664,4.584962500721156,0.19104010419671483,0,1,0,0,1,0,1,0,0,1,1
perfection,2,4.782780459854775e-07,20.995647094243783,1.0041757066435586e-05,1,7.584962500721156,7.584962500721156,10,1,perfect,NN,NOUN,1,NN,1,NOUN,0,3.7950468653597924,0.005208333333333333,7.584962500721156,0.03950501302458935,0,1,0,0,1,0,1,0,1,1,1
peril,8,1.91311218394191e-06,18.995647094243783,3.634080389785852e-05,6,5.0,30.0,5,1,peril,NN,NOUN,1,NN,1,NOUN,0,2.5018004849307744,0.03125,5.0,0.15625,0,1,0,1,0,1,0,1,0,0,-1
perjury,12,2.8696682759128652e-06,18.410684593522628,5.283255751586963e-05,10,4.2630344058337934,42.63034405833793,7,1,perjuri,NN,NOUN,2,NN|NNP,1,NOUN,0,2.133056218999869,0.052083333333333336,4.2630344058337934,0.22203304197051008,0,0,0,1,0,1,0,0,1,0,-1
perpetrator,14,3.3479463218983428e-06,18.188292172186177,6.089342587948313e-05,9,4.415037499278844,39.7353374935096,11,1,perpetr,NN,NOUN,1,NN,1,NOUN,0,2.2091500858816713,0.046875,4.415037499278844,0.2069548827786958,1,0,1,1,0,1,0,1,0,0,-1
perpetuity,6,1.4348341379564326e-06,19.410684593522628,2.785111289589125e-05,5,5.2630344058337934,26.315172029168966,10,1,perpetu,NN,NOUN,1,NN,1,NOUN,0,2.6333167336981127,0.026041666666666668,5.2630344058337934,0.1370581876519217,0,1,0,0,0,0,1,0,0,1,1
persecution,31,7.4133097127749025e-06,17.041450783856906,0.0001263335526157419,24,3.0,72.0,11,1,persecut,NN,NOUN,2,NN|NNP,1,NOUN,0,1.5012249299873066,0.125,3.0,0.375,1,0,1,1,0,1,0,1,0,0,-1
pertinent,123,2.941409982810687e-05,15.053132588904543,0.00044277434469576705,31,2.6307661903342807,81.5537519003627,9,1,pertin,NN,NOUN,1,NN,1,NOUN,0,1.3169335416498371,0.16145833333333334,2.6307661903342807,0.42475912448105574,0,0,0,0,0,0,1,0,0,1,1
perturbation,1,2.3913902299273877e-07,21.995647094243783,5.260017556210532e-06,1,7.584962500721156,7.584962500721156,12,1,perturb,NN,NOUN,1,NN,1,NOUN,0,3.795017810352839,0.005208333333333333,7.584962500721156,0.03950501302458935,0,0,0,1,0,1,0,0,0,0,-1
perverse,1,2.3913902299273877e-07,21.995647094243783,5.260017556210532e-06,1,7.584962500721156,7.584962500721156,8,1,pervers,NN,NOUN,1,NN,1,NOUN,0,3.79501390513481,0.005208333333333333,7.584962500721156,0.03950501302458935,1,0,1,1,0,1,0,0,0,0,-1
perversion,2,4.782780459854775e-07,20.995647094243783,1.0041757066435586e-05,1,7.584962500721156,7.584962500721156,10,1,pervers,NN,NOUN,1,NN,1,NOUN,0,3.795022260653989,0.005208333333333333,7.584962500721156,0.03950501302458935,1,0,1,0,0,1,0,1,0,0,-1
pervert,1,2.3913902299273877e-07,21.995647094243783,5.260017556210532e-06,1,7.584962500721156,7.584962500721156,7,1,pervert,NN,NOUN,1,NN,1,NOUN,0,3.7950264828530607,0.005208333333333333,7.584962500721156,0.03950501302458935,1,0,1,0,0,1,0,0,0,0,-1
pestilence,9,2.152251206934649e-06,18.82572209280147,4.0517683095648255e-05,9,4.415037499278844,39.7353374935096,10,1,pestil,NN,NOUN,1,NN,1,NOUN,0,2.209054810512257,0.046875,4.415037499278844,0.2069548827786958,0,0,1,1,0,1,0,0,0,0,-1
petroleum,95,2.2718207184310183e-05,15.425791485912836,0.0003504463269589358,18,3.415037499278844,61.470674987019194,9,1,petroleum,NN,NOUN,2,NN|NNP,1,NOUN,0,1.709206250592987,0.09375,3.415037499278844,0.3201597655573916,0,0,1,0,0,1,1,0,0,0,0
physician,6,1.4348341379564326e-06,19.410684593522628,2.785111289589125e-05,4,5.584962500721156,22.339850002884624,9,1,physician,NN,NOUN,1,NN,1,NOUN,0,2.794400154078439,0.020833333333333332,5.584962500721156,0.11635338543169074,0,0,0,0,0,0,1,0,0,1,1
picket,4,9.56556091970955e-07,19.995647094243783,1.9126958040900216e-05,3,6.0,18.0,6,1,picket,NN,NOUN,1,NN,1,NOUN,0,3.002030065387332,0.015625,6.0,0.09375,1,1,0,1,0,1,0,0,0,0,-1
picketing,2,4.782780459854775e-07,20.995647094243783,1.0041757066435586e-05,1,7.584962500721156,7.584962500721156,9,1,picket,VB,VERB,1,VB,1,VERB,0,3.7950263627484406,0.005208333333333333,7.584962500721156,0.03950501302458935,1,0,0,0,0,1,0,0,0,0,-1
pillage,3,7.174170689782163e-07,20.410684593522628,1.464297351692384e-05,2,6.584962500721156,13.169925001442312,7,1,pillag,NN,NOUN,1,NN,1,NOUN,0,3.294722855369125,0.010416666666666666,6.584962500721156,0.06859335938251204,1,0,1,1,0,1,0,0,0,0,-1
pious,3,7.174170689782163e-07,20.410684593522628,1.464297351692384e-05,1,7.584962500721156,7.584962500721156,5,1,piou,NN,NOUN,1,NN,1,NOUN,0,3.7950667321000613,0.005208333333333333,7.584962500721156,0.03950501302458935,0,0,1,0,0,0,1,1,0,1,1
planning,450,0.00010761256034673245,13.181865903026745,0.0014185343399720004,92,1.0614005446641432,97.64885010910118,8,1,plan,VB,VERB,2,NNP|VB,2,NOUN|VERB,0,0.5318170503170174,0.4791666666666667,1.0614005446641432,0.508587760984902,0,1,0,0,0,0,1,0,0,1,1
plea,19,4.543641436862037e-06,17.747719580800197,8.063927409713152e-05,11,4.125530882083859,45.380839702922444,4,1,plea,NN,NOUN,1,NN,1,NOUN,0,2.064292687536253,0.057291666666666664,4.125530882083859,0.23635854011938773,0,1,0,1,0,1,0,1,0,0,-1
pleasant,2,4.782780459854775e-07,20.995647094243783,1.0041757066435586e-05,2,6.584962500721156,13.169925001442312,8,1,pleasant,NN,NOUN,1,NN,1,NOUN,0,3.294765459359932,0.010416666666666666,6.584962500721156,0.06859335938251204,0,1,0,0,1,0,1,0,1,1,1
pleased,4,9.56556091970955e-07,19.995647094243783,1.9126958040900216e-05,3,6.0,18.0,7,1,pleas,VB,VERB,1,VB,1,VERB,0,3.002086238180785,0.015625,6.0,0.09375,0,0,0,0,1,0,1,0,0,0,1
pledge,70,1.6739731609491715e-05,15.866364077298815,0.0002655986762724628,46,2.0614005446641435,94.8244250545506,6,1,pledg,NN,NOUN,2,NN|NNP,1,NOUN,0,1.0319234748255606,0.23958333333333334,2.0614005446641435,0.49387721382578437,0,0,0,0,1,0,1,0,0,1,1
poison,1,2.3913902299273877e-07,21.995647094243783,5.260017556210532e-06,1,7.584962500721156,7.584962500721156,6,1,poison,NN,NOUN,1,NN,1,NOUN,0,3.7950138134882234,0.005208333333333333,7.584962500721156,0.03950501302458935,1,0,1,1,0,1,0,1,0,0,-1
poisonous,2,4.782780459854775e-07,20.995647094243783,1.0041757066435586e-05,2,6.584962500721156,13.169925001442312,9,1,poison,NN,NOUN,1,NN,1,NOUN,0,3.294712671376795,0.010416666666666666,6.584962500721156,0.06859335938251204,1,0,1,1,0,1,0,1,0,0,-1
police,1976,0.00047253870943365185,11.047279862659105,0.005220267369053304,136,0.49749965947081687,67.6599536880311,6,1,polic,NNP,NOUN,2,NN|NNP,1,NOUN,0,0.25064563162066467,0.7083333333333334,0.49749965947081665,0.3523955921251618,0,0,0,1,0,0,1,0,0,1,1
politic,6,1.4348341379564326e-06,19.410684593522628,2.785111289589125e-05,4,5.584962500721156,22.339850002884624,7,1,polit,NN,NOUN,1,NN,1,NOUN,0,2.794457129290113,0.020833333333333332,5.584962500721156,0.11635338543169074,0,0,1,0,0,0,1,0,0,0,1
pollute,1,2.3913902299273877e-07,21.995647094243783,5.260017556210532e-06,1,7.584962500721156,7.584962500721156,7,1,pollut,NN,NOUN,1,NN,1,NOUN,0,3.7950271091298364,0.005208333333333333,7.584962500721156,0.03950501302458935,0,0,1,0,0,1,0,0,0,0,-1
pollution,43,1.0282977988687768e-05,16.569382339541683,0.00017038259388365895,32,2.584962500721156,82.718800023077,9,1,pollut,NN,NOUN,2,NN|NNP,1,NOUN,0,1.2935999785244303,0.16666666666666666,2.584962500721156,0.430827083453526,0,0,1,0,0,1,0,0,0,0,-1
polygamy,2,4.782780459854775e-07,20.995647094243783,1.0041757066435586e-05,2,6.584962500721156,13.169925001442312,8,1,polygami,NN,NOUN,2,NN|NNP,1,NOUN,0,3.29471930235346,0.010416666666666666,6.584962500721156,0.06859335938251204,0,0,1,0,0,1,0,0,0,0,-1
pornography,2,4.782780459854775e-07,20.995647094243783,1.0041757066435586e-05,2,6.584962500721156,13.169925001442312,11,1,pornographi,NN,NOUN,1,NN,1,NOUN,0,3.2946913380955642,0.010416666666666666,6.584962500721156,0.06859335938251204,0,0,1,0,0,1,0,0,0,0,-1
possess,284,6.791548252993782e-05,13.845899974739101,0.0009403509778456599,82,1.2274104961030725,100.64766068045195,7,1,possess,NN,NOUN,2,NN|NNP,1,NOUN,0,0.6148951865327775,0.4270833333333333,1.2274104961030727,0.5242065660440206,0,1,0,0,1,0,1,0,0,1,1
possessed,41,9.80469994270229e-06,16.6380950896257,0.00016313152997192836,28,2.777607578663552,77.77301220257945,9,1,possess,VB,VERB,1,VB,1,VERB,0,1.3899684771158707,0.14583333333333334,2.777607578663552,0.4050677718884347,1,0,1,1,0,1,0,0,0,0,-1
possession,379,9.063368971424799e-05,13.42959305607269,0.0012171735700327116,97,0.9850496585340286,95.54981687780078,10,1,possess,NN,NOUN,2,NN|NNP,1,NOUN,0,0.4935458189249072,0.5052083333333334,0.9850496585340284,0.4976552962385456,1,0,1,1,0,1,0,0,0,0,-1
posthumous,3,7.174170689782163e-07,20.410684593522628,1.464297351692384e-05,3,6.0,18.0,10,1,posthum,NNP,NOUN,2,NN|NNP,1,NOUN,0,3.002020796237358,0.015625,6.0,0.09375,0,0,0,0,0,1,0,1,0,0,-1
postponement,29,6.9350316667894245e-06,17.13766609911621,0.00011885025709223451,19,3.3370349872775704,63.40366475827384,12,1,postpon,NN,NOUN,2,NN|NNP,1,NOUN,0,1.6699252410621401,0.09895833333333333,3.337034987277571,0.3302274206160096,0,0,0,0,0,1,0,0,1,0,-1
poverty,37,8.848143850731336e-06,16.786193728614833,0.00014852665681702824,19,3.3370349872775704,63.40366475827384,7,1,poverti,NN,NOUN,2,NN|NNP,1,NOUN,0,1.6698638779913402,0.09895833333333333,3.337034987277571,0.3302274206160096,1,0,1,1,0,1,0,1,0,0,-1
powerful,9,2.152251206934649e-06,18.82572209280147,4.0517683095648255e-05,8,4.584962500721156,36.67970000576925,8,1,power,NN,NOUN,1,NN,1,NOUN,0,2.2941623914459925,0.041666666666666664,4.584962500721156,0.19104010419671483,1,1,1,1,1,0,1,0,0,1,1
powerfully,1,2.3913902299273877e-07,21.995647094243783,5.260017556210532e-06,1,7.584962500721156,7.584962500721156,10,1,powerfulli,RB,ADV,1,RB,1,ADV,0,3.79505402210243,0.005208333333333333,7.584962500721156,0.03950501302458935,0,0,0,1,0,0,1,0,0,0,1
practiced,44,1.0522117011680507e-05,16.536215475606486,0.00017399599416469347,22,3.1255308820838588,68.76167940584489,9,1,practic,VB,VERB,1,VB,1,VERB,0,1.5640785734394205,0.11458333333333333,3.125530882083859,0.3581337469054422,0,0,0,0,1,0,1,0,1,1,1
practise,179,4.2805885115700244e-05,14.511831316979526,0.0006211917841730466,46,2.0614005446641435,94.8244250545506,8,1,practis,NN,NOUN,1,NN,1,NOUN,0,1.032054875860778,0.23958333333333334,2.0614005446641435,0.49387721382578437,0,1,0,0,0,0,1,0,0,0,1
praise,4,9.56556091970955e-07,19.995647094243783,1.9126958040900216e-05,3,6.0,18.0,6,1,prais,NNP,NOUN,1,NNP,1,NOUN,0,3.002089519567246,0.015625,6.0,0.09375,0,0,0,0,1,0,1,0,0,1,1
praised,1,2.3913902299273877e-07,21.995647094243783,5.260017556210532e-06,1,7.584962500721156,7.584962500721156,7,1,prais,VB,VERB,1,VB,1,VERB,0,3.7950299473646862,0.005208333333333333,7.584962500721156,0.03950501302458935,0,0,0,0,1,0,1,0,0,0,1
pray,1,2.3913902299273877e-07,21.995647094243783,5.260017556210532e-06,1,7.584962500721156,7.584962500721156,4,1,prai,NN,NOUN,1,NN,1,NOUN,0,3.795017362363011,0.005208333333333333,7.584962500721156,0.03950501302458935,0,1,0,1,1,0,1,0,1,1,1
precarious,2,4.782780459854775e-07,20.995647094243783,1.0041757066435586e-05,1,7.584962500721156,7.584962500721156,10,1,precari,NN,NOUN,1,NN,1,NOUN,0,3.7950225740811603,0.005208333333333333,7.584962500721156,0.03950501302458935,0,1,0,1,0,1,0,1,0,0,-1
precedence,120,2.8696682759128654e-05,15.088756498635265,0.000432997258471077,51,1.9125371587496605,97.53939509623268,10,1,preced,NN,NOUN,2,NN|NNP,1,NOUN,0,0.9573802983795386,0.265625,1.9125371587496605,0.5080176827928785,0,0,0,0,0,0,1,0,0,1,1
precious,8,1.91311218394191e-06,18.995647094243783,3.634080389785852e-05,8,4.584962500721156,36.67970000576925,8,1,preciou,NN,NOUN,2,NN|NNP,1,NOUN,0,2.2941287425957064,0.041666666666666664,4.584962500721156,0.19104010419671483,0,1,0,0,1,0,1,0,1,0,1
predominant,4,9.56556091970955e-07,19.995647094243783,1.9126958040900216e-05,4,5.584962500721156,22.339850002884624,11,1,predomin,NN,NOUN,1,NN,1,NOUN,0,2.794385041439032,0.020833333333333332,5.584962500721156,0.11635338543169074,0,0,0,0,0,0,1,0,0,1,1
prefer,13,3.1088072989056042e-06,18.29520737610269,5.6876274225819694e-05,10,4.2630344058337934,42.63034405833793,6,1,prefer,NN,NOUN,1,NN,1,NOUN,0,2.1330375945153315,0.052083333333333336,4.2630344058337934,0.22203304197051008,0,0,0,0,0,0,1,0,0,1,1
pregnancy,42,1.0043838965695029e-05,16.603329671465023,0.00016676116951454083,28,2.777607578663552,77.77301220257945,9,1,pregnanc,NN,NOUN,2,NN|NNP,1,NOUN,0,1.3899465343476674,0.14583333333333334,2.777607578663552,0.4050677718884347,0,0,1,0,0,1,0,0,0,0,-1
prejudice,985,0.0002355519376478477,12.051667179900043,0.002838793556112428,124,0.6307661903342809,78.21500760145084,9,1,prejudic,NN,NOUN,2,NN|NNP,1,NOUN,0,0.3167805573841967,0.6458333333333334,0.6307661903342809,0.4073698312575565,1,0,0,0,0,1,0,0,0,0,-1
prejudiced,22,5.261058505840253e-06,17.536215475606486,9.225905558818699e-05,16,3.584962500721156,57.3594000115385,10,1,prejud,VB,VERB,1,VB,1,VERB,0,1.7938544731151866,0.08333333333333333,3.584962500721156,0.29874687506009634,0,0,1,1,0,1,0,0,0,0,-1
prejudicial,69,1.6500592586498976e-05,15.887122637465614,0.0002621469380125652,28,2.777607578663552,77.77301220257945,11,1,prejudici,NN,NOUN,2,NN|NNP,1,NOUN,0,1.390106147446432,0.14583333333333334,2.777607578663552,0.4050677718884347,1,0,0,0,0,1,0,0,0,0,-1
premeditated,9,2.152251206934649e-06,18.82572209280147,4.0517683095648255e-05,2,6.584962500721156,13.169925001442312,12,1,premedit,VB,VERB,2,NNP|VB,2,NOUN|VERB,0,3.2947891955633426,0.010416666666666666,6.584962500721156,0.06859335938251204,0,0,0,1,0,1,0,0,0,0,-1
prepare,246,5.882819965621374e-05,14.053132588904543,0.0008267204897353203,89,1.1092290697547584,98.7213872081735,7,1,prepar,NN,NOUN,2,NN|NNP,1,NOUN,0,0.5556349734138121,0.4635416666666667,1.1092290697547584,0.514173891709237,0,1,0,0,0,0,1,0,0,0,1
prepared,172,4.113191195475107e-05,14.569382339541685,0.0005992665516251337,74,1.3755091350922064,101.78767599682327,8,1,prepar,VB,VERB,1,VB,1,VERB,0,0.6886869940358719,0.3854166666666667,1.3755091350922062,0.5301441458167878,0,1,0,0,0,0,1,0,0,1,1
present,1905,0.0004555598388011674,11.100071811863097,0.005056746925293735,189,0.02272007650008345,4.294094458515772,7,1,present,NN,NOUN,2,NN|NNP,1,NOUN,0,0.011478558132152728,0.984375,0.02272007650008345,0.022365075304769645,0,1,0,0,1,0,1,0,1,1,1
presentment,1,2.3913902299273877e-07,21.995647094243783,5.260017556210532e-06,1,7.584962500721156,7.584962500721156,11,1,present,NN,NOUN,1,NN,1,NOUN,0,3.795061885882061,0.005208333333333333,7.584962500721156,0.03950501302458935,0,0,0,0,0,1,1,0,0,0,0
president,19550,0.004675167899508044,7.740766107161705,0.03618938122180224,183,0.06926266243711379,12.675067225991825,9,1,presid,NNP,NOUN,2,NN|NNP,1,NOUN,0,0.03793901669343518,0.953125,0.06926266243711379,0.06601597513537408,0,0,0,0,0,0,1,0,0,1,1
prestige,20,4.782780459854775e-06,17.67371899935642,8.452951788308599e-05,17,3.497499659470817,59.45749421100389,8,1,prestig,NN,NOUN,1,NN,1,NOUN,0,1.7500936099285784,0.08854166666666667,3.4974996594708165,0.3096744490156452,0,0,0,0,1,0,1,0,0,1,1
prevail,144,3.4436019310954386e-05,14.82572209280147,0.0005105388522865545,73,1.395137941841139,101.84506975440314,7,1,prevail,NN,NOUN,1,NN,1,NOUN,0,0.6984806414292816,0.3802083333333333,1.3951379418411392,0.5304430716375165,0,1,0,0,1,0,1,0,0,0,1
prevention,198,4.734952655256228e-05,14.366290474164172,0.0006802370522682589,84,1.1926450779423958,100.18218654716125,10,1,prevent,NN,NOUN,2,NN|NNP,1,NOUN,0,0.5972028640025263,0.4375,1.1926450779423958,0.5217822215997981,0,1,0,0,0,0,1,0,0,0,1
prey,1,2.3913902299273877e-07,21.995647094243783,5.260017556210532e-06,1,7.584962500721156,7.584962500721156,4,1,prei,NN,NOUN,1,NN,1,NOUN,0,3.795014008894317,0.005208333333333333,7.584962500721156,0.03950501302458935,0,0,0,1,0,1,0,0,0,0,-1
pride,13,3.1088072989056042e-06,18.29520737610269,5.6876274225819694e-05,11,4.125530882083859,45.380839702922444,5,1,pride,NN,NOUN,1,NN,1,NOUN,0,2.0643684845596173,0.057291666666666664,4.125530882083859,0.23635854011938773,0,0,0,0,1,0,1,0,0,0,1
priest,3,7.174170689782163e-07,20.410684593522628,1.464297351692384e-05,2,6.584962500721156,13.169925001442312,6,1,priest,NN,NOUN,1,NN,1,NOUN,0,3.294716686981974,0.010416666666666666,6.584962500721156,0.06859335938251204,0,0,0,0,0,0,1,0,0,1,1
priesthood,1,2.3913902299273877e-07,21.995647094243783,5.260017556210532e-06,1,7.584962500721156,7.584962500721156,10,1,priesthood,NN,NOUN,1,NN,1,NOUN,0,3.795022358324822,0.005208333333333333,7.584962500721156,0.03950501302458935,0,1,0,0,1,0,1,1,0,1,1
princely,26,6.2176145978112084e-06,17.29520737610269,0.00010753493385382819,2,6.584962500721156,13.169925001442312,8,1,princ,NNP,NOUN,2,NNP|RB,2,ADV|NOUN,0,3.295530721633407,0.010416666666666666,6.584962500721156,0.06859335938251204,0,1,0,0,1,0,1,0,1,1,1
principal,369,8.824229948432062e-05,13.468170088183387,0.0011884622984272473,79,1.2811817525440532,101.21335845098021,9,1,princip,NN,NOUN,2,NN|NNP,1,NOUN,0,0.6418842852006664,0.4114583333333333,1.2811817525440532,0.5271529085988552,0,0,0,0,0,0,1,0,0,1,1
prison,179,4.2805885115700244e-05,14.511831316979526,0.0006211917841730466,74,1.3755091350922064,101.78767599682327,6,1,prison,NN,NOUN,2,NN|NNP,1,NOUN,0,0.6887086039130802,0.3854166666666667,1.3755091350922062,0.5301441458167878,1,0,0,1,0,1,0,1,0,0,-1
prisoner,40,9.56556091970955e-06,16.67371899935642,0.00015949347484646242,34,2.497499659470817,84.91498842200778,8,1,prison,NN,NOUN,1,NN,1,NOUN,0,1.2497833364865683,0.17708333333333334,2.4974996594708165,0.44226556469795714,1,0,1,1,0,1,0,1,0,0,-1
privileged,34,8.130726781753119e-06,16.908184252993443,0.00013747582653663015,26,2.884522782580064,74.99759234708166,10,1,privileg,VB,VERB,2,NNP|VB,2,NOUN|VERB,0,1.4435038153287554,0.13541666666666666,2.884522782580064,0.3906124601410503,0,0,0,0,1,0,1,0,0,1,1
privy,225,5.380628017336622e-05,14.181865903026745,0.0007630734501593665,17,3.497499659470817,59.45749421100389,5,1,privi,NNP,NOUN,2,NN|NNP,1,NOUN,0,1.7519842562827348,0.08854166666666667,3.4974996594708165,0.3096744490156452,0,0,0,0,0,1,0,0,0,1,-1
probation,7,1.6739731609491714e-06,19.188292172186177,3.212068610069074e-05,7,4.777607578663552,33.44325305064487,9,1,probat,NN,NOUN,2,NN|NNP,1,NOUN,0,2.390449001407886,0.036458333333333336,4.777607578663552,0.17418360963877536,0,1,0,1,0,0,0,1,0,0,0
probity,52,1.2435229195622417e-05,16.29520737610269,0.00020263463851203395,30,2.678071905112638,80.34215715337913,7,1,probiti,NN,NOUN,2,NN|NNP,1,NOUN,0,1.3402133541089036,0.15625,2.678071905112638,0.4184487351738497,0,0,0,0,0,0,1,0,0,1,1
problem,25,5.9784755748184694e-06,17.35179090446906,0.00010373725810172555,17,3.497499659470817,59.45749421100389,7,1,problem,NN,NOUN,1,NN,1,NOUN,0,1.7501144253235834,0.08854166666666667,3.4974996594708165,0.3096744490156452,0,0,0,1,0,1,0,1,0,0,-1
procedure,2764,0.00066098025955193,10.563105193855524,0.006982004012708964,181,0.08511661363795076,15.406107068469087,9,1,procedur,NN,NOUN,2,NN|NNP,1,NOUN,0,0.04316327807061826,0.9427083333333334,0.08511661363795076,0.08024014098160984,0,0,0,1,0,0,1,0,0,0,1
procession,9,2.152251206934649e-06,18.82572209280147,4.0517683095648255e-05,9,4.415037499278844,39.7353374935096,10,1,process,NN,NOUN,1,NN,1,NOUN,0,2.209105260148121,0.046875,4.415037499278844,0.2069548827786958,0,0,0,0,1,0,1,1,1,0,1
prodigal,3,7.174170689782163e-07,20.410684593522628,1.464297351692384e-05,2,6.584962500721156,13.169925001442312,8,1,prodig,NN,NOUN,1,NN,1,NOUN,0,3.294699466220063,0.010416666666666666,6.584962500721156,0.06859335938251204,0,0,0,0,0,1,1,0,0,0,0
production,548,0.00013104818460002085,12.897615011283255,0.001690209032898648,116,0.726981505593584,84.32985464885574,10,1,product,NN,NOUN,2,NN|NNP,1,NOUN,0,0.36455237471281543,0.6041666666666666,0.7269815055935842,0.43921799296279046,0,1,0,0,0,0,1,0,0,0,1
professional,718,0.00017170181850878645,12.507807060420731,0.0021476132178312782,142,0.4352153812164741,61.80058413273932,12,1,profession,NN,NOUN,2,NN|NNP,1,NOUN,0,0.2184394146897074,0.7395833333333334,0.4352153812164741,0.3218780423580173,0,0,0,0,0,0,1,0,0,1,1
professor,25,5.9784755748184694e-06,17.35179090446906,0.00010373725810172555,14,3.777607578663552,52.886506101289726,9,1,professor,NN,NOUN,2,NN|NNP,1,NOUN,0,1.890239271086345,0.07291666666666667,3.777607578663552,0.275450552610884,0,0,0,0,0,0,1,0,0,1,1
proficiency,19,4.543641436862037e-06,17.747719580800197,8.063927409713152e-05,13,3.884522782580064,50.49879617354083,11,1,profici,NN,NOUN,1,NN,1,NOUN,0,1.943677505147776,0.06770833333333333,3.884522782580064,0.2630145634038585,0,1,0,0,1,0,1,0,1,1,1
progress,198,4.734952655256228e-05,14.366290474164172,0.0006802370522682589,94,1.0303736490435187,96.85512301009075,8,1,progress,NN,NOUN,2,NN|NNP,1,NOUN,0,0.5161248706808085,0.4895833333333333,1.030373649043519,0.5044537656775561,0,1,0,0,1,0,1,0,0,0,1
progression,5,1.1956951149636938e-06,19.67371899935642,2.3523769700698883e-05,3,6.0,18.0,11,1,progress,NN,NOUN,1,NN,1,NOUN,0,3.002038018295656,0.015625,6.0,0.09375,0,1,0,0,1,0,1,1,0,1,1
prohibited,783,0.00018724585500331446,12.382778596952742,0.0023186239657031586,139,0.46602142799764884,64.77697849167319,10,1,prohibit,VB,VERB,2,NNP|VB,2,NOUN|VERB,0,0.2341949029424274,0.7239583333333334,0.4660214279976486,0.33738009631079774,1,0,1,1,0,1,0,0,0,0,-1
prolong,10,2.3913902299273877e-06,18.67371899935642,4.465614917147038e-05,8,4.584962500721156,36.67970000576925,7,1,prolong,NN,NOUN,1,NN,1,NOUN,0,2.294144763936108,0.041666666666666664,4.584962500721156,0.19104010419671483,0,0,1,0,0,1,0,0,0,0,-1
promise,99,2.367476327628114e-05,15.366290474164172,0.0003637932894104106,27,2.8300749985576874,76.41202496105755,7,1,promis,NN,NOUN,2,NN|NNP,1,NOUN,0,1.4169690696258428,0.140625,2.8300749985576874,0.3979792966721748,0,0,0,0,1,0,1,0,0,1,1
prophet,15,3.5870853448910818e-06,18.088756498635263,6.488591334355788e-05,7,4.777607578663552,33.44325305064487,7,1,prophet,NNP,NOUN,2,NN|NNP,1,NOUN,0,2.390571360702498,0.036458333333333336,4.777607578663552,0.17418360963877536,0,1,0,0,0,0,1,0,0,1,1
prophylactic,1,2.3913902299273877e-07,21.995647094243783,5.260017556210532e-06,1,7.584962500721156,7.584962500721156,12,1,prophylact,NN,NOUN,1,NN,1,NOUN,0,3.795024979185794,0.005208333333333333,7.584962500721156,0.03950501302458935,0,1,0,0,0,0,1,0,0,1,1
prosecute,43,1.0282977988687768e-05,16.569382339541683,0.00017038259388365895,32,2.584962500721156,82.718800023077,9,1,prosecut,NN,NOUN,1,NN,1,NOUN,0,1.293578619405999,0.16666666666666666,2.584962500721156,0.430827083453526,1,0,0,1,0,1,0,1,0,0,-1
prosecution,481,0.00011502587005950735,13.08575401047374,0.0015052002404394298,138,0.4764380439429871,65.74845006413221,11,1,prosecut,NN,NOUN,2,NN|NNP,1,NOUN,0,0.23895348213357606,0.71875,0.4764380439429871,0.342439844084022,0,0,1,0,0,1,0,0,0,0,-1
prosper,4,9.56556091970955e-07,19.995647094243783,1.9126958040900216e-05,3,6.0,18.0,7,1,prosper,NN,NOUN,1,NN,1,NOUN,0,3.0020462856523302,0.015625,6.0,0.09375,0,1,0,0,1,0,1,0,0,0,1
prosperous,23,5.500197528832992e-06,17.47208513818677,9.609991950061453e-05,20,3.263034405833794,65.26068811667588,10,1,prosper,NN,NOUN,1,NN,1,NOUN,0,1.6328529306739832,0.10416666666666667,3.263034405833794,0.3398994172743535,0,0,0,0,1,0,1,0,0,0,1
prostitution,5,1.1956951149636938e-06,19.67371899935642,2.3523769700698883e-05,4,5.584962500721156,22.339850002884624,12,1,prostitut,NN,NOUN,1,NN,1,NOUN,0,2.794429028037649,0.020833333333333332,5.584962500721156,0.11635338543169074,0,0,1,0,0,1,0,1,0,0,-1
protecting,270,6.456753620803947e-05,13.918831497192953,0.0008987046566686062,100,0.9411063109464314,94.11063109464314,10,1,protect,VB,VERB,2,NNP|VB,2,NOUN|VERB,0,0.47145218259054333,0.5208333333333334,0.9411063109464314,0.4901595369512664,0,0,0,0,0,0,1,0,0,1,1
protector,38,9.087282873724075e-06,16.747719580800197,0.00015219126532053896,12,4.0,48.0,9,1,protector,NNP,NOUN,2,NN|NNP,1,NOUN,0,2.0017015992915543,0.0625,4.0,0.25,0,0,0,0,0,0,1,0,0,1,1
proud,18,4.304502413869298e-06,17.82572209280147,7.673086377742721e-05,15,3.678071905112638,55.17107857668957,5,1,proud,NN,NOUN,2,NN|NNP,1,NOUN,0,1.8405251608971955,0.078125,3.678071905112638,0.2873493675869248,0,1,0,0,1,0,1,0,0,1,1
provide,1908,0.0004562772558701456,11.097801638238272,0.0050636744776865646,179,0.10114672345689973,18.105263498785053,7,1,provid,NN,NOUN,2,NN|NNP,1,NOUN,0,0.05103430585221493,0.9322916666666666,0.10114672345689973,0.09429824738950547,0,0,0,0,0,0,1,0,0,1,1
providing,462,0.00011048222862264531,13.143898052827724,0.0014521671496652553,123,0.6424479953819163,79.0211034319757,9,1,provid,VB,VERB,2,NNP|VB,2,NOUN|VERB,0,0.3220446550948831,0.640625,0.6424479953819163,0.41156824704154016,0,1,0,0,1,0,1,0,0,1,1
provocation,2,4.782780459854775e-07,20.995647094243783,1.0041757066435586e-05,1,7.584962500721156,7.584962500721156,11,1,provoc,NN,NOUN,1,NN,1,NOUN,0,3.7950453286527863,0.005208333333333333,7.584962500721156,0.03950501302458935,1,0,0,0,0,1,0,0,0,0,-1
provoking,1,2.3913902299273877e-07,21.995647094243783,5.260017556210532e-06,1,7.584962500721156,7.584962500721156,9,1,provok,VB,VERB,1,VB,1,VERB,0,3.7950262395034504,0.005208333333333333,7.584962500721156,0.03950501302458935,1,0,1,0,0,1,0,0,0,0,-1
prudent,9,2.152251206934649e-06,18.82572209280147,4.0517683095648255e-05,8,4.584962500721156,36.67970000576925,7,1,prudent,NN,NOUN,1,NN,1,NOUN,0,2.2940972874501484,0.041666666666666664,4.584962500721156,0.19104010419671483,0,0,0,0,0,0,1,0,0,1,1
public,16603,0.003970425198748442,7.976490768659618,0.03167005994547047,192,0.0,0.0,6,1,public,NN,NOUN,2,NN|NNP,1,NOUN,0,0.0,1.0,0.0,0.0,0,1,0,0,0,0,1,0,0,0,1
punctual,1,2.3913902299273877e-07,21.995647094243783,5.260017556210532e-06,1,7.584962500721156,7.584962500721156,8,1,punctual,NN,NOUN,1,NN,1,NOUN,0,3.795017362363011,0.005208333333333333,7.584962500721156,0.03950501302458935,0,1,0,0,0,0,1,0,0,1,1
punish,54,1.2913507241607895e-05,16.240759592080313,0.00020972516660154199,31,2.6307661903342807,81.5537519003627,6,1,punish,NN,NOUN,1,NN,1,NOUN,0,1.3166004301121592,0.16145833333333334,2.6307661903342807,0.42475912448105574,0,0,0,1,0,1,0,0,0,0,-1
punished,207,4.950177775949693e-05,14.302160136744456,0.0007079823525698603,116,0.726981505593584,84.32985464885574,8,1,punish,VB,VERB,1,VB,1,VERB,0,0.3641569468751562,0.6041666666666666,0.7269815055935842,0.43921799296279046,1,1,1,1,0,1,0,1,0,0,-1
punishing,35,8.369865804745858e-06,16.866364077298815,0.00014116920394097727,29,2.726981505593584,79.08246366221394,9,1,punish,VB,VERB,2,NNP|VB,2,NOUN|VERB,0,1.3645709592671034,0.15104166666666666,2.726981505593584,0.4118878315740309,1,0,0,1,0,1,0,1,0,0,-1
punishment,718,0.00017170181850878645,12.507807060420731,0.0021476132178312782,156,0.29956028185890793,46.731403969989636,10,1,punish,NN,NOUN,2,NN|NNP,1,NOUN,0,0.15042170369357327,0.8125,0.29956028185890793,0.24339272901036269,1,0,1,1,0,1,0,0,0,0,-1
punitive,14,3.3479463218983428e-06,18.188292172186177,6.089342587948313e-05,10,4.2630344058337934,42.63034405833793,8,1,punit,NN,NOUN,1,NN,1,NOUN,0,2.1332124288893044,0.052083333333333336,4.2630344058337934,0.22203304197051008,1,0,0,1,0,1,0,1,0,0,-1
purely,11,2.6305292529201267e-06,18.536215475606486,4.876005704701362e-05,8,4.584962500721156,36.67970000576925,6,1,pure,RB,ADV,1,RB,1,ADV,0,2.2941170539744484,0.041666666666666664,4.584962500721156,0.19104010419671483,0,0,0,0,0,0,1,0,0,1,1
purge,1,2.3913902299273877e-07,21.995647094243783,5.260017556210532e-06,1,7.584962500721156,7.584962500721156,5,1,purg,NN,NOUN,1,NN,1,NOUN,0,3.7950271091298364,0.005208333333333333,7.584962500721156,0.03950501302458935,0,0,0,1,0,1,0,0,0,0,-1
purity,5,1.1956951149636938e-06,19.67371899935642,2.3523769700698883e-05,4,5.584962500721156,22.339850002884624,6,1,puriti,NN,NOUN,1,NN,1,NOUN,0,2.7943967670963725,0.020833333333333332,5.584962500721156,0.11635338543169074,0,0,0,0,0,0,1,0,1,0,1
qualified,1427,0.00034125138581063825,11.51687747476802,0.0039301503984759106,124,0.6307661903342809,78.21500760145084,9,1,qualifi,VB,VERB,2,NNP|VB,2,NOUN|VERB,0,0.31721842499667685,0.6458333333333334,0.6307661903342809,0.4073698312575565,0,0,0,0,0,0,1,0,0,1,1
quash,5,1.1956951149636938e-06,19.67371899935642,2.3523769700698883e-05,3,6.0,18.0,5,1,quash,NN,NOUN,1,NN,1,NOUN,0,3.0020540321877056,0.015625,6.0,0.09375,0,0,0,1,0,1,0,0,0,0,-1
quest,2,4.782780459854775e-07,20.995647094243783,1.0041757066435586e-05,2,6.584962500721156,13.169925001442312,5,1,quest,NN,NOUN,1,NN,1,NOUN,0,3.2947096643588485,0.010416666666666666,6.584962500721156,0.06859335938251204,0,1,0,0,0,0,1,0,0,0,1
quote,2,4.782780459854775e-07,20.995647094243783,1.0041757066435586e-05,2,6.584962500721156,13.169925001442312,5,1,quot,NN,NOUN,1,NN,1,NOUN,0,3.2946876737275947,0.010416666666666666,6.584962500721156,0.06859335938251204,0,1,0,0,0,1,1,0,1,0,0
radiance,1,2.3913902299273877e-07,21.995647094243783,5.260017556210532e-06,1,7.584962500721156,7.584962500721156,8,1,radianc,NN,NOUN,1,NN,1,NOUN,0,3.795032222392449,0.005208333333333333,7.584962500721156,0.03950501302458935,0,1,0,0,1,0,1,0,0,1,1
radiation,7,1.6739731609491714e-06,19.188292172186177,3.212068610069074e-05,7,4.777607578663552,33.44325305064487,9,1,radiat,NN,NOUN,1,NN,1,NOUN,0,2.390473368390606,0.036458333333333336,4.777607578663552,0.17418360963877536,0,0,0,1,0,1,0,0,0,0,-1
radioactive,19,4.543641436862037e-06,17.747719580800197,8.063927409713152e-05,13,3.884522782580064,50.49879617354083,11,1,radioact,NN,NOUN,2,NN|NNP,1,NOUN,0,1.9437500228030784,0.06770833333333333,3.884522782580064,0.2630145634038585,0,0,0,1,0,1,0,0,0,0,-1
rage,1,2.3913902299273877e-07,21.995647094243783,5.260017556210532e-06,1,7.584962500721156,7.584962500721156,4,1,rage,NN,NOUN,1,NN,1,NOUN,0,3.7950269986195235,0.005208333333333333,7.584962500721156,0.03950501302458935,1,0,0,0,0,1,0,0,0,0,-1
rail,18,4.304502413869298e-06,17.82572209280147,7.673086377742721e-05,7,4.777607578663552,33.44325305064487,4,1,rail,NN,NOUN,2,NN|NNP,1,NOUN,0,2.390621316098629,0.036458333333333336,4.777607578663552,0.17418360963877536,1,1,0,0,0,1,0,0,0,0,-1
rape,4,9.56556091970955e-07,19.995647094243783,1.9126958040900216e-05,4,5.584962500721156,22.339850002884624,4,1,rape,NN,NOUN,1,NN,1,NOUN,0,2.794382803351564,0.020833333333333332,5.584962500721156,0.11635338543169074,1,0,1,1,0,1,0,1,0,0,-1
rat,1,2.3913902299273877e-07,21.995647094243783,5.260017556210532e-06,1,7.584962500721156,7.584962500721156,3,1,rat,NNP,NOUN,1,NNP,1,NOUN,0,3.7950347481064655,0.005208333333333333,7.584962500721156,0.03950501302458935,0,0,1,1,0,1,0,0,0,0,-1
rating,2,4.782780459854775e-07,20.995647094243783,1.0041757066435586e-05,2,6.584962500721156,13.169925001442312,6,1,rate,VB,VERB,1,VB,1,VERB,0,3.2947076217690103,0.010416666666666666,6.584962500721156,0.06859335938251204,1,0,0,1,0,1,0,1,0,0,-1
rational,61,1.4587480402557066e-05,16.064909756680898,0.0002343465562444304,42,2.192645077942396,92.09109327358063,8,1,ration,NN,NOUN,1,NN,1,NOUN,0,1.097405949690292,0.21875,2.192645077942396,0.4796411107998991,0,0,0,0,0,0,1,0,0,1,1
react,1,2.3913902299273877e-07,21.995647094243783,5.260017556210532e-06,1,7.584962500721156,7.584962500721156,5,1,react,NN,NOUN,1,NN,1,NOUN,0,3.795026351053677,0.005208333333333333,7.584962500721156,0.03950501302458935,1,0,0,1,0,0,0,0,0,0,0
readiness,5,1.1956951149636938e-06,19.67371899935642,2.3523769700698883e-05,5,5.2630344058337934,26.315172029168966,9,1,readi,NN,NOUN,1,NN,1,NOUN,0,2.6333904842626406,0.026041666666666668,5.2630344058337934,0.1370581876519217,0,1,0,0,1,0,1,0,0,1,1
real,213,5.093661189745336e-05,14.260937474017945,0.000726403837407901,75,1.3561438102252754,101.71078576689565,4,1,real,NN,NOUN,2,NN|NNP,1,NOUN,0,0.679226949975588,0.390625,1.3561438102252754,0.5297436758692482,0,0,0,0,0,0,1,0,0,1,1
reassurance,1,2.3913902299273877e-07,21.995647094243783,5.260017556210532e-06,1,7.584962500721156,7.584962500721156,11,1,reassur,NN,NOUN,1,NN,1,NOUN,0,3.7950271091298364,0.005208333333333333,7.584962500721156,0.03950501302458935,0,0,0,0,0,0,1,0,0,1,1
reassure,1,2.3913902299273877e-07,21.995647094243783,5.260017556210532e-06,1,7.584962500721156,7.584962500721156,8,1,reassur,NN,NOUN,1,NN,1,NOUN,0,3.7950212837735857,0.005208333333333333,7.584962500721156,0.03950501302458935,0,0,0,0,0,0,1,0,0,1,1
rebellion,45,1.0761256034673246e-05,16.50379399791411,0.0001776015527550573,22,3.1255308820838588,68.76167940584489,9,1,rebellion,NN,NOUN,2,NN|NNP,1,NOUN,0,1.5642790560216042,0.11458333333333333,3.125530882083859,0.3581337469054422,1,0,1,1,0,0,0,0,0,0,0
receiving,224,5.3567141150373484e-05,14.188292172186179,0.0007600262494702363,96,1.0,96.0,9,1,receiv,VB,VERB,2,NNP|VB,2,NOUN|VERB,0,0.5008252858219595,0.5,1.0,0.5,0,1,0,0,1,0,1,0,1,0,1
recession,4,9.56556091970955e-07,19.995647094243783,1.9126958040900216e-05,4,5.584962500721156,22.339850002884624,9,1,recess,NN,NOUN,1,NN,1,NOUN,0,2.794418804313764,0.020833333333333332,5.584962500721156,0.11635338543169074,1,0,1,1,0,1,0,1,0,0,-1
recommend,177,4.2327607069714766e-05,14.528041544160786,0.0006149372339737299,62,1.630766190334281,101.10750380072542,9,1,recommend,NN,NOUN,2,NN|NNP,1,NOUN,0,0.8164477883724809,0.3229166666666667,1.630766190334281,0.526601582295445,0,0,0,0,0,0,1,0,0,1,1
reconciliation,91,2.176165109233923e-05,15.487852454045086,0.0003370412412745591,25,2.9411063109464313,73.52765777366078,14,1,reconcili,NN,NOUN,2,NN|NNP,1,NOUN,0,1.4720629510402832,0.13020833333333334,2.9411063109464313,0.3829565509044833,0,1,0,0,1,0,1,0,0,1,1
reconsideration,96,2.2957346207302922e-05,15.410684593522626,0.0003537884215050482,49,1.970252656605948,96.54238017369146,15,1,reconsider,NN,NOUN,2,NN|NNP,1,NOUN,0,0.9863347813288197,0.2552083333333333,1.9702526566059482,0.5028248967379764,0,0,0,0,0,0,1,0,0,1,1
reconstruct,3,7.174170689782163e-07,20.410684593522628,1.464297351692384e-05,2,6.584962500721156,13.169925001442312,11,1,reconstruct,NN,NOUN,1,NN,1,NOUN,0,3.294706140065344,0.010416666666666666,6.584962500721156,0.06859335938251204,0,1,0,0,0,0,1,0,0,0,1
reconstruction,36,8.609004827738597e-06,16.82572209280147,0.0001448527227271158,13,3.884522782580064,50.49879617354083,14,1,reconstruct,NN,NOUN,2,NN|NNP,1,NOUN,0,1.9439125723968163,0.06770833333333333,3.884522782580064,0.2630145634038585,0,1,0,0,0,0,1,0,0,0,1
recreation,52,1.2435229195622417e-05,16.29520737610269,0.00020263463851203395,26,2.884522782580064,74.99759234708166,10,1,recreat,NN,NOUN,2,NN|NNP,1,NOUN,0,1.4434905374708225,0.13541666666666666,2.884522782580064,0.3906124601410503,0,1,0,0,1,0,1,0,0,0,1
recreational,32,7.65244873576764e-06,16.995647094243783,0.0001300583181198988,19,3.3370349872775704,63.40366475827384,12,1,recreat,NN,NOUN,1,NN,1,NOUN,0,1.669817554582374,0.09895833333333333,3.337034987277571,0.3302274206160096,0,1,0,0,1,0,1,0,0,0,1
refused,120,2.8696682759128654e-05,15.088756498635265,0.000432997258471077,64,1.584962500721156,101.43760004615399,7,1,refus,VB,VERB,1,VB,1,VERB,0,0.7933926275696197,0.3333333333333333,1.584962500721156,0.5283208335737186,0,0,0,0,0,1,0,1,0,0,-1
regent,143,3.419688028796165e-05,14.835775757465393,0.0005073372475570876,16,3.584962500721156,57.3594000115385,6,1,regent,NNP,NOUN,2,NN|NNP,1,NOUN,0,1.7950253424054063,0.08333333333333333,3.584962500721156,0.29874687506009634,0,0,0,0,0,0,1,0,0,1,1
regressive,1,2.3913902299273877e-07,21.995647094243783,5.260017556210532e-06,1,7.584962500721156,7.584962500721156,10,1,regress,NN,NOUN,1,NN,1,NOUN,0,3.7950148529802075,0.005208333333333333,7.584962500721156,0.03950501302458935,0,0,0,0,0,1,1,0,0,0,0
regularity,80,1.91311218394191e-05,15.67371899935642,0.0002998558278535057,30,2.678071905112638,80.34215715337913,10,1,regular,NN,NOUN,1,NN,1,NOUN,0,1.3406078985457794,0.15625,2.678071905112638,0.4184487351738497,0,1,0,0,0,0,1,0,0,1,1
regulatory,296,7.078515080585068e-05,13.786193728614833,0.0009758578021186739,61,1.6542251631582698,100.90773495265447,10,1,regulatori,NN,NOUN,2,NN|NNP,1,NOUN,0,0.8288013896669938,0.3177083333333333,1.65422516315827,0.5255611195450753,0,0,0,1,0,1,0,0,0,0,-1
rehabilitation,131,3.132721201204878e-05,14.962224092706332,0.0004687247663239955,50,1.9411063109464315,97.05531554732157,14,1,rehabilit,NN,NOUN,2,NN|NNP,1,NOUN,0,0.9716559575167252,0.2604166666666667,1.9411063109464315,0.5054964351422999,0,1,0,0,0,0,1,0,0,0,1
reimbursement,11,2.6305292529201267e-06,18.536215475606486,4.876005704701362e-05,9,4.415037499278844,39.7353374935096,13,1,reimburs,NN,NOUN,1,NN,1,NOUN,0,2.209111522520822,0.046875,4.415037499278844,0.2069548827786958,0,0,0,0,0,0,1,0,0,1,1
reinforcement,14,3.3479463218983428e-06,18.188292172186177,6.089342587948313e-05,12,4.0,48.0,13,1,reinforc,NN,NOUN,1,NN,1,NOUN,0,2.001487735337027,0.0625,4.0,0.25,0,0,0,0,0,0,1,0,0,1,1
reject,141,3.371860224197617e-05,14.856095741844989,0.0005009267831879871,62,1.630766190334281,101.10750380072542,6,1,reject,NN,NOUN,2,NN|NNP,1,NOUN,0,0.8164578325456398,0.3229166666666667,1.630766190334281,0.526601582295445,1,0,0,1,0,1,0,1,0,0,-1
rejection,127,3.0370655920077827e-05,15.006962407471617,0.00045577129168286324,63,1.6076825772212395,101.28400236493809,9,1,reject,NN,NOUN,2,NN|NNP,1,NOUN,0,0.8049552845205764,0.328125,1.6076825772212395,0.5275208456507192,1,0,1,1,0,1,0,1,0,0,-1
rejects,74,1.769628770146267e-05,15.786193728614833,0.00027935702593259384,46,2.0614005446641435,94.8244250545506,7,1,reject,NN,NOUN,2,NN|NNP,1,NOUN,0,1.0318078686954806,0.23958333333333334,2.0614005446641435,0.49387721382578437,1,0,0,1,0,1,0,1,0,0,-1
rejoicing,1,2.3913902299273877e-07,21.995647094243783,5.260017556210532e-06,1,7.584962500721156,7.584962500721156,9,1,rejoic,VB,VERB,1,VB,1,VERB,0,3.7950673070704575,0.005208333333333333,7.584962500721156,0.03950501302458935,0,1,0,0,1,0,1,0,1,0,1
relevant,715,0.00017098440143980824,12.51384766257803,0.002139672752294848,137,0.4869304177606295,66.70946723320624,8,1,relev,NN,NOUN,2,NN|NNP,1,NOUN,0,0.24437922558537395,0.7135416666666666,0.4869304177606295,0.34744514183961583,0,0,0,0,0,0,1,0,0,1,1
reliability,5,1.1956951149636938e-06,19.67371899935642,2.3523769700698883e-05,4,5.584962500721156,22.339850002884624,11,1,reliabl,NN,NOUN,1,NN,1,NOUN,0,2.794385493729853,0.020833333333333332,5.584962500721156,0.11635338543169074,0,0,0,0,0,0,1,0,0,1,1
reliable,8,1.91311218394191e-06,18.995647094243783,3.634080389785852e-05,8,4.584962500721156,36.67970000576925,8,1,reliabl,NN,NOUN,1,NN,1,NOUN,0,2.2940784337752778,0.041666666666666664,4.584962500721156,0.19104010419671483,0,0,0,0,0,0,1,0,0,1,1
reliance,8,1.91311218394191e-06,18.995647094243783,3.634080389785852e-05,6,5.0,30.0,8,1,relianc,NN,NOUN,2,NN|NNP,1,NOUN,0,2.501772184084895,0.03125,5.0,0.15625,0,0,0,0,0,0,1,0,0,1,1
remains,142,3.395774126496891e-05,14.845899974739101,0.0005041332301877989,72,1.4150374992788437,101.88269994807675,7,1,remain,NN,NOUN,1,NN,1,NOUN,0,0.7084158128312089,0.375,1.4150374992788437,0.5306390622295664,0,0,1,1,0,1,1,0,0,1,0
remand,31,7.4133097127749025e-06,17.041450783856906,0.0001263335526157419,17,3.497499659470817,59.45749421100389,6,1,remand,NN,NOUN,2,NN|NNP,1,NOUN,0,1.7504983191668309,0.08854166666666667,3.4974996594708165,0.3096744490156452,1,0,0,0,0,1,0,0,0,0,-1
remarkable,2,4.782780459854775e-07,20.995647094243783,1.0041757066435586e-05,2,6.584962500721156,13.169925001442312,10,1,remark,NN,NOUN,1,NN,1,NOUN,0,3.294688011952133,0.010416666666666666,6.584962500721156,0.06859335938251204,0,0,0,0,1,0,1,0,1,1,1
remedy,123,2.941409982810687e-05,15.053132588904543,0.00044277434469576705,53,1.857042046157957,98.42322844637172,6,1,remedi,NN,NOUN,2,NN|NNP,1,NOUN,0,0.929596813014606,0.2760416666666667,1.8570420461579569,0.5126209814915194,0,1,0,0,1,0,1,0,0,1,1
remiss,2,4.782780459854775e-07,20.995647094243783,1.0041757066435586e-05,2,6.584962500721156,13.169925001442312,6,1,remiss,NN,NOUN,1,NN,1,NOUN,0,3.2947100741967397,0.010416666666666666,6.584962500721156,0.06859335938251204,1,0,1,0,0,1,0,1,0,0,-1
remove,611,0.0001461139430485634,12.740618524425052,0.001861582009481314,113,0.7647835383059685,86.42053982857443,6,1,remov,NN,NOUN,1,NN,1,NOUN,0,0.3836399822979624,0.5885416666666666,0.7647835383059687,0.4501069782738253,1,0,0,1,0,1,0,1,0,0,-1
renounce,69,1.6500592586498976e-05,15.887122637465614,0.0002621469380125652,43,2.158697746019058,92.8240030788195,8,1,renounc,NN,NOUN,2,NN|NNP,1,NOUN,0,1.0804173398868067,0.22395833333333334,2.158697746019058,0.48345834936885157,1,0,0,0,0,1,0,0,0,0,-1
renovate,1,2.3913902299273877e-07,21.995647094243783,5.260017556210532e-06,1,7.584962500721156,7.584962500721156,8,1,renov,NN,NOUN,1,NN,1,NOUN,0,3.795034728814654,0.005208333333333333,7.584962500721156,0.03950501302458935,0,1,0,0,0,0,1,0,0,0,1
renovation,4,9.56556091970955e-07,19.995647094243783,1.9126958040900216e-05,2,6.584962500721156,13.169925001442312,10,1,renov,NN,NOUN,1,NN,1,NOUN,0,3.294735473135834,0.010416666666666666,6.584962500721156,0.06859335938251204,0,1,0,0,1,0,1,0,0,0,1
reparation,31,7.4133097127749025e-06,17.041450783856906,0.0001263335526157419,18,3.415037499278844,61.470674987019194,10,1,repar,NN,NOUN,1,NN,1,NOUN,0,1.7088514993392083,0.09375,3.415037499278844,0.3201597655573916,0,0,0,0,0,0,1,0,0,1,1
repay,6,1.4348341379564326e-06,19.410684593522628,2.785111289589125e-05,5,5.2630344058337934,26.315172029168966,5,1,repai,NN,NOUN,1,NN,1,NOUN,0,2.6333248448616566,0.026041666666666668,5.2630344058337934,0.1370581876519217,1,1,0,0,1,0,1,0,0,1,1
reporter,1,2.3913902299273877e-07,21.995647094243783,5.260017556210532e-06,1,7.584962500721156,7.584962500721156,8,1,report,NN,NOUN,1,NN,1,NOUN,0,3.7950672155492544,0.005208333333333333,7.584962500721156,0.03950501302458935,0,0,0,0,0,0,1,0,0,1,1
repress,6,1.4348341379564326e-06,19.410684593522628,2.785111289589125e-05,4,5.584962500721156,22.339850002884624,7,1,repress,NN,NOUN,1,NN,1,NOUN,0,2.79440508283538,0.020833333333333332,5.584962500721156,0.11635338543169074,0,0,0,0,0,1,0,1,0,0,-1
repression,9,2.152251206934649e-06,18.82572209280147,4.0517683095648255e-05,5,5.2630344058337934,26.315172029168966,10,1,repress,NN,NOUN,1,NN,1,NOUN,0,2.6334885650904534,0.026041666666666668,5.2630344058337934,0.1370581876519217,0,0,0,1,0,1,0,0,0,0,-1
reprimand,4,9.56556091970955e-07,19.995647094243783,1.9126958040900216e-05,4,5.584962500721156,22.339850002884624,9,1,reprimand,NN,NOUN,1,NN,1,NOUN,0,2.794380244223437,0.020833333333333332,5.584962500721156,0.11635338543169074,1,0,0,0,0,1,0,0,0,0,-1
reprisal,2,4.782780459854775e-07,20.995647094243783,1.0041757066435586e-05,1,7.584962500721156,7.584962500721156,8,1,repris,NNP,NOUN,1,NNP,1,NOUN,0,3.795116639884867,0.005208333333333333,7.584962500721156,0.03950501302458935,1,0,0,1,0,1,0,1,0,0,-1
reproach,2,4.782780459854775e-07,20.995647094243783,1.0041757066435586e-05,1,7.584962500721156,7.584962500721156,8,1,reproach,NN,NOUN,1,NN,1,NOUN,0,3.7950609717607193,0.005208333333333333,7.584962500721156,0.03950501302458935,1,0,1,0,0,1,0,1,0,0,-1
reproductive,21,5.021919482847514e-06,17.603329671465023,8.840250424011793e-05,10,4.2630344058337934,42.63034405833793,12,1,reproduct,NN,NOUN,1,NN,1,NOUN,0,2.133094947656581,0.052083333333333336,4.2630344058337934,0.22203304197051008,0,0,0,0,1,0,1,0,0,0,1
repudiation,5,1.1956951149636938e-06,19.67371899935642,2.3523769700698883e-05,2,6.584962500721156,13.169925001442312,11,1,repudi,NN,NOUN,1,NN,1,NOUN,0,3.294711443203026,0.010416666666666666,6.584962500721156,0.06859335938251204,1,0,1,0,0,1,0,0,0,0,-1
reputable,4,9.56556091970955e-07,19.995647094243783,1.9126958040900216e-05,2,6.584962500721156,13.169925001442312,9,1,reput,NN,NOUN,1,NN,1,NOUN,0,3.2947114528860797,0.010416666666666666,6.584962500721156,0.06859335938251204,0,0,0,0,0,0,1,0,0,1,1
rescue,12,2.8696682759128652e-06,18.410684593522628,5.283255751586963e-05,8,4.584962500721156,36.67970000576925,6,1,rescu,NN,NOUN,1,NN,1,NOUN,0,2.2941284660914363,0.041666666666666664,4.584962500721156,0.19104010419671483,0,1,0,0,1,0,1,0,1,1,1
resentment,1,2.3913902299273877e-07,21.995647094243783,5.260017556210532e-06,1,7.584962500721156,7.584962500721156,10,1,resent,NN,NOUN,1,NN,1,NOUN,0,3.795015608440359,0.005208333333333333,7.584962500721156,0.03950501302458935,1,0,1,0,0,1,0,1,0,0,-1
resign,382,9.135110678322621e-05,13.418218266208035,0.0012257690896770065,113,0.7647835383059685,86.42053982857443,6,1,resign,NN,NOUN,1,NN,1,NOUN,0,0.3832916063368579,0.5885416666666666,0.7647835383059687,0.4501069782738253,1,0,1,1,0,1,0,1,0,0,-1
resignation,988,0.00023626935471682592,12.047279862659105,0.0028464030392434778,163,0.23623434649007874,38.50619847788283,11,1,resign,NN,NOUN,2,NN|NNP,1,NOUN,0,0.11878610820391133,0.8489583333333334,0.23623434649007846,0.2005531170723062,0,0,0,0,0,1,0,1,1,0,-1
resigned,120,2.8696682759128654e-05,15.088756498635265,0.000432997258471077,48,2.0,96.0,8,1,resign,VB,VERB,1,VB,1,VERB,0,1.0012004883728085,0.25,2.0,0.5,0,0,0,0,0,1,0,1,0,0,-1
resistance,39,9.326421896716812e-06,16.710244875381534,0.00015584679370525824,23,3.0614005446641435,70.4122125272753,10,1,resist,NN,NOUN,2,NN|NNP,1,NOUN,0,1.5320297833147667,0.11979166666666667,3.0614005446641435,0.36673027357955884,1,0,0,0,0,1,0,0,0,0,-1
resources,1510,0.00036109992471903554,11.435314260031342,0.004129291118435831,174,0.14201900487242786,24.711306847802447,9,1,resourc,NN,NOUN,2,NN|NNP,1,NOUN,0,0.07150714353495041,0.90625,0.14201900487242786,0.12870472316563775,0,0,0,0,1,0,1,0,0,1,1
respect,4562,0.0010909522228928744,9.840196362931644,0.010735184095842655,188,0.030373649043518695,5.710246020181515,7,1,respect,NN,NOUN,2,NN|NNP,1,NOUN,0,0.015460752977162553,0.9791666666666666,0.03037364904351901,0.029740864688445695,0,1,0,0,1,0,1,0,0,1,1
respectable,2,4.782780459854775e-07,20.995647094243783,1.0041757066435586e-05,2,6.584962500721156,13.169925001442312,11,1,respect,NN,NOUN,1,NN,1,NOUN,0,3.2947083943485342,0.010416666666666666,6.584962500721156,0.06859335938251204,0,0,0,0,0,0,1,0,0,1,1
respectful,13,3.1088072989056042e-06,18.29520737610269,5.6876274225819694e-05,12,4.0,48.0,10,1,respect,NN,NOUN,2,NN|NNP,1,NOUN,0,2.0014801632293233,0.0625,4.0,0.25,0,0,0,0,0,0,1,0,0,1,1
respects,182,4.352330218467846e-05,14.487852454045086,0.0006305591803644397,66,1.5405683813627027,101.67751316993838,8,1,respect,NN,NOUN,1,NN,1,NOUN,0,0.7713472154351386,0.34375,1.5405683813627027,0.529570381093429,0,0,0,0,0,0,1,0,0,1,1
respite,42,1.0043838965695029e-05,16.603329671465023,0.00016676116951454083,35,2.4556794837761897,85.94878193216664,7,1,respit,NN,NOUN,1,NN,1,NOUN,0,1.22882564810819,0.18229166666666666,2.4556794837761897,0.44764990589670123,0,0,0,0,1,0,1,0,0,1,1
resplendent,1,2.3913902299273877e-07,21.995647094243783,5.260017556210532e-06,1,7.584962500721156,7.584962500721156,11,1,resplend,NN,NOUN,1,NN,1,NOUN,0,3.795050759723567,0.005208333333333333,7.584962500721156,0.03950501302458935,0,0,0,0,1,0,1,0,0,0,1
responsible,1837,0.00043929838523766113,11.152511183132432,0.004899280154095035,180,0.09310940439148145,16.759692790466662,11,1,respons,NN,NOUN,2,NN|NNP,1,NOUN,0,0.046952121370902176,0.9375,0.09310940439148145,0.08729006661701386,0,0,0,0,0,0,1,0,0,1,1
responsive,8,1.91311218394191e-06,18.995647094243783,3.634080389785852e-05,7,4.777607578663552,33.44325305064487,10,1,respons,NN,NOUN,1,NN,1,NOUN,0,2.3905135288889166,0.036458333333333336,4.777607578663552,0.17418360963877536,0,1,0,0,0,0,1,0,0,1,1
restitution,17,4.065363390876559e-06,17.908184252993443,7.280327665919162e-05,14,3.777607578663552,52.886506101289726,11,1,restitut,NN,NOUN,2,NN|NNP,1,NOUN,0,1.8901679922837877,0.07291666666666667,3.777607578663552,0.275450552610884,1,0,0,0,0,0,1,0,0,0,1
restorative,1,2.3913902299273877e-07,21.995647094243783,5.260017556210532e-06,1,7.584962500721156,7.584962500721156,11,1,restor,NN,NOUN,1,NN,1,NOUN,0,3.795014008894317,0.005208333333333333,7.584962500721156,0.03950501302458935,0,1,0,0,1,0,1,0,0,1,1
restrain,4,9.56556091970955e-07,19.995647094243783,1.9126958040900216e-05,4,5.584962500721156,22.339850002884624,8,1,restrain,NN,NOUN,1,NN,1,NOUN,0,2.794374660149277,0.020833333333333332,5.584962500721156,0.11635338543169074,1,0,0,1,0,1,0,0,0,0,-1
restrict,122,2.9174960805114132e-05,15.064909756680896,0.00043951815168374663,57,1.7520724865564143,99.86813173371561,8,1,restrict,NN,NOUN,1,NN,1,NOUN,0,0.8770792301975111,0.296875,1.7520724865564143,0.5201465194464355,0,0,0,0,0,1,0,1,0,0,-1
restriction,402,9.613388724308099e-05,13.344595403064854,0.0012828678297827736,96,1.0,96.0,11,1,restrict,NN,NOUN,2,NN|NNP,1,NOUN,0,0.5011039632410597,0.5,1.0,0.5,1,0,0,1,0,1,0,1,0,0,-1
retaliate,1,2.3913902299273877e-07,21.995647094243783,5.260017556210532e-06,1,7.584962500721156,7.584962500721156,9,1,retali,NN,NOUN,1,NN,1,NOUN,0,3.795039262837388,0.005208333333333333,7.584962500721156,0.03950501302458935,1,0,0,0,0,1,0,0,0,0,-1
retaliation,1,2.3913902299273877e-07,21.995647094243783,5.260017556210532e-06,1,7.584962500721156,7.584962500721156,11,1,retali,NN,NOUN,1,NN,1,NOUN,0,3.795014696266622,0.005208333333333333,7.584962500721156,0.03950501302458935,1,0,0,1,0,1,0,0,0,0,-1
retard,2,4.782780459854775e-07,20.995647094243783,1.0041757066435586e-05,2,6.584962500721156,13.169925001442312,6,1,retard,NN,NOUN,1,NN,1,NOUN,0,3.2946951398992588,0.010416666666666666,6.584962500721156,0.06859335938251204,0,0,1,1,0,1,0,1,0,0,-1
retirement,302,7.221998494380712e-05,13.757242354918704,0.0009935478357405343,97,0.9850496585340286,95.54981687780078,10,1,retir,NN,NOUN,2,NN|NNP,1,NOUN,0,0.49344169809426947,0.5052083333333334,0.9850496585340284,0.4976552962385456,0,1,0,1,1,1,1,1,0,1,0
retract,2,4.782780459854775e-07,20.995647094243783,1.0041757066435586e-05,1,7.584962500721156,7.584962500721156,7,1,retract,NN,NOUN,1,NN,1,NOUN,0,3.7950424594115817,0.005208333333333333,7.584962500721156,0.03950501302458935,1,0,0,0,0,1,0,0,0,0,-1
retribution,5,1.1956951149636938e-06,19.67371899935642,2.3523769700698883e-05,4,5.584962500721156,22.339850002884624,11,1,retribut,NN,NOUN,2,NN|NNP,1,NOUN,0,2.794389277786935,0.020833333333333332,5.584962500721156,0.11635338543169074,1,0,0,1,0,1,0,1,0,0,-1
reunion,3,7.174170689782163e-07,20.410684593522628,1.464297351692384e-05,2,6.584962500721156,13.169925001442312,7,1,reunion,NNP,NOUN,2,NN|NNP,1,NOUN,0,3.29473112836776,0.010416666666666666,6.584962500721156,0.06859335938251204,0,1,0,0,0,0,1,0,0,1,1
revenge,1,2.3913902299273877e-07,21.995647094243783,5.260017556210532e-06,1,7.584962500721156,7.584962500721156,7,1,reveng,NN,NOUN,1,NN,1,NOUN,0,3.7950223877251807,0.005208333333333333,7.584962500721156,0.03950501302458935,1,1,0,1,0,1,0,0,1,0,-1
revere,1,2.3913902299273877e-07,21.995647094243783,5.260017556210532e-06,1,7.584962500721156,7.584962500721156,6,1,rever,NN,NOUN,1,NN,1,NOUN,0,3.795017631550491,0.005208333333333333,7.584962500721156,0.03950501302458935,0,1,0,0,1,0,1,0,0,1,1
reverence,2,4.782780459854775e-07,20.995647094243783,1.0041757066435586e-05,2,6.584962500721156,13.169925001442312,9,1,rever,NN,NOUN,1,NN,1,NOUN,0,3.2947303854584535,0.010416666666666666,6.584962500721156,0.06859335938251204,0,0,0,0,1,0,1,0,0,1,1
reversal,13,3.1088072989056042e-06,18.29520737610269,5.6876274225819694e-05,7,4.777607578663552,33.44325305064487,8,1,revers,NN,NOUN,1,NN,1,NOUN,0,2.3904938325687435,0.036458333333333336,4.777607578663552,0.17418360963877536,1,0,1,0,0,1,0,0,1,0,-1
revival,3,7.174170689782163e-07,20.410684593522628,1.464297351692384e-05,3,6.0,18.0,7,1,reviv,NN,NOUN,2,NN|NNP,1,NOUN,0,3.0020395895530023,0.015625,6.0,0.09375,0,1,0,0,1,0,1,0,0,1,1
revive,12,2.8696682759128652e-06,18.410684593522628,5.283255751586963e-05,11,4.125530882083859,45.380839702922444,6,1,reviv,NN,NOUN,1,NN,1,NOUN,0,2.0642285576326587,0.057291666666666664,4.125530882083859,0.23635854011938773,0,1,0,0,0,1,1,0,0,0,0
revoke,176,4.208846804672203e-05,14.536215475606486,0.0006118070405653299,70,1.4556794837761897,101.89756386433328,6,1,revok,NN,NOUN,2,NN|NNP,1,NOUN,0,0.7288553429580481,0.3645833333333333,1.4556794837761897,0.5307164784600692,1,0,1,1,0,1,0,1,0,0,-1
revolt,2,4.782780459854775e-07,20.995647094243783,1.0041757066435586e-05,2,6.584962500721156,13.169925001442312,6,1,revolt,NN,NOUN,1,NN,1,NOUN,0,3.2947108334166693,0.010416666666666666,6.584962500721156,0.06859335938251204,1,0,0,0,0,1,0,0,1,0,-1
revolution,103,2.4631319368252095e-05,15.309146567060564,0.0003770844783486489,23,3.0614005446641435,70.4122125272753,10,1,revolut,NNP,NOUN,2,NN|NNP,1,NOUN,0,1.5329131956868889,0.11979166666666667,3.0614005446641435,0.36673027357955884,1,1,0,1,0,1,1,1,1,0,0
revulsion,1,2.3913902299273877e-07,21.995647094243783,5.260017556210532e-06,1,7.584962500721156,7.584962500721156,9,1,revuls,NN,NOUN,1,NN,1,NOUN,0,3.795025216115018,0.005208333333333333,7.584962500721156,0.03950501302458935,1,0,1,1,0,1,0,0,0,0,-1
reward,29,6.9350316667894245e-06,17.13766609911621,0.00011885025709223451,14,3.777607578663552,52.886506101289726,6,1,reward,NN,NOUN,1,NN,1,NOUN,0,1.890274477451099,0.07291666666666667,3.777607578663552,0.275450552610884,0,1,0,0,1,0,1,0,1,1,1
ribbon,7,1.6739731609491714e-06,19.188292172186177,3.212068610069074e-05,6,5.0,30.0,6,1,ribbon,NN,NOUN,1,NN,1,NOUN,0,2.5018018332799064,0.03125,5.0,0.15625,1,1,0,0,1,0,1,0,0,0,1
ridicule,8,1.91311218394191e-06,18.995647094243783,3.634080389785852e-05,6,5.0,30.0,8,1,ridicul,NN,NOUN,1,NN,1,NOUN,0,2.501754254146223,0.03125,5.0,0.15625,1,0,1,0,0,1,0,1,0,0,-1
rigor,3,7.174170689782163e-07,20.410684593522628,1.464297351692384e-05,3,6.0,18.0,5,1,rigor,NN,NOUN,1,NN,1,NOUN,0,3.00206778199948,0.015625,6.0,0.09375,0,0,1,1,0,1,0,0,0,0,-1
riot,31,7.4133097127749025e-06,17.041450783856906,0.0001263335526157419,29,2.726981505593584,79.08246366221394,4,1,riot,NN,NOUN,1,NN,1,NOUN,0,1.3645499313227774,0.15104166666666666,2.726981505593584,0.4118878315740309,1,0,0,1,0,1,0,0,0,0,-1
rising,6,1.4348341379564326e-06,19.410684593522628,2.785111289589125e-05,6,5.0,30.0,6,1,rise,VB,VERB,1,VB,1,VERB,0,2.5017581206575716,0.03125,5.0,0.15625,0,1,0,0,1,0,1,0,0,0,1
risk,63,1.5065758448542544e-05,16.018367170743865,0.00024132885053449092,32,2.584962500721156,82.718800023077,4,1,risk,NN,NOUN,2,NN|NNP,1,NOUN,0,1.2935933599977782,0.16666666666666666,2.584962500721156,0.430827083453526,0,1,0,1,0,1,0,0,0,0,-1
risky,3,7.174170689782163e-07,20.410684593522628,1.464297351692384e-05,3,6.0,18.0,5,1,riski,NN,NOUN,1,NN,1,NOUN,0,3.0020177639025563,0.015625,6.0,0.09375,0,1,0,1,0,1,0,0,0,0,-1
robbery,1,2.3913902299273877e-07,21.995647094243783,5.260017556210532e-06,1,7.584962500721156,7.584962500721156,7,1,robberi,NN,NOUN,1,NN,1,NOUN,0,3.7950138134882234,0.005208333333333333,7.584962500721156,0.03950501302458935,1,0,1,1,0,1,0,1,0,0,-1
rod,1,2.3913902299273877e-07,21.995647094243783,5.260017556210532e-06,1,7.584962500721156,7.584962500721156,3,1,rod,NNP,NOUN,1,NNP,1,NOUN,0,3.795013599099198,0.005208333333333333,7.584962500721156,0.03950501302458935,0,0,0,1,0,0,1,0,0,1,1
rooted,4,9.56556091970955e-07,19.995647094243783,1.9126958040900216e-05,4,5.584962500721156,22.339850002884624,6,1,root,VB,VERB,1,VB,1,VERB,0,2.794389178144207,0.020833333333333332,5.584962500721156,0.11635338543169074,0,0,0,0,0,0,1,0,0,1,1
rota,1,2.3913902299273877e-07,21.995647094243783,5.260017556210532e-06,1,7.584962500721156,7.584962500721156,4,1,rota,NN,NOUN,1,NN,1,NOUN,0,3.7950424515153967,0.005208333333333333,7.584962500721156,0.03950501302458935,0,0,0,0,0,0,1,0,0,1,1
routine,17,4.065363390876559e-06,17.908184252993443,7.280327665919162e-05,14,3.777607578663552,52.886506101289726,7,1,routin,NN,NOUN,2,NN|NNP,1,NOUN,0,1.8902243338235836,0.07291666666666667,3.777607578663552,0.275450552610884,0,0,0,0,0,0,1,0,0,1,1
row,12,2.8696682759128652e-06,18.410684593522628,5.283255751586963e-05,3,6.0,18.0,3,1,row,NNP,NOUN,2,NN|NNP,1,NOUN,0,3.002103758136526,0.015625,6.0,0.09375,1,0,0,0,0,1,0,0,0,0,-1
ruin,1,2.3913902299273877e-07,21.995647094243783,5.260017556210532e-06,1,7.584962500721156,7.584962500721156,4,1,ruin,NN,NOUN,1,NN,1,NOUN,0,3.7950205484229884,0.005208333333333333,7.584962500721156,0.03950501302458935,0,0,0,1,0,1,0,1,0,0,-1
rule,716,0.00017122354046280097,12.511831316979526,0.002142320055766584,156,0.29956028185890793,46.731403969989636,4,1,rule,NN,NOUN,2,NN|NNP,1,NOUN,0,0.1504128006868998,0.8125,0.29956028185890793,0.24339272901036269,0,0,0,1,0,0,0,0,0,1,0
ruthless,1,2.3913902299273877e-07,21.995647094243783,5.260017556210532e-06,1,7.584962500721156,7.584962500721156,8,1,ruthless,NN,NOUN,1,NN,1,NOUN,0,3.795025467926145,0.005208333333333333,7.584962500721156,0.03950501302458935,1,0,1,1,0,1,0,0,0,0,-1
sabotage,16,3.82622436788382e-06,17.995647094243783,6.885538342783323e-05,12,4.0,48.0,8,1,sabotag,NN,NOUN,2,NN|NNP,1,NOUN,0,2.001509604992431,0.0625,4.0,0.25,1,0,1,1,0,1,0,1,1,0,-1
sacrifices,18,4.304502413869298e-06,17.82572209280147,7.673086377742721e-05,16,3.584962500721156,57.3594000115385,10,1,sacrific,NN,NOUN,1,NN,1,NOUN,0,1.7938769948742144,0.08333333333333333,3.584962500721156,0.29874687506009634,0,0,1,1,0,1,0,1,0,0,-1
sadly,1,2.3913902299273877e-07,21.995647094243783,5.260017556210532e-06,1,7.584962500721156,7.584962500721156,5,1,sadli,RB,ADV,1,RB,1,ADV,0,3.7950172445153805,0.005208333333333333,7.584962500721156,0.03950501302458935,0,0,0,0,0,1,0,1,0,0,-1
sadness,3,7.174170689782163e-07,20.410684593522628,1.464297351692384e-05,1,7.584962500721156,7.584962500721156,7,1,sad,NN,NOUN,1,NN,1,NOUN,0,3.7950621400199247,0.005208333333333333,7.584962500721156,0.03950501302458935,0,0,0,0,0,1,0,1,0,1,-1
safe,71,1.6978870632484454e-05,15.845899974739101,0.0002690454857263839,48,2.0,96.0,4,1,safe,NN,NOUN,2,NN|NNP,1,NOUN,0,1.0009882381709234,0.25,2.0,0.5,0,0,0,0,1,0,1,0,0,1,1
safeguard,272,6.504581425402495e-05,13.908184252993443,0.0009046691695309663,110,0.8036027871964965,88.39630659161462,9,1,safeguard,NN,NOUN,2,NN|NNP,1,NOUN,0,0.4026873905265919,0.5729166666666666,0.8036027871964967,0.46039743016465956,0,0,0,0,0,0,1,0,0,1,1
saint,430,0.00010282977988687768,13.247454244654323,0.0013622328040392875,10,4.2630344058337934,42.63034405833793,5,1,saint,NNP,NOUN,1,NNP,1,NOUN,0,2.1358804262681033,0.052083333333333336,4.2630344058337934,0.22203304197051008,0,1,0,0,1,0,1,0,1,1,1
salary,517,0.00012363487488724594,12.981626623928848,0.0016049817834823841,102,0.9125371587496606,93.07879019246538,6,1,salari,NN,NOUN,2,NN|NNP,1,NOUN,0,0.4574285215802309,0.53125,0.9125371587496606,0.4847853655857572,0,1,0,0,1,0,1,0,0,1,1
salute,1,2.3913902299273877e-07,21.995647094243783,5.260017556210532e-06,1,7.584962500721156,7.584962500721156,6,1,salut,NN,NOUN,1,NN,1,NOUN,0,3.7950209665887713,0.005208333333333333,7.584962500721156,0.03950501302458935,0,0,0,0,1,0,1,0,0,0,1
salvation,3,7.174170689782163e-07,20.410684593522628,1.464297351692384e-05,3,6.0,18.0,9,1,salvat,NN,NOUN,2,NN|NNP,1,NOUN,0,3.002078554427774,0.015625,6.0,0.09375,0,1,0,0,1,0,1,0,0,1,1
sanctuary,4,9.56556091970955e-07,19.995647094243783,1.9126958040900216e-05,2,6.584962500721156,13.169925001442312,9,1,sanctuari,NN,NOUN,1,NN,1,NOUN,0,3.29470629527666,0.010416666666666666,6.584962500721156,0.06859335938251204,0,1,0,0,1,0,1,0,0,1,1
satisfied,378,9.039455069125525e-05,13.43340467002271,0.0012143065794005129,56,1.777607578663552,99.5460244051589,9,1,satisfi,VB,VERB,1,VB,1,VERB,0,0.8904681592495587,0.2916666666666667,1.777607578663552,0.5184688771102026,0,0,0,0,1,0,1,0,0,0,1
savage,2,4.782780459854775e-07,20.995647094243783,1.0041757066435586e-05,2,6.584962500721156,13.169925001442312,6,1,savag,NN,NOUN,1,NN,1,NOUN,0,3.294707286283764,0.010416666666666666,6.584962500721156,0.06859335938251204,1,0,0,1,0,1,0,0,0,0,-1
save,587,0.00014037460649673767,12.79843040113373,0.001796574631335032,84,1.1926450779423958,100.18218654716125,4,1,save,NN,NOUN,2,NN|NNP,1,NOUN,0,0.5982706389172135,0.4375,1.1926450779423958,0.5217822215997981,0,0,0,0,1,0,1,0,0,1,1
scarce,5,1.1956951149636938e-06,19.67371899935642,2.3523769700698883e-05,2,6.584962500721156,13.169925001442312,6,1,scarc,NN,NOUN,1,NN,1,NOUN,0,3.294719230274491,0.010416666666666666,6.584962500721156,0.06859335938251204,0,0,0,1,0,1,0,1,0,0,-1
scarcity,1,2.3913902299273877e-07,21.995647094243783,5.260017556210532e-06,1,7.584962500721156,7.584962500721156,8,1,scarciti,NN,NOUN,1,NN,1,NOUN,0,3.7950113001739556,0.005208333333333333,7.584962500721156,0.03950501302458935,1,0,0,1,0,1,0,1,0,0,-1
scholarship,7,1.6739731609491714e-06,19.188292172186177,3.212068610069074e-05,7,4.777607578663552,33.44325305064487,11,1,scholarship,NN,NOUN,2,NN|NNP,1,NOUN,0,2.3904566743398425,0.036458333333333336,4.777607578663552,0.17418360963877536,0,0,0,0,1,0,1,0,0,0,1
scientific,447,0.00010689514327775423,13.191516073060464,0.001410109000680596,122,0.6542251631582698,79.81546990530892,10,1,scientif,NN,NOUN,2,NN|NNP,1,NOUN,0,0.32809703375852484,0.6354166666666666,0.6542251631582701,0.4157055724234841,0,0,0,0,0,0,1,0,0,1,1
scientist,1,2.3913902299273877e-07,21.995647094243783,5.260017556210532e-06,1,7.584962500721156,7.584962500721156,9,1,scientist,NN,NOUN,1,NN,1,NOUN,0,3.7950169994983445,0.005208333333333333,7.584962500721156,0.03950501302458935,0,1,0,0,0,0,1,0,0,1,1
score,7,1.6739731609491714e-06,19.188292172186177,3.212068610069074e-05,2,6.584962500721156,13.169925001442312,5,1,score,NN,NOUN,1,NN,1,NOUN,0,3.2947235118312164,0.010416666666666666,6.584962500721156,0.06859335938251204,0,1,0,0,1,0,1,0,1,0,1
scrutinize,7,1.6739731609491714e-06,19.188292172186177,3.212068610069074e-05,4,5.584962500721156,22.339850002884624,10,1,scrutin,NN,NOUN,1,NN,1,NOUN,0,2.7943831740740066,0.020833333333333332,5.584962500721156,0.11635338543169074,0,1,0,0,0,1,0,0,0,0,-1
seal,326,7.795932149563284e-05,13.646918940012705,0.0010639045410692914,70,1.4556794837761897,101.89756386433328,4,1,seal,NNP,NOUN,2,NN|NNP,1,NOUN,0,0.729364033142871,0.3645833333333333,1.4556794837761897,0.5307164784600692,0,0,0,0,0,0,1,0,0,1,1
secrecy,178,4.2566746092707505e-05,14.519913663277384,0.000618065478192763,90,1.0931094043914815,98.37984639523334,7,1,secreci,NN,NOUN,2,NN|NNP,1,NOUN,0,0.547402825613301,0.46875,1.0931094043914815,0.512395033308507,0,0,0,0,0,0,0,0,1,1,0
sectarian,11,2.6305292529201267e-06,18.536215475606486,4.876005704701362e-05,8,4.584962500721156,36.67970000576925,9,1,sectarian,NN,NOUN,1,NN,1,NOUN,0,2.2942165185007464,0.041666666666666664,4.584962500721156,0.19104010419671483,1,0,0,1,0,1,0,0,0,0,-1
sedition,19,4.543641436862037e-06,17.747719580800197,8.063927409713152e-05,14,3.777607578663552,52.886506101289726,8,1,sedit,NN,NOUN,2,NN|NNP,1,NOUN,0,1.8902283455097322,0.07291666666666667,3.777607578663552,0.275450552610884,1,0,0,0,0,1,0,1,0,0,-1
segregate,1,2.3913902299273877e-07,21.995647094243783,5.260017556210532e-06,1,7.584962500721156,7.584962500721156,9,1,segreg,NN,NOUN,1,NN,1,NOUN,0,3.795014008894317,0.005208333333333333,7.584962500721156,0.03950501302458935,1,0,1,0,0,1,0,1,0,0,-1
seize,9,2.152251206934649e-06,18.82572209280147,4.0517683095648255e-05,8,4.584962500721156,36.67970000576925,5,1,seiz,NN,NOUN,1,NN,1,NOUN,0,2.2940985060212893,0.041666666666666664,4.584962500721156,0.19104010419671483,0,0,0,1,0,1,0,0,0,0,-1
seniority,67,1.6022314540513498e-05,15.92955790378601,0.00025522838722578234,37,2.3755091350922064,87.89383799841164,9,1,senior,NN,NOUN,2,NN|NNP,1,NOUN,0,1.1888868725918258,0.19270833333333334,2.3755091350922064,0.4577804062417273,0,0,0,0,0,0,1,0,0,1,1
sentence,958,0.00022909518402704375,12.091765248507603,0.0027701651848186615,138,0.4764380439429871,65.74845006413221,8,1,sentenc,NN,NOUN,2,NN|NNP,1,NOUN,0,0.23925931724488267,0.71875,0.4764380439429871,0.342439844084022,1,1,1,1,0,1,0,1,0,0,-1
separatist,1,2.3913902299273877e-07,21.995647094243783,5.260017556210532e-06,1,7.584962500721156,7.584962500721156,10,1,separatist,NN,NOUN,1,NN,1,NOUN,0,3.795017349133367,0.005208333333333333,7.584962500721156,0.03950501302458935,1,0,1,0,0,1,0,0,0,0,-1
sequestration,8,1.91311218394191e-06,18.995647094243783,3.634080389785852e-05,5,5.2630344058337934,26.315172029168966,13,1,sequestr,NN,NOUN,1,NN,1,NOUN,0,2.633348900517587,0.026041666666666668,5.2630344058337934,0.1370581876519217,0,0,0,0,0,1,0,1,0,0,-1
seriousness,7,1.6739731609491714e-06,19.188292172186177,3.212068610069074e-05,5,5.2630344058337934,26.315172029168966,11,1,serious,NN,NOUN,1,NN,1,NOUN,0,2.6333174869597027,0.026041666666666668,5.2630344058337934,0.1370581876519217,0,0,0,1,0,0,0,1,0,0,0
servant,87,2.0805095000368274e-05,15.552703598395054,0.0003235754758771786,33,2.5405683813627027,83.83875658496919,7,1,servant,NN,NOUN,2,NN|NNP,1,NOUN,0,1.2715530537856792,0.171875,2.5405683813627027,0.4366601905467145,0,0,0,0,0,1,0,0,0,1,-1
serve,570,0.0001363092431058611,12.840828985191678,0.0017503236798232802,133,0.5296800652199665,70.44744867425554,5,1,serv,NN,NOUN,2,NN|NNP,1,NOUN,0,0.2658461623392312,0.6927083333333334,0.5296800652199665,0.36691379517841427,0,0,0,0,0,1,0,0,0,1,-1
servile,1,2.3913902299273877e-07,21.995647094243783,5.260017556210532e-06,1,7.584962500721156,7.584962500721156,7,1,servil,NN,NOUN,1,NN,1,NOUN,0,3.7950368014346623,0.005208333333333333,7.584962500721156,0.03950501302458935,0,0,1,1,0,1,0,1,0,0,-1
sewage,5,1.1956951149636938e-06,19.67371899935642,2.3523769700698883e-05,4,5.584962500721156,22.339850002884624,6,1,sewag,NN,NOUN,1,NN,1,NOUN,0,2.7943753652077503,0.020833333333333332,5.584962500721156,0.11635338543169074,0,0,1,0,0,1,0,0,0,0,-1
sewerage,3,7.174170689782163e-07,20.410684593522628,1.464297351692384e-05,2,6.584962500721156,13.169925001442312,8,1,sewerag,NN,NOUN,1,NN,1,NOUN,0,3.2946940374472695,0.010416666666666666,6.584962500721156,0.06859335938251204,0,0,1,0,0,1,0,0,0,0,-1
sex,300,7.174170689782164e-05,13.766828403747901,0.0009876557682542877,136,0.49749965947081687,67.6599536880311,3,1,sex,NN,NOUN,1,NN,1,NOUN,0,0.24933376402997376,0.7083333333333334,0.49749965947081665,0.3523955921251618,0,1,0,0,1,0,1,0,0,1,1
share,182,4.352330218467846e-05,14.487852454045086,0.0006305591803644397,72,1.4150374992788437,101.88269994807675,5,1,share,NN,NOUN,1,NN,1,NOUN,0,0.7085533472454957,0.375,1.4150374992788437,0.5306390622295664,0,1,0,0,1,0,1,0,0,1,1
shattered,1,2.3913902299273877e-07,21.995647094243783,5.260017556210532e-06,1,7.584962500721156,7.584962500721156,9,1,shatter,VB,VERB,1,VB,1,VERB,0,3.7950269986195235,0.005208333333333333,7.584962500721156,0.03950501302458935,0,0,0,0,0,1,0,1,0,0,-1
shell,1,2.3913902299273877e-07,21.995647094243783,5.260017556210532e-06,1,7.584962500721156,7.584962500721156,5,1,shell,NN,NOUN,1,NN,1,NOUN,0,3.7950603372840015,0.005208333333333333,7.584962500721156,0.03950501302458935,1,0,0,1,0,1,0,1,1,0,-1
shelter,25,5.9784755748184694e-06,17.35179090446906,0.00010373725810172555,18,3.415037499278844,61.470674987019194,7,1,shelter,NN,NOUN,2,NN|NNP,1,NOUN,0,1.7087906041327507,0.09375,3.415037499278844,0.3201597655573916,0,0,0,0,0,0,1,0,0,1,1
shopping,1,2.3913902299273877e-07,21.995647094243783,5.260017556210532e-06,1,7.584962500721156,7.584962500721156,8,1,shop,VB,VERB,1,VB,1,VERB,0,3.7950148529802075,0.005208333333333333,7.584962500721156,0.03950501302458935,0,1,0,0,1,0,1,0,1,1,1
shortage,6,1.4348341379564326e-06,19.410684593522628,2.785111289589125e-05,4,5.584962500721156,22.339850002884624,8,1,shortag,NN,NOUN,1,NN,1,NOUN,0,2.794395683244582,0.020833333333333332,5.584962500721156,0.11635338543169074,1,0,0,1,0,1,0,1,0,0,-1
shoulder,4,9.56556091970955e-07,19.995647094243783,1.9126958040900216e-05,3,6.0,18.0,8,1,shoulder,NN,NOUN,1,NN,1,NOUN,0,3.00208342880635,0.015625,6.0,0.09375,0,0,0,0,0,0,1,0,0,1,1
sick,19,4.543641436862037e-06,17.747719580800197,8.063927409713152e-05,17,3.497499659470817,59.45749421100389,4,1,sick,NN,NOUN,2,NN|NNP,1,NOUN,0,1.750045218306763,0.08854166666666667,3.4974996594708165,0.3096744490156452,0,0,1,0,0,1,0,1,0,0,-1
sickness,34,8.130726781753119e-06,16.908184252993443,0.00013747582653663015,29,2.726981505593584,79.08246366221394,8,1,sick,NN,NOUN,1,NN,1,NOUN,0,1.3646986122574225,0.15104166666666666,2.726981505593584,0.4118878315740309,0,0,1,1,0,1,0,1,0,0,-1
simplify,3,7.174170689782163e-07,20.410684593522628,1.464297351692384e-05,2,6.584962500721156,13.169925001442312,8,1,simplifi,NN,NOUN,1,NN,1,NOUN,0,3.2947342595225266,0.010416666666666666,6.584962500721156,0.06859335938251204,0,1,0,0,1,0,1,0,1,1,1
sin,1,2.3913902299273877e-07,21.995647094243783,5.260017556210532e-06,1,7.584962500721156,7.584962500721156,3,1,sin,NN,NOUN,1,NN,1,NOUN,0,3.7950178392957135,0.005208333333333333,7.584962500721156,0.03950501302458935,1,0,1,1,0,1,0,1,0,0,-1
sincere,4,9.56556091970955e-07,19.995647094243783,1.9126958040900216e-05,4,5.584962500721156,22.339850002884624,7,1,sincer,NN,NOUN,1,NN,1,NOUN,1,2.7944083581934294,0.020833333333333332,5.584962500721156,0.11635338543169074,0,0,0,0,0,0,1,0,0,1,1
sinister,3,7.174170689782163e-07,20.410684593522628,1.464297351692384e-05,2,6.584962500721156,13.169925001442312,8,1,sinist,NN,NOUN,1,NN,1,NOUN,0,3.294736908261625,0.010416666666666666,6.584962500721156,0.06859335938251204,1,0,1,1,0,1,0,0,0,0,-1
siren,3,7.174170689782163e-07,20.410684593522628,1.464297351692384e-05,1,7.584962500721156,7.584962500721156,5,1,siren,NN,NOUN,1,NN,1,NOUN,0,3.795040824854116,0.005208333333333333,7.584962500721156,0.03950501302458935,0,0,0,1,0,1,0,0,0,0,-1
slander,8,1.91311218394191e-06,18.995647094243783,3.634080389785852e-05,7,4.777607578663552,33.44325305064487,7,1,slander,NN,NOUN,1,NN,1,NOUN,0,2.390507445108913,0.036458333333333336,4.777607578663552,0.17418360963877536,1,0,1,0,0,1,0,0,0,0,-1
slaughter,7,1.6739731609491714e-06,19.188292172186177,3.212068610069074e-05,5,5.2630344058337934,26.315172029168966,9,1,slaughter,NN,NOUN,1,NN,1,NOUN,0,2.63332151036076,0.026041666666666668,5.2630344058337934,0.1370581876519217,1,0,1,1,0,1,0,1,1,0,-1
slaughtering,1,2.3913902299273877e-07,21.995647094243783,5.260017556210532e-06,1,7.584962500721156,7.584962500721156,12,1,slaughter,VB,VERB,1,VB,1,VERB,0,3.7950231485072803,0.005208333333333333,7.584962500721156,0.03950501302458935,1,0,1,1,0,1,0,1,1,0,-1
slave,15,3.5870853448910818e-06,18.088756498635263,6.488591334355788e-05,13,3.884522782580064,50.49879617354083,5,1,slave,NN,NOUN,2,NN|NNP,1,NOUN,0,1.9437056718331147,0.06770833333333333,3.884522782580064,0.2630145634038585,1,0,0,1,0,1,0,1,0,0,-1
slavery,145,3.4675158333947125e-05,14.815738004228848,0.0005137380611309131,77,1.3181759600262548,101.49954892202162,7,1,slaveri,NN,NOUN,2,NN|NNP,1,NOUN,0,0.6599596652221408,0.4010416666666667,1.3181759600262548,0.5286434839688626,1,0,1,1,0,1,0,1,0,0,-1
slum,1,2.3913902299273877e-07,21.995647094243783,5.260017556210532e-06,1,7.584962500721156,7.584962500721156,4,1,slum,NNP,NOUN,1,NNP,1,NOUN,0,3.7950113001739556,0.005208333333333333,7.584962500721156,0.03950501302458935,0,0,1,0,0,1,0,0,0,0,-1
snake,1,2.3913902299273877e-07,21.995647094243783,5.260017556210532e-06,1,7.584962500721156,7.584962500721156,5,1,snake,NNP,NOUN,1,NNP,1,NOUN,0,3.795019025605892,0.005208333333333333,7.584962500721156,0.03950501302458935,0,0,1,1,0,1,0,0,0,0,-1
socialism,42,1.0043838965695029e-05,16.603329671465023,0.00016676116951454083,9,4.415037499278844,39.7353374935096,9,1,social,NN,NOUN,2,NN|NNP,1,NOUN,0,2.209641524731654,0.046875,4.415037499278844,0.2069548827786958,0,0,1,1,0,0,0,0,0,0,0
socialist,170,4.065363390876559e-05,14.586256158106082,0.0005929843179511223,18,3.415037499278844,61.470674987019194,9,1,socialist,NN,NOUN,2,NN|NNP,1,NOUN,0,1.7109013040062406,0.09375,3.415037499278844,0.3201597655573916,1,0,1,1,0,1,0,1,0,0,-1
soil,75,1.793542672445541e-05,15.766828403747901,0.0002827847955124827,54,1.8300749985576876,98.82404992211514,4,1,soil,NN,NOUN,2,NN|NNP,1,NOUN,0,0.9159050198947831,0.28125,1.8300749985576876,0.5147085933443496,0,0,1,0,0,1,0,0,0,0,-1
soldier,9,2.152251206934649e-06,18.82572209280147,4.0517683095648255e-05,7,4.777607578663552,33.44325305064487,7,1,soldier,NN,NOUN,2,NN|NNP,1,NOUN,0,2.3905686393469767,0.036458333333333336,4.777607578663552,0.17418360963877536,1,0,0,0,0,0,1,1,0,0,1
solidity,1,2.3913902299273877e-07,21.995647094243783,5.260017556210532e-06,1,7.584962500721156,7.584962500721156,8,1,solid,NN,NOUN,1,NN,1,NOUN,0,3.7950138134882234,0.005208333333333333,7.584962500721156,0.03950501302458935,0,0,0,0,0,0,1,0,0,1,1
sonar,1,2.3913902299273877e-07,21.995647094243783,5.260017556210532e-06,1,7.584962500721156,7.584962500721156,5,1,sonar,NNP,NOUN,1,NNP,1,NOUN,0,3.795025467926145,0.005208333333333333,7.584962500721156,0.03950501302458935,0,1,0,0,0,0,1,0,0,0,1
soundness,3,7.174170689782163e-07,20.410684593522628,1.464297351692384e-05,3,6.0,18.0,9,1,sound,NN,NOUN,1,NN,1,NOUN,0,3.002040995566679,0.015625,6.0,0.09375,0,1,0,0,1,0,1,0,0,1,1
sour,1,2.3913902299273877e-07,21.995647094243783,5.260017556210532e-06,1,7.584962500721156,7.584962500721156,4,1,sour,NNP,NOUN,1,NNP,1,NOUN,0,3.795054414958878,0.005208333333333333,7.584962500721156,0.03950501302458935,0,0,1,0,0,1,0,0,0,0,-1
spa,83,1.984853890839732e-05,15.620607662896857,0.0003100462389698176,1,7.584962500721156,7.584962500721156,3,1,spa,NNP,NOUN,1,NNP,1,NOUN,0,3.798899020402746,0.005208333333333333,7.584962500721156,0.03950501302458935,0,1,0,0,1,0,1,0,1,1,1
spear,1,2.3913902299273877e-07,21.995647094243783,5.260017556210532e-06,1,7.584962500721156,7.584962500721156,5,1,spear,NN,NOUN,1,NN,1,NOUN,0,3.7950205484229884,0.005208333333333333,7.584962500721156,0.03950501302458935,1,1,0,1,0,1,0,0,0,0,-1
special,2195,0.0005249101554690616,10.895641869821063,0.005719233067822991,181,0.08511661363795076,15.406107068469087,7,1,special,NN,NOUN,2,NN|NNP,1,NOUN,0,0.04301156767132347,0.9427083333333334,0.08511661363795076,0.08024014098160984,0,0,0,0,1,0,1,0,0,0,1
speculation,8,1.91311218394191e-06,18.995647094243783,3.634080389785852e-05,7,4.777607578663552,33.44325305064487,11,1,specul,NN,NOUN,2,NN|NNP,1,NOUN,0,2.390458070138707,0.036458333333333336,4.777607578663552,0.17418360963877536,0,0,0,1,0,1,0,1,0,0,-1
spirits,6,1.4348341379564326e-06,19.410684593522628,2.785111289589125e-05,2,6.584962500721156,13.169925001442312,7,1,spirit,NN,NOUN,1,NN,1,NOUN,0,3.2948008012227246,0.010416666666666666,6.584962500721156,0.06859335938251204,0,1,0,0,1,0,1,0,1,0,1
spite,3,7.174170689782163e-07,20.410684593522628,1.464297351692384e-05,3,6.0,18.0,5,1,spite,NN,NOUN,1,NN,1,NOUN,0,3.0020355900258964,0.015625,6.0,0.09375,1,0,0,0,0,1,0,0,0,0,-1
splendid,1,2.3913902299273877e-07,21.995647094243783,5.260017556210532e-06,1,7.584962500721156,7.584962500721156,8,1,splendid,NN,NOUN,1,NN,1,NOUN,0,3.795039262837388,0.005208333333333333,7.584962500721156,0.03950501302458935,0,0,0,0,1,0,1,0,1,0,1
splitting,4,9.56556091970955e-07,19.995647094243783,1.9126958040900216e-05,2,6.584962500721156,13.169925001442312,9,1,split,VB,VERB,1,VB,1,VERB,0,3.2947365850546064,0.010416666666666666,6.584962500721156,0.06859335938251204,0,0,0,0,0,1,0,1,0,0,-1
sponsor,24,5.7393365518257305e-06,17.410684593522628,9.992577847991352e-05,12,4.0,48.0,7,1,sponsor,NN,NOUN,1,NN,1,NOUN,0,2.0015567641412306,0.0625,4.0,0.25,0,0,0,0,0,0,1,0,0,1,1
spouse,89,2.1283373046353752e-05,15.519913663277384,0.0003303161121427352,50,1.9411063109464315,97.05531554732157,6,1,spous,NN,NOUN,1,NN,1,NOUN,0,0.971578894574593,0.2604166666666667,1.9411063109464315,0.5054964351422999,0,0,0,0,1,0,1,0,0,1,1
spurious,1,2.3913902299273877e-07,21.995647094243783,5.260017556210532e-06,1,7.584962500721156,7.584962500721156,8,1,spuriou,NN,NOUN,1,NN,1,NOUN,0,3.795013599099198,0.005208333333333333,7.584962500721156,0.03950501302458935,0,0,1,0,0,1,0,0,0,0,-1
stable,36,8.609004827738597e-06,16.82572209280147,0.0001448527227271158,28,2.777607578663552,77.77301220257945,6,1,stabl,NN,NOUN,2,NN|NNP,1,NOUN,0,1.389970713895776,0.14583333333333334,2.777607578663552,0.4050677718884347,0,0,0,0,0,0,1,0,0,1,1
stalemate,1,2.3913902299273877e-07,21.995647094243783,5.260017556210532e-06,1,7.584962500721156,7.584962500721156,9,1,stalem,NN,NOUN,1,NN,1,NOUN,0,3.7950113001739556,0.005208333333333333,7.584962500721156,0.03950501302458935,1,0,1,0,0,0,0,0,0,0,0
standstill,1,2.3913902299273877e-07,21.995647094243783,5.260017556210532e-06,1,7.584962500721156,7.584962500721156,10,1,standstil,NN,NOUN,1,NN,1,NOUN,0,3.7950209665887713,0.005208333333333333,7.584962500721156,0.03950501302458935,1,0,0,0,0,1,0,0,0,0,-1
star,36,8.609004827738597e-06,16.82572209280147,0.0001448527227271158,26,2.884522782580064,74.99759234708166,4,1,star,NN,NOUN,1,NN,1,NOUN,0,1.4436025630221605,0.13541666666666666,2.884522782580064,0.3906124601410503,0,1,0,0,1,0,1,0,0,1,1
statement,485,0.00011598242615147831,13.073806157169292,0.00151633175714263,119,0.6901447374132127,82.12722375217231,9,1,statement,NN,NOUN,2,NN|NNP,1,NOUN,0,0.34598891713238006,0.6197916666666666,0.6901447374132127,0.4277459570425641,0,0,0,0,0,0,1,0,0,1,1
steadfast,3,7.174170689782163e-07,20.410684593522628,1.464297351692384e-05,3,6.0,18.0,9,1,steadfast,NN,NOUN,1,NN,1,NOUN,0,3.002064170632029,0.015625,6.0,0.09375,0,0,0,0,0,0,1,0,0,1,1
steady,5,1.1956951149636938e-06,19.67371899935642,2.3523769700698883e-05,5,5.2630344058337934,26.315172029168966,6,1,steadi,NN,NOUN,1,NN,1,NOUN,0,2.633342087529474,0.026041666666666668,5.2630344058337934,0.1370581876519217,0,0,0,0,0,0,0,0,1,1,0
steal,1,2.3913902299273877e-07,21.995647094243783,5.260017556210532e-06,1,7.584962500721156,7.584962500721156,5,1,steal,NN,NOUN,1,NN,1,NOUN,0,3.7950148529802075,0.005208333333333333,7.584962500721156,0.03950501302458935,1,0,0,1,0,1,0,1,0,0,-1
stealing,1,2.3913902299273877e-07,21.995647094243783,5.260017556210532e-06,1,7.584962500721156,7.584962500721156,8,1,steal,VB,VERB,1,VB,1,VERB,0,3.7950249229231754,0.005208333333333333,7.584962500721156,0.03950501302458935,0,0,1,1,0,1,0,0,0,0,-1
sterling,1,2.3913902299273877e-07,21.995647094243783,5.260017556210532e-06,1,7.584962500721156,7.584962500721156,8,1,sterl,NNP,NOUN,1,NNP,1,NOUN,0,3.795029000139994,0.005208333333333333,7.584962500721156,0.03950501302458935,1,1,0,0,1,1,1,0,0,1,0
stillborn,1,2.3913902299273877e-07,21.995647094243783,5.260017556210532e-06,1,7.584962500721156,7.584962500721156,9,1,stillborn,NN,NOUN,1,NN,1,NOUN,0,3.7950561759674297,0.005208333333333333,7.584962500721156,0.03950501302458935,0,0,0,0,0,1,0,1,0,0,-1
stolen,1,2.3913902299273877e-07,21.995647094243783,5.260017556210532e-06,1,7.584962500721156,7.584962500721156,6,1,stolen,NN,NOUN,1,NN,1,NOUN,0,3.795024795645418,0.005208333333333333,7.584962500721156,0.03950501302458935,1,0,0,0,0,1,0,0,0,0,-1
stone,5,1.1956951149636938e-06,19.67371899935642,2.3523769700698883e-05,5,5.2630344058337934,26.315172029168966,5,1,stone,NN,NOUN,1,NN,1,NOUN,0,2.633337765771176,0.026041666666666668,5.2630344058337934,0.1370581876519217,1,0,0,0,0,1,0,0,0,0,-1
stools,2,4.782780459854775e-07,20.995647094243783,1.0041757066435586e-05,1,7.584962500721156,7.584962500721156,6,1,stool,NN,NOUN,1,NN,1,NOUN,0,3.795024085001463,0.005208333333333333,7.584962500721156,0.03950501302458935,0,0,1,0,0,1,0,0,0,0,-1
store,12,2.8696682759128652e-06,18.410684593522628,5.283255751586963e-05,11,4.125530882083859,45.380839702922444,5,1,store,NN,NOUN,1,NN,1,NOUN,0,2.0642847068845924,0.057291666666666664,4.125530882083859,0.23635854011938773,0,1,0,0,0,0,1,0,0,0,1
storm,2,4.782780459854775e-07,20.995647094243783,1.0041757066435586e-05,2,6.584962500721156,13.169925001442312,5,1,storm,NN,NOUN,1,NN,1,NOUN,0,3.294689994861246,0.010416666666666666,6.584962500721156,0.06859335938251204,1,0,0,0,0,1,0,0,0,0,-1
straits,1,2.3913902299273877e-07,21.995647094243783,5.260017556210532e-06,1,7.584962500721156,7.584962500721156,7,1,strait,NNP,NOUN,1,NNP,1,NOUN,0,3.795015801913936,0.005208333333333333,7.584962500721156,0.03950501302458935,0,0,0,1,0,1,0,0,0,0,-1
stranger,1,2.3913902299273877e-07,21.995647094243783,5.260017556210532e-06,1,7.584962500721156,7.584962500721156,8,1,stranger,NN,NOUN,1,NN,1,NOUN,0,3.795064761365797,0.005208333333333333,7.584962500721156,0.03950501302458935,0,0,0,1,0,1,0,0,0,0,-1
strength,76,1.817456574744815e-05,15.747719580800197,0.0002862079648936298,44,2.1255308820838588,93.52335881168979,8,1,strength,NN,NOUN,2,NN|NNP,1,NOUN,0,1.0638138823781929,0.22916666666666666,2.125530882083859,0.4871008271442177,0,0,0,0,0,0,1,0,0,1,1
strengthening,76,1.817456574744815e-05,15.747719580800197,0.0002862079648936298,43,2.158697746019058,92.8240030788195,13,1,strengthen,VB,VERB,2,NNP|VB,2,NOUN|VERB,0,1.080463438910343,0.22395833333333334,2.158697746019058,0.48345834936885157,0,0,0,0,1,0,1,0,0,1,1
strife,1,2.3913902299273877e-07,21.995647094243783,5.260017556210532e-06,1,7.584962500721156,7.584962500721156,6,1,strife,NN,NOUN,1,NN,1,NOUN,0,3.7950323183714603,0.005208333333333333,7.584962500721156,0.03950501302458935,1,0,0,0,0,1,0,0,0,0,-1
strike,176,4.208846804672203e-05,14.536215475606486,0.0006118070405653299,98,0.970252656605948,95.0847603473829,6,1,strike,NN,NOUN,2,NN|NNP,1,NOUN,0,0.48590882964327325,0.5104166666666666,0.9702526566059481,0.49523312680928594,1,0,0,0,0,1,0,0,0,0,-1
strip,10,2.3913902299273877e-06,18.67371899935642,4.465614917147038e-05,6,5.0,30.0,5,1,strip,NN,NOUN,1,NN,1,NOUN,0,2.5017484471517983,0.03125,5.0,0.15625,0,0,0,0,0,1,0,1,0,0,-1
stripped,4,9.56556091970955e-07,19.995647094243783,1.9126958040900216e-05,4,5.584962500721156,22.339850002884624,8,1,strip,VB,VERB,1,VB,1,VERB,0,2.7944022421785397,0.020833333333333332,5.584962500721156,0.11635338543169074,1,1,1,1,0,1,0,1,0,0,-1
structure,388,9.278594092118264e-05,13.395734252056656,0.0012429358069071916,95,1.0151068923902085,96.4351547770698,9,1,structur,NN,NOUN,2,NN|NNP,1,NOUN,0,0.5089409669719859,0.4947916666666667,1.0151068923902085,0.5022664311305719,0,0,0,0,0,0,1,0,0,1,1
struggle,130,3.108807298905604e-05,14.973279281215328,0.00046549039917994267,43,2.158697746019058,92.8240030788195,8,1,struggl,NN,NOUN,2,NN|NNP,1,NOUN,0,1.0809595011899564,0.22395833333333334,2.158697746019058,0.48345834936885157,1,0,0,1,0,1,0,1,0,0,-1
subjected,375,8.967713362227705e-05,13.44490030886054,0.0012057001215358806,131,0.5515394991837059,72.25167439306547,9,1,subject,VB,VERB,1,VB,1,VERB,0,0.276476530658766,0.6822916666666666,0.5515394991837059,0.37631080413054935,0,0,0,0,0,1,0,1,0,0,-1
subjugation,1,2.3913902299273877e-07,21.995647094243783,5.260017556210532e-06,1,7.584962500721156,7.584962500721156,11,1,subjug,NN,NOUN,1,NN,1,NOUN,0,3.795025467926145,0.005208333333333333,7.584962500721156,0.03950501302458935,1,0,1,1,0,1,0,1,0,0,-1
subordinate,444,0.00010617772620877603,13.201231227893677,0.001401676714934039,98,0.970252656605948,95.0847603473829,11,1,subordin,NN,NOUN,2,NN|NNP,1,NOUN,0,0.4863646692391211,0.5104166666666666,0.9702526566059481,0.49523312680928594,0,0,0,1,0,1,0,0,0,0,-1
subsidy,17,4.065363390876559e-06,17.908184252993443,7.280327665919162e-05,16,3.584962500721156,57.3594000115385,7,1,subsidi,NN,NOUN,1,NN,1,NOUN,0,1.793784268194055,0.08333333333333333,3.584962500721156,0.29874687506009634,1,0,1,0,0,1,0,0,0,0,-1
subversion,18,4.304502413869298e-06,17.82572209280147,7.673086377742721e-05,14,3.777607578663552,52.886506101289726,10,1,subvers,NN,NOUN,2,NN|NNP,1,NOUN,0,1.8901633077683846,0.07291666666666667,3.777607578663552,0.275450552610884,1,0,0,1,0,1,0,0,0,0,-1
subversive,6,1.4348341379564326e-06,19.410684593522628,2.785111289589125e-05,5,5.2630344058337934,26.315172029168966,10,1,subvers,NN,NOUN,1,NN,1,NOUN,0,2.6333645699391544,0.026041666666666668,5.2630344058337934,0.1370581876519217,1,0,0,0,0,1,0,0,1,0,-1
subvert,9,2.152251206934649e-06,18.82572209280147,4.0517683095648255e-05,8,4.584962500721156,36.67970000576925,7,1,subvert,NN,NOUN,1,NN,1,NOUN,0,2.2941072411386387,0.041666666666666664,4.584962500721156,0.19104010419671483,0,0,1,1,0,1,0,1,0,0,-1
succeed,68,1.6261453563506237e-05,15.908184252993443,0.00025869019950975405,31,2.6307661903342807,81.5537519003627,7,1,succe,VB,VERB,1,VB,1,VERB,0,1.3170266578700554,0.16145833333333334,2.6307661903342807,0.42475912448105574,0,1,0,0,1,0,1,0,1,1,1
succeeding,69,1.6500592586498976e-05,15.887122637465614,0.0002621469380125652,30,2.678071905112638,80.34215715337913,10,1,succeed,VB,VERB,1,VB,1,VERB,0,1.3403147021333377,0.15625,2.678071905112638,0.4184487351738497,0,1,0,0,1,0,1,0,0,1,1
success,15,3.5870853448910818e-06,18.088756498635263,6.488591334355788e-05,10,4.2630344058337934,42.63034405833793,7,1,success,NN,NOUN,1,NN,1,NOUN,0,2.133074766135618,0.052083333333333336,4.2630344058337934,0.22203304197051008,0,1,0,0,1,0,1,0,0,0,1
successful,39,9.326421896716812e-06,16.710244875381534,0.00015584679370525824,17,3.497499659470817,59.45749421100389,10,1,success,NN,NOUN,2,NN|NNP,1,NOUN,0,1.7502654822363397,0.08854166666666667,3.4974996594708165,0.3096744490156452,0,1,0,0,1,0,1,0,0,1,1
sue,29,6.9350316667894245e-06,17.13766609911621,0.00011885025709223451,20,3.263034405833794,65.26068811667588,3,1,sue,NN,NOUN,1,NN,1,NOUN,0,1.6328281458987528,0.10416666666666667,3.263034405833794,0.3398994172743535,1,0,0,0,0,1,0,1,0,0,-1
sufferer,2,4.782780459854775e-07,20.995647094243783,1.0041757066435586e-05,1,7.584962500721156,7.584962500721156,8,1,suffer,NN,NOUN,1,NN,1,NOUN,0,3.795034927842685,0.005208333333333333,7.584962500721156,0.03950501302458935,0,0,0,1,0,1,0,1,0,0,-1
suffering,48,1.1478673103651461e-05,16.410684593522628,0.0001883728838561756,38,2.3370349872775704,88.80732951654768,9,1,suffer,VB,VERB,2,NNP|VB,2,NOUN|VERB,0,1.1695495828172464,0.19791666666666666,2.337034987277571,0.46253817456535257,0,0,1,1,0,1,0,1,0,0,-1
sun,21,5.021919482847514e-06,17.603329671465023,8.840250424011793e-05,12,4.0,48.0,3,1,sun,NN,NOUN,2,NN|NNP,1,NOUN,0,2.001570323165424,0.0625,4.0,0.25,0,1,0,0,1,0,1,0,1,1,1
superstition,1,2.3913902299273877e-07,21.995647094243783,5.260017556210532e-06,1,7.584962500721156,7.584962500721156,12,1,superstit,NN,NOUN,1,NN,1,NOUN,0,3.795034728814654,0.005208333333333333,7.584962500721156,0.03950501302458935,0,0,0,1,0,1,1,0,0,0,0
supporter,3,7.174170689782163e-07,20.410684593522628,1.464297351692384e-05,3,6.0,18.0,9,1,support,NN,NOUN,1,NN,1,NOUN,0,3.002034414938073,0.015625,6.0,0.09375,0,0,0,0,1,0,1,0,0,1,1
supporting,86,2.0565955977375535e-05,15.569382339541685,0.0003201992317899424,31,2.6307661903342807,81.5537519003627,10,1,support,VB,VERB,2,NNP|VB,2,NOUN|VERB,0,1.3167391592499906,0.16145833333333334,2.6307661903342807,0.42475912448105574,0,0,0,0,0,0,1,0,0,1,1
suppress,25,5.9784755748184694e-06,17.35179090446906,0.00010373725810172555,18,3.415037499278844,61.470674987019194,8,1,suppress,NN,NOUN,1,NN,1,NOUN,0,1.7088684589882879,0.09375,3.415037499278844,0.3201597655573916,1,0,0,1,0,1,0,1,0,0,-1
suppression,20,4.782780459854775e-06,17.67371899935642,8.452951788308599e-05,19,3.3370349872775704,63.40366475827384,11,1,suppress,NN,NOUN,1,NN,1,NOUN,0,1.6698077643903249,0.09895833333333333,3.337034987277571,0.3302274206160096,1,0,1,1,0,1,0,0,0,0,-1
supremacy,83,1.984853890839732e-05,15.620607662896857,0.0003100462389698176,56,1.777607578663552,99.5460244051589,9,1,supremaci,NN,NOUN,2,NN|NNP,1,NOUN,0,0.889752594445029,0.2916666666666667,1.777607578663552,0.5184688771102026,1,1,0,1,1,1,1,0,1,1,0
surcharge,14,3.3479463218983428e-06,18.188292172186177,6.089342587948313e-05,7,4.777607578663552,33.44325305064487,9,1,surcharg,NN,NOUN,2,NN|NNP,1,NOUN,0,2.390461769989369,0.036458333333333336,4.777607578663552,0.17418360963877536,1,0,0,0,0,1,0,0,0,0,-1
surety,3,7.174170689782163e-07,20.410684593522628,1.464297351692384e-05,3,6.0,18.0,6,1,sureti,NN,NOUN,1,NN,1,NOUN,0,3.0020435870248448,0.015625,6.0,0.09375,0,0,0,0,0,0,1,0,0,1,1
surrender,32,7.65244873576764e-06,16.995647094243783,0.0001300583181198988,20,3.263034405833794,65.26068811667588,9,1,surrend,NN,NOUN,1,NN,1,NOUN,0,1.6329204019689179,0.10416666666666667,3.263034405833794,0.3398994172743535,0,0,0,1,0,1,0,1,0,0,-1
surrendering,2,4.782780459854775e-07,20.995647094243783,1.0041757066435586e-05,2,6.584962500721156,13.169925001442312,12,1,surrend,VB,VERB,1,VB,1,VERB,0,3.2947101775793386,0.010416666666666666,6.584962500721156,0.06859335938251204,0,0,0,0,0,1,0,1,0,0,-1
surround,1,2.3913902299273877e-07,21.995647094243783,5.260017556210532e-06,1,7.584962500721156,7.584962500721156,8,1,surround,NN,NOUN,1,NN,1,NOUN,0,3.7950183628708754,0.005208333333333333,7.584962500721156,0.03950501302458935,0,1,0,0,0,1,1,0,0,0,0
suspect,16,3.82622436788382e-06,17.995647094243783,6.885538342783323e-05,7,4.777607578663552,33.44325305064487,7,1,suspect,NN,NOUN,1,NN,1,NOUN,0,2.3905513507996288,0.036458333333333336,4.777607578663552,0.17418360963877536,0,0,0,1,0,1,0,0,0,0,-1
suspense,1,2.3913902299273877e-07,21.995647094243783,5.260017556210532e-06,1,7.584962500721156,7.584962500721156,8,1,suspens,NN,NOUN,1,NN,1,NOUN,0,3.7950178392957135,0.005208333333333333,7.584962500721156,0.03950501302458935,0,1,0,1,0,0,0,0,1,0,0
suspension,460,0.00011000395057665984,13.150157043299407,0.0014465692254664233,105,0.8707169830550335,91.42528322077852,10,1,suspens,NN,NOUN,2,NN|NNP,1,NOUN,0,0.4364114407375332,0.546875,0.8707169830550335,0.4761733501082215,0,0,0,1,0,1,0,0,0,0,-1
suspicion,90,2.152251206934649e-05,15.503793997914109,0.0003336805934407681,43,2.158697746019058,92.8240030788195,9,1,suspicion,NN,NOUN,1,NN,1,NOUN,0,1.0804595338279077,0.22395833333333334,2.158697746019058,0.48345834936885157,0,0,0,1,0,1,0,0,0,0,-1
swamp,3,7.174170689782163e-07,20.410684593522628,1.464297351692384e-05,1,7.584962500721156,7.584962500721156,5,1,swamp,NN,NOUN,1,NN,1,NOUN,0,3.795035929118733,0.005208333333333333,7.584962500721156,0.03950501302458935,0,0,1,1,0,1,0,0,0,0,-1
swear,455,0.00010880825546169614,13.165924359157724,0.0014325612610606017,132,0.5405683813627028,71.35502633987677,5,1,swear,NN,NOUN,2,NN|NNP,1,NOUN,0,0.27114853969873315,0.6875,0.5405683813627028,0.37164076218685815,0,0,0,0,0,0,1,0,0,1,1
synod,2,4.782780459854775e-07,20.995647094243783,1.0041757066435586e-05,1,7.584962500721156,7.584962500721156,5,1,synod,NNP,NOUN,1,NNP,1,NOUN,0,3.795034927842685,0.005208333333333333,7.584962500721156,0.03950501302458935,0,0,0,0,0,0,1,0,0,1,1
tackle,1,2.3913902299273877e-07,21.995647094243783,5.260017556210532e-06,1,7.584962500721156,7.584962500721156,6,1,tackl,NN,NOUN,1,NN,1,NOUN,0,3.7950148529802075,0.005208333333333333,7.584962500721156,0.03950501302458935,1,0,0,0,0,0,0,0,1,0,0
tactics,1,2.3913902299273877e-07,21.995647094243783,5.260017556210532e-06,1,7.584962500721156,7.584962500721156,7,1,tactic,NN,NOUN,1,NN,1,NOUN,0,3.7950571698944855,0.005208333333333333,7.584962500721156,0.03950501302458935,0,0,0,1,0,0,0,0,0,1,0
talons,1,2.3913902299273877e-07,21.995647094243783,5.260017556210532e-06,1,7.584962500721156,7.584962500721156,6,1,talon,NN,NOUN,1,NN,1,NOUN,0,3.7950153270899225,0.005208333333333333,7.584962500721156,0.03950501302458935,1,0,0,1,0,1,0,0,0,0,-1
tariff,12,2.8696682759128652e-06,18.410684593522628,5.283255751586963e-05,9,4.415037499278844,39.7353374935096,6,1,tariff,NN,NOUN,1,NN,1,NOUN,0,2.2091207192712834,0.046875,4.415037499278844,0.2069548827786958,1,0,1,0,0,1,0,0,0,0,-1
tarnish,1,2.3913902299273877e-07,21.995647094243783,5.260017556210532e-06,1,7.584962500721156,7.584962500721156,7,1,tarnish,NN,NOUN,1,NN,1,NOUN,0,3.7950150226238915,0.005208333333333333,7.584962500721156,0.03950501302458935,0,0,1,0,0,1,0,1,0,0,-1
tax,914,0.00021857306701536324,12.159596739185712,0.002657760352953831,138,0.4764380439429871,65.74845006413221,3,1,tax,NN,NOUN,2,NN|NNP,1,NOUN,0,0.239270289508608,0.71875,0.4764380439429871,0.342439844084022,0,0,0,0,0,1,0,1,0,0,-1
teach,28,6.6958926437966855e-06,17.188292172186177,0.00011509095911516958,22,3.1255308820838588,68.76167940584489,5,1,teach,NN,NOUN,2,NN|NNP,1,NOUN,0,1.5640008036836255,0.11458333333333333,3.125530882083859,0.3581337469054422,0,0,0,0,1,0,1,0,1,1,1
teacher,25,5.9784755748184694e-06,17.35179090446906,0.00010373725810172555,19,3.3370349872775704,63.40366475827384,7,1,teacher,NN,NOUN,2,NN|NNP,1,NOUN,0,1.669773741772371,0.09895833333333333,3.337034987277571,0.3302274206160096,0,0,0,0,0,0,1,0,0,1,1
tempest,1,2.3913902299273877e-07,21.995647094243783,5.260017556210532e-06,1,7.584962500721156,7.584962500721156,7,1,tempest,NN,NOUN,1,NN,1,NOUN,0,3.795015801913936,0.005208333333333333,7.584962500721156,0.03950501302458935,1,1,0,1,0,1,0,1,1,0,-1
tender,105,2.5109597414237573e-05,15.28140157657766,0.00038370984151316035,60,1.6780719051126378,100.68431430675827,6,1,tender,NN,NOUN,2,NN|NNP,1,NOUN,0,0.8400243691552745,0.3125,1.6780719051126378,0.5243974703476993,0,0,0,0,1,0,1,0,0,1,1
terminal,6,1.4348341379564326e-06,19.410684593522628,2.785111289589125e-05,6,5.0,30.0,8,1,termin,NN,NOUN,2,NN|NNP,1,NOUN,0,2.5017101297272495,0.03125,5.0,0.15625,0,0,0,1,0,1,0,1,0,0,-1
termination,335,8.011157270256749e-05,13.607629808898647,0.0010901286247452086,94,1.0303736490435187,96.85512301009075,11,1,termin,NN,NOUN,2,NN|NNP,1,NOUN,0,0.5163730344211032,0.4895833333333333,1.030373649043519,0.5044537656775561,0,0,0,0,0,1,0,1,0,0,-1
terrible,1,2.3913902299273877e-07,21.995647094243783,5.260017556210532e-06,1,7.584962500721156,7.584962500721156,8,1,terribl,NN,NOUN,1,NN,1,NOUN,0,3.7950162628195123,0.005208333333333333,7.584962500721156,0.03950501302458935,1,0,1,1,0,1,0,1,0,0,-1
terror,2,4.782780459854775e-07,20.995647094243783,1.0041757066435586e-05,1,7.584962500721156,7.584962500721156,6,1,terror,NN,NOUN,1,NN,1,NOUN,0,3.795031513927102,0.005208333333333333,7.584962500721156,0.03950501302458935,0,0,0,1,0,1,0,0,0,0,-1
terrorism,40,9.56556091970955e-06,16.67371899935642,0.00015949347484646242,20,3.263034405833794,65.26068811667588,9,1,terror,NN,NOUN,2,NN|NNP,1,NOUN,0,1.63290899301113,0.10416666666666667,3.263034405833794,0.3398994172743535,1,0,1,1,0,1,0,1,0,0,-1
terrorist,16,3.82622436788382e-06,17.995647094243783,6.885538342783323e-05,10,4.2630344058337934,42.63034405833793,9,1,terrorist,NN,NOUN,1,NN,1,NOUN,0,2.133124227040043,0.052083333333333336,4.2630344058337934,0.22203304197051008,1,0,1,1,0,1,0,1,1,0,-1
testament,1,2.3913902299273877e-07,21.995647094243783,5.260017556210532e-06,1,7.584962500721156,7.584962500721156,9,1,testament,NN,NOUN,1,NN,1,NOUN,0,3.7950138134882234,0.005208333333333333,7.584962500721156,0.03950501302458935,0,1,0,0,0,0,0,0,0,1,0
thanksgiving,1,2.3913902299273877e-07,21.995647094243783,5.260017556210532e-06,1,7.584962500721156,7.584962500721156,12,1,thanksgiv,VB,VERB,1,VB,1,VERB,0,3.795016747313848,0.005208333333333333,7.584962500721156,0.03950501302458935,0,0,0,0,1,0,1,0,0,0,1
theft,7,1.6739731609491714e-06,19.188292172186177,3.212068610069074e-05,6,5.0,30.0,5,1,theft,NN,NOUN,1,NN,1,NOUN,0,2.5017232529190245,0.03125,5.0,0.15625,1,0,1,1,0,1,0,1,0,0,-1
theory,4,9.56556091970955e-07,19.995647094243783,1.9126958040900216e-05,3,6.0,18.0,6,1,theori,NN,NOUN,2,NN|NNP,1,NOUN,0,3.0020710612969714,0.015625,6.0,0.09375,0,1,0,0,0,0,0,0,0,1,0
therapeutic,2,4.782780459854775e-07,20.995647094243783,1.0041757066435586e-05,2,6.584962500721156,13.169925001442312,11,1,therapeut,NN,NOUN,1,NN,1,NOUN,0,3.294692234363257,0.010416666666666666,6.584962500721156,0.06859335938251204,0,0,0,0,1,0,1,0,0,1,1
thief,1,2.3913902299273877e-07,21.995647094243783,5.260017556210532e-06,1,7.584962500721156,7.584962500721156,5,1,thief,NN,NOUN,1,NN,1,NOUN,0,3.7950162628195123,0.005208333333333333,7.584962500721156,0.03950501302458935,1,0,1,1,0,1,0,1,1,0,-1
threat,145,3.4675158333947125e-05,14.815738004228848,0.0005137380611309131,80,1.2630344058337937,101.04275246670349,6,1,threat,NN,NOUN,2,NN|NNP,1,NOUN,0,0.6324593806326019,0.4166666666666667,1.2630344058337937,0.5262643357640807,1,0,0,1,0,1,0,0,0,0,-1
threaten,29,6.9350316667894245e-06,17.13766609911621,0.00011885025709223451,24,3.0,72.0,8,1,threaten,NN,NOUN,1,NN,1,NOUN,0,1.5012283048835995,0.125,3.0,0.375,1,1,0,1,0,1,0,0,0,0,-1
threatening,32,7.65244873576764e-06,16.995647094243783,0.0001300583181198988,28,2.777607578663552,77.77301220257945,11,1,threaten,VB,VERB,1,VB,1,VERB,0,1.389997043778805,0.14583333333333334,2.777607578663552,0.4050677718884347,1,0,1,1,0,1,0,0,0,0,-1
thrift,6,1.4348341379564326e-06,19.410684593522628,2.785111289589125e-05,1,7.584962500721156,7.584962500721156,6,1,thrift,NN,NOUN,1,NN,1,NOUN,0,3.7950563031432623,0.005208333333333333,7.584962500721156,0.03950501302458935,0,0,1,0,0,0,1,0,0,1,1
throne,125,2.989237787409235e-05,15.029862809581696,0.00044927833849978333,22,3.1255308820838588,68.76167940584489,6,1,throne,NNP,NOUN,2,NN|NNP,1,NOUN,0,1.565598867527581,0.11458333333333333,3.125530882083859,0.3581337469054422,0,0,0,0,0,0,1,0,0,1,1
thug,1,2.3913902299273877e-07,21.995647094243783,5.260017556210532e-06,1,7.584962500721156,7.584962500721156,4,1,thug,NN,NOUN,1,NN,1,NOUN,0,3.7950389266583486,0.005208333333333333,7.584962500721156,0.03950501302458935,1,0,1,1,0,1,0,0,0,0,-1
thwart,2,4.782780459854775e-07,20.995647094243783,1.0041757066435586e-05,2,6.584962500721156,13.169925001442312,6,1,thwart,NN,NOUN,1,NN,1,NOUN,0,3.2946972232273315,0.010416666666666666,6.584962500721156,0.06859335938251204,0,0,0,0,0,1,0,0,1,0,-1
title,432,0.00010330805793286316,13.240759592080314,0.0013678771590137466,109,0.8167781759442299,89.02882117792106,5,1,titl,NN,NOUN,2,NN|NNP,1,NOUN,0,0.4095976008789531,0.5677083333333334,0.8167781759442297,0.4636917769683388,0,0,0,0,0,0,1,0,0,1,1
toilet,3,7.174170689782163e-07,20.410684593522628,1.464297351692384e-05,1,7.584962500721156,7.584962500721156,6,1,toilet,NN,NOUN,1,NN,1,NOUN,0,3.7950196367633566,0.005208333333333333,7.584962500721156,0.03950501302458935,0,0,1,0,0,1,0,0,0,0,-1
tolerate,3,7.174170689782163e-07,20.410684593522628,1.464297351692384e-05,3,6.0,18.0,8,1,toler,NN,NOUN,1,NN,1,NOUN,0,3.0020334415731362,0.015625,6.0,0.09375,1,0,0,0,0,1,0,1,0,0,-1
top,46,1.1000395057665985e-05,16.47208513818677,0.00018119944394356306,33,2.5405683813627027,83.83875658496919,3,1,top,NN,NOUN,2,NN|NNP,1,NOUN,1,1.2714343519548534,0.171875,2.5405683813627027,0.4366601905467145,0,1,0,0,0,0,1,0,0,1,1
torment,1,2.3913902299273877e-07,21.995647094243783,5.260017556210532e-06,1,7.584962500721156,7.584962500721156,7,1,torment,NN,NOUN,1,NN,1,NOUN,0,3.795021510409928,0.005208333333333333,7.584962500721156,0.03950501302458935,1,0,0,1,0,1,0,1,0,0,-1
tortious,1,2.3913902299273877e-07,21.995647094243783,5.260017556210532e-06,1,7.584962500721156,7.584962500721156,8,1,tortiou,NN,NOUN,1,NN,1,NOUN,0,3.7950146316444235,0.005208333333333333,7.584962500721156,0.03950501302458935,1,0,1,0,0,1,0,0,0,0,-1
torture,219,5.2371446035409796e-05,14.220860034642609,0.0007447670038814013,144,0.41503749927884376,59.765399896153504,7,1,tortur,NN,NOUN,2,NN|NNP,1,NOUN,0,0.20793788140753297,0.75,0.41503749927884376,0.31127812445913283,1,1,1,1,0,1,0,1,0,0,-1
tough,1,2.3913902299273877e-07,21.995647094243783,5.260017556210532e-06,1,7.584962500721156,7.584962500721156,5,1,tough,NN,NOUN,1,NN,1,NOUN,0,3.7950461106784896,0.005208333333333333,7.584962500721156,0.03950501302458935,0,0,0,0,0,1,0,1,0,0,-1
toxic,37,8.848143850731336e-06,16.786193728614833,0.00014852665681702824,22,3.1255308820838588,68.76167940584489,5,1,toxic,NN,NOUN,1,NN,1,NOUN,0,1.5641074027286617,0.11458333333333333,3.125530882083859,0.3581337469054422,0,0,1,0,0,1,0,0,0,0,-1
tragedy,1,2.3913902299273877e-07,21.995647094243783,5.260017556210532e-06,1,7.584962500721156,7.584962500721156,7,1,tragedi,NN,NOUN,1,NN,1,NOUN,0,3.795025467926145,0.005208333333333333,7.584962500721156,0.03950501302458935,0,0,0,1,0,1,0,1,0,0,-1
traitor,1,2.3913902299273877e-07,21.995647094243783,5.260017556210532e-06,1,7.584962500721156,7.584962500721156,7,1,traitor,NN,NOUN,1,NN,1,NOUN,0,3.795014008894317,0.005208333333333333,7.584962500721156,0.03950501302458935,1,0,1,1,0,1,0,1,0,0,-1
tranquility,17,4.065363390876559e-06,17.908184252993443,7.280327665919162e-05,12,4.0,48.0,11,1,tranquil,NN,NOUN,2,NN|NNP,1,NOUN,0,2.0015584369972963,0.0625,4.0,0.25,0,0,0,0,1,0,1,0,0,1,1
transcendence,4,9.56556091970955e-07,19.995647094243783,1.9126958040900216e-05,3,6.0,18.0,13,1,transcend,NN,NOUN,1,NN,1,NOUN,0,3.0020352717521916,0.015625,6.0,0.09375,0,1,0,0,1,0,1,0,1,1,1
treacherous,2,4.782780459854775e-07,20.995647094243783,1.0041757066435586e-05,1,7.584962500721156,7.584962500721156,11,1,treacher,NN,NOUN,1,NN,1,NOUN,0,3.795043803973035,0.005208333333333333,7.584962500721156,0.03950501302458935,1,0,1,1,0,1,0,0,0,0,-1
treachery,2,4.782780459854775e-07,20.995647094243783,1.0041757066435586e-05,2,6.584962500721156,13.169925001442312,9,1,treacheri,NN,NOUN,1,NN,1,NOUN,0,3.294696079341906,0.010416666666666666,6.584962500721156,0.06859335938251204,1,0,0,1,0,1,0,1,1,0,-1
treason,245,5.8589060633221e-05,14.059009155241212,0.0008237041398394366,99,0.9556058806415466,94.60498218351312,7,1,treason,NN,NOUN,2,NN|NNP,1,NOUN,0,0.47879973042887536,0.515625,0.9556058806415466,0.49273428220579746,1,0,1,1,0,1,0,0,1,0,-1
treasure,11,2.6305292529201267e-06,18.536215475606486,4.876005704701362e-05,10,4.2630344058337934,42.63034405833793,8,1,treasur,NN,NOUN,2,NN|NNP,1,NOUN,0,2.1330207230430798,0.052083333333333336,4.2630344058337934,0.22203304197051008,0,1,0,0,1,0,1,0,0,1,1
treat,17,4.065363390876559e-06,17.908184252993443,7.280327665919162e-05,16,3.584962500721156,57.3594000115385,5,1,treat,NN,NOUN,1,NN,1,NOUN,0,1.7937853693121044,0.08333333333333333,3.584962500721156,0.29874687506009634,1,1,1,1,1,1,1,1,1,1,0
tree,5,1.1956951149636938e-06,19.67371899935642,2.3523769700698883e-05,5,5.2630344058337934,26.315172029168966,4,1,tree,NN,NOUN,1,NN,1,NOUN,0,2.6333442775980607,0.026041666666666668,5.2630344058337934,0.1370581876519217,1,1,1,0,1,0,1,0,1,1,1
trespass,2,4.782780459854775e-07,20.995647094243783,1.0041757066435586e-05,2,6.584962500721156,13.169925001442312,8,1,trespass,NN,NOUN,1,NN,1,NOUN,0,3.294684053295221,0.010416666666666666,6.584962500721156,0.06859335938251204,1,0,0,0,0,1,0,0,0,0,-1
tribunal,2571,0.0006148264281143314,10.667533199410126,0.006558681333784374,104,0.8845227825800641,91.99036938832667,8,1,tribun,NN,NOUN,2,NN|NNP,1,NOUN,0,0.4462496862752329,0.5416666666666666,0.8845227825800641,0.479116507230868,0,1,1,1,0,1,0,0,0,1,-1
tributary,6,1.4348341379564326e-06,19.410684593522628,2.785111289589125e-05,6,5.0,30.0,9,1,tributari,NN,NOUN,2,NN|NNP,1,NOUN,0,2.501761870695783,0.03125,5.0,0.15625,0,1,0,0,0,0,1,0,0,0,1
triumph,4,9.56556091970955e-07,19.995647094243783,1.9126958040900216e-05,3,6.0,18.0,7,1,triumph,NN,NOUN,1,NN,1,NOUN,0,3.002103284831533,0.015625,6.0,0.09375,0,1,0,0,1,0,1,0,0,0,1
triumphant,3,7.174170689782163e-07,20.410684593522628,1.464297351692384e-05,3,6.0,18.0,10,1,triumphant,NN,NOUN,1,NN,1,NOUN,0,3.002060160532396,0.015625,6.0,0.09375,0,1,0,0,1,0,1,0,0,1,1
trophy,3,7.174170689782163e-07,20.410684593522628,1.464297351692384e-05,3,6.0,18.0,6,1,trophi,NN,NOUN,1,NN,1,NOUN,0,3.002034160690649,0.015625,6.0,0.09375,0,1,0,0,1,0,1,0,1,1,1
true,183,4.37624412076712e-05,14.47994725595974,0.0006336778404791181,63,1.6076825772212395,101.28400236493809,4,1,true,NN,NOUN,2,NN|NNP,1,NOUN,0,0.8049090821523318,0.328125,1.6076825772212395,0.5275208456507192,0,0,0,0,1,0,1,0,0,1,1
truth,50,1.1956951149636939e-05,16.35179090446906,0.00019551756505381416,29,2.726981505593584,79.08246366221394,5,1,truth,NN,NOUN,2,NN|NNP,1,NOUN,0,1.3647554825887669,0.15104166666666666,2.726981505593584,0.4118878315740309,0,0,0,0,0,0,1,0,0,1,1
turbulent,1,2.3913902299273877e-07,21.995647094243783,5.260017556210532e-06,1,7.584962500721156,7.584962500721156,9,1,turbul,NN,NOUN,1,NN,1,NOUN,0,3.7950330113506108,0.005208333333333333,7.584962500721156,0.03950501302458935,0,0,0,1,0,1,0,0,0,0,-1
turmoil,1,2.3913902299273877e-07,21.995647094243783,5.260017556210532e-06,1,7.584962500721156,7.584962500721156,7,1,turmoil,NN,NOUN,1,NN,1,NOUN,0,3.795050759723567,0.005208333333333333,7.584962500721156,0.03950501302458935,1,0,0,1,0,1,0,1,0,0,-1
tyrannical,3,7.174170689782163e-07,20.410684593522628,1.464297351692384e-05,3,6.0,18.0,10,1,tyrann,NN,NOUN,1,NN,1,NOUN,0,3.0020518328212127,0.015625,6.0,0.09375,1,0,1,1,0,1,0,0,0,0,-1
tyranny,10,2.3913902299273877e-06,18.67371899935642,4.465614917147038e-05,9,4.415037499278844,39.7353374935096,7,1,tyranni,NN,NOUN,1,NN,1,NOUN,0,2.2091912504861106,0.046875,4.415037499278844,0.2069548827786958,0,0,0,1,0,1,0,1,0,0,-1
ultimate,26,6.2176145978112084e-06,17.29520737610269,0.00010753493385382819,22,3.1255308820838588,68.76167940584489,8,1,ultim,NN,NOUN,1,NN,1,NOUN,0,1.564025060606091,0.11458333333333333,3.125530882083859,0.3581337469054422,0,1,0,0,0,0,0,1,0,0,0
ultimately,11,2.6305292529201267e-06,18.536215475606486,4.876005704701362e-05,10,4.2630344058337934,42.63034405833793,10,1,ultim,RB,ADV,2,NNP|RB,2,ADV|NOUN,0,2.1330263438763173,0.052083333333333336,4.2630344058337934,0.22203304197051008,0,1,0,0,0,0,1,0,0,0,1
unable,854,0.00020422472563579893,12.257554834623292,0.0025032957730667027,132,0.5405683813627028,71.35502633987677,6,1,unabl,NN,NOUN,1,NN,1,NOUN,0,0.27140709177899913,0.6875,0.5405683813627028,0.37164076218685815,0,0,0,0,0,1,0,1,0,0,-1
unacceptable,4,9.56556091970955e-07,19.995647094243783,1.9126958040900216e-05,4,5.584962500721156,22.339850002884624,12,1,unaccept,NN,NOUN,1,NN,1,NOUN,0,2.794414796930697,0.020833333333333332,5.584962500721156,0.11635338543169074,0,0,0,0,0,1,0,1,0,0,-1
unaccountable,2,4.782780459854775e-07,20.995647094243783,1.0041757066435586e-05,2,6.584962500721156,13.169925001442312,13,1,unaccount,NN,NOUN,1,NN,1,NOUN,0,3.2947149869661465,0.010416666666666666,6.584962500721156,0.06859335938251204,0,1,1,0,0,1,0,1,0,1,-1
uncertain,3,7.174170689782163e-07,20.410684593522628,1.464297351692384e-05,3,6.0,18.0,9,1,uncertain,NN,NOUN,1,NN,1,NOUN,0,3.002024725649901,0.015625,6.0,0.09375,1,0,1,1,0,1,0,0,1,0,-1
unconscionable,1,2.3913902299273877e-07,21.995647094243783,5.260017556210532e-06,1,7.584962500721156,7.584962500721156,14,1,unconscion,NN,NOUN,1,NN,1,NOUN,0,3.7950277020500565,0.005208333333333333,7.584962500721156,0.03950501302458935,0,0,1,0,0,1,0,0,0,0,-1
uncontrollable,1,2.3913902299273877e-07,21.995647094243783,5.260017556210532e-06,1,7.584962500721156,7.584962500721156,14,1,uncontrol,NN,NOUN,1,NN,1,NOUN,0,3.7950184627305448,0.005208333333333333,7.584962500721156,0.03950501302458935,1,1,0,0,0,1,0,0,1,0,-1
undecided,1,2.3913902299273877e-07,21.995647094243783,5.260017556210532e-06,1,7.584962500721156,7.584962500721156,9,1,undecid,VB,VERB,1,VB,1,VERB,0,3.7950197311498735,0.005208333333333333,7.584962500721156,0.03950501302458935,0,1,0,1,0,1,0,0,0,0,-1
understanding,83,1.984853890839732e-05,15.620607662896857,0.0003100462389698176,38,2.3370349872775704,88.80732951654768,13,1,understand,VB,VERB,2,NNP|VB,2,NOUN|VERB,0,1.1696380926056749,0.19791666666666666,2.337034987277571,0.46253817456535257,0,0,0,0,0,0,1,0,0,1,1
undesirable,2,4.782780459854775e-07,20.995647094243783,1.0041757066435586e-05,2,6.584962500721156,13.169925001442312,11,1,undesir,NN,NOUN,1,NN,1,NOUN,0,3.2946971683647006,0.010416666666666666,6.584962500721156,0.06859335938251204,1,0,1,1,0,1,0,1,0,0,-1
unemployed,19,4.543641436862037e-06,17.747719580800197,8.063927409713152e-05,16,3.584962500721156,57.3594000115385,10,1,unemploi,VB,VERB,1,VB,1,VERB,0,1.7938293040474695,0.08333333333333333,3.584962500721156,0.29874687506009634,0,0,0,1,0,1,0,1,0,0,-1
unequal,9,2.152251206934649e-06,18.82572209280147,4.0517683095648255e-05,8,4.584962500721156,36.67970000576925,7,1,unequ,NN,NOUN,1,NN,1,NOUN,0,2.2941019525542434,0.041666666666666664,4.584962500721156,0.19104010419671483,1,0,1,1,0,1,0,1,0,0,-1
unexpected,10,2.3913902299273877e-06,18.67371899935642,4.465614917147038e-05,6,5.0,30.0,10,1,unexpect,VB,VERB,2,NNP|VB,2,NOUN|VERB,0,2.501775704010456,0.03125,5.0,0.15625,0,1,0,1,1,1,1,0,1,0,0
unfair,48,1.1478673103651461e-05,16.410684593522628,0.0001883728838561756,26,2.884522782580064,74.99759234708166,6,1,unfair,NN,NOUN,2,NN|NNP,1,NOUN,0,1.443474266472313,0.13541666666666666,2.884522782580064,0.3906124601410503,1,0,1,0,0,1,0,1,0,0,-1
unfairness,1,2.3913902299273877e-07,21.995647094243783,5.260017556210532e-06,1,7.584962500721156,7.584962500721156,10,1,unfair,NN,NOUN,1,NN,1,NOUN,0,3.795015801913936,0.005208333333333333,7.584962500721156,0.03950501302458935,1,0,0,0,0,1,0,1,0,0,-1
unfaithful,1,2.3913902299273877e-07,21.995647094243783,5.260017556210532e-06,1,7.584962500721156,7.584962500721156,10,1,unfaith,NN,NOUN,1,NN,1,NOUN,0,3.795013599099198,0.005208333333333333,7.584962500721156,0.03950501302458935,0,0,1,0,0,1,0,0,0,0,-1
unfavorable,8,1.91311218394191e-06,18.995647094243783,3.634080389785852e-05,6,5.0,30.0,11,1,unfavor,NN,NOUN,1,NN,1,NOUN,0,2.501779177900161,0.03125,5.0,0.15625,0,0,1,0,0,1,0,1,0,0,-1
unfulfilled,1,2.3913902299273877e-07,21.995647094243783,5.260017556210532e-06,1,7.584962500721156,7.584962500721156,11,1,unfulfil,VB,VERB,1,VB,1,VERB,0,3.795014008894317,0.005208333333333333,7.584962500721156,0.03950501302458935,1,1,0,0,0,1,0,1,1,0,-1
unhealthy,9,2.152251206934649e-06,18.82572209280147,4.0517683095648255e-05,7,4.777607578663552,33.44325305064487,9,1,unhealthi,NN,NOUN,2,NN|NNP,1,NOUN,0,2.390477578718062,0.036458333333333336,4.777607578663552,0.17418360963877536,0,0,1,1,0,1,0,1,0,0,-1
unification,19,4.543641436862037e-06,17.747719580800197,8.063927409713152e-05,10,4.2630344058337934,42.63034405833793,11,1,unif,NN,NOUN,2,NN|NNP,1,NOUN,0,2.133268330152909,0.052083333333333336,4.2630344058337934,0.22203304197051008,0,1,0,0,1,0,1,0,0,1,1
unimportant,1,2.3913902299273877e-07,21.995647094243783,5.260017556210532e-06,1,7.584962500721156,7.584962500721156,11,1,unimport,NN,NOUN,1,NN,1,NOUN,0,3.7950418310562637,0.005208333333333333,7.584962500721156,0.03950501302458935,0,0,0,0,0,1,0,1,0,0,-1
unique,36,8.609004827738597e-06,16.82572209280147,0.0001448527227271158,22,3.1255308820838588,68.76167940584489,6,1,uniqu,NN,NOUN,2,NN|NNP,1,NOUN,0,1.5640614302776832,0.11458333333333333,3.125530882083859,0.3581337469054422,0,0,0,0,0,0,1,0,1,0,1
united,727,0.0001738540697157211,12.489835540324188,0.0021714087387654127,115,0.7394724497767808,85.0393317243298,6,1,unit,NNP,NOUN,2,NNP|VB,2,NOUN|VERB,0,0.37146837720982284,0.5989583333333334,0.7394724497767808,0.4429131860642177,0,0,0,0,0,0,1,0,0,1,1
unity,663,0.0001585491722441858,12.622782034131195,0.002001331642930281,137,0.4869304177606295,66.70946723320624,5,1,uniti,NN,NOUN,2,NN|NNP,1,NOUN,0,0.24460166332688818,0.7135416666666666,0.4869304177606295,0.34744514183961583,0,0,0,0,0,0,1,0,0,1,1
university,247,5.906733867920648e-05,14.047279862659105,0.0008297354371692824,61,1.6542251631582698,100.90773495265447,10,1,univers,NN,NOUN,2,NN|NNP,1,NOUN,0,0.8284189006472653,0.3177083333333333,1.65422516315827,0.5255611195450753,0,1,0,0,0,0,1,0,0,0,1
unjust,32,7.65244873576764e-06,16.995647094243783,0.0001300583181198988,18,3.415037499278844,61.470674987019194,6,1,unjust,NN,NOUN,2,NN|NNP,1,NOUN,0,1.708917174604964,0.09375,3.415037499278844,0.3201597655573916,1,0,0,0,0,1,0,0,0,0,-1
unjustifiable,3,7.174170689782163e-07,20.410684593522628,1.464297351692384e-05,3,6.0,18.0,13,1,unjustifi,NN,NOUN,1,NN,1,NOUN,0,3.002029594136152,0.015625,6.0,0.09375,1,0,1,1,0,1,0,0,0,0,-1
unknown,13,3.1088072989056042e-06,18.29520737610269,5.6876274225819694e-05,13,3.884522782580064,50.49879617354083,7,1,unknown,NN,NOUN,1,NN,1,NOUN,0,1.9436526807666885,0.06770833333333333,3.884522782580064,0.2630145634038585,0,1,0,1,0,1,0,0,0,0,-1
unlawful,212,5.069747287446062e-05,14.267726639680584,0.0007233376842954257,92,1.0614005446641432,97.64885010910118,8,1,unlaw,NN,NOUN,2,NN|NNP,1,NOUN,0,0.531599345579368,0.4791666666666667,1.0614005446641432,0.508587760984902,1,0,1,1,0,1,0,1,0,0,-1
unnatural,1,2.3913902299273877e-07,21.995647094243783,5.260017556210532e-06,1,7.584962500721156,7.584962500721156,9,1,unnatur,NN,NOUN,1,NN,1,NOUN,0,3.7950178392957135,0.005208333333333333,7.584962500721156,0.03950501302458935,0,0,1,1,0,1,0,0,0,0,-1
unpaid,14,3.3479463218983428e-06,18.188292172186177,6.089342587948313e-05,9,4.415037499278844,39.7353374935096,6,1,unpaid,NN,NOUN,2,NN|NNP,1,NOUN,0,2.2090830601703666,0.046875,4.415037499278844,0.2069548827786958,1,0,0,0,0,1,0,1,0,0,-1
unpleasant,1,2.3913902299273877e-07,21.995647094243783,5.260017556210532e-06,1,7.584962500721156,7.584962500721156,10,1,unpleas,NN,NOUN,1,NN,1,NOUN,0,3.7950687141287083,0.005208333333333333,7.584962500721156,0.03950501302458935,0,0,1,0,0,1,0,1,0,0,-1
unpredictable,2,4.782780459854775e-07,20.995647094243783,1.0041757066435586e-05,2,6.584962500721156,13.169925001442312,13,1,unpredict,NN,NOUN,1,NN,1,NOUN,0,3.294705332445519,0.010416666666666666,6.584962500721156,0.06859335938251204,0,0,0,0,0,1,0,0,1,0,-1
unpublished,1,2.3913902299273877e-07,21.995647094243783,5.260017556210532e-06,1,7.584962500721156,7.584962500721156,11,1,unpublish,NNP,NOUN,1,NNP,1,NOUN,0,3.7950323183714603,0.005208333333333333,7.584962500721156,0.03950501302458935,0,1,0,0,0,1,0,1,0,0,-1
unquestionable,11,2.6305292529201267e-06,18.536215475606486,4.876005704701362e-05,2,6.584962500721156,13.169925001442312,14,1,unquestion,NN,NOUN,1,NN,1,NOUN,0,3.2947527303493716,0.010416666666666666,6.584962500721156,0.06859335938251204,0,0,0,0,0,0,1,0,0,1,1
unquestionably,1,2.3913902299273877e-07,21.995647094243783,5.260017556210532e-06,1,7.584962500721156,7.584962500721156,14,1,unquestion,RB,ADV,1,RB,1,ADV,0,3.79501390513481,0.005208333333333333,7.584962500721156,0.03950501302458935,0,0,0,0,0,0,1,0,0,1,1
unreliable,1,2.3913902299273877e-07,21.995647094243783,5.260017556210532e-06,1,7.584962500721156,7.584962500721156,10,1,unreli,NN,NOUN,1,NN,1,NOUN,0,3.79501390513481,0.005208333333333333,7.584962500721156,0.03950501302458935,0,0,0,0,0,1,0,0,0,1,-1
unrest,6,1.4348341379564326e-06,19.410684593522628,2.785111289589125e-05,4,5.584962500721156,22.339850002884624,6,1,unrest,NN,NOUN,1,NN,1,NOUN,0,2.7944108210081002,0.020833333333333332,5.584962500721156,0.11635338543169074,0,0,0,1,0,0,0,1,0,0,0
unsatisfactory,4,9.56556091970955e-07,19.995647094243783,1.9126958040900216e-05,4,5.584962500721156,22.339850002884624,14,1,unsatisfactori,NN,NOUN,1,NN,1,NOUN,0,2.794367071543397,0.020833333333333332,5.584962500721156,0.11635338543169074,0,0,1,0,0,1,0,0,0,0,-1
unsatisfied,3,7.174170689782163e-07,20.410684593522628,1.464297351692384e-05,2,6.584962500721156,13.169925001442312,11,1,unsatisfi,VB,VERB,1,VB,1,VERB,0,3.2947382230966444,0.010416666666666666,6.584962500721156,0.06859335938251204,0,0,1,0,0,1,0,1,0,0,-1
unsuccessful,9,2.152251206934649e-06,18.82572209280147,4.0517683095648255e-05,6,5.0,30.0,12,1,unsuccess,NN,NOUN,1,NN,1,NOUN,0,2.5017533416579094,0.03125,5.0,0.15625,0,0,0,0,0,1,0,1,0,0,-1
unwavering,4,9.56556091970955e-07,19.995647094243783,1.9126958040900216e-05,4,5.584962500721156,22.339850002884624,10,1,unwav,VB,VERB,1,VB,1,VERB,0,2.7944196465781492,0.020833333333333332,5.584962500721156,0.11635338543169074,0,0,0,0,0,0,1,0,0,1,1
unworthy,12,2.8696682759128652e-06,18.410684593522628,5.283255751586963e-05,10,4.2630344058337934,42.63034405833793,8,1,unworthi,NN,NOUN,1,NN,1,NOUN,0,2.133083692228341,0.052083333333333336,4.2630344058337934,0.22203304197051008,0,0,1,0,0,1,0,0,0,0,-1
upheaval,1,2.3913902299273877e-07,21.995647094243783,5.260017556210532e-06,1,7.584962500721156,7.584962500721156,8,1,upheav,NN,NOUN,1,NN,1,NOUN,0,3.7950203730433323,0.005208333333333333,7.584962500721156,0.03950501302458935,1,0,0,1,0,1,0,1,0,0,-1
uprising,8,1.91311218394191e-06,18.995647094243783,3.634080389785852e-05,6,5.0,30.0,8,1,upris,VB,VERB,2,NNP|VB,2,NOUN|VERB,0,2.501771856015394,0.03125,5.0,0.15625,1,1,0,1,0,1,0,0,0,0,-1
urgency,192,4.5914692414605844e-05,14.410684593522626,0.0006616621505954906,66,1.5405683813627027,101.67751316993838,7,1,urgenc,NN,NOUN,2,NN|NNP,1,NOUN,0,0.7716154316590949,0.34375,1.5405683813627027,0.529570381093429,0,1,0,1,0,0,0,0,1,0,0
urgent,222,5.308886310438801e-05,14.201231227893677,0.0007539272205714075,106,0.857042046157957,90.84645689274345,6,1,urgent,NN,NOUN,2,NN|NNP,1,NOUN,0,0.4292970909157566,0.5520833333333334,0.8570420461579569,0.4731586296497054,0,1,0,1,0,1,0,0,1,0,-1
usher,1,2.3913902299273877e-07,21.995647094243783,5.260017556210532e-06,1,7.584962500721156,7.584962500721156,5,1,usher,NN,NOUN,1,NN,1,NOUN,0,3.795017362363011,0.005208333333333333,7.584962500721156,0.03950501302458935,0,0,0,0,0,0,1,0,0,1,1
usual,15,3.5870853448910818e-06,18.088756498635263,6.488591334355788e-05,13,3.884522782580064,50.49879617354083,5,1,usual,NN,NOUN,1,NN,1,NOUN,0,1.9437181346440386,0.06770833333333333,3.884522782580064,0.2630145634038585,0,0,0,0,0,0,1,0,0,1,1
usurp,10,2.3913902299273877e-06,18.67371899935642,4.465614917147038e-05,10,4.2630344058337934,42.63034405833793,5,1,usurp,NN,NOUN,1,NN,1,NOUN,0,2.1330656371795422,0.052083333333333336,4.2630344058337934,0.22203304197051008,1,0,0,0,0,1,0,0,0,0,-1
usurped,5,1.1956951149636938e-06,19.67371899935642,2.3523769700698883e-05,5,5.2630344058337934,26.315172029168966,7,1,usurp,VB,VERB,1,VB,1,VERB,0,2.6333427323785688,0.026041666666666668,5.2630344058337934,0.1370581876519217,1,0,0,1,0,1,0,0,0,0,-1
vacation,104,2.4870458391244834e-05,15.29520737610269,0.00038039881863282304,46,2.0614005446641435,94.8244250545506,8,1,vacat,NN,NOUN,2,NN|NNP,1,NOUN,0,1.0317942973060312,0.23958333333333334,2.0614005446641435,0.49387721382578437,0,1,0,0,1,0,1,0,0,0,1
valor,2,4.782780459854775e-07,20.995647094243783,1.0041757066435586e-05,2,6.584962500721156,13.169925001442312,5,1,valor,NN,NOUN,1,NN,1,NOUN,0,3.294689386248175,0.010416666666666666,6.584962500721156,0.06859335938251204,0,0,0,0,0,0,1,0,0,1,1
vegetative,1,2.3913902299273877e-07,21.995647094243783,5.260017556210532e-06,1,7.584962500721156,7.584962500721156,10,1,veget,NN,NOUN,1,NN,1,NOUN,0,3.795021552398701,0.005208333333333333,7.584962500721156,0.03950501302458935,0,0,1,0,0,1,0,1,0,0,-1
vengeance,1,2.3913902299273877e-07,21.995647094243783,5.260017556210532e-06,1,7.584962500721156,7.584962500721156,9,1,vengeanc,NN,NOUN,1,NN,1,NOUN,0,3.795034728814654,0.005208333333333333,7.584962500721156,0.03950501302458935,1,0,0,0,0,1,0,0,0,0,-1
veracity,1,2.3913902299273877e-07,21.995647094243783,5.260017556210532e-06,1,7.584962500721156,7.584962500721156,8,1,verac,NN,NOUN,1,NN,1,NOUN,0,3.795021510409928,0.005208333333333333,7.584962500721156,0.03950501302458935,0,1,0,0,1,0,1,0,1,1,1
verge,1,2.3913902299273877e-07,21.995647094243783,5.260017556210532e-06,1,7.584962500721156,7.584962500721156,5,1,verg,NN,NOUN,1,NN,1,NOUN,0,3.7950183628708754,0.005208333333333333,7.584962500721156,0.03950501302458935,0,1,0,1,0,1,0,0,0,0,-1
verification,38,9.087282873724075e-06,16.747719580800197,0.00015219126532053896,19,3.3370349872775704,63.40366475827384,12,1,verif,NN,NOUN,2,NN|NNP,1,NOUN,0,1.6698953767602875,0.09895833333333333,3.337034987277571,0.3302274206160096,0,0,0,0,0,0,1,0,0,1,1
verified,32,7.65244873576764e-06,16.995647094243783,0.0001300583181198988,21,3.192645077942396,67.0455466367903,8,1,verifi,VB,VERB,1,VB,1,VERB,0,1.5976216262551874,0.109375,3.192645077942396,0.34919555539994956,0,0,0,0,0,0,1,0,0,1,1
verily,1,2.3913902299273877e-07,21.995647094243783,5.260017556210532e-06,1,7.584962500721156,7.584962500721156,6,1,verili,NNP,NOUN,1,NNP,1,NOUN,0,3.7950269986195235,0.005208333333333333,7.584962500721156,0.03950501302458935,0,0,0,0,0,0,1,0,0,1,1
veteran,1,2.3913902299273877e-07,21.995647094243783,5.260017556210532e-06,1,7.584962500721156,7.584962500721156,7,1,veteran,NN,NOUN,1,NN,1,NOUN,0,3.79505402210243,0.005208333333333333,7.584962500721156,0.03950501302458935,0,0,0,0,0,0,1,0,0,1,1
veto,112,2.6783570575186742e-05,15.188292172186179,0.00040679669531030484,30,2.678071905112638,80.34215715337913,4,1,veto,NN,NOUN,2,NN|NNP,1,NOUN,0,1.3406733141279281,0.15625,2.678071905112638,0.4184487351738497,1,0,0,0,0,1,0,0,0,0,-1
victim,39,9.326421896716812e-06,16.710244875381534,0.00015584679370525824,26,2.884522782580064,74.99759234708166,6,1,victim,NN,NOUN,1,NN,1,NOUN,0,1.443507200949915,0.13541666666666666,2.884522782580064,0.3906124601410503,1,0,0,1,0,1,0,1,0,0,-1
victimized,7,1.6739731609491714e-06,19.188292172186177,3.212068610069074e-05,7,4.777607578663552,33.44325305064487,10,1,victim,VB,VERB,2,NNP|VB,2,NOUN|VERB,0,2.390451164052205,0.036458333333333336,4.777607578663552,0.17418360963877536,1,0,1,1,0,1,0,1,1,0,-1
victor,4,9.56556091970955e-07,19.995647094243783,1.9126958040900216e-05,2,6.584962500721156,13.169925001442312,6,1,victor,NN,NOUN,1,NN,1,NOUN,0,3.294730474589605,0.010416666666666666,6.584962500721156,0.06859335938251204,0,0,0,0,1,0,1,0,0,0,1
victorious,3,7.174170689782163e-07,20.410684593522628,1.464297351692384e-05,3,6.0,18.0,10,1,victori,NN,NOUN,1,NN,1,NOUN,0,3.0020499213515137,0.015625,6.0,0.09375,0,0,0,0,1,0,1,0,0,0,1
victory,20,4.782780459854775e-06,17.67371899935642,8.452951788308599e-05,12,4.0,48.0,7,1,victori,NN,NOUN,1,NN,1,NOUN,0,2.0016218950565565,0.0625,4.0,0.25,0,1,0,0,1,0,1,0,0,1,1
vigilance,17,4.065363390876559e-06,17.908184252993443,7.280327665919162e-05,7,4.777607578663552,33.44325305064487,9,1,vigil,NN,NOUN,1,NN,1,NOUN,0,2.3905462603276244,0.036458333333333336,4.777607578663552,0.17418360963877536,0,1,0,0,0,0,1,0,0,1,1
vigilant,3,7.174170689782163e-07,20.410684593522628,1.464297351692384e-05,2,6.584962500721156,13.169925001442312,8,1,vigil,NN,NOUN,1,NN,1,NOUN,0,3.294751710986313,0.010416666666666666,6.584962500721156,0.06859335938251204,0,0,0,1,0,0,1,0,0,1,1
vigorous,2,4.782780459854775e-07,20.995647094243783,1.0041757066435586e-05,1,7.584962500721156,7.584962500721156,8,1,vigor,NN,NOUN,1,NN,1,NOUN,0,3.7950433003507817,0.005208333333333333,7.584962500721156,0.03950501302458935,0,0,0,0,0,0,1,0,0,1,1
violation,457,0.00010928653350768162,13.159596739185712,0.0014381667099845972,121,0.6660992634465617,80.59801087703396,9,1,violat,NN,NOUN,2,NN|NNP,1,NOUN,0,0.3340273288117162,0.6302083333333334,0.6660992634465616,0.4197813066512185,1,0,0,1,0,1,0,1,1,0,-1
violence,250,5.97847557481847e-05,14.029862809581696,0.000838771921251382,112,0.777607578663552,87.09204881031782,8,1,violenc,NN,NOUN,2,NN|NNP,1,NOUN,0,0.38948365511013444,0.5833333333333334,0.777607578663552,0.45360442088707204,1,0,0,1,0,1,0,1,0,0,-1
violent,41,9.80469994270229e-06,16.6380950896257,0.00016313152997192836,28,2.777607578663552,77.77301220257945,7,1,violent,NN,NOUN,1,NN,1,NOUN,0,1.3899915977080397,0.14583333333333334,2.777607578663552,0.4050677718884347,1,0,1,1,0,1,0,0,1,0,-1
violently,1,2.3913902299273877e-07,21.995647094243783,5.260017556210532e-06,1,7.584962500721156,7.584962500721156,9,1,violent,RB,ADV,1,RB,1,ADV,0,3.7950269986195235,0.005208333333333333,7.584962500721156,0.03950501302458935,1,0,1,1,0,1,0,1,0,0,-1
virgin,2,4.782780459854775e-07,20.995647094243783,1.0041757066435586e-05,2,6.584962500721156,13.169925001442312,6,1,virgin,NN,NOUN,2,NN|NNP,1,NOUN,0,3.2946978855963125,0.010416666666666666,6.584962500721156,0.06859335938251204,0,0,0,0,0,0,1,0,0,1,1
virtue,1120,0.00026783570575186744,11.866364077298815,0.0031782359973519356,127,0.5962778139489903,75.72728237152177,6,1,virtu,NN,NOUN,1,NN,1,NOUN,0,0.29966011953092025,0.6614583333333334,0.5962778139489903,0.3944129290183425,0,0,0,0,0,0,1,0,0,1,1
virtuous,4,9.56556091970955e-07,19.995647094243783,1.9126958040900216e-05,4,5.584962500721156,22.339850002884624,8,1,virtuou,NN,NOUN,1,NN,1,NOUN,0,2.7943971166963095,0.020833333333333332,5.584962500721156,0.11635338543169074,0,0,0,0,1,0,1,0,0,1,1
vision,18,4.304502413869298e-06,17.82572209280147,7.673086377742721e-05,10,4.2630344058337934,42.63034405833793,6,1,vision,NN,NOUN,1,NN,1,NOUN,0,2.1330733854776023,0.052083333333333336,4.2630344058337934,0.22203304197051008,0,1,0,0,0,0,1,0,0,0,1
visitor,3,7.174170689782163e-07,20.410684593522628,1.464297351692384e-05,1,7.584962500721156,7.584962500721156,7,1,visitor,NN,NOUN,1,NN,1,NOUN,0,3.795029825041356,0.005208333333333333,7.584962500721156,0.03950501302458935,0,1,0,0,1,0,1,0,0,0,1
vitality,2,4.782780459854775e-07,20.995647094243783,1.0041757066435586e-05,2,6.584962500721156,13.169925001442312,8,1,vital,NN,NOUN,1,NN,1,NOUN,0,3.29470456630303,0.010416666666666666,6.584962500721156,0.06859335938251204,0,0,0,0,1,0,1,0,0,1,1
volcano,1,2.3913902299273877e-07,21.995647094243783,5.260017556210532e-06,1,7.584962500721156,7.584962500721156,7,1,volcano,NN,NOUN,1,NN,1,NOUN,0,3.7950269986195235,0.005208333333333333,7.584962500721156,0.03950501302458935,0,0,0,1,0,1,0,0,1,0,-1
volunteer,5,1.1956951149636938e-06,19.67371899935642,2.3523769700698883e-05,5,5.2630344058337934,26.315172029168966,9,1,volunt,NN,NOUN,2,NN|NNP,1,NOUN,0,2.633313836094759,0.026041666666666668,5.2630344058337934,0.1370581876519217,0,1,0,1,1,0,1,0,0,1,1
vote,3286,0.0007858108295541396,10.313530329293709,0.008104483823694069,190,0.015106892390208387,2.8703095541395935,4,1,vote,NN,NOUN,2,NN|NNP,1,NOUN,0,0.007689949035294238,0.9895833333333334,0.015106892390208387,0.014949528927810382,1,1,0,0,1,1,1,1,1,1,0
vow,2,4.782780459854775e-07,20.995647094243783,1.0041757066435586e-05,2,6.584962500721156,13.169925001442312,3,1,vow,NN,NOUN,1,NN,1,NOUN,0,3.2947133931415853,0.010416666666666666,6.584962500721156,0.06859335938251204,0,1,0,0,1,0,1,0,0,1,1
vulnerability,11,2.6305292529201267e-06,18.536215475606486,4.876005704701362e-05,9,4.415037499278844,39.7353374935096,13,1,vulner,NN,NOUN,1,NN,1,NOUN,0,2.2090565596934084,0.046875,4.415037499278844,0.2069548827786958,0,0,0,1,0,1,0,1,0,0,-1
wages,81,1.937026086241184e-05,15.655797091359158,0.00030325687366861544,33,2.5405683813627027,83.83875658496919,5,1,wage,NN,NOUN,2,NN|NNP,1,NOUN,0,1.2715124116377827,0.171875,2.5405683813627027,0.4366601905467145,0,0,0,0,1,0,1,0,0,0,1
wait,6,1.4348341379564326e-06,19.410684593522628,2.785111289589125e-05,5,5.2630344058337934,26.315172029168966,4,1,wait,NN,NOUN,1,NN,1,NOUN,0,2.6333237337388593,0.026041666666666668,5.2630344058337934,0.1370581876519217,0,1,0,0,0,1,0,0,0,0,-1
war,1072,0.00025635703264821597,11.92955790378601,0.003058226065019653,180,0.09310940439148145,16.759692790466662,3,1,war,NN,NOUN,2,NN|NNP,1,NOUN,0,0.046839054826930376,0.9375,0.09310940439148145,0.08729006661701386,0,0,0,1,0,1,0,0,0,0,-1
warden,1,2.3913902299273877e-07,21.995647094243783,5.260017556210532e-06,1,7.584962500721156,7.584962500721156,6,1,warden,NN,NOUN,1,NN,1,NOUN,0,3.7950210298609695,0.005208333333333333,7.584962500721156,0.03950501302458935,1,0,0,1,0,1,0,0,0,1,-1
warfare,8,1.91311218394191e-06,18.995647094243783,3.634080389785852e-05,5,5.2630344058337934,26.315172029168966,7,1,warfar,NN,NOUN,1,NN,1,NOUN,0,2.6334544888729012,0.026041666666666668,5.2630344058337934,0.1370581876519217,1,0,0,1,0,1,0,1,0,0,-1
warlike,2,4.782780459854775e-07,20.995647094243783,1.0041757066435586e-05,1,7.584962500721156,7.584962500721156,7,1,warlik,NN,NOUN,1,NN,1,NOUN,0,3.7950244719486173,0.005208333333333333,7.584962500721156,0.03950501302458935,1,0,0,1,0,1,0,0,0,0,-1
warn,4,9.56556091970955e-07,19.995647094243783,1.9126958040900216e-05,3,6.0,18.0,4,1,warn,NN,NOUN,1,NN,1,NOUN,0,3.0020321143609263,0.015625,6.0,0.09375,0,1,0,1,0,1,0,0,1,1,-1
warned,2,4.782780459854775e-07,20.995647094243783,1.0041757066435586e-05,2,6.584962500721156,13.169925001442312,6,1,warn,VB,VERB,1,VB,1,VERB,0,3.294702539838585,0.010416666666666666,6.584962500721156,0.06859335938251204,0,1,0,1,0,0,0,0,1,0,0
waste,44,1.0522117011680507e-05,16.536215475606486,0.00017399599416469347,29,2.726981505593584,79.08246366221394,5,1,wast,NN,NOUN,1,NN,1,NOUN,0,1.3646237628133393,0.15104166666666666,2.726981505593584,0.4118878315740309,0,0,1,0,0,1,0,0,0,0,-1
wasting,1,2.3913902299273877e-07,21.995647094243783,5.260017556210532e-06,1,7.584962500721156,7.584962500721156,7,1,wast,VB,VERB,1,VB,1,VERB,0,3.7950271091298364,0.005208333333333333,7.584962500721156,0.03950501302458935,0,0,1,1,0,1,0,1,0,0,-1
watch,33,7.89158775876038e-06,16.95125297488533,0.00013377230047225552,19,3.3370349872775704,63.40366475827384,5,1,watch,NN,NOUN,1,NN,1,NOUN,0,1.6699351785449668,0.09895833333333333,3.337034987277571,0.3302274206160096,0,1,0,1,0,0,0,0,0,0,0
watchdog,1,2.3913902299273877e-07,21.995647094243783,5.260017556210532e-06,1,7.584962500721156,7.584962500721156,8,1,watchdog,NN,NOUN,1,NN,1,NOUN,0,3.795050048786397,0.005208333333333333,7.584962500721156,0.03950501302458935,0,0,0,0,0,0,1,0,0,1,1
wealth,191,4.5675553391613105e-05,14.418218266208035,0.0006585600982301164,85,1.1755715645834544,99.92358298959363,6,1,wealth,NN,NOUN,2,NN|NNP,1,NOUN,0,0.5887638968779866,0.4427083333333333,1.1755715645834544,0.5204353280708001,0,0,0,0,1,0,1,0,0,1,1
wear,3,7.174170689782163e-07,20.410684593522628,1.464297351692384e-05,2,6.584962500721156,13.169925001442312,4,1,wear,NN,NOUN,1,NN,1,NOUN,0,3.294723616786426,0.010416666666666666,6.584962500721156,0.06859335938251204,0,0,0,0,0,1,0,0,0,1,-1
weight,21,5.021919482847514e-06,17.603329671465023,8.840250424011793e-05,15,3.678071905112638,55.17107857668957,6,1,weight,NN,NOUN,1,NN,1,NOUN,0,1.8404331080046574,0.078125,3.678071905112638,0.2873493675869248,0,1,1,1,1,1,1,1,1,1,0
welcomed,2,4.782780459854775e-07,20.995647094243783,1.0041757066435586e-05,2,6.584962500721156,13.169925001442312,8,1,welcom,VB,VERB,1,VB,1,VERB,0,3.2947029590499777,0.010416666666666666,6.584962500721156,0.06859335938251204,0,0,0,0,1,0,1,0,0,0,1
whip,1,2.3913902299273877e-07,21.995647094243783,5.260017556210532e-06,1,7.584962500721156,7.584962500721156,4,1,whip,NN,NOUN,1,NN,1,NOUN,0,3.7950202542884974,0.005208333333333333,7.584962500721156,0.03950501302458935,1,0,0,0,0,1,0,0,0,0,-1
white,101,2.4153041322266617e-05,15.337435611491987,0.0003704457161019695,59,1.702319451359315,100.43684763019958,5,1,white,NN,NOUN,2,NN|NNP,1,NOUN,0,0.8523624137161018,0.3072916666666667,1.7023194513593147,0.5231085814072894,0,1,0,0,1,0,1,0,0,1,1
wholesome,1,2.3913902299273877e-07,21.995647094243783,5.260017556210532e-06,1,7.584962500721156,7.584962500721156,9,1,wholesom,NN,NOUN,1,NN,1,NOUN,0,3.795095608952098,0.005208333333333333,7.584962500721156,0.03950501302458935,0,0,0,0,0,0,1,0,0,1,1
wild,21,5.021919482847514e-06,17.603329671465023,8.840250424011793e-05,14,3.777607578663552,52.886506101289726,4,1,wild,NN,NOUN,1,NN,1,NOUN,0,1.8901721024636764,0.07291666666666667,3.777607578663552,0.275450552610884,0,0,0,0,0,1,0,0,1,0,-1
willful,6,1.4348341379564326e-06,19.410684593522628,2.785111289589125e-05,5,5.2630344058337934,26.315172029168966,7,1,will,NN,NOUN,1,NN,1,NOUN,0,2.633322036137814,0.026041666666666668,5.2630344058337934,0.1370581876519217,1,0,0,0,0,1,0,1,0,0,-1
winner,5,1.1956951149636938e-06,19.67371899935642,2.3523769700698883e-05,5,5.2630344058337934,26.315172029168966,6,1,winner,NN,NOUN,1,NN,1,NOUN,0,2.6333593383564504,0.026041666666666668,5.2630344058337934,0.1370581876519217,0,1,0,0,1,0,1,0,1,0,1
winning,8,1.91311218394191e-06,18.995647094243783,3.634080389785852e-05,5,5.2630344058337934,26.315172029168966,7,1,win,VB,VERB,1,VB,1,VERB,0,2.6334190353744895,0.026041666666666668,5.2630344058337934,0.1370581876519217,0,1,1,0,1,0,1,1,1,1,1
winnings,1,2.3913902299273877e-07,21.995647094243783,5.260017556210532e-06,1,7.584962500721156,7.584962500721156,8,1,win,NN,NOUN,1,NN,1,NOUN,0,3.7950406817841587,0.005208333333333333,7.584962500721156,0.03950501302458935,0,1,0,0,1,0,1,0,0,0,1
wireless,36,8.609004827738597e-06,16.82572209280147,0.0001448527227271158,29,2.726981505593584,79.08246366221394,8,1,wireless,NN,NOUN,2,NN|NNP,1,NOUN,0,1.364566493933762,0.15104166666666666,2.726981505593584,0.4118878315740309,1,1,0,0,0,0,1,0,1,0,1
wisdom,30,7.1741706897821635e-06,17.088756498635263,0.00012259765599733358,14,3.777607578663552,52.886506101289726,6,1,wisdom,NN,NOUN,1,NN,1,NOUN,0,1.8902708233099397,0.07291666666666667,3.777607578663552,0.275450552610884,0,0,0,0,0,0,1,0,0,1,1
witchcraft,1,2.3913902299273877e-07,21.995647094243783,5.260017556210532e-06,1,7.584962500721156,7.584962500721156,10,1,witchcraft,NN,NOUN,1,NN,1,NOUN,0,3.7950205484229884,0.005208333333333333,7.584962500721156,0.03950501302458935,1,0,0,1,0,1,0,1,0,0,-1
withdraw,75,1.793542672445541e-05,15.766828403747901,0.0002827847955124827,48,2.0,96.0,8,1,withdraw,NN,NOUN,1,NN,1,NOUN,0,1.0010318325038627,0.25,2.0,0.5,0,0,0,0,0,1,0,1,0,0,-1
wither,1,2.3913902299273877e-07,21.995647094243783,5.260017556210532e-06,1,7.584962500721156,7.584962500721156,6,1,wither,NN,NOUN,1,NN,1,NOUN,0,3.7950418310562637,0.005208333333333333,7.584962500721156,0.03950501302458935,0,0,0,0,0,1,0,1,0,0,-1
wizard,2,4.782780459854775e-07,20.995647094243783,1.0041757066435586e-05,1,7.584962500721156,7.584962500721156,6,1,wizard,NNP,NOUN,1,NNP,1,NOUN,0,3.795027357151506,0.005208333333333333,7.584962500721156,0.03950501302458935,0,1,0,0,0,0,1,0,1,0,1
word,58,1.3870063333578849e-05,16.13766609911621,0.00022383045085089015,30,2.678071905112638,80.34215715337913,4,1,word,NN,NOUN,1,NN,1,NOUN,0,1.3402357900915585,0.15625,2.678071905112638,0.4184487351738497,0,0,0,0,0,0,1,0,0,1,1
words,212,5.069747287446062e-05,14.267726639680584,0.0007233376842954257,67,1.5188733102633836,101.7645117876467,5,1,word,NN,NOUN,2,NN|NNP,1,NOUN,0,0.7604937967318265,0.3489583333333333,1.5188733102633838,0.5300234988939933,1,0,0,0,0,1,0,0,0,0,-1
worry,1,2.3913902299273877e-07,21.995647094243783,5.260017556210532e-06,1,7.584962500721156,7.584962500721156,5,1,worri,NN,NOUN,1,NN,1,NOUN,0,3.79505402210243,0.005208333333333333,7.584962500721156,0.03950501302458935,0,1,0,1,0,1,0,1,0,0,-1
worse,2,4.782780459854775e-07,20.995647094243783,1.0041757066435586e-05,2,6.584962500721156,13.169925001442312,5,1,wors,NN,NOUN,1,NN,1,NOUN,0,3.2946867936479323,0.010416666666666666,6.584962500721156,0.06859335938251204,0,0,0,1,0,1,0,1,0,0,-1
worsening,2,4.782780459854775e-07,20.995647094243783,1.0041757066435586e-05,2,6.584962500721156,13.169925001442312,9,1,worsen,VB,VERB,1,VB,1,VERB,0,3.294734886100733,0.010416666666666666,6.584962500721156,0.06859335938251204,0,0,1,0,0,1,0,1,0,0,-1
worship,140,3.347946321898343e-05,14.866364077298815,0.0004977178893259423,90,1.0931094043914815,98.37984639523334,7,1,worship,NN,NOUN,2,NN|NNP,1,NOUN,0,0.5473114984959555,0.46875,1.0931094043914815,0.512395033308507,0,1,0,1,1,0,1,0,0,1,1
worthy,23,5.500197528832992e-06,17.47208513818677,9.609991950061453e-05,20,3.263034405833794,65.26068811667588,6,1,worthi,NN,NOUN,1,NN,1,NOUN,0,1.6328616169168135,0.10416666666666667,3.263034405833794,0.3398994172743535,0,0,0,0,0,0,1,0,0,1,1
wound,8,1.91311218394191e-06,18.995647094243783,3.634080389785852e-05,7,4.777607578663552,33.44325305064487,5,1,wound,NN,NOUN,1,NN,1,NOUN,0,2.3904518202981424,0.036458333333333336,4.777607578663552,0.17418360963877536,1,0,0,1,0,1,0,1,0,0,-1
wrath,1,2.3913902299273877e-07,21.995647094243783,5.260017556210532e-06,1,7.584962500721156,7.584962500721156,5,1,wrath,NNP,NOUN,1,NNP,1,NOUN,0,3.7950269986195235,0.005208333333333333,7.584962500721156,0.03950501302458935,1,0,0,1,0,1,0,0,0,0,-1
wrongdoing,3,7.174170689782163e-07,20.410684593522628,1.464297351692384e-05,3,6.0,18.0,10,1,wrongdo,VB,VERB,1,VB,1,VERB,0,3.002036058732427,0.015625,6.0,0.09375,1,0,1,0,0,1,0,1,0,0,-1
wrongful,19,4.543641436862037e-06,17.747719580800197,8.063927409713152e-05,11,4.125530882083859,45.380839702922444,8,1,wrong,NN,NOUN,1,NN,1,NOUN,0,2.0642464285171744,0.057291666666666664,4.125530882083859,0.23635854011938773,1,0,1,0,0,1,0,1,0,0,-1
wrongly,4,9.56556091970955e-07,19.995647094243783,1.9126958040900216e-05,3,6.0,18.0,7,1,wrongli,RB,ADV,1,RB,1,ADV,0,3.0020303090002964,0.015625,6.0,0.09375,1,0,0,1,0,1,0,1,0,0,-1
xenophobia,6,1.4348341379564326e-06,19.410684593522628,2.785111289589125e-05,5,5.2630344058337934,26.315172029168966,10,1,xenophobia,NN,NOUN,1,NN,1,NOUN,0,2.633324310276758,0.026041666666666668,5.2630344058337934,0.1370581876519217,0,0,0,1,0,1,0,0,0,0,-1
young,118,2.8218404713143176e-05,15.113004044881942,0.0004264648645698485,57,1.7520724865564143,99.86813173371561,5,1,young,NN,NOUN,2,NN|NNP,1,NOUN,0,0.8771801437632885,0.296875,1.7520724865564143,0.5201465194464355,0,1,0,0,1,0,1,0,1,0,1
youth,173,4.137105097774381e-05,14.561018866607057,0.0006024046538182899,64,1.584962500721156,101.43760004615399,5,1,youth,NN,NOUN,2,NN|NNP,1,NOUN,0,0.7936570204783763,0.3333333333333333,1.584962500721156,0.5283208335737186,1,1,0,1,1,0,1,0,1,0,1
zeal,2,4.782780459854775e-07,20.995647094243783,1.0041757066435586e-05,2,6.584962500721156,13.169925001442312,4,1,zeal,NN,NOUN,1,NN,1,NOUN,0,3.2947165766645115,0.010416666666666666,6.584962500721156,0.06859335938251204,0,1,0,0,1,0,1,0,1,1,1
